{
"vertices":[
{"id":"0","name":"table","frequency":0.857143},
{"id":"1","name":"shelf","frequency":0.714286},
{"id":"2","name":"wall","frequency":0.857143},
{"id":"3","name":"chair.n.01","frequency":0.714286},
{"id":"4","name":"box","frequency":0.857143},
{"id":"5","name":"wall","frequency":0.857143},
{"id":"6","name":"room","frequency":0.99999},
{"id":"7","name":"floor","frequency":0.857143}
],
"rules":[
{"id":"0","source":"2","target":"3","factor":"orientation_parallel"},
{"id":"1","source":"0","target":"3","factor":"orientation_parallel"},
{"id":"2","source":"4","target":"0","factor":"orientation_parallel"},
{"id":"3","source":"2","target":"5","factor":"orientation_parallel"},
{"id":"4","source":"3","target":"0","factor":"proximity"},
{"id":"5","source":"1","target":"2","factor":"proximity"},
{"id":"6","source":"6","target":"7","factor":"support"}
],
"probability":[
{"id":"0","value":0.571429},
{"id":"1","value":0.571429},
{"id":"2","value":0.285714},
{"id":"3","value":0.857143},
{"id":"4","value":0.571429},
{"id":"5","value":0.428571},
{"id":"6","value":0.428571}
]}