{
"vertices":[
{"id":"0","name":"table","frequency":0.857143},
{"id":"1","name":"wall","frequency":0.857143},
{"id":"2","name":"chair.n.01","frequency":0.714286},
{"id":"3","name":"box","frequency":0.857143},
{"id":"4","name":"wall","frequency":0.857143},
{"id":"5","name":"room","frequency":0.99999},
{"id":"6","name":"floor","frequency":0.857143}
],
"rules":[
{"id":"0","source":"1","target":"2","factor":"orientation_parallel"},
{"id":"1","source":"1","target":"0","factor":"orientation_parallel"},
{"id":"2","source":"3","target":"0","factor":"orientation_parallel"},
{"id":"3","source":"1","target":"4","factor":"orientation_parallel"},
{"id":"4","source":"2","target":"0","factor":"proximity"},
{"id":"5","source":"5","target":"6","factor":"support"}
],
"probability":[
{"id":"0","value":0.571429},
{"id":"1","value":0.714286},
{"id":"2","value":0.285714},
{"id":"3","value":0.857143},
{"id":"4","value":0.571429},
{"id":"5","value":0.428571}
]}