{
"vertices":[
{"id":"0","name":"table","frequency":0.857143},
{"id":"1","name":"shelf","frequency":0.714286},
{"id":"2","name":"wall","frequency":0.857143},
{"id":"3","name":"chair.n.01","frequency":0.714286},
{"id":"4","name":"box","frequency":0.857143},
{"id":"5","name":"wall","frequency":0.857143},
{"id":"6","name":"room","frequency":0.99999},
{"id":"7","name":"floor","frequency":0.857143},
{"id":"8","name":"scissor","frequency":0.571429},
{"id":"9","name":"unknown","frequency":0.714286}
],
"rules":[
{"id":"0","source":"0","target":"1","factor":"orientation_parallel"},
{"id":"1","source":"2","target":"3","factor":"orientation_parallel"},
{"id":"2","source":"2","target":"0","factor":"orientation_parallel"},
{"id":"3","source":"0","target":"3","factor":"orientation_parallel"},
{"id":"4","source":"2","target":"5","factor":"orientation_parallel"},
{"id":"5","source":"3","target":"0","factor":"proximity"},
{"id":"6","source":"3","target":"2","factor":"proximity"},
{"id":"7","source":"4","target":"0","factor":"proximity"},
{"id":"8","source":"6","target":"9","factor":"vertical-support"},
{"id":"9","source":"7","target":"8","factor":"vertical-support"}
],
"probability":[
{"id":"0","value":0.571429},
{"id":"1","value":0.571429},
{"id":"2","value":0.714286},
{"id":"3","value":0.571429},
{"id":"4","value":0.857143},
{"id":"5","value":0.571429},
{"id":"6","value":0.571429},
{"id":"7","value":0.285714},
{"id":"8","value":0.142857},
{"id":"9","value":0.142857}
]}