{
"vertices":[
{"id":"0","name":"table","frequency":0.857143},
{"id":"1","name":"shelf","frequency":0.714286},
{"id":"2","name":"wall","frequency":0.857143},
{"id":"3","name":"chair.n.01","frequency":0.714286},
{"id":"4","name":"chair.n.01","frequency":0.428571},
{"id":"5","name":"box","frequency":0.857143},
{"id":"6","name":"wall","frequency":0.857143},
{"id":"7","name":"sink","frequency":0.571429},
{"id":"8","name":"room","frequency":0.99999},
{"id":"9","name":"floor","frequency":0.857143}
],
"rules":[
{"id":"0","source":"2","target":"3","factor":"orientation_parallel"},
{"id":"1","source":"2","target":"6","factor":"orientation_parallel"},
{"id":"2","source":"1","target":"2","factor":"proximity"},
{"id":"3","source":"4","target":"0","factor":"proximity"},
{"id":"4","source":"5","target":"7","factor":"vertical-support"},
{"id":"5","source":"8","target":"9","factor":"support"}
],
"probability":[
{"id":"0","value":0.571429},
{"id":"1","value":0.857143},
{"id":"2","value":0.428571},
{"id":"3","value":0.428571},
{"id":"4","value":0.142857},
{"id":"5","value":0.428571}
]}