{
"vertices":[
{"id":"0","name":"table","frequency":0.857143},
{"id":"1","name":"shelf","frequency":0.714286},
{"id":"2","name":"wall","frequency":0.857143},
{"id":"3","name":"chair.n.01","frequency":0.714286},
{"id":"4","name":"box","frequency":0.857143},
{"id":"5","name":"wall","frequency":0.857143},
{"id":"6","name":"room","frequency":0.99999},
{"id":"7","name":"floor","frequency":0.857143},
{"id":"8","name":"scissor","frequency":0.571429}
],
"rules":[
{"id":"0","source":"0","target":"1","factor":"orientation_parallel"},
{"id":"1","source":"2","target":"3","factor":"orientation_parallel"},
{"id":"2","source":"2","target":"5","factor":"orientation_parallel"},
{"id":"3","source":"3","target":"0","factor":"proximity"},
{"id":"4","source":"7","target":"4","factor":"vertical-support"},
{"id":"5","source":"6","target":"8","factor":"vertical-support"}
],
"probability":[
{"id":"0","value":0.571429},
{"id":"1","value":0.571429},
{"id":"2","value":0.857143},
{"id":"3","value":0.571429},
{"id":"4","value":0.428571},
{"id":"5","value":0.142857}
]}