{
"vertices":[
{"id":"0","name":"table","frequency":0.857143},
{"id":"1","name":"shelf","frequency":0.714286},
{"id":"2","name":"wall","frequency":0.857143},
{"id":"3","name":"chair.n.01","frequency":0.714286},
{"id":"4","name":"chair.n.01","frequency":0.428571},
{"id":"5","name":"box","frequency":0.857143},
{"id":"6","name":"wall","frequency":0.857143},
{"id":"7","name":"room","frequency":0.99999},
{"id":"8","name":"floor","frequency":0.857143},
{"id":"9","name":"door","frequency":0.428571},
{"id":"10","name":"unknown","frequency":0.714286}
],
"rules":[
{"id":"0","source":"0","target":"1","factor":"orientation_parallel"},
{"id":"1","source":"2","target":"3","factor":"orientation_parallel"},
{"id":"2","source":"2","target":"0","factor":"orientation_parallel"},
{"id":"3","source":"3","target":"4","factor":"orientation_parallel"},
{"id":"4","source":"2","target":"1","factor":"orientation_parallel"},
{"id":"5","source":"0","target":"3","factor":"orientation_parallel"},
{"id":"6","source":"5","target":"0","factor":"orientation_parallel"},
{"id":"7","source":"2","target":"5","factor":"orientation_parallel"},
{"id":"8","source":"3","target":"1","factor":"orientation_parallel"},
{"id":"9","source":"2","target":"6","factor":"orientation_parallel"},
{"id":"10","source":"3","target":"4","factor":"symmetry"},
{"id":"11","source":"3","target":"0","factor":"proximity"},
{"id":"12","source":"3","target":"2","factor":"proximity"},
{"id":"13","source":"3","target":"1","factor":"proximity"},
{"id":"14","source":"2","target":"6","factor":"proximity"},
{"id":"15","source":"3","target":"6","factor":"proximity"},
{"id":"16","source":"5","target":"3","factor":"proximity"},
{"id":"17","source":"1","target":"0","factor":"proximity"},
{"id":"18","source":"5","target":"6","factor":"proximity"},
{"id":"19","source":"8","target":"5","factor":"vertical-support"},
{"id":"20","source":"7","target":"10","factor":"vertical-support"},
{"id":"21","source":"5","target":"9","factor":"vertical-support"},
{"id":"22","source":"0","target":"3","factor":"vertical-support"},
{"id":"23","source":"7","target":"8","factor":"support"},
{"id":"24","source":"7","target":"0","factor":"support"}
],
"probability":[
{"id":"0","value":0.571429},
{"id":"1","value":0.571429},
{"id":"2","value":0.714286},
{"id":"3","value":0.428571},
{"id":"4","value":0.428571},
{"id":"5","value":0.571429},
{"id":"6","value":0.285714},
{"id":"7","value":0.285714},
{"id":"8","value":0.285714},
{"id":"9","value":0.857143},
{"id":"10","value":0.285714},
{"id":"11","value":0.571429},
{"id":"12","value":0.571429},
{"id":"13","value":0.428571},
{"id":"14","value":0.285714},
{"id":"15","value":0.285714},
{"id":"16","value":0.142857},
{"id":"17","value":0.142857},
{"id":"18","value":0.142857},
{"id":"19","value":0.428571},
{"id":"20","value":0.142857},
{"id":"21","value":0.142857},
{"id":"22","value":0.142857},
{"id":"23","value":0.428571},
{"id":"24","value":0.142857}
]}