{
"vertices":[
{"id":"0","name":"shelving","Leaves":[{"name":"shelving","frequency":0.317269 }],"frequency":0.054823},
{"id":"1","name":"wall","Leaves":[{"name":"wall","frequency":0.220223 }],"frequency":0.713393},
{"id":"2","name":"floor","Leaves":[],"frequency":0.947259},
{"id":"3","name":"plant","Leaves":[{"name":"plant","frequency":0.156309 }],"frequency":0.453851},
{"id":"4","name":"shelving","Leaves":[{"name":"shelving","frequency":0.317269 }],"frequency":8.11352e-43},
{"id":"5","name":"shelving","Leaves":[{"name":"shelving","frequency":0.317269 }],"frequency":0},
{"id":"6","name":"shelving","Leaves":[{"name":"shelving","frequency":0.317269 }],"frequency":0},
{"id":"7","name":"wall","Leaves":[{"name":"wall","frequency":0.220223 }],"frequency":0},
{"id":"8","name":"wall","Leaves":[{"name":"wall","frequency":0.220223 }],"frequency":0},
{"id":"9","name":"wall","Leaves":[{"name":"wall","frequency":0.220223 }],"frequency":0},
{"id":"10","name":"wall","Leaves":[{"name":"wall","frequency":0.220223 }],"frequency":0},
{"id":"11","name":"wall","Leaves":[{"name":"wall","frequency":0.220223 }],"frequency":0},
{"id":"12","name":"plant","Leaves":[{"name":"plant","frequency":0.156309 }],"frequency":3.40651e-18},
{"id":"13","name":"plant","Leaves":[{"name":"plant","frequency":0.156309 }],"frequency":0},
{"id":"14","name":"plant","Leaves":[{"name":"plant","frequency":0.156309 }],"frequency":0},
{"id":"15","name":"plant","Leaves":[{"name":"plant","frequency":0.156309 }],"frequency":0},
{"id":"16","name":"plant","Leaves":[{"name":"plant","frequency":0.156309 }],"frequency":0},
{"id":"17","name":"plant","Leaves":[{"name":"plant","frequency":0.156309 }],"frequency":0},
{"id":"18","name":"plant","Leaves":[{"name":"plant","frequency":0.156309 }],"frequency":0}
],
"rules":[
{"id":"0","source":"0","target":"1","factor":"orientation_perpendicular"},
{"id":"1","source":"2","target":"0","factor":"orientation_perpendicular"},
{"id":"2","source":"1","target":"0","factor":"orientation_perpendicular"},
{"id":"3","source":"0","target":"4","factor":"orientation_perpendicular"},
{"id":"4","source":"0","target":"4","factor":"symmetry"},
{"id":"5","source":"4","target":"1","factor":"orientation_perpendicular"},
{"id":"6","source":"2","target":"4","factor":"orientation_perpendicular"},
{"id":"7","source":"1","target":"4","factor":"orientation_perpendicular"},
{"id":"8","source":"0","target":"5","factor":"orientation_perpendicular"},
{"id":"9","source":"4","target":"5","factor":"orientation_perpendicular"},
{"id":"10","source":"0","target":"5","factor":"symmetry"},
{"id":"11","source":"4","target":"5","factor":"symmetry"},
{"id":"12","source":"5","target":"1","factor":"orientation_perpendicular"},
{"id":"13","source":"2","target":"5","factor":"orientation_perpendicular"},
{"id":"14","source":"1","target":"5","factor":"orientation_perpendicular"},
{"id":"15","source":"0","target":"6","factor":"orientation_perpendicular"},
{"id":"16","source":"4","target":"6","factor":"orientation_perpendicular"},
{"id":"17","source":"5","target":"6","factor":"orientation_perpendicular"},
{"id":"18","source":"0","target":"6","factor":"symmetry"},
{"id":"19","source":"4","target":"6","factor":"symmetry"},
{"id":"20","source":"5","target":"6","factor":"symmetry"},
{"id":"21","source":"6","target":"1","factor":"orientation_perpendicular"},
{"id":"22","source":"2","target":"6","factor":"orientation_perpendicular"},
{"id":"23","source":"1","target":"6","factor":"orientation_perpendicular"},
{"id":"24","source":"1","target":"2","factor":"Horizontal-Support"},
{"id":"25","source":"1","target":"3","factor":"Horizontal-Support"},
{"id":"26","source":"3","target":"1","factor":"Horizontal-Support"},
{"id":"27","source":"2","target":"1","factor":"proximity"},
{"id":"28","source":"3","target":"1","factor":"proximity"},
{"id":"29","source":"2","target":"1","factor":"orientation_parallel"},
{"id":"30","source":"3","target":"1","factor":"orientation_parallel"},
{"id":"31","source":"1","target":"3","factor":"orientation_parallel"},
{"id":"32","source":"2","target":"1","factor":"orientation_perpendicular"},
{"id":"33","source":"3","target":"1","factor":"orientation_perpendicular"},
{"id":"34","source":"1","target":"3","factor":"orientation_perpendicular"},
{"id":"35","source":"3","target":"1","factor":"side_to_side"},
{"id":"36","source":"1","target":"7","factor":"proximity"},
{"id":"37","source":"1","target":"7","factor":"orientation_parallel"},
{"id":"38","source":"1","target":"7","factor":"orientation_perpendicular"},
{"id":"39","source":"1","target":"7","factor":"symmetry"},
{"id":"40","source":"7","target":"2","factor":"Horizontal-Support"},
{"id":"41","source":"7","target":"3","factor":"Horizontal-Support"},
{"id":"42","source":"3","target":"7","factor":"Horizontal-Support"},
{"id":"43","source":"2","target":"7","factor":"proximity"},
{"id":"44","source":"3","target":"7","factor":"proximity"},
{"id":"45","source":"2","target":"7","factor":"orientation_parallel"},
{"id":"46","source":"3","target":"7","factor":"orientation_parallel"},
{"id":"47","source":"7","target":"3","factor":"orientation_parallel"},
{"id":"48","source":"2","target":"7","factor":"orientation_perpendicular"},
{"id":"49","source":"3","target":"7","factor":"orientation_perpendicular"},
{"id":"50","source":"7","target":"3","factor":"orientation_perpendicular"},
{"id":"51","source":"3","target":"7","factor":"side_to_side"},
{"id":"52","source":"1","target":"8","factor":"proximity"},
{"id":"53","source":"7","target":"8","factor":"proximity"},
{"id":"54","source":"1","target":"8","factor":"orientation_parallel"},
{"id":"55","source":"7","target":"8","factor":"orientation_parallel"},
{"id":"56","source":"1","target":"8","factor":"orientation_perpendicular"},
{"id":"57","source":"7","target":"8","factor":"orientation_perpendicular"},
{"id":"58","source":"1","target":"8","factor":"symmetry"},
{"id":"59","source":"7","target":"8","factor":"symmetry"},
{"id":"60","source":"8","target":"2","factor":"Horizontal-Support"},
{"id":"61","source":"8","target":"3","factor":"Horizontal-Support"},
{"id":"62","source":"3","target":"8","factor":"Horizontal-Support"},
{"id":"63","source":"2","target":"8","factor":"proximity"},
{"id":"64","source":"3","target":"8","factor":"proximity"},
{"id":"65","source":"2","target":"8","factor":"orientation_parallel"},
{"id":"66","source":"3","target":"8","factor":"orientation_parallel"},
{"id":"67","source":"8","target":"3","factor":"orientation_parallel"},
{"id":"68","source":"2","target":"8","factor":"orientation_perpendicular"},
{"id":"69","source":"3","target":"8","factor":"orientation_perpendicular"},
{"id":"70","source":"8","target":"3","factor":"orientation_perpendicular"},
{"id":"71","source":"3","target":"8","factor":"side_to_side"},
{"id":"72","source":"1","target":"9","factor":"proximity"},
{"id":"73","source":"7","target":"9","factor":"proximity"},
{"id":"74","source":"8","target":"9","factor":"proximity"},
{"id":"75","source":"1","target":"9","factor":"orientation_parallel"},
{"id":"76","source":"7","target":"9","factor":"orientation_parallel"},
{"id":"77","source":"8","target":"9","factor":"orientation_parallel"},
{"id":"78","source":"1","target":"9","factor":"orientation_perpendicular"},
{"id":"79","source":"7","target":"9","factor":"orientation_perpendicular"},
{"id":"80","source":"8","target":"9","factor":"orientation_perpendicular"},
{"id":"81","source":"1","target":"9","factor":"symmetry"},
{"id":"82","source":"7","target":"9","factor":"symmetry"},
{"id":"83","source":"8","target":"9","factor":"symmetry"},
{"id":"84","source":"9","target":"2","factor":"Horizontal-Support"},
{"id":"85","source":"9","target":"3","factor":"Horizontal-Support"},
{"id":"86","source":"3","target":"9","factor":"Horizontal-Support"},
{"id":"87","source":"2","target":"9","factor":"proximity"},
{"id":"88","source":"3","target":"9","factor":"proximity"},
{"id":"89","source":"2","target":"9","factor":"orientation_parallel"},
{"id":"90","source":"3","target":"9","factor":"orientation_parallel"},
{"id":"91","source":"9","target":"3","factor":"orientation_parallel"},
{"id":"92","source":"2","target":"9","factor":"orientation_perpendicular"},
{"id":"93","source":"3","target":"9","factor":"orientation_perpendicular"},
{"id":"94","source":"9","target":"3","factor":"orientation_perpendicular"},
{"id":"95","source":"3","target":"9","factor":"side_to_side"},
{"id":"96","source":"1","target":"10","factor":"proximity"},
{"id":"97","source":"7","target":"10","factor":"proximity"},
{"id":"98","source":"8","target":"10","factor":"proximity"},
{"id":"99","source":"9","target":"10","factor":"proximity"},
{"id":"100","source":"1","target":"10","factor":"orientation_parallel"},
{"id":"101","source":"7","target":"10","factor":"orientation_parallel"},
{"id":"102","source":"8","target":"10","factor":"orientation_parallel"},
{"id":"103","source":"9","target":"10","factor":"orientation_parallel"},
{"id":"104","source":"1","target":"10","factor":"orientation_perpendicular"},
{"id":"105","source":"7","target":"10","factor":"orientation_perpendicular"},
{"id":"106","source":"8","target":"10","factor":"orientation_perpendicular"},
{"id":"107","source":"9","target":"10","factor":"orientation_perpendicular"},
{"id":"108","source":"1","target":"10","factor":"symmetry"},
{"id":"109","source":"7","target":"10","factor":"symmetry"},
{"id":"110","source":"8","target":"10","factor":"symmetry"},
{"id":"111","source":"9","target":"10","factor":"symmetry"},
{"id":"112","source":"10","target":"2","factor":"Horizontal-Support"},
{"id":"113","source":"10","target":"3","factor":"Horizontal-Support"},
{"id":"114","source":"3","target":"10","factor":"Horizontal-Support"},
{"id":"115","source":"2","target":"10","factor":"proximity"},
{"id":"116","source":"3","target":"10","factor":"proximity"},
{"id":"117","source":"2","target":"10","factor":"orientation_parallel"},
{"id":"118","source":"3","target":"10","factor":"orientation_parallel"},
{"id":"119","source":"10","target":"3","factor":"orientation_parallel"},
{"id":"120","source":"2","target":"10","factor":"orientation_perpendicular"},
{"id":"121","source":"3","target":"10","factor":"orientation_perpendicular"},
{"id":"122","source":"10","target":"3","factor":"orientation_perpendicular"},
{"id":"123","source":"3","target":"10","factor":"side_to_side"},
{"id":"124","source":"1","target":"11","factor":"proximity"},
{"id":"125","source":"7","target":"11","factor":"proximity"},
{"id":"126","source":"8","target":"11","factor":"proximity"},
{"id":"127","source":"9","target":"11","factor":"proximity"},
{"id":"128","source":"10","target":"11","factor":"proximity"},
{"id":"129","source":"1","target":"11","factor":"orientation_parallel"},
{"id":"130","source":"7","target":"11","factor":"orientation_parallel"},
{"id":"131","source":"8","target":"11","factor":"orientation_parallel"},
{"id":"132","source":"9","target":"11","factor":"orientation_parallel"},
{"id":"133","source":"10","target":"11","factor":"orientation_parallel"},
{"id":"134","source":"1","target":"11","factor":"orientation_perpendicular"},
{"id":"135","source":"7","target":"11","factor":"orientation_perpendicular"},
{"id":"136","source":"8","target":"11","factor":"orientation_perpendicular"},
{"id":"137","source":"9","target":"11","factor":"orientation_perpendicular"},
{"id":"138","source":"10","target":"11","factor":"orientation_perpendicular"},
{"id":"139","source":"1","target":"11","factor":"symmetry"},
{"id":"140","source":"7","target":"11","factor":"symmetry"},
{"id":"141","source":"8","target":"11","factor":"symmetry"},
{"id":"142","source":"9","target":"11","factor":"symmetry"},
{"id":"143","source":"10","target":"11","factor":"symmetry"},
{"id":"144","source":"11","target":"2","factor":"Horizontal-Support"},
{"id":"145","source":"11","target":"3","factor":"Horizontal-Support"},
{"id":"146","source":"3","target":"11","factor":"Horizontal-Support"},
{"id":"147","source":"2","target":"11","factor":"proximity"},
{"id":"148","source":"3","target":"11","factor":"proximity"},
{"id":"149","source":"2","target":"11","factor":"orientation_parallel"},
{"id":"150","source":"3","target":"11","factor":"orientation_parallel"},
{"id":"151","source":"11","target":"3","factor":"orientation_parallel"},
{"id":"152","source":"2","target":"11","factor":"orientation_perpendicular"},
{"id":"153","source":"3","target":"11","factor":"orientation_perpendicular"},
{"id":"154","source":"11","target":"3","factor":"orientation_perpendicular"},
{"id":"155","source":"3","target":"11","factor":"side_to_side"},
{"id":"156","source":"2","target":"3","factor":"proximity"},
{"id":"157","source":"3","target":"2","factor":"orientation_parallel"},
{"id":"158","source":"2","target":"3","factor":"orientation_parallel"},
{"id":"159","source":"2","target":"3","factor":"orientation_perpendicular"},
{"id":"160","source":"3","target":"12","factor":"proximity"},
{"id":"161","source":"3","target":"12","factor":"orientation_parallel"},
{"id":"162","source":"3","target":"12","factor":"orientation_perpendicular"},
{"id":"163","source":"3","target":"12","factor":"symmetry"},
{"id":"164","source":"3","target":"12","factor":"side_to_side"},
{"id":"165","source":"2","target":"12","factor":"proximity"},
{"id":"166","source":"12","target":"2","factor":"orientation_parallel"},
{"id":"167","source":"2","target":"12","factor":"orientation_parallel"},
{"id":"168","source":"2","target":"12","factor":"orientation_perpendicular"},
{"id":"169","source":"3","target":"13","factor":"proximity"},
{"id":"170","source":"12","target":"13","factor":"proximity"},
{"id":"171","source":"3","target":"13","factor":"orientation_parallel"},
{"id":"172","source":"12","target":"13","factor":"orientation_parallel"},
{"id":"173","source":"3","target":"13","factor":"orientation_perpendicular"},
{"id":"174","source":"12","target":"13","factor":"orientation_perpendicular"},
{"id":"175","source":"3","target":"13","factor":"symmetry"},
{"id":"176","source":"12","target":"13","factor":"symmetry"},
{"id":"177","source":"3","target":"13","factor":"side_to_side"},
{"id":"178","source":"12","target":"13","factor":"side_to_side"},
{"id":"179","source":"2","target":"13","factor":"proximity"},
{"id":"180","source":"13","target":"2","factor":"orientation_parallel"},
{"id":"181","source":"2","target":"13","factor":"orientation_parallel"},
{"id":"182","source":"2","target":"13","factor":"orientation_perpendicular"},
{"id":"183","source":"3","target":"14","factor":"proximity"},
{"id":"184","source":"12","target":"14","factor":"proximity"},
{"id":"185","source":"13","target":"14","factor":"proximity"},
{"id":"186","source":"3","target":"14","factor":"orientation_parallel"},
{"id":"187","source":"12","target":"14","factor":"orientation_parallel"},
{"id":"188","source":"13","target":"14","factor":"orientation_parallel"},
{"id":"189","source":"3","target":"14","factor":"orientation_perpendicular"},
{"id":"190","source":"12","target":"14","factor":"orientation_perpendicular"},
{"id":"191","source":"13","target":"14","factor":"orientation_perpendicular"},
{"id":"192","source":"3","target":"14","factor":"symmetry"},
{"id":"193","source":"12","target":"14","factor":"symmetry"},
{"id":"194","source":"13","target":"14","factor":"symmetry"},
{"id":"195","source":"3","target":"14","factor":"side_to_side"},
{"id":"196","source":"12","target":"14","factor":"side_to_side"},
{"id":"197","source":"13","target":"14","factor":"side_to_side"},
{"id":"198","source":"2","target":"14","factor":"proximity"},
{"id":"199","source":"14","target":"2","factor":"orientation_parallel"},
{"id":"200","source":"2","target":"14","factor":"orientation_parallel"},
{"id":"201","source":"2","target":"14","factor":"orientation_perpendicular"},
{"id":"202","source":"3","target":"15","factor":"proximity"},
{"id":"203","source":"12","target":"15","factor":"proximity"},
{"id":"204","source":"13","target":"15","factor":"proximity"},
{"id":"205","source":"14","target":"15","factor":"proximity"},
{"id":"206","source":"3","target":"15","factor":"orientation_parallel"},
{"id":"207","source":"12","target":"15","factor":"orientation_parallel"},
{"id":"208","source":"13","target":"15","factor":"orientation_parallel"},
{"id":"209","source":"14","target":"15","factor":"orientation_parallel"},
{"id":"210","source":"3","target":"15","factor":"orientation_perpendicular"},
{"id":"211","source":"12","target":"15","factor":"orientation_perpendicular"},
{"id":"212","source":"13","target":"15","factor":"orientation_perpendicular"},
{"id":"213","source":"14","target":"15","factor":"orientation_perpendicular"},
{"id":"214","source":"3","target":"15","factor":"symmetry"},
{"id":"215","source":"12","target":"15","factor":"symmetry"},
{"id":"216","source":"13","target":"15","factor":"symmetry"},
{"id":"217","source":"14","target":"15","factor":"symmetry"},
{"id":"218","source":"3","target":"15","factor":"side_to_side"},
{"id":"219","source":"12","target":"15","factor":"side_to_side"},
{"id":"220","source":"13","target":"15","factor":"side_to_side"},
{"id":"221","source":"14","target":"15","factor":"side_to_side"},
{"id":"222","source":"2","target":"15","factor":"proximity"},
{"id":"223","source":"15","target":"2","factor":"orientation_parallel"},
{"id":"224","source":"2","target":"15","factor":"orientation_parallel"},
{"id":"225","source":"2","target":"15","factor":"orientation_perpendicular"},
{"id":"226","source":"3","target":"16","factor":"proximity"},
{"id":"227","source":"12","target":"16","factor":"proximity"},
{"id":"228","source":"13","target":"16","factor":"proximity"},
{"id":"229","source":"14","target":"16","factor":"proximity"},
{"id":"230","source":"15","target":"16","factor":"proximity"},
{"id":"231","source":"3","target":"16","factor":"orientation_parallel"},
{"id":"232","source":"12","target":"16","factor":"orientation_parallel"},
{"id":"233","source":"13","target":"16","factor":"orientation_parallel"},
{"id":"234","source":"14","target":"16","factor":"orientation_parallel"},
{"id":"235","source":"15","target":"16","factor":"orientation_parallel"},
{"id":"236","source":"3","target":"16","factor":"orientation_perpendicular"},
{"id":"237","source":"12","target":"16","factor":"orientation_perpendicular"},
{"id":"238","source":"13","target":"16","factor":"orientation_perpendicular"},
{"id":"239","source":"14","target":"16","factor":"orientation_perpendicular"},
{"id":"240","source":"15","target":"16","factor":"orientation_perpendicular"},
{"id":"241","source":"3","target":"16","factor":"symmetry"},
{"id":"242","source":"12","target":"16","factor":"symmetry"},
{"id":"243","source":"13","target":"16","factor":"symmetry"},
{"id":"244","source":"14","target":"16","factor":"symmetry"},
{"id":"245","source":"15","target":"16","factor":"symmetry"},
{"id":"246","source":"3","target":"16","factor":"side_to_side"},
{"id":"247","source":"12","target":"16","factor":"side_to_side"},
{"id":"248","source":"13","target":"16","factor":"side_to_side"},
{"id":"249","source":"14","target":"16","factor":"side_to_side"},
{"id":"250","source":"15","target":"16","factor":"side_to_side"},
{"id":"251","source":"2","target":"16","factor":"proximity"},
{"id":"252","source":"16","target":"2","factor":"orientation_parallel"},
{"id":"253","source":"2","target":"16","factor":"orientation_parallel"},
{"id":"254","source":"2","target":"16","factor":"orientation_perpendicular"},
{"id":"255","source":"3","target":"17","factor":"proximity"},
{"id":"256","source":"12","target":"17","factor":"proximity"},
{"id":"257","source":"13","target":"17","factor":"proximity"},
{"id":"258","source":"14","target":"17","factor":"proximity"},
{"id":"259","source":"15","target":"17","factor":"proximity"},
{"id":"260","source":"16","target":"17","factor":"proximity"},
{"id":"261","source":"3","target":"17","factor":"orientation_parallel"},
{"id":"262","source":"12","target":"17","factor":"orientation_parallel"},
{"id":"263","source":"13","target":"17","factor":"orientation_parallel"},
{"id":"264","source":"14","target":"17","factor":"orientation_parallel"},
{"id":"265","source":"15","target":"17","factor":"orientation_parallel"},
{"id":"266","source":"16","target":"17","factor":"orientation_parallel"},
{"id":"267","source":"3","target":"17","factor":"orientation_perpendicular"},
{"id":"268","source":"12","target":"17","factor":"orientation_perpendicular"},
{"id":"269","source":"13","target":"17","factor":"orientation_perpendicular"},
{"id":"270","source":"14","target":"17","factor":"orientation_perpendicular"},
{"id":"271","source":"15","target":"17","factor":"orientation_perpendicular"},
{"id":"272","source":"16","target":"17","factor":"orientation_perpendicular"},
{"id":"273","source":"3","target":"17","factor":"symmetry"},
{"id":"274","source":"12","target":"17","factor":"symmetry"},
{"id":"275","source":"13","target":"17","factor":"symmetry"},
{"id":"276","source":"14","target":"17","factor":"symmetry"},
{"id":"277","source":"15","target":"17","factor":"symmetry"},
{"id":"278","source":"16","target":"17","factor":"symmetry"},
{"id":"279","source":"3","target":"17","factor":"side_to_side"},
{"id":"280","source":"12","target":"17","factor":"side_to_side"},
{"id":"281","source":"13","target":"17","factor":"side_to_side"},
{"id":"282","source":"14","target":"17","factor":"side_to_side"},
{"id":"283","source":"15","target":"17","factor":"side_to_side"},
{"id":"284","source":"16","target":"17","factor":"side_to_side"},
{"id":"285","source":"2","target":"17","factor":"proximity"},
{"id":"286","source":"17","target":"2","factor":"orientation_parallel"},
{"id":"287","source":"2","target":"17","factor":"orientation_parallel"},
{"id":"288","source":"2","target":"17","factor":"orientation_perpendicular"},
{"id":"289","source":"3","target":"18","factor":"proximity"},
{"id":"290","source":"12","target":"18","factor":"proximity"},
{"id":"291","source":"13","target":"18","factor":"proximity"},
{"id":"292","source":"14","target":"18","factor":"proximity"},
{"id":"293","source":"15","target":"18","factor":"proximity"},
{"id":"294","source":"16","target":"18","factor":"proximity"},
{"id":"295","source":"17","target":"18","factor":"proximity"},
{"id":"296","source":"3","target":"18","factor":"orientation_parallel"},
{"id":"297","source":"12","target":"18","factor":"orientation_parallel"},
{"id":"298","source":"13","target":"18","factor":"orientation_parallel"},
{"id":"299","source":"14","target":"18","factor":"orientation_parallel"},
{"id":"300","source":"15","target":"18","factor":"orientation_parallel"},
{"id":"301","source":"16","target":"18","factor":"orientation_parallel"},
{"id":"302","source":"17","target":"18","factor":"orientation_parallel"},
{"id":"303","source":"3","target":"18","factor":"orientation_perpendicular"},
{"id":"304","source":"12","target":"18","factor":"orientation_perpendicular"},
{"id":"305","source":"13","target":"18","factor":"orientation_perpendicular"},
{"id":"306","source":"14","target":"18","factor":"orientation_perpendicular"},
{"id":"307","source":"15","target":"18","factor":"orientation_perpendicular"},
{"id":"308","source":"16","target":"18","factor":"orientation_perpendicular"},
{"id":"309","source":"17","target":"18","factor":"orientation_perpendicular"},
{"id":"310","source":"3","target":"18","factor":"symmetry"},
{"id":"311","source":"12","target":"18","factor":"symmetry"},
{"id":"312","source":"13","target":"18","factor":"symmetry"},
{"id":"313","source":"14","target":"18","factor":"symmetry"},
{"id":"314","source":"15","target":"18","factor":"symmetry"},
{"id":"315","source":"16","target":"18","factor":"symmetry"},
{"id":"316","source":"17","target":"18","factor":"symmetry"},
{"id":"317","source":"3","target":"18","factor":"side_to_side"},
{"id":"318","source":"12","target":"18","factor":"side_to_side"},
{"id":"319","source":"13","target":"18","factor":"side_to_side"},
{"id":"320","source":"14","target":"18","factor":"side_to_side"},
{"id":"321","source":"15","target":"18","factor":"side_to_side"},
{"id":"322","source":"16","target":"18","factor":"side_to_side"},
{"id":"323","source":"17","target":"18","factor":"side_to_side"},
{"id":"324","source":"2","target":"18","factor":"proximity"},
{"id":"325","source":"18","target":"2","factor":"orientation_parallel"},
{"id":"326","source":"2","target":"18","factor":"orientation_parallel"},
{"id":"327","source":"2","target":"18","factor":"orientation_perpendicular"}
],
"probability":[
{"id":"0","value":0.0527412},
{"id":"1","value":0.0249827},
{"id":"2","value":0.0215128},
{"id":"3","value":0.0166551},
{"id":"4","value":0.0319223},
{"id":"5","value":0.0527412},
{"id":"6","value":0.0249827},
{"id":"7","value":0.0215128},
{"id":"8","value":0.0166551},
{"id":"9","value":0.0166551},
{"id":"10","value":0.0319223},
{"id":"11","value":0.0319223},
{"id":"12","value":0.0527412},
{"id":"13","value":0.0249827},
{"id":"14","value":0.0215128},
{"id":"15","value":0.0166551},
{"id":"16","value":0.0166551},
{"id":"17","value":0.0166551},
{"id":"18","value":0.0319223},
{"id":"19","value":0.0319223},
{"id":"20","value":0.0319223},
{"id":"21","value":0.0527412},
{"id":"22","value":0.0249827},
{"id":"23","value":0.0215128},
{"id":"24","value":1.29216},
{"id":"25","value":0.37474},
{"id":"26","value":0.315753},
{"id":"27","value":0.0680083},
{"id":"28","value":0.0680083},
{"id":"29","value":0.0811936},
{"id":"30","value":0.172797},
{"id":"31","value":0.0652325},
{"id":"32","value":0.74601},
{"id":"33","value":0.444136},
{"id":"34","value":0.199167},
{"id":"35","value":0.0964608},
{"id":"36","value":0.0680083},
{"id":"37","value":0.607217},
{"id":"38","value":0.702984},
{"id":"39","value":0.41499},
{"id":"40","value":1.29216},
{"id":"41","value":0.37474},
{"id":"42","value":0.315753},
{"id":"43","value":0.0680083},
{"id":"44","value":0.0680083},
{"id":"45","value":0.0811936},
{"id":"46","value":0.172797},
{"id":"47","value":0.0652325},
{"id":"48","value":0.74601},
{"id":"49","value":0.444136},
{"id":"50","value":0.199167},
{"id":"51","value":0.0964608},
{"id":"52","value":0.0680083},
{"id":"53","value":0.0680083},
{"id":"54","value":0.607217},
{"id":"55","value":0.607217},
{"id":"56","value":0.702984},
{"id":"57","value":0.702984},
{"id":"58","value":0.41499},
{"id":"59","value":0.41499},
{"id":"60","value":1.29216},
{"id":"61","value":0.37474},
{"id":"62","value":0.315753},
{"id":"63","value":0.0680083},
{"id":"64","value":0.0680083},
{"id":"65","value":0.0811936},
{"id":"66","value":0.172797},
{"id":"67","value":0.0652325},
{"id":"68","value":0.74601},
{"id":"69","value":0.444136},
{"id":"70","value":0.199167},
{"id":"71","value":0.0964608},
{"id":"72","value":0.0680083},
{"id":"73","value":0.0680083},
{"id":"74","value":0.0680083},
{"id":"75","value":0.607217},
{"id":"76","value":0.607217},
{"id":"77","value":0.607217},
{"id":"78","value":0.702984},
{"id":"79","value":0.702984},
{"id":"80","value":0.702984},
{"id":"81","value":0.41499},
{"id":"82","value":0.41499},
{"id":"83","value":0.41499},
{"id":"84","value":1.29216},
{"id":"85","value":0.37474},
{"id":"86","value":0.315753},
{"id":"87","value":0.0680083},
{"id":"88","value":0.0680083},
{"id":"89","value":0.0811936},
{"id":"90","value":0.172797},
{"id":"91","value":0.0652325},
{"id":"92","value":0.74601},
{"id":"93","value":0.444136},
{"id":"94","value":0.199167},
{"id":"95","value":0.0964608},
{"id":"96","value":0.0680083},
{"id":"97","value":0.0680083},
{"id":"98","value":0.0680083},
{"id":"99","value":0.0680083},
{"id":"100","value":0.607217},
{"id":"101","value":0.607217},
{"id":"102","value":0.607217},
{"id":"103","value":0.607217},
{"id":"104","value":0.702984},
{"id":"105","value":0.702984},
{"id":"106","value":0.702984},
{"id":"107","value":0.702984},
{"id":"108","value":0.41499},
{"id":"109","value":0.41499},
{"id":"110","value":0.41499},
{"id":"111","value":0.41499},
{"id":"112","value":1.29216},
{"id":"113","value":0.37474},
{"id":"114","value":0.315753},
{"id":"115","value":0.0680083},
{"id":"116","value":0.0680083},
{"id":"117","value":0.0811936},
{"id":"118","value":0.172797},
{"id":"119","value":0.0652325},
{"id":"120","value":0.74601},
{"id":"121","value":0.444136},
{"id":"122","value":0.199167},
{"id":"123","value":0.0964608},
{"id":"124","value":0.0680083},
{"id":"125","value":0.0680083},
{"id":"126","value":0.0680083},
{"id":"127","value":0.0680083},
{"id":"128","value":0.0680083},
{"id":"129","value":0.607217},
{"id":"130","value":0.607217},
{"id":"131","value":0.607217},
{"id":"132","value":0.607217},
{"id":"133","value":0.607217},
{"id":"134","value":0.702984},
{"id":"135","value":0.702984},
{"id":"136","value":0.702984},
{"id":"137","value":0.702984},
{"id":"138","value":0.702984},
{"id":"139","value":0.41499},
{"id":"140","value":0.41499},
{"id":"141","value":0.41499},
{"id":"142","value":0.41499},
{"id":"143","value":0.41499},
{"id":"144","value":1.29216},
{"id":"145","value":0.37474},
{"id":"146","value":0.315753},
{"id":"147","value":0.0680083},
{"id":"148","value":0.0680083},
{"id":"149","value":0.0811936},
{"id":"150","value":0.172797},
{"id":"151","value":0.0652325},
{"id":"152","value":0.74601},
{"id":"153","value":0.444136},
{"id":"154","value":0.199167},
{"id":"155","value":0.0964608},
{"id":"156","value":0.0680083},
{"id":"157","value":0.417765},
{"id":"158","value":0.244275},
{"id":"159","value":0.136017},
{"id":"160","value":0.0666204},
{"id":"161","value":0.291464},
{"id":"162","value":0.179736},
{"id":"163","value":0.317835},
{"id":"164","value":0.116586},
{"id":"165","value":0.0680083},
{"id":"166","value":0.417765},
{"id":"167","value":0.244275},
{"id":"168","value":0.136017},
{"id":"169","value":0.0666204},
{"id":"170","value":0.0666204},
{"id":"171","value":0.291464},
{"id":"172","value":0.291464},
{"id":"173","value":0.179736},
{"id":"174","value":0.179736},
{"id":"175","value":0.317835},
{"id":"176","value":0.317835},
{"id":"177","value":0.116586},
{"id":"178","value":0.116586},
{"id":"179","value":0.0680083},
{"id":"180","value":0.417765},
{"id":"181","value":0.244275},
{"id":"182","value":0.136017},
{"id":"183","value":0.0666204},
{"id":"184","value":0.0666204},
{"id":"185","value":0.0666204},
{"id":"186","value":0.291464},
{"id":"187","value":0.291464},
{"id":"188","value":0.291464},
{"id":"189","value":0.179736},
{"id":"190","value":0.179736},
{"id":"191","value":0.179736},
{"id":"192","value":0.317835},
{"id":"193","value":0.317835},
{"id":"194","value":0.317835},
{"id":"195","value":0.116586},
{"id":"196","value":0.116586},
{"id":"197","value":0.116586},
{"id":"198","value":0.0680083},
{"id":"199","value":0.417765},
{"id":"200","value":0.244275},
{"id":"201","value":0.136017},
{"id":"202","value":0.0666204},
{"id":"203","value":0.0666204},
{"id":"204","value":0.0666204},
{"id":"205","value":0.0666204},
{"id":"206","value":0.291464},
{"id":"207","value":0.291464},
{"id":"208","value":0.291464},
{"id":"209","value":0.291464},
{"id":"210","value":0.179736},
{"id":"211","value":0.179736},
{"id":"212","value":0.179736},
{"id":"213","value":0.179736},
{"id":"214","value":0.317835},
{"id":"215","value":0.317835},
{"id":"216","value":0.317835},
{"id":"217","value":0.317835},
{"id":"218","value":0.116586},
{"id":"219","value":0.116586},
{"id":"220","value":0.116586},
{"id":"221","value":0.116586},
{"id":"222","value":0.0680083},
{"id":"223","value":0.417765},
{"id":"224","value":0.244275},
{"id":"225","value":0.136017},
{"id":"226","value":0.0666204},
{"id":"227","value":0.0666204},
{"id":"228","value":0.0666204},
{"id":"229","value":0.0666204},
{"id":"230","value":0.0666204},
{"id":"231","value":0.291464},
{"id":"232","value":0.291464},
{"id":"233","value":0.291464},
{"id":"234","value":0.291464},
{"id":"235","value":0.291464},
{"id":"236","value":0.179736},
{"id":"237","value":0.179736},
{"id":"238","value":0.179736},
{"id":"239","value":0.179736},
{"id":"240","value":0.179736},
{"id":"241","value":0.317835},
{"id":"242","value":0.317835},
{"id":"243","value":0.317835},
{"id":"244","value":0.317835},
{"id":"245","value":0.317835},
{"id":"246","value":0.116586},
{"id":"247","value":0.116586},
{"id":"248","value":0.116586},
{"id":"249","value":0.116586},
{"id":"250","value":0.116586},
{"id":"251","value":0.0680083},
{"id":"252","value":0.417765},
{"id":"253","value":0.244275},
{"id":"254","value":0.136017},
{"id":"255","value":0.0666204},
{"id":"256","value":0.0666204},
{"id":"257","value":0.0666204},
{"id":"258","value":0.0666204},
{"id":"259","value":0.0666204},
{"id":"260","value":0.0666204},
{"id":"261","value":0.291464},
{"id":"262","value":0.291464},
{"id":"263","value":0.291464},
{"id":"264","value":0.291464},
{"id":"265","value":0.291464},
{"id":"266","value":0.291464},
{"id":"267","value":0.179736},
{"id":"268","value":0.179736},
{"id":"269","value":0.179736},
{"id":"270","value":0.179736},
{"id":"271","value":0.179736},
{"id":"272","value":0.179736},
{"id":"273","value":0.317835},
{"id":"274","value":0.317835},
{"id":"275","value":0.317835},
{"id":"276","value":0.317835},
{"id":"277","value":0.317835},
{"id":"278","value":0.317835},
{"id":"279","value":0.116586},
{"id":"280","value":0.116586},
{"id":"281","value":0.116586},
{"id":"282","value":0.116586},
{"id":"283","value":0.116586},
{"id":"284","value":0.116586},
{"id":"285","value":0.0680083},
{"id":"286","value":0.417765},
{"id":"287","value":0.244275},
{"id":"288","value":0.136017},
{"id":"289","value":0.0666204},
{"id":"290","value":0.0666204},
{"id":"291","value":0.0666204},
{"id":"292","value":0.0666204},
{"id":"293","value":0.0666204},
{"id":"294","value":0.0666204},
{"id":"295","value":0.0666204},
{"id":"296","value":0.291464},
{"id":"297","value":0.291464},
{"id":"298","value":0.291464},
{"id":"299","value":0.291464},
{"id":"300","value":0.291464},
{"id":"301","value":0.291464},
{"id":"302","value":0.291464},
{"id":"303","value":0.179736},
{"id":"304","value":0.179736},
{"id":"305","value":0.179736},
{"id":"306","value":0.179736},
{"id":"307","value":0.179736},
{"id":"308","value":0.179736},
{"id":"309","value":0.179736},
{"id":"310","value":0.317835},
{"id":"311","value":0.317835},
{"id":"312","value":0.317835},
{"id":"313","value":0.317835},
{"id":"314","value":0.317835},
{"id":"315","value":0.317835},
{"id":"316","value":0.317835},
{"id":"317","value":0.116586},
{"id":"318","value":0.116586},
{"id":"319","value":0.116586},
{"id":"320","value":0.116586},
{"id":"321","value":0.116586},
{"id":"322","value":0.116586},
{"id":"323","value":0.116586},
{"id":"324","value":0.0680083},
{"id":"325","value":0.417765},
{"id":"326","value":0.244275},
{"id":"327","value":0.136017}
]}