{
"vertices":[
{"id":"0","name":"wall","Leaves":[{"name":"wall","frequency":0.220223 }],"frequency":0.713393},
{"id":"1","name":"floor","Leaves":[],"frequency":0.947259},
{"id":"2","name":"plant","Leaves":[{"name":"plant","frequency":0.156309 }],"frequency":0.453851},
{"id":"3","name":"rug","Leaves":[],"frequency":0.0201249},
{"id":"4","name":"wall","Leaves":[{"name":"wall","frequency":0.220223 }],"frequency":8.11352e-43},
{"id":"5","name":"wall","Leaves":[{"name":"wall","frequency":0.220223 }],"frequency":0},
{"id":"6","name":"wall","Leaves":[{"name":"wall","frequency":0.220223 }],"frequency":0},
{"id":"7","name":"plant","Leaves":[{"name":"plant","frequency":0.156309 }],"frequency":8.11352e-43},
{"id":"8","name":"plant","Leaves":[{"name":"plant","frequency":0.156309 }],"frequency":0},
{"id":"9","name":"plant","Leaves":[{"name":"plant","frequency":0.156309 }],"frequency":0},
{"id":"10","name":"plant","Leaves":[{"name":"plant","frequency":0.156309 }],"frequency":0},
{"id":"11","name":"plant","Leaves":[{"name":"plant","frequency":0.156309 }],"frequency":0},
{"id":"12","name":"plant","Leaves":[{"name":"plant","frequency":0.156309 }],"frequency":0},
{"id":"13","name":"plant","Leaves":[{"name":"plant","frequency":0.156309 }],"frequency":0},
{"id":"14","name":"plant","Leaves":[{"name":"plant","frequency":0.156309 }],"frequency":0},
{"id":"15","name":"plant","Leaves":[{"name":"plant","frequency":0.156309 }],"frequency":0},
{"id":"16","name":"plant","Leaves":[{"name":"plant","frequency":0.156309 }],"frequency":0},
{"id":"17","name":"plant","Leaves":[{"name":"plant","frequency":0.156309 }],"frequency":0},
{"id":"18","name":"plant","Leaves":[{"name":"plant","frequency":0.156309 }],"frequency":0},
{"id":"19","name":"plant","Leaves":[{"name":"plant","frequency":0.156309 }],"frequency":0},
{"id":"20","name":"plant","Leaves":[{"name":"plant","frequency":0.156309 }],"frequency":0},
{"id":"21","name":"plant","Leaves":[{"name":"plant","frequency":0.156309 }],"frequency":0}
],
"rules":[
{"id":"0","source":"0","target":"1","factor":"Horizontal-Support"},
{"id":"1","source":"0","target":"2","factor":"Horizontal-Support"},
{"id":"2","source":"2","target":"0","factor":"Horizontal-Support"},
{"id":"3","source":"1","target":"0","factor":"proximity"},
{"id":"4","source":"2","target":"0","factor":"proximity"},
{"id":"5","source":"1","target":"0","factor":"orientation_parallel"},
{"id":"6","source":"2","target":"0","factor":"orientation_parallel"},
{"id":"7","source":"0","target":"2","factor":"orientation_parallel"},
{"id":"8","source":"1","target":"0","factor":"orientation_perpendicular"},
{"id":"9","source":"3","target":"0","factor":"orientation_perpendicular"},
{"id":"10","source":"2","target":"0","factor":"orientation_perpendicular"},
{"id":"11","source":"0","target":"2","factor":"orientation_perpendicular"},
{"id":"12","source":"2","target":"0","factor":"side_to_side"},
{"id":"13","source":"0","target":"4","factor":"proximity"},
{"id":"14","source":"0","target":"4","factor":"orientation_parallel"},
{"id":"15","source":"0","target":"4","factor":"orientation_perpendicular"},
{"id":"16","source":"0","target":"4","factor":"symmetry"},
{"id":"17","source":"4","target":"1","factor":"Horizontal-Support"},
{"id":"18","source":"4","target":"2","factor":"Horizontal-Support"},
{"id":"19","source":"2","target":"4","factor":"Horizontal-Support"},
{"id":"20","source":"1","target":"4","factor":"proximity"},
{"id":"21","source":"2","target":"4","factor":"proximity"},
{"id":"22","source":"1","target":"4","factor":"orientation_parallel"},
{"id":"23","source":"2","target":"4","factor":"orientation_parallel"},
{"id":"24","source":"4","target":"2","factor":"orientation_parallel"},
{"id":"25","source":"1","target":"4","factor":"orientation_perpendicular"},
{"id":"26","source":"3","target":"4","factor":"orientation_perpendicular"},
{"id":"27","source":"2","target":"4","factor":"orientation_perpendicular"},
{"id":"28","source":"4","target":"2","factor":"orientation_perpendicular"},
{"id":"29","source":"2","target":"4","factor":"side_to_side"},
{"id":"30","source":"0","target":"5","factor":"proximity"},
{"id":"31","source":"4","target":"5","factor":"proximity"},
{"id":"32","source":"0","target":"5","factor":"orientation_parallel"},
{"id":"33","source":"4","target":"5","factor":"orientation_parallel"},
{"id":"34","source":"0","target":"5","factor":"orientation_perpendicular"},
{"id":"35","source":"4","target":"5","factor":"orientation_perpendicular"},
{"id":"36","source":"0","target":"5","factor":"symmetry"},
{"id":"37","source":"4","target":"5","factor":"symmetry"},
{"id":"38","source":"5","target":"1","factor":"Horizontal-Support"},
{"id":"39","source":"5","target":"2","factor":"Horizontal-Support"},
{"id":"40","source":"2","target":"5","factor":"Horizontal-Support"},
{"id":"41","source":"1","target":"5","factor":"proximity"},
{"id":"42","source":"2","target":"5","factor":"proximity"},
{"id":"43","source":"1","target":"5","factor":"orientation_parallel"},
{"id":"44","source":"2","target":"5","factor":"orientation_parallel"},
{"id":"45","source":"5","target":"2","factor":"orientation_parallel"},
{"id":"46","source":"1","target":"5","factor":"orientation_perpendicular"},
{"id":"47","source":"3","target":"5","factor":"orientation_perpendicular"},
{"id":"48","source":"2","target":"5","factor":"orientation_perpendicular"},
{"id":"49","source":"5","target":"2","factor":"orientation_perpendicular"},
{"id":"50","source":"2","target":"5","factor":"side_to_side"},
{"id":"51","source":"0","target":"6","factor":"proximity"},
{"id":"52","source":"4","target":"6","factor":"proximity"},
{"id":"53","source":"5","target":"6","factor":"proximity"},
{"id":"54","source":"0","target":"6","factor":"orientation_parallel"},
{"id":"55","source":"4","target":"6","factor":"orientation_parallel"},
{"id":"56","source":"5","target":"6","factor":"orientation_parallel"},
{"id":"57","source":"0","target":"6","factor":"orientation_perpendicular"},
{"id":"58","source":"4","target":"6","factor":"orientation_perpendicular"},
{"id":"59","source":"5","target":"6","factor":"orientation_perpendicular"},
{"id":"60","source":"0","target":"6","factor":"symmetry"},
{"id":"61","source":"4","target":"6","factor":"symmetry"},
{"id":"62","source":"5","target":"6","factor":"symmetry"},
{"id":"63","source":"6","target":"1","factor":"Horizontal-Support"},
{"id":"64","source":"6","target":"2","factor":"Horizontal-Support"},
{"id":"65","source":"2","target":"6","factor":"Horizontal-Support"},
{"id":"66","source":"1","target":"6","factor":"proximity"},
{"id":"67","source":"2","target":"6","factor":"proximity"},
{"id":"68","source":"1","target":"6","factor":"orientation_parallel"},
{"id":"69","source":"2","target":"6","factor":"orientation_parallel"},
{"id":"70","source":"6","target":"2","factor":"orientation_parallel"},
{"id":"71","source":"1","target":"6","factor":"orientation_perpendicular"},
{"id":"72","source":"3","target":"6","factor":"orientation_perpendicular"},
{"id":"73","source":"2","target":"6","factor":"orientation_perpendicular"},
{"id":"74","source":"6","target":"2","factor":"orientation_perpendicular"},
{"id":"75","source":"2","target":"6","factor":"side_to_side"},
{"id":"76","source":"1","target":"2","factor":"proximity"},
{"id":"77","source":"2","target":"1","factor":"orientation_parallel"},
{"id":"78","source":"1","target":"2","factor":"orientation_parallel"},
{"id":"79","source":"1","target":"2","factor":"orientation_perpendicular"},
{"id":"80","source":"2","target":"7","factor":"proximity"},
{"id":"81","source":"2","target":"7","factor":"orientation_parallel"},
{"id":"82","source":"2","target":"7","factor":"orientation_perpendicular"},
{"id":"83","source":"2","target":"7","factor":"symmetry"},
{"id":"84","source":"2","target":"7","factor":"side_to_side"},
{"id":"85","source":"1","target":"7","factor":"proximity"},
{"id":"86","source":"7","target":"1","factor":"orientation_parallel"},
{"id":"87","source":"1","target":"7","factor":"orientation_parallel"},
{"id":"88","source":"1","target":"7","factor":"orientation_perpendicular"},
{"id":"89","source":"2","target":"8","factor":"proximity"},
{"id":"90","source":"7","target":"8","factor":"proximity"},
{"id":"91","source":"2","target":"8","factor":"orientation_parallel"},
{"id":"92","source":"7","target":"8","factor":"orientation_parallel"},
{"id":"93","source":"2","target":"8","factor":"orientation_perpendicular"},
{"id":"94","source":"7","target":"8","factor":"orientation_perpendicular"},
{"id":"95","source":"2","target":"8","factor":"symmetry"},
{"id":"96","source":"7","target":"8","factor":"symmetry"},
{"id":"97","source":"2","target":"8","factor":"side_to_side"},
{"id":"98","source":"7","target":"8","factor":"side_to_side"},
{"id":"99","source":"1","target":"8","factor":"proximity"},
{"id":"100","source":"8","target":"1","factor":"orientation_parallel"},
{"id":"101","source":"1","target":"8","factor":"orientation_parallel"},
{"id":"102","source":"1","target":"8","factor":"orientation_perpendicular"},
{"id":"103","source":"2","target":"9","factor":"proximity"},
{"id":"104","source":"7","target":"9","factor":"proximity"},
{"id":"105","source":"8","target":"9","factor":"proximity"},
{"id":"106","source":"2","target":"9","factor":"orientation_parallel"},
{"id":"107","source":"7","target":"9","factor":"orientation_parallel"},
{"id":"108","source":"8","target":"9","factor":"orientation_parallel"},
{"id":"109","source":"2","target":"9","factor":"orientation_perpendicular"},
{"id":"110","source":"7","target":"9","factor":"orientation_perpendicular"},
{"id":"111","source":"8","target":"9","factor":"orientation_perpendicular"},
{"id":"112","source":"2","target":"9","factor":"symmetry"},
{"id":"113","source":"7","target":"9","factor":"symmetry"},
{"id":"114","source":"8","target":"9","factor":"symmetry"},
{"id":"115","source":"2","target":"9","factor":"side_to_side"},
{"id":"116","source":"7","target":"9","factor":"side_to_side"},
{"id":"117","source":"8","target":"9","factor":"side_to_side"},
{"id":"118","source":"1","target":"9","factor":"proximity"},
{"id":"119","source":"9","target":"1","factor":"orientation_parallel"},
{"id":"120","source":"1","target":"9","factor":"orientation_parallel"},
{"id":"121","source":"1","target":"9","factor":"orientation_perpendicular"},
{"id":"122","source":"2","target":"10","factor":"proximity"},
{"id":"123","source":"7","target":"10","factor":"proximity"},
{"id":"124","source":"8","target":"10","factor":"proximity"},
{"id":"125","source":"9","target":"10","factor":"proximity"},
{"id":"126","source":"2","target":"10","factor":"orientation_parallel"},
{"id":"127","source":"7","target":"10","factor":"orientation_parallel"},
{"id":"128","source":"8","target":"10","factor":"orientation_parallel"},
{"id":"129","source":"9","target":"10","factor":"orientation_parallel"},
{"id":"130","source":"2","target":"10","factor":"orientation_perpendicular"},
{"id":"131","source":"7","target":"10","factor":"orientation_perpendicular"},
{"id":"132","source":"8","target":"10","factor":"orientation_perpendicular"},
{"id":"133","source":"9","target":"10","factor":"orientation_perpendicular"},
{"id":"134","source":"2","target":"10","factor":"symmetry"},
{"id":"135","source":"7","target":"10","factor":"symmetry"},
{"id":"136","source":"8","target":"10","factor":"symmetry"},
{"id":"137","source":"9","target":"10","factor":"symmetry"},
{"id":"138","source":"2","target":"10","factor":"side_to_side"},
{"id":"139","source":"7","target":"10","factor":"side_to_side"},
{"id":"140","source":"8","target":"10","factor":"side_to_side"},
{"id":"141","source":"9","target":"10","factor":"side_to_side"},
{"id":"142","source":"1","target":"10","factor":"proximity"},
{"id":"143","source":"10","target":"1","factor":"orientation_parallel"},
{"id":"144","source":"1","target":"10","factor":"orientation_parallel"},
{"id":"145","source":"1","target":"10","factor":"orientation_perpendicular"},
{"id":"146","source":"2","target":"11","factor":"proximity"},
{"id":"147","source":"7","target":"11","factor":"proximity"},
{"id":"148","source":"8","target":"11","factor":"proximity"},
{"id":"149","source":"9","target":"11","factor":"proximity"},
{"id":"150","source":"10","target":"11","factor":"proximity"},
{"id":"151","source":"2","target":"11","factor":"orientation_parallel"},
{"id":"152","source":"7","target":"11","factor":"orientation_parallel"},
{"id":"153","source":"8","target":"11","factor":"orientation_parallel"},
{"id":"154","source":"9","target":"11","factor":"orientation_parallel"},
{"id":"155","source":"10","target":"11","factor":"orientation_parallel"},
{"id":"156","source":"2","target":"11","factor":"orientation_perpendicular"},
{"id":"157","source":"7","target":"11","factor":"orientation_perpendicular"},
{"id":"158","source":"8","target":"11","factor":"orientation_perpendicular"},
{"id":"159","source":"9","target":"11","factor":"orientation_perpendicular"},
{"id":"160","source":"10","target":"11","factor":"orientation_perpendicular"},
{"id":"161","source":"2","target":"11","factor":"symmetry"},
{"id":"162","source":"7","target":"11","factor":"symmetry"},
{"id":"163","source":"8","target":"11","factor":"symmetry"},
{"id":"164","source":"9","target":"11","factor":"symmetry"},
{"id":"165","source":"10","target":"11","factor":"symmetry"},
{"id":"166","source":"2","target":"11","factor":"side_to_side"},
{"id":"167","source":"7","target":"11","factor":"side_to_side"},
{"id":"168","source":"8","target":"11","factor":"side_to_side"},
{"id":"169","source":"9","target":"11","factor":"side_to_side"},
{"id":"170","source":"10","target":"11","factor":"side_to_side"},
{"id":"171","source":"1","target":"11","factor":"proximity"},
{"id":"172","source":"11","target":"1","factor":"orientation_parallel"},
{"id":"173","source":"1","target":"11","factor":"orientation_parallel"},
{"id":"174","source":"1","target":"11","factor":"orientation_perpendicular"},
{"id":"175","source":"2","target":"12","factor":"proximity"},
{"id":"176","source":"7","target":"12","factor":"proximity"},
{"id":"177","source":"8","target":"12","factor":"proximity"},
{"id":"178","source":"9","target":"12","factor":"proximity"},
{"id":"179","source":"10","target":"12","factor":"proximity"},
{"id":"180","source":"11","target":"12","factor":"proximity"},
{"id":"181","source":"2","target":"12","factor":"orientation_parallel"},
{"id":"182","source":"7","target":"12","factor":"orientation_parallel"},
{"id":"183","source":"8","target":"12","factor":"orientation_parallel"},
{"id":"184","source":"9","target":"12","factor":"orientation_parallel"},
{"id":"185","source":"10","target":"12","factor":"orientation_parallel"},
{"id":"186","source":"11","target":"12","factor":"orientation_parallel"},
{"id":"187","source":"2","target":"12","factor":"orientation_perpendicular"},
{"id":"188","source":"7","target":"12","factor":"orientation_perpendicular"},
{"id":"189","source":"8","target":"12","factor":"orientation_perpendicular"},
{"id":"190","source":"9","target":"12","factor":"orientation_perpendicular"},
{"id":"191","source":"10","target":"12","factor":"orientation_perpendicular"},
{"id":"192","source":"11","target":"12","factor":"orientation_perpendicular"},
{"id":"193","source":"2","target":"12","factor":"symmetry"},
{"id":"194","source":"7","target":"12","factor":"symmetry"},
{"id":"195","source":"8","target":"12","factor":"symmetry"},
{"id":"196","source":"9","target":"12","factor":"symmetry"},
{"id":"197","source":"10","target":"12","factor":"symmetry"},
{"id":"198","source":"11","target":"12","factor":"symmetry"},
{"id":"199","source":"2","target":"12","factor":"side_to_side"},
{"id":"200","source":"7","target":"12","factor":"side_to_side"},
{"id":"201","source":"8","target":"12","factor":"side_to_side"},
{"id":"202","source":"9","target":"12","factor":"side_to_side"},
{"id":"203","source":"10","target":"12","factor":"side_to_side"},
{"id":"204","source":"11","target":"12","factor":"side_to_side"},
{"id":"205","source":"1","target":"12","factor":"proximity"},
{"id":"206","source":"12","target":"1","factor":"orientation_parallel"},
{"id":"207","source":"1","target":"12","factor":"orientation_parallel"},
{"id":"208","source":"1","target":"12","factor":"orientation_perpendicular"},
{"id":"209","source":"2","target":"13","factor":"proximity"},
{"id":"210","source":"7","target":"13","factor":"proximity"},
{"id":"211","source":"8","target":"13","factor":"proximity"},
{"id":"212","source":"9","target":"13","factor":"proximity"},
{"id":"213","source":"10","target":"13","factor":"proximity"},
{"id":"214","source":"11","target":"13","factor":"proximity"},
{"id":"215","source":"12","target":"13","factor":"proximity"},
{"id":"216","source":"2","target":"13","factor":"orientation_parallel"},
{"id":"217","source":"7","target":"13","factor":"orientation_parallel"},
{"id":"218","source":"8","target":"13","factor":"orientation_parallel"},
{"id":"219","source":"9","target":"13","factor":"orientation_parallel"},
{"id":"220","source":"10","target":"13","factor":"orientation_parallel"},
{"id":"221","source":"11","target":"13","factor":"orientation_parallel"},
{"id":"222","source":"12","target":"13","factor":"orientation_parallel"},
{"id":"223","source":"2","target":"13","factor":"orientation_perpendicular"},
{"id":"224","source":"7","target":"13","factor":"orientation_perpendicular"},
{"id":"225","source":"8","target":"13","factor":"orientation_perpendicular"},
{"id":"226","source":"9","target":"13","factor":"orientation_perpendicular"},
{"id":"227","source":"10","target":"13","factor":"orientation_perpendicular"},
{"id":"228","source":"11","target":"13","factor":"orientation_perpendicular"},
{"id":"229","source":"12","target":"13","factor":"orientation_perpendicular"},
{"id":"230","source":"2","target":"13","factor":"symmetry"},
{"id":"231","source":"7","target":"13","factor":"symmetry"},
{"id":"232","source":"8","target":"13","factor":"symmetry"},
{"id":"233","source":"9","target":"13","factor":"symmetry"},
{"id":"234","source":"10","target":"13","factor":"symmetry"},
{"id":"235","source":"11","target":"13","factor":"symmetry"},
{"id":"236","source":"12","target":"13","factor":"symmetry"},
{"id":"237","source":"2","target":"13","factor":"side_to_side"},
{"id":"238","source":"7","target":"13","factor":"side_to_side"},
{"id":"239","source":"8","target":"13","factor":"side_to_side"},
{"id":"240","source":"9","target":"13","factor":"side_to_side"},
{"id":"241","source":"10","target":"13","factor":"side_to_side"},
{"id":"242","source":"11","target":"13","factor":"side_to_side"},
{"id":"243","source":"12","target":"13","factor":"side_to_side"},
{"id":"244","source":"1","target":"13","factor":"proximity"},
{"id":"245","source":"13","target":"1","factor":"orientation_parallel"},
{"id":"246","source":"1","target":"13","factor":"orientation_parallel"},
{"id":"247","source":"1","target":"13","factor":"orientation_perpendicular"},
{"id":"248","source":"2","target":"14","factor":"proximity"},
{"id":"249","source":"7","target":"14","factor":"proximity"},
{"id":"250","source":"8","target":"14","factor":"proximity"},
{"id":"251","source":"9","target":"14","factor":"proximity"},
{"id":"252","source":"10","target":"14","factor":"proximity"},
{"id":"253","source":"11","target":"14","factor":"proximity"},
{"id":"254","source":"12","target":"14","factor":"proximity"},
{"id":"255","source":"13","target":"14","factor":"proximity"},
{"id":"256","source":"2","target":"14","factor":"orientation_parallel"},
{"id":"257","source":"7","target":"14","factor":"orientation_parallel"},
{"id":"258","source":"8","target":"14","factor":"orientation_parallel"},
{"id":"259","source":"9","target":"14","factor":"orientation_parallel"},
{"id":"260","source":"10","target":"14","factor":"orientation_parallel"},
{"id":"261","source":"11","target":"14","factor":"orientation_parallel"},
{"id":"262","source":"12","target":"14","factor":"orientation_parallel"},
{"id":"263","source":"13","target":"14","factor":"orientation_parallel"},
{"id":"264","source":"2","target":"14","factor":"orientation_perpendicular"},
{"id":"265","source":"7","target":"14","factor":"orientation_perpendicular"},
{"id":"266","source":"8","target":"14","factor":"orientation_perpendicular"},
{"id":"267","source":"9","target":"14","factor":"orientation_perpendicular"},
{"id":"268","source":"10","target":"14","factor":"orientation_perpendicular"},
{"id":"269","source":"11","target":"14","factor":"orientation_perpendicular"},
{"id":"270","source":"12","target":"14","factor":"orientation_perpendicular"},
{"id":"271","source":"13","target":"14","factor":"orientation_perpendicular"},
{"id":"272","source":"2","target":"14","factor":"symmetry"},
{"id":"273","source":"7","target":"14","factor":"symmetry"},
{"id":"274","source":"8","target":"14","factor":"symmetry"},
{"id":"275","source":"9","target":"14","factor":"symmetry"},
{"id":"276","source":"10","target":"14","factor":"symmetry"},
{"id":"277","source":"11","target":"14","factor":"symmetry"},
{"id":"278","source":"12","target":"14","factor":"symmetry"},
{"id":"279","source":"13","target":"14","factor":"symmetry"},
{"id":"280","source":"2","target":"14","factor":"side_to_side"},
{"id":"281","source":"7","target":"14","factor":"side_to_side"},
{"id":"282","source":"8","target":"14","factor":"side_to_side"},
{"id":"283","source":"9","target":"14","factor":"side_to_side"},
{"id":"284","source":"10","target":"14","factor":"side_to_side"},
{"id":"285","source":"11","target":"14","factor":"side_to_side"},
{"id":"286","source":"12","target":"14","factor":"side_to_side"},
{"id":"287","source":"13","target":"14","factor":"side_to_side"},
{"id":"288","source":"1","target":"14","factor":"proximity"},
{"id":"289","source":"14","target":"1","factor":"orientation_parallel"},
{"id":"290","source":"1","target":"14","factor":"orientation_parallel"},
{"id":"291","source":"1","target":"14","factor":"orientation_perpendicular"},
{"id":"292","source":"2","target":"15","factor":"proximity"},
{"id":"293","source":"7","target":"15","factor":"proximity"},
{"id":"294","source":"8","target":"15","factor":"proximity"},
{"id":"295","source":"9","target":"15","factor":"proximity"},
{"id":"296","source":"10","target":"15","factor":"proximity"},
{"id":"297","source":"11","target":"15","factor":"proximity"},
{"id":"298","source":"12","target":"15","factor":"proximity"},
{"id":"299","source":"13","target":"15","factor":"proximity"},
{"id":"300","source":"14","target":"15","factor":"proximity"},
{"id":"301","source":"2","target":"15","factor":"orientation_parallel"},
{"id":"302","source":"7","target":"15","factor":"orientation_parallel"},
{"id":"303","source":"8","target":"15","factor":"orientation_parallel"},
{"id":"304","source":"9","target":"15","factor":"orientation_parallel"},
{"id":"305","source":"10","target":"15","factor":"orientation_parallel"},
{"id":"306","source":"11","target":"15","factor":"orientation_parallel"},
{"id":"307","source":"12","target":"15","factor":"orientation_parallel"},
{"id":"308","source":"13","target":"15","factor":"orientation_parallel"},
{"id":"309","source":"14","target":"15","factor":"orientation_parallel"},
{"id":"310","source":"2","target":"15","factor":"orientation_perpendicular"},
{"id":"311","source":"7","target":"15","factor":"orientation_perpendicular"},
{"id":"312","source":"8","target":"15","factor":"orientation_perpendicular"},
{"id":"313","source":"9","target":"15","factor":"orientation_perpendicular"},
{"id":"314","source":"10","target":"15","factor":"orientation_perpendicular"},
{"id":"315","source":"11","target":"15","factor":"orientation_perpendicular"},
{"id":"316","source":"12","target":"15","factor":"orientation_perpendicular"},
{"id":"317","source":"13","target":"15","factor":"orientation_perpendicular"},
{"id":"318","source":"14","target":"15","factor":"orientation_perpendicular"},
{"id":"319","source":"2","target":"15","factor":"symmetry"},
{"id":"320","source":"7","target":"15","factor":"symmetry"},
{"id":"321","source":"8","target":"15","factor":"symmetry"},
{"id":"322","source":"9","target":"15","factor":"symmetry"},
{"id":"323","source":"10","target":"15","factor":"symmetry"},
{"id":"324","source":"11","target":"15","factor":"symmetry"},
{"id":"325","source":"12","target":"15","factor":"symmetry"},
{"id":"326","source":"13","target":"15","factor":"symmetry"},
{"id":"327","source":"14","target":"15","factor":"symmetry"},
{"id":"328","source":"2","target":"15","factor":"side_to_side"},
{"id":"329","source":"7","target":"15","factor":"side_to_side"},
{"id":"330","source":"8","target":"15","factor":"side_to_side"},
{"id":"331","source":"9","target":"15","factor":"side_to_side"},
{"id":"332","source":"10","target":"15","factor":"side_to_side"},
{"id":"333","source":"11","target":"15","factor":"side_to_side"},
{"id":"334","source":"12","target":"15","factor":"side_to_side"},
{"id":"335","source":"13","target":"15","factor":"side_to_side"},
{"id":"336","source":"14","target":"15","factor":"side_to_side"},
{"id":"337","source":"1","target":"15","factor":"proximity"},
{"id":"338","source":"15","target":"1","factor":"orientation_parallel"},
{"id":"339","source":"1","target":"15","factor":"orientation_parallel"},
{"id":"340","source":"1","target":"15","factor":"orientation_perpendicular"},
{"id":"341","source":"2","target":"16","factor":"proximity"},
{"id":"342","source":"7","target":"16","factor":"proximity"},
{"id":"343","source":"8","target":"16","factor":"proximity"},
{"id":"344","source":"9","target":"16","factor":"proximity"},
{"id":"345","source":"10","target":"16","factor":"proximity"},
{"id":"346","source":"11","target":"16","factor":"proximity"},
{"id":"347","source":"12","target":"16","factor":"proximity"},
{"id":"348","source":"13","target":"16","factor":"proximity"},
{"id":"349","source":"14","target":"16","factor":"proximity"},
{"id":"350","source":"15","target":"16","factor":"proximity"},
{"id":"351","source":"2","target":"16","factor":"orientation_parallel"},
{"id":"352","source":"7","target":"16","factor":"orientation_parallel"},
{"id":"353","source":"8","target":"16","factor":"orientation_parallel"},
{"id":"354","source":"9","target":"16","factor":"orientation_parallel"},
{"id":"355","source":"10","target":"16","factor":"orientation_parallel"},
{"id":"356","source":"11","target":"16","factor":"orientation_parallel"},
{"id":"357","source":"12","target":"16","factor":"orientation_parallel"},
{"id":"358","source":"13","target":"16","factor":"orientation_parallel"},
{"id":"359","source":"14","target":"16","factor":"orientation_parallel"},
{"id":"360","source":"15","target":"16","factor":"orientation_parallel"},
{"id":"361","source":"2","target":"16","factor":"orientation_perpendicular"},
{"id":"362","source":"7","target":"16","factor":"orientation_perpendicular"},
{"id":"363","source":"8","target":"16","factor":"orientation_perpendicular"},
{"id":"364","source":"9","target":"16","factor":"orientation_perpendicular"},
{"id":"365","source":"10","target":"16","factor":"orientation_perpendicular"},
{"id":"366","source":"11","target":"16","factor":"orientation_perpendicular"},
{"id":"367","source":"12","target":"16","factor":"orientation_perpendicular"},
{"id":"368","source":"13","target":"16","factor":"orientation_perpendicular"},
{"id":"369","source":"14","target":"16","factor":"orientation_perpendicular"},
{"id":"370","source":"15","target":"16","factor":"orientation_perpendicular"},
{"id":"371","source":"2","target":"16","factor":"symmetry"},
{"id":"372","source":"7","target":"16","factor":"symmetry"},
{"id":"373","source":"8","target":"16","factor":"symmetry"},
{"id":"374","source":"9","target":"16","factor":"symmetry"},
{"id":"375","source":"10","target":"16","factor":"symmetry"},
{"id":"376","source":"11","target":"16","factor":"symmetry"},
{"id":"377","source":"12","target":"16","factor":"symmetry"},
{"id":"378","source":"13","target":"16","factor":"symmetry"},
{"id":"379","source":"14","target":"16","factor":"symmetry"},
{"id":"380","source":"15","target":"16","factor":"symmetry"},
{"id":"381","source":"2","target":"16","factor":"side_to_side"},
{"id":"382","source":"7","target":"16","factor":"side_to_side"},
{"id":"383","source":"8","target":"16","factor":"side_to_side"},
{"id":"384","source":"9","target":"16","factor":"side_to_side"},
{"id":"385","source":"10","target":"16","factor":"side_to_side"},
{"id":"386","source":"11","target":"16","factor":"side_to_side"},
{"id":"387","source":"12","target":"16","factor":"side_to_side"},
{"id":"388","source":"13","target":"16","factor":"side_to_side"},
{"id":"389","source":"14","target":"16","factor":"side_to_side"},
{"id":"390","source":"15","target":"16","factor":"side_to_side"},
{"id":"391","source":"1","target":"16","factor":"proximity"},
{"id":"392","source":"16","target":"1","factor":"orientation_parallel"},
{"id":"393","source":"1","target":"16","factor":"orientation_parallel"},
{"id":"394","source":"1","target":"16","factor":"orientation_perpendicular"},
{"id":"395","source":"2","target":"17","factor":"proximity"},
{"id":"396","source":"7","target":"17","factor":"proximity"},
{"id":"397","source":"8","target":"17","factor":"proximity"},
{"id":"398","source":"9","target":"17","factor":"proximity"},
{"id":"399","source":"10","target":"17","factor":"proximity"},
{"id":"400","source":"11","target":"17","factor":"proximity"},
{"id":"401","source":"12","target":"17","factor":"proximity"},
{"id":"402","source":"13","target":"17","factor":"proximity"},
{"id":"403","source":"14","target":"17","factor":"proximity"},
{"id":"404","source":"15","target":"17","factor":"proximity"},
{"id":"405","source":"16","target":"17","factor":"proximity"},
{"id":"406","source":"2","target":"17","factor":"orientation_parallel"},
{"id":"407","source":"7","target":"17","factor":"orientation_parallel"},
{"id":"408","source":"8","target":"17","factor":"orientation_parallel"},
{"id":"409","source":"9","target":"17","factor":"orientation_parallel"},
{"id":"410","source":"10","target":"17","factor":"orientation_parallel"},
{"id":"411","source":"11","target":"17","factor":"orientation_parallel"},
{"id":"412","source":"12","target":"17","factor":"orientation_parallel"},
{"id":"413","source":"13","target":"17","factor":"orientation_parallel"},
{"id":"414","source":"14","target":"17","factor":"orientation_parallel"},
{"id":"415","source":"15","target":"17","factor":"orientation_parallel"},
{"id":"416","source":"16","target":"17","factor":"orientation_parallel"},
{"id":"417","source":"2","target":"17","factor":"orientation_perpendicular"},
{"id":"418","source":"7","target":"17","factor":"orientation_perpendicular"},
{"id":"419","source":"8","target":"17","factor":"orientation_perpendicular"},
{"id":"420","source":"9","target":"17","factor":"orientation_perpendicular"},
{"id":"421","source":"10","target":"17","factor":"orientation_perpendicular"},
{"id":"422","source":"11","target":"17","factor":"orientation_perpendicular"},
{"id":"423","source":"12","target":"17","factor":"orientation_perpendicular"},
{"id":"424","source":"13","target":"17","factor":"orientation_perpendicular"},
{"id":"425","source":"14","target":"17","factor":"orientation_perpendicular"},
{"id":"426","source":"15","target":"17","factor":"orientation_perpendicular"},
{"id":"427","source":"16","target":"17","factor":"orientation_perpendicular"},
{"id":"428","source":"2","target":"17","factor":"symmetry"},
{"id":"429","source":"7","target":"17","factor":"symmetry"},
{"id":"430","source":"8","target":"17","factor":"symmetry"},
{"id":"431","source":"9","target":"17","factor":"symmetry"},
{"id":"432","source":"10","target":"17","factor":"symmetry"},
{"id":"433","source":"11","target":"17","factor":"symmetry"},
{"id":"434","source":"12","target":"17","factor":"symmetry"},
{"id":"435","source":"13","target":"17","factor":"symmetry"},
{"id":"436","source":"14","target":"17","factor":"symmetry"},
{"id":"437","source":"15","target":"17","factor":"symmetry"},
{"id":"438","source":"16","target":"17","factor":"symmetry"},
{"id":"439","source":"2","target":"17","factor":"side_to_side"},
{"id":"440","source":"7","target":"17","factor":"side_to_side"},
{"id":"441","source":"8","target":"17","factor":"side_to_side"},
{"id":"442","source":"9","target":"17","factor":"side_to_side"},
{"id":"443","source":"10","target":"17","factor":"side_to_side"},
{"id":"444","source":"11","target":"17","factor":"side_to_side"},
{"id":"445","source":"12","target":"17","factor":"side_to_side"},
{"id":"446","source":"13","target":"17","factor":"side_to_side"},
{"id":"447","source":"14","target":"17","factor":"side_to_side"},
{"id":"448","source":"15","target":"17","factor":"side_to_side"},
{"id":"449","source":"16","target":"17","factor":"side_to_side"},
{"id":"450","source":"1","target":"17","factor":"proximity"},
{"id":"451","source":"17","target":"1","factor":"orientation_parallel"},
{"id":"452","source":"1","target":"17","factor":"orientation_parallel"},
{"id":"453","source":"1","target":"17","factor":"orientation_perpendicular"},
{"id":"454","source":"2","target":"18","factor":"proximity"},
{"id":"455","source":"7","target":"18","factor":"proximity"},
{"id":"456","source":"8","target":"18","factor":"proximity"},
{"id":"457","source":"9","target":"18","factor":"proximity"},
{"id":"458","source":"10","target":"18","factor":"proximity"},
{"id":"459","source":"11","target":"18","factor":"proximity"},
{"id":"460","source":"12","target":"18","factor":"proximity"},
{"id":"461","source":"13","target":"18","factor":"proximity"},
{"id":"462","source":"14","target":"18","factor":"proximity"},
{"id":"463","source":"15","target":"18","factor":"proximity"},
{"id":"464","source":"16","target":"18","factor":"proximity"},
{"id":"465","source":"17","target":"18","factor":"proximity"},
{"id":"466","source":"2","target":"18","factor":"orientation_parallel"},
{"id":"467","source":"7","target":"18","factor":"orientation_parallel"},
{"id":"468","source":"8","target":"18","factor":"orientation_parallel"},
{"id":"469","source":"9","target":"18","factor":"orientation_parallel"},
{"id":"470","source":"10","target":"18","factor":"orientation_parallel"},
{"id":"471","source":"11","target":"18","factor":"orientation_parallel"},
{"id":"472","source":"12","target":"18","factor":"orientation_parallel"},
{"id":"473","source":"13","target":"18","factor":"orientation_parallel"},
{"id":"474","source":"14","target":"18","factor":"orientation_parallel"},
{"id":"475","source":"15","target":"18","factor":"orientation_parallel"},
{"id":"476","source":"16","target":"18","factor":"orientation_parallel"},
{"id":"477","source":"17","target":"18","factor":"orientation_parallel"},
{"id":"478","source":"2","target":"18","factor":"orientation_perpendicular"},
{"id":"479","source":"7","target":"18","factor":"orientation_perpendicular"},
{"id":"480","source":"8","target":"18","factor":"orientation_perpendicular"},
{"id":"481","source":"9","target":"18","factor":"orientation_perpendicular"},
{"id":"482","source":"10","target":"18","factor":"orientation_perpendicular"},
{"id":"483","source":"11","target":"18","factor":"orientation_perpendicular"},
{"id":"484","source":"12","target":"18","factor":"orientation_perpendicular"},
{"id":"485","source":"13","target":"18","factor":"orientation_perpendicular"},
{"id":"486","source":"14","target":"18","factor":"orientation_perpendicular"},
{"id":"487","source":"15","target":"18","factor":"orientation_perpendicular"},
{"id":"488","source":"16","target":"18","factor":"orientation_perpendicular"},
{"id":"489","source":"17","target":"18","factor":"orientation_perpendicular"},
{"id":"490","source":"2","target":"18","factor":"symmetry"},
{"id":"491","source":"7","target":"18","factor":"symmetry"},
{"id":"492","source":"8","target":"18","factor":"symmetry"},
{"id":"493","source":"9","target":"18","factor":"symmetry"},
{"id":"494","source":"10","target":"18","factor":"symmetry"},
{"id":"495","source":"11","target":"18","factor":"symmetry"},
{"id":"496","source":"12","target":"18","factor":"symmetry"},
{"id":"497","source":"13","target":"18","factor":"symmetry"},
{"id":"498","source":"14","target":"18","factor":"symmetry"},
{"id":"499","source":"15","target":"18","factor":"symmetry"},
{"id":"500","source":"16","target":"18","factor":"symmetry"},
{"id":"501","source":"17","target":"18","factor":"symmetry"},
{"id":"502","source":"2","target":"18","factor":"side_to_side"},
{"id":"503","source":"7","target":"18","factor":"side_to_side"},
{"id":"504","source":"8","target":"18","factor":"side_to_side"},
{"id":"505","source":"9","target":"18","factor":"side_to_side"},
{"id":"506","source":"10","target":"18","factor":"side_to_side"},
{"id":"507","source":"11","target":"18","factor":"side_to_side"},
{"id":"508","source":"12","target":"18","factor":"side_to_side"},
{"id":"509","source":"13","target":"18","factor":"side_to_side"},
{"id":"510","source":"14","target":"18","factor":"side_to_side"},
{"id":"511","source":"15","target":"18","factor":"side_to_side"},
{"id":"512","source":"16","target":"18","factor":"side_to_side"},
{"id":"513","source":"17","target":"18","factor":"side_to_side"},
{"id":"514","source":"1","target":"18","factor":"proximity"},
{"id":"515","source":"18","target":"1","factor":"orientation_parallel"},
{"id":"516","source":"1","target":"18","factor":"orientation_parallel"},
{"id":"517","source":"1","target":"18","factor":"orientation_perpendicular"},
{"id":"518","source":"2","target":"19","factor":"proximity"},
{"id":"519","source":"7","target":"19","factor":"proximity"},
{"id":"520","source":"8","target":"19","factor":"proximity"},
{"id":"521","source":"9","target":"19","factor":"proximity"},
{"id":"522","source":"10","target":"19","factor":"proximity"},
{"id":"523","source":"11","target":"19","factor":"proximity"},
{"id":"524","source":"12","target":"19","factor":"proximity"},
{"id":"525","source":"13","target":"19","factor":"proximity"},
{"id":"526","source":"14","target":"19","factor":"proximity"},
{"id":"527","source":"15","target":"19","factor":"proximity"},
{"id":"528","source":"16","target":"19","factor":"proximity"},
{"id":"529","source":"17","target":"19","factor":"proximity"},
{"id":"530","source":"18","target":"19","factor":"proximity"},
{"id":"531","source":"2","target":"19","factor":"orientation_parallel"},
{"id":"532","source":"7","target":"19","factor":"orientation_parallel"},
{"id":"533","source":"8","target":"19","factor":"orientation_parallel"},
{"id":"534","source":"9","target":"19","factor":"orientation_parallel"},
{"id":"535","source":"10","target":"19","factor":"orientation_parallel"},
{"id":"536","source":"11","target":"19","factor":"orientation_parallel"},
{"id":"537","source":"12","target":"19","factor":"orientation_parallel"},
{"id":"538","source":"13","target":"19","factor":"orientation_parallel"},
{"id":"539","source":"14","target":"19","factor":"orientation_parallel"},
{"id":"540","source":"15","target":"19","factor":"orientation_parallel"},
{"id":"541","source":"16","target":"19","factor":"orientation_parallel"},
{"id":"542","source":"17","target":"19","factor":"orientation_parallel"},
{"id":"543","source":"18","target":"19","factor":"orientation_parallel"},
{"id":"544","source":"2","target":"19","factor":"orientation_perpendicular"},
{"id":"545","source":"7","target":"19","factor":"orientation_perpendicular"},
{"id":"546","source":"8","target":"19","factor":"orientation_perpendicular"},
{"id":"547","source":"9","target":"19","factor":"orientation_perpendicular"},
{"id":"548","source":"10","target":"19","factor":"orientation_perpendicular"},
{"id":"549","source":"11","target":"19","factor":"orientation_perpendicular"},
{"id":"550","source":"12","target":"19","factor":"orientation_perpendicular"},
{"id":"551","source":"13","target":"19","factor":"orientation_perpendicular"},
{"id":"552","source":"14","target":"19","factor":"orientation_perpendicular"},
{"id":"553","source":"15","target":"19","factor":"orientation_perpendicular"},
{"id":"554","source":"16","target":"19","factor":"orientation_perpendicular"},
{"id":"555","source":"17","target":"19","factor":"orientation_perpendicular"},
{"id":"556","source":"18","target":"19","factor":"orientation_perpendicular"},
{"id":"557","source":"2","target":"19","factor":"symmetry"},
{"id":"558","source":"7","target":"19","factor":"symmetry"},
{"id":"559","source":"8","target":"19","factor":"symmetry"},
{"id":"560","source":"9","target":"19","factor":"symmetry"},
{"id":"561","source":"10","target":"19","factor":"symmetry"},
{"id":"562","source":"11","target":"19","factor":"symmetry"},
{"id":"563","source":"12","target":"19","factor":"symmetry"},
{"id":"564","source":"13","target":"19","factor":"symmetry"},
{"id":"565","source":"14","target":"19","factor":"symmetry"},
{"id":"566","source":"15","target":"19","factor":"symmetry"},
{"id":"567","source":"16","target":"19","factor":"symmetry"},
{"id":"568","source":"17","target":"19","factor":"symmetry"},
{"id":"569","source":"18","target":"19","factor":"symmetry"},
{"id":"570","source":"2","target":"19","factor":"side_to_side"},
{"id":"571","source":"7","target":"19","factor":"side_to_side"},
{"id":"572","source":"8","target":"19","factor":"side_to_side"},
{"id":"573","source":"9","target":"19","factor":"side_to_side"},
{"id":"574","source":"10","target":"19","factor":"side_to_side"},
{"id":"575","source":"11","target":"19","factor":"side_to_side"},
{"id":"576","source":"12","target":"19","factor":"side_to_side"},
{"id":"577","source":"13","target":"19","factor":"side_to_side"},
{"id":"578","source":"14","target":"19","factor":"side_to_side"},
{"id":"579","source":"15","target":"19","factor":"side_to_side"},
{"id":"580","source":"16","target":"19","factor":"side_to_side"},
{"id":"581","source":"17","target":"19","factor":"side_to_side"},
{"id":"582","source":"18","target":"19","factor":"side_to_side"},
{"id":"583","source":"1","target":"19","factor":"proximity"},
{"id":"584","source":"19","target":"1","factor":"orientation_parallel"},
{"id":"585","source":"1","target":"19","factor":"orientation_parallel"},
{"id":"586","source":"1","target":"19","factor":"orientation_perpendicular"},
{"id":"587","source":"2","target":"20","factor":"proximity"},
{"id":"588","source":"7","target":"20","factor":"proximity"},
{"id":"589","source":"8","target":"20","factor":"proximity"},
{"id":"590","source":"9","target":"20","factor":"proximity"},
{"id":"591","source":"10","target":"20","factor":"proximity"},
{"id":"592","source":"11","target":"20","factor":"proximity"},
{"id":"593","source":"12","target":"20","factor":"proximity"},
{"id":"594","source":"13","target":"20","factor":"proximity"},
{"id":"595","source":"14","target":"20","factor":"proximity"},
{"id":"596","source":"15","target":"20","factor":"proximity"},
{"id":"597","source":"16","target":"20","factor":"proximity"},
{"id":"598","source":"17","target":"20","factor":"proximity"},
{"id":"599","source":"18","target":"20","factor":"proximity"},
{"id":"600","source":"19","target":"20","factor":"proximity"},
{"id":"601","source":"2","target":"20","factor":"orientation_parallel"},
{"id":"602","source":"7","target":"20","factor":"orientation_parallel"},
{"id":"603","source":"8","target":"20","factor":"orientation_parallel"},
{"id":"604","source":"9","target":"20","factor":"orientation_parallel"},
{"id":"605","source":"10","target":"20","factor":"orientation_parallel"},
{"id":"606","source":"11","target":"20","factor":"orientation_parallel"},
{"id":"607","source":"12","target":"20","factor":"orientation_parallel"},
{"id":"608","source":"13","target":"20","factor":"orientation_parallel"},
{"id":"609","source":"14","target":"20","factor":"orientation_parallel"},
{"id":"610","source":"15","target":"20","factor":"orientation_parallel"},
{"id":"611","source":"16","target":"20","factor":"orientation_parallel"},
{"id":"612","source":"17","target":"20","factor":"orientation_parallel"},
{"id":"613","source":"18","target":"20","factor":"orientation_parallel"},
{"id":"614","source":"19","target":"20","factor":"orientation_parallel"},
{"id":"615","source":"2","target":"20","factor":"orientation_perpendicular"},
{"id":"616","source":"7","target":"20","factor":"orientation_perpendicular"},
{"id":"617","source":"8","target":"20","factor":"orientation_perpendicular"},
{"id":"618","source":"9","target":"20","factor":"orientation_perpendicular"},
{"id":"619","source":"10","target":"20","factor":"orientation_perpendicular"},
{"id":"620","source":"11","target":"20","factor":"orientation_perpendicular"},
{"id":"621","source":"12","target":"20","factor":"orientation_perpendicular"},
{"id":"622","source":"13","target":"20","factor":"orientation_perpendicular"},
{"id":"623","source":"14","target":"20","factor":"orientation_perpendicular"},
{"id":"624","source":"15","target":"20","factor":"orientation_perpendicular"},
{"id":"625","source":"16","target":"20","factor":"orientation_perpendicular"},
{"id":"626","source":"17","target":"20","factor":"orientation_perpendicular"},
{"id":"627","source":"18","target":"20","factor":"orientation_perpendicular"},
{"id":"628","source":"19","target":"20","factor":"orientation_perpendicular"},
{"id":"629","source":"2","target":"20","factor":"symmetry"},
{"id":"630","source":"7","target":"20","factor":"symmetry"},
{"id":"631","source":"8","target":"20","factor":"symmetry"},
{"id":"632","source":"9","target":"20","factor":"symmetry"},
{"id":"633","source":"10","target":"20","factor":"symmetry"},
{"id":"634","source":"11","target":"20","factor":"symmetry"},
{"id":"635","source":"12","target":"20","factor":"symmetry"},
{"id":"636","source":"13","target":"20","factor":"symmetry"},
{"id":"637","source":"14","target":"20","factor":"symmetry"},
{"id":"638","source":"15","target":"20","factor":"symmetry"},
{"id":"639","source":"16","target":"20","factor":"symmetry"},
{"id":"640","source":"17","target":"20","factor":"symmetry"},
{"id":"641","source":"18","target":"20","factor":"symmetry"},
{"id":"642","source":"19","target":"20","factor":"symmetry"},
{"id":"643","source":"2","target":"20","factor":"side_to_side"},
{"id":"644","source":"7","target":"20","factor":"side_to_side"},
{"id":"645","source":"8","target":"20","factor":"side_to_side"},
{"id":"646","source":"9","target":"20","factor":"side_to_side"},
{"id":"647","source":"10","target":"20","factor":"side_to_side"},
{"id":"648","source":"11","target":"20","factor":"side_to_side"},
{"id":"649","source":"12","target":"20","factor":"side_to_side"},
{"id":"650","source":"13","target":"20","factor":"side_to_side"},
{"id":"651","source":"14","target":"20","factor":"side_to_side"},
{"id":"652","source":"15","target":"20","factor":"side_to_side"},
{"id":"653","source":"16","target":"20","factor":"side_to_side"},
{"id":"654","source":"17","target":"20","factor":"side_to_side"},
{"id":"655","source":"18","target":"20","factor":"side_to_side"},
{"id":"656","source":"19","target":"20","factor":"side_to_side"},
{"id":"657","source":"1","target":"20","factor":"proximity"},
{"id":"658","source":"20","target":"1","factor":"orientation_parallel"},
{"id":"659","source":"1","target":"20","factor":"orientation_parallel"},
{"id":"660","source":"1","target":"20","factor":"orientation_perpendicular"},
{"id":"661","source":"2","target":"21","factor":"proximity"},
{"id":"662","source":"7","target":"21","factor":"proximity"},
{"id":"663","source":"8","target":"21","factor":"proximity"},
{"id":"664","source":"9","target":"21","factor":"proximity"},
{"id":"665","source":"10","target":"21","factor":"proximity"},
{"id":"666","source":"11","target":"21","factor":"proximity"},
{"id":"667","source":"12","target":"21","factor":"proximity"},
{"id":"668","source":"13","target":"21","factor":"proximity"},
{"id":"669","source":"14","target":"21","factor":"proximity"},
{"id":"670","source":"15","target":"21","factor":"proximity"},
{"id":"671","source":"16","target":"21","factor":"proximity"},
{"id":"672","source":"17","target":"21","factor":"proximity"},
{"id":"673","source":"18","target":"21","factor":"proximity"},
{"id":"674","source":"19","target":"21","factor":"proximity"},
{"id":"675","source":"20","target":"21","factor":"proximity"},
{"id":"676","source":"2","target":"21","factor":"orientation_parallel"},
{"id":"677","source":"7","target":"21","factor":"orientation_parallel"},
{"id":"678","source":"8","target":"21","factor":"orientation_parallel"},
{"id":"679","source":"9","target":"21","factor":"orientation_parallel"},
{"id":"680","source":"10","target":"21","factor":"orientation_parallel"},
{"id":"681","source":"11","target":"21","factor":"orientation_parallel"},
{"id":"682","source":"12","target":"21","factor":"orientation_parallel"},
{"id":"683","source":"13","target":"21","factor":"orientation_parallel"},
{"id":"684","source":"14","target":"21","factor":"orientation_parallel"},
{"id":"685","source":"15","target":"21","factor":"orientation_parallel"},
{"id":"686","source":"16","target":"21","factor":"orientation_parallel"},
{"id":"687","source":"17","target":"21","factor":"orientation_parallel"},
{"id":"688","source":"18","target":"21","factor":"orientation_parallel"},
{"id":"689","source":"19","target":"21","factor":"orientation_parallel"},
{"id":"690","source":"20","target":"21","factor":"orientation_parallel"},
{"id":"691","source":"2","target":"21","factor":"orientation_perpendicular"},
{"id":"692","source":"7","target":"21","factor":"orientation_perpendicular"},
{"id":"693","source":"8","target":"21","factor":"orientation_perpendicular"},
{"id":"694","source":"9","target":"21","factor":"orientation_perpendicular"},
{"id":"695","source":"10","target":"21","factor":"orientation_perpendicular"},
{"id":"696","source":"11","target":"21","factor":"orientation_perpendicular"},
{"id":"697","source":"12","target":"21","factor":"orientation_perpendicular"},
{"id":"698","source":"13","target":"21","factor":"orientation_perpendicular"},
{"id":"699","source":"14","target":"21","factor":"orientation_perpendicular"},
{"id":"700","source":"15","target":"21","factor":"orientation_perpendicular"},
{"id":"701","source":"16","target":"21","factor":"orientation_perpendicular"},
{"id":"702","source":"17","target":"21","factor":"orientation_perpendicular"},
{"id":"703","source":"18","target":"21","factor":"orientation_perpendicular"},
{"id":"704","source":"19","target":"21","factor":"orientation_perpendicular"},
{"id":"705","source":"20","target":"21","factor":"orientation_perpendicular"},
{"id":"706","source":"2","target":"21","factor":"symmetry"},
{"id":"707","source":"7","target":"21","factor":"symmetry"},
{"id":"708","source":"8","target":"21","factor":"symmetry"},
{"id":"709","source":"9","target":"21","factor":"symmetry"},
{"id":"710","source":"10","target":"21","factor":"symmetry"},
{"id":"711","source":"11","target":"21","factor":"symmetry"},
{"id":"712","source":"12","target":"21","factor":"symmetry"},
{"id":"713","source":"13","target":"21","factor":"symmetry"},
{"id":"714","source":"14","target":"21","factor":"symmetry"},
{"id":"715","source":"15","target":"21","factor":"symmetry"},
{"id":"716","source":"16","target":"21","factor":"symmetry"},
{"id":"717","source":"17","target":"21","factor":"symmetry"},
{"id":"718","source":"18","target":"21","factor":"symmetry"},
{"id":"719","source":"19","target":"21","factor":"symmetry"},
{"id":"720","source":"20","target":"21","factor":"symmetry"},
{"id":"721","source":"2","target":"21","factor":"side_to_side"},
{"id":"722","source":"7","target":"21","factor":"side_to_side"},
{"id":"723","source":"8","target":"21","factor":"side_to_side"},
{"id":"724","source":"9","target":"21","factor":"side_to_side"},
{"id":"725","source":"10","target":"21","factor":"side_to_side"},
{"id":"726","source":"11","target":"21","factor":"side_to_side"},
{"id":"727","source":"12","target":"21","factor":"side_to_side"},
{"id":"728","source":"13","target":"21","factor":"side_to_side"},
{"id":"729","source":"14","target":"21","factor":"side_to_side"},
{"id":"730","source":"15","target":"21","factor":"side_to_side"},
{"id":"731","source":"16","target":"21","factor":"side_to_side"},
{"id":"732","source":"17","target":"21","factor":"side_to_side"},
{"id":"733","source":"18","target":"21","factor":"side_to_side"},
{"id":"734","source":"19","target":"21","factor":"side_to_side"},
{"id":"735","source":"20","target":"21","factor":"side_to_side"},
{"id":"736","source":"1","target":"21","factor":"proximity"},
{"id":"737","source":"21","target":"1","factor":"orientation_parallel"},
{"id":"738","source":"1","target":"21","factor":"orientation_parallel"},
{"id":"739","source":"1","target":"21","factor":"orientation_perpendicular"}
],
"probability":[
{"id":"0","value":1.29216},
{"id":"1","value":0.37474},
{"id":"2","value":0.315753},
{"id":"3","value":0.0680083},
{"id":"4","value":0.0680083},
{"id":"5","value":0.0811936},
{"id":"6","value":0.172797},
{"id":"7","value":0.0652325},
{"id":"8","value":0.74601},
{"id":"9","value":0.0104094},
{"id":"10","value":0.444136},
{"id":"11","value":0.199167},
{"id":"12","value":0.0964608},
{"id":"13","value":0.0680083},
{"id":"14","value":0.607217},
{"id":"15","value":0.702984},
{"id":"16","value":0.41499},
{"id":"17","value":1.29216},
{"id":"18","value":0.37474},
{"id":"19","value":0.315753},
{"id":"20","value":0.0680083},
{"id":"21","value":0.0680083},
{"id":"22","value":0.0811936},
{"id":"23","value":0.172797},
{"id":"24","value":0.0652325},
{"id":"25","value":0.74601},
{"id":"26","value":0.0104094},
{"id":"27","value":0.444136},
{"id":"28","value":0.199167},
{"id":"29","value":0.0964608},
{"id":"30","value":0.0680083},
{"id":"31","value":0.0680083},
{"id":"32","value":0.607217},
{"id":"33","value":0.607217},
{"id":"34","value":0.702984},
{"id":"35","value":0.702984},
{"id":"36","value":0.41499},
{"id":"37","value":0.41499},
{"id":"38","value":1.29216},
{"id":"39","value":0.37474},
{"id":"40","value":0.315753},
{"id":"41","value":0.0680083},
{"id":"42","value":0.0680083},
{"id":"43","value":0.0811936},
{"id":"44","value":0.172797},
{"id":"45","value":0.0652325},
{"id":"46","value":0.74601},
{"id":"47","value":0.0104094},
{"id":"48","value":0.444136},
{"id":"49","value":0.199167},
{"id":"50","value":0.0964608},
{"id":"51","value":0.0680083},
{"id":"52","value":0.0680083},
{"id":"53","value":0.0680083},
{"id":"54","value":0.607217},
{"id":"55","value":0.607217},
{"id":"56","value":0.607217},
{"id":"57","value":0.702984},
{"id":"58","value":0.702984},
{"id":"59","value":0.702984},
{"id":"60","value":0.41499},
{"id":"61","value":0.41499},
{"id":"62","value":0.41499},
{"id":"63","value":1.29216},
{"id":"64","value":0.37474},
{"id":"65","value":0.315753},
{"id":"66","value":0.0680083},
{"id":"67","value":0.0680083},
{"id":"68","value":0.0811936},
{"id":"69","value":0.172797},
{"id":"70","value":0.0652325},
{"id":"71","value":0.74601},
{"id":"72","value":0.0104094},
{"id":"73","value":0.444136},
{"id":"74","value":0.199167},
{"id":"75","value":0.0964608},
{"id":"76","value":0.0680083},
{"id":"77","value":0.417765},
{"id":"78","value":0.244275},
{"id":"79","value":0.136017},
{"id":"80","value":0.0666204},
{"id":"81","value":0.291464},
{"id":"82","value":0.179736},
{"id":"83","value":0.317835},
{"id":"84","value":0.116586},
{"id":"85","value":0.0680083},
{"id":"86","value":0.417765},
{"id":"87","value":0.244275},
{"id":"88","value":0.136017},
{"id":"89","value":0.0666204},
{"id":"90","value":0.0666204},
{"id":"91","value":0.291464},
{"id":"92","value":0.291464},
{"id":"93","value":0.179736},
{"id":"94","value":0.179736},
{"id":"95","value":0.317835},
{"id":"96","value":0.317835},
{"id":"97","value":0.116586},
{"id":"98","value":0.116586},
{"id":"99","value":0.0680083},
{"id":"100","value":0.417765},
{"id":"101","value":0.244275},
{"id":"102","value":0.136017},
{"id":"103","value":0.0666204},
{"id":"104","value":0.0666204},
{"id":"105","value":0.0666204},
{"id":"106","value":0.291464},
{"id":"107","value":0.291464},
{"id":"108","value":0.291464},
{"id":"109","value":0.179736},
{"id":"110","value":0.179736},
{"id":"111","value":0.179736},
{"id":"112","value":0.317835},
{"id":"113","value":0.317835},
{"id":"114","value":0.317835},
{"id":"115","value":0.116586},
{"id":"116","value":0.116586},
{"id":"117","value":0.116586},
{"id":"118","value":0.0680083},
{"id":"119","value":0.417765},
{"id":"120","value":0.244275},
{"id":"121","value":0.136017},
{"id":"122","value":0.0666204},
{"id":"123","value":0.0666204},
{"id":"124","value":0.0666204},
{"id":"125","value":0.0666204},
{"id":"126","value":0.291464},
{"id":"127","value":0.291464},
{"id":"128","value":0.291464},
{"id":"129","value":0.291464},
{"id":"130","value":0.179736},
{"id":"131","value":0.179736},
{"id":"132","value":0.179736},
{"id":"133","value":0.179736},
{"id":"134","value":0.317835},
{"id":"135","value":0.317835},
{"id":"136","value":0.317835},
{"id":"137","value":0.317835},
{"id":"138","value":0.116586},
{"id":"139","value":0.116586},
{"id":"140","value":0.116586},
{"id":"141","value":0.116586},
{"id":"142","value":0.0680083},
{"id":"143","value":0.417765},
{"id":"144","value":0.244275},
{"id":"145","value":0.136017},
{"id":"146","value":0.0666204},
{"id":"147","value":0.0666204},
{"id":"148","value":0.0666204},
{"id":"149","value":0.0666204},
{"id":"150","value":0.0666204},
{"id":"151","value":0.291464},
{"id":"152","value":0.291464},
{"id":"153","value":0.291464},
{"id":"154","value":0.291464},
{"id":"155","value":0.291464},
{"id":"156","value":0.179736},
{"id":"157","value":0.179736},
{"id":"158","value":0.179736},
{"id":"159","value":0.179736},
{"id":"160","value":0.179736},
{"id":"161","value":0.317835},
{"id":"162","value":0.317835},
{"id":"163","value":0.317835},
{"id":"164","value":0.317835},
{"id":"165","value":0.317835},
{"id":"166","value":0.116586},
{"id":"167","value":0.116586},
{"id":"168","value":0.116586},
{"id":"169","value":0.116586},
{"id":"170","value":0.116586},
{"id":"171","value":0.0680083},
{"id":"172","value":0.417765},
{"id":"173","value":0.244275},
{"id":"174","value":0.136017},
{"id":"175","value":0.0666204},
{"id":"176","value":0.0666204},
{"id":"177","value":0.0666204},
{"id":"178","value":0.0666204},
{"id":"179","value":0.0666204},
{"id":"180","value":0.0666204},
{"id":"181","value":0.291464},
{"id":"182","value":0.291464},
{"id":"183","value":0.291464},
{"id":"184","value":0.291464},
{"id":"185","value":0.291464},
{"id":"186","value":0.291464},
{"id":"187","value":0.179736},
{"id":"188","value":0.179736},
{"id":"189","value":0.179736},
{"id":"190","value":0.179736},
{"id":"191","value":0.179736},
{"id":"192","value":0.179736},
{"id":"193","value":0.317835},
{"id":"194","value":0.317835},
{"id":"195","value":0.317835},
{"id":"196","value":0.317835},
{"id":"197","value":0.317835},
{"id":"198","value":0.317835},
{"id":"199","value":0.116586},
{"id":"200","value":0.116586},
{"id":"201","value":0.116586},
{"id":"202","value":0.116586},
{"id":"203","value":0.116586},
{"id":"204","value":0.116586},
{"id":"205","value":0.0680083},
{"id":"206","value":0.417765},
{"id":"207","value":0.244275},
{"id":"208","value":0.136017},
{"id":"209","value":0.0666204},
{"id":"210","value":0.0666204},
{"id":"211","value":0.0666204},
{"id":"212","value":0.0666204},
{"id":"213","value":0.0666204},
{"id":"214","value":0.0666204},
{"id":"215","value":0.0666204},
{"id":"216","value":0.291464},
{"id":"217","value":0.291464},
{"id":"218","value":0.291464},
{"id":"219","value":0.291464},
{"id":"220","value":0.291464},
{"id":"221","value":0.291464},
{"id":"222","value":0.291464},
{"id":"223","value":0.179736},
{"id":"224","value":0.179736},
{"id":"225","value":0.179736},
{"id":"226","value":0.179736},
{"id":"227","value":0.179736},
{"id":"228","value":0.179736},
{"id":"229","value":0.179736},
{"id":"230","value":0.317835},
{"id":"231","value":0.317835},
{"id":"232","value":0.317835},
{"id":"233","value":0.317835},
{"id":"234","value":0.317835},
{"id":"235","value":0.317835},
{"id":"236","value":0.317835},
{"id":"237","value":0.116586},
{"id":"238","value":0.116586},
{"id":"239","value":0.116586},
{"id":"240","value":0.116586},
{"id":"241","value":0.116586},
{"id":"242","value":0.116586},
{"id":"243","value":0.116586},
{"id":"244","value":0.0680083},
{"id":"245","value":0.417765},
{"id":"246","value":0.244275},
{"id":"247","value":0.136017},
{"id":"248","value":0.0666204},
{"id":"249","value":0.0666204},
{"id":"250","value":0.0666204},
{"id":"251","value":0.0666204},
{"id":"252","value":0.0666204},
{"id":"253","value":0.0666204},
{"id":"254","value":0.0666204},
{"id":"255","value":0.0666204},
{"id":"256","value":0.291464},
{"id":"257","value":0.291464},
{"id":"258","value":0.291464},
{"id":"259","value":0.291464},
{"id":"260","value":0.291464},
{"id":"261","value":0.291464},
{"id":"262","value":0.291464},
{"id":"263","value":0.291464},
{"id":"264","value":0.179736},
{"id":"265","value":0.179736},
{"id":"266","value":0.179736},
{"id":"267","value":0.179736},
{"id":"268","value":0.179736},
{"id":"269","value":0.179736},
{"id":"270","value":0.179736},
{"id":"271","value":0.179736},
{"id":"272","value":0.317835},
{"id":"273","value":0.317835},
{"id":"274","value":0.317835},
{"id":"275","value":0.317835},
{"id":"276","value":0.317835},
{"id":"277","value":0.317835},
{"id":"278","value":0.317835},
{"id":"279","value":0.317835},
{"id":"280","value":0.116586},
{"id":"281","value":0.116586},
{"id":"282","value":0.116586},
{"id":"283","value":0.116586},
{"id":"284","value":0.116586},
{"id":"285","value":0.116586},
{"id":"286","value":0.116586},
{"id":"287","value":0.116586},
{"id":"288","value":0.0680083},
{"id":"289","value":0.417765},
{"id":"290","value":0.244275},
{"id":"291","value":0.136017},
{"id":"292","value":0.0666204},
{"id":"293","value":0.0666204},
{"id":"294","value":0.0666204},
{"id":"295","value":0.0666204},
{"id":"296","value":0.0666204},
{"id":"297","value":0.0666204},
{"id":"298","value":0.0666204},
{"id":"299","value":0.0666204},
{"id":"300","value":0.0666204},
{"id":"301","value":0.291464},
{"id":"302","value":0.291464},
{"id":"303","value":0.291464},
{"id":"304","value":0.291464},
{"id":"305","value":0.291464},
{"id":"306","value":0.291464},
{"id":"307","value":0.291464},
{"id":"308","value":0.291464},
{"id":"309","value":0.291464},
{"id":"310","value":0.179736},
{"id":"311","value":0.179736},
{"id":"312","value":0.179736},
{"id":"313","value":0.179736},
{"id":"314","value":0.179736},
{"id":"315","value":0.179736},
{"id":"316","value":0.179736},
{"id":"317","value":0.179736},
{"id":"318","value":0.179736},
{"id":"319","value":0.317835},
{"id":"320","value":0.317835},
{"id":"321","value":0.317835},
{"id":"322","value":0.317835},
{"id":"323","value":0.317835},
{"id":"324","value":0.317835},
{"id":"325","value":0.317835},
{"id":"326","value":0.317835},
{"id":"327","value":0.317835},
{"id":"328","value":0.116586},
{"id":"329","value":0.116586},
{"id":"330","value":0.116586},
{"id":"331","value":0.116586},
{"id":"332","value":0.116586},
{"id":"333","value":0.116586},
{"id":"334","value":0.116586},
{"id":"335","value":0.116586},
{"id":"336","value":0.116586},
{"id":"337","value":0.0680083},
{"id":"338","value":0.417765},
{"id":"339","value":0.244275},
{"id":"340","value":0.136017},
{"id":"341","value":0.0666204},
{"id":"342","value":0.0666204},
{"id":"343","value":0.0666204},
{"id":"344","value":0.0666204},
{"id":"345","value":0.0666204},
{"id":"346","value":0.0666204},
{"id":"347","value":0.0666204},
{"id":"348","value":0.0666204},
{"id":"349","value":0.0666204},
{"id":"350","value":0.0666204},
{"id":"351","value":0.291464},
{"id":"352","value":0.291464},
{"id":"353","value":0.291464},
{"id":"354","value":0.291464},
{"id":"355","value":0.291464},
{"id":"356","value":0.291464},
{"id":"357","value":0.291464},
{"id":"358","value":0.291464},
{"id":"359","value":0.291464},
{"id":"360","value":0.291464},
{"id":"361","value":0.179736},
{"id":"362","value":0.179736},
{"id":"363","value":0.179736},
{"id":"364","value":0.179736},
{"id":"365","value":0.179736},
{"id":"366","value":0.179736},
{"id":"367","value":0.179736},
{"id":"368","value":0.179736},
{"id":"369","value":0.179736},
{"id":"370","value":0.179736},
{"id":"371","value":0.317835},
{"id":"372","value":0.317835},
{"id":"373","value":0.317835},
{"id":"374","value":0.317835},
{"id":"375","value":0.317835},
{"id":"376","value":0.317835},
{"id":"377","value":0.317835},
{"id":"378","value":0.317835},
{"id":"379","value":0.317835},
{"id":"380","value":0.317835},
{"id":"381","value":0.116586},
{"id":"382","value":0.116586},
{"id":"383","value":0.116586},
{"id":"384","value":0.116586},
{"id":"385","value":0.116586},
{"id":"386","value":0.116586},
{"id":"387","value":0.116586},
{"id":"388","value":0.116586},
{"id":"389","value":0.116586},
{"id":"390","value":0.116586},
{"id":"391","value":0.0680083},
{"id":"392","value":0.417765},
{"id":"393","value":0.244275},
{"id":"394","value":0.136017},
{"id":"395","value":0.0666204},
{"id":"396","value":0.0666204},
{"id":"397","value":0.0666204},
{"id":"398","value":0.0666204},
{"id":"399","value":0.0666204},
{"id":"400","value":0.0666204},
{"id":"401","value":0.0666204},
{"id":"402","value":0.0666204},
{"id":"403","value":0.0666204},
{"id":"404","value":0.0666204},
{"id":"405","value":0.0666204},
{"id":"406","value":0.291464},
{"id":"407","value":0.291464},
{"id":"408","value":0.291464},
{"id":"409","value":0.291464},
{"id":"410","value":0.291464},
{"id":"411","value":0.291464},
{"id":"412","value":0.291464},
{"id":"413","value":0.291464},
{"id":"414","value":0.291464},
{"id":"415","value":0.291464},
{"id":"416","value":0.291464},
{"id":"417","value":0.179736},
{"id":"418","value":0.179736},
{"id":"419","value":0.179736},
{"id":"420","value":0.179736},
{"id":"421","value":0.179736},
{"id":"422","value":0.179736},
{"id":"423","value":0.179736},
{"id":"424","value":0.179736},
{"id":"425","value":0.179736},
{"id":"426","value":0.179736},
{"id":"427","value":0.179736},
{"id":"428","value":0.317835},
{"id":"429","value":0.317835},
{"id":"430","value":0.317835},
{"id":"431","value":0.317835},
{"id":"432","value":0.317835},
{"id":"433","value":0.317835},
{"id":"434","value":0.317835},
{"id":"435","value":0.317835},
{"id":"436","value":0.317835},
{"id":"437","value":0.317835},
{"id":"438","value":0.317835},
{"id":"439","value":0.116586},
{"id":"440","value":0.116586},
{"id":"441","value":0.116586},
{"id":"442","value":0.116586},
{"id":"443","value":0.116586},
{"id":"444","value":0.116586},
{"id":"445","value":0.116586},
{"id":"446","value":0.116586},
{"id":"447","value":0.116586},
{"id":"448","value":0.116586},
{"id":"449","value":0.116586},
{"id":"450","value":0.0680083},
{"id":"451","value":0.417765},
{"id":"452","value":0.244275},
{"id":"453","value":0.136017},
{"id":"454","value":0.0666204},
{"id":"455","value":0.0666204},
{"id":"456","value":0.0666204},
{"id":"457","value":0.0666204},
{"id":"458","value":0.0666204},
{"id":"459","value":0.0666204},
{"id":"460","value":0.0666204},
{"id":"461","value":0.0666204},
{"id":"462","value":0.0666204},
{"id":"463","value":0.0666204},
{"id":"464","value":0.0666204},
{"id":"465","value":0.0666204},
{"id":"466","value":0.291464},
{"id":"467","value":0.291464},
{"id":"468","value":0.291464},
{"id":"469","value":0.291464},
{"id":"470","value":0.291464},
{"id":"471","value":0.291464},
{"id":"472","value":0.291464},
{"id":"473","value":0.291464},
{"id":"474","value":0.291464},
{"id":"475","value":0.291464},
{"id":"476","value":0.291464},
{"id":"477","value":0.291464},
{"id":"478","value":0.179736},
{"id":"479","value":0.179736},
{"id":"480","value":0.179736},
{"id":"481","value":0.179736},
{"id":"482","value":0.179736},
{"id":"483","value":0.179736},
{"id":"484","value":0.179736},
{"id":"485","value":0.179736},
{"id":"486","value":0.179736},
{"id":"487","value":0.179736},
{"id":"488","value":0.179736},
{"id":"489","value":0.179736},
{"id":"490","value":0.317835},
{"id":"491","value":0.317835},
{"id":"492","value":0.317835},
{"id":"493","value":0.317835},
{"id":"494","value":0.317835},
{"id":"495","value":0.317835},
{"id":"496","value":0.317835},
{"id":"497","value":0.317835},
{"id":"498","value":0.317835},
{"id":"499","value":0.317835},
{"id":"500","value":0.317835},
{"id":"501","value":0.317835},
{"id":"502","value":0.116586},
{"id":"503","value":0.116586},
{"id":"504","value":0.116586},
{"id":"505","value":0.116586},
{"id":"506","value":0.116586},
{"id":"507","value":0.116586},
{"id":"508","value":0.116586},
{"id":"509","value":0.116586},
{"id":"510","value":0.116586},
{"id":"511","value":0.116586},
{"id":"512","value":0.116586},
{"id":"513","value":0.116586},
{"id":"514","value":0.0680083},
{"id":"515","value":0.417765},
{"id":"516","value":0.244275},
{"id":"517","value":0.136017},
{"id":"518","value":0.0666204},
{"id":"519","value":0.0666204},
{"id":"520","value":0.0666204},
{"id":"521","value":0.0666204},
{"id":"522","value":0.0666204},
{"id":"523","value":0.0666204},
{"id":"524","value":0.0666204},
{"id":"525","value":0.0666204},
{"id":"526","value":0.0666204},
{"id":"527","value":0.0666204},
{"id":"528","value":0.0666204},
{"id":"529","value":0.0666204},
{"id":"530","value":0.0666204},
{"id":"531","value":0.291464},
{"id":"532","value":0.291464},
{"id":"533","value":0.291464},
{"id":"534","value":0.291464},
{"id":"535","value":0.291464},
{"id":"536","value":0.291464},
{"id":"537","value":0.291464},
{"id":"538","value":0.291464},
{"id":"539","value":0.291464},
{"id":"540","value":0.291464},
{"id":"541","value":0.291464},
{"id":"542","value":0.291464},
{"id":"543","value":0.291464},
{"id":"544","value":0.179736},
{"id":"545","value":0.179736},
{"id":"546","value":0.179736},
{"id":"547","value":0.179736},
{"id":"548","value":0.179736},
{"id":"549","value":0.179736},
{"id":"550","value":0.179736},
{"id":"551","value":0.179736},
{"id":"552","value":0.179736},
{"id":"553","value":0.179736},
{"id":"554","value":0.179736},
{"id":"555","value":0.179736},
{"id":"556","value":0.179736},
{"id":"557","value":0.317835},
{"id":"558","value":0.317835},
{"id":"559","value":0.317835},
{"id":"560","value":0.317835},
{"id":"561","value":0.317835},
{"id":"562","value":0.317835},
{"id":"563","value":0.317835},
{"id":"564","value":0.317835},
{"id":"565","value":0.317835},
{"id":"566","value":0.317835},
{"id":"567","value":0.317835},
{"id":"568","value":0.317835},
{"id":"569","value":0.317835},
{"id":"570","value":0.116586},
{"id":"571","value":0.116586},
{"id":"572","value":0.116586},
{"id":"573","value":0.116586},
{"id":"574","value":0.116586},
{"id":"575","value":0.116586},
{"id":"576","value":0.116586},
{"id":"577","value":0.116586},
{"id":"578","value":0.116586},
{"id":"579","value":0.116586},
{"id":"580","value":0.116586},
{"id":"581","value":0.116586},
{"id":"582","value":0.116586},
{"id":"583","value":0.0680083},
{"id":"584","value":0.417765},
{"id":"585","value":0.244275},
{"id":"586","value":0.136017},
{"id":"587","value":0.0666204},
{"id":"588","value":0.0666204},
{"id":"589","value":0.0666204},
{"id":"590","value":0.0666204},
{"id":"591","value":0.0666204},
{"id":"592","value":0.0666204},
{"id":"593","value":0.0666204},
{"id":"594","value":0.0666204},
{"id":"595","value":0.0666204},
{"id":"596","value":0.0666204},
{"id":"597","value":0.0666204},
{"id":"598","value":0.0666204},
{"id":"599","value":0.0666204},
{"id":"600","value":0.0666204},
{"id":"601","value":0.291464},
{"id":"602","value":0.291464},
{"id":"603","value":0.291464},
{"id":"604","value":0.291464},
{"id":"605","value":0.291464},
{"id":"606","value":0.291464},
{"id":"607","value":0.291464},
{"id":"608","value":0.291464},
{"id":"609","value":0.291464},
{"id":"610","value":0.291464},
{"id":"611","value":0.291464},
{"id":"612","value":0.291464},
{"id":"613","value":0.291464},
{"id":"614","value":0.291464},
{"id":"615","value":0.179736},
{"id":"616","value":0.179736},
{"id":"617","value":0.179736},
{"id":"618","value":0.179736},
{"id":"619","value":0.179736},
{"id":"620","value":0.179736},
{"id":"621","value":0.179736},
{"id":"622","value":0.179736},
{"id":"623","value":0.179736},
{"id":"624","value":0.179736},
{"id":"625","value":0.179736},
{"id":"626","value":0.179736},
{"id":"627","value":0.179736},
{"id":"628","value":0.179736},
{"id":"629","value":0.317835},
{"id":"630","value":0.317835},
{"id":"631","value":0.317835},
{"id":"632","value":0.317835},
{"id":"633","value":0.317835},
{"id":"634","value":0.317835},
{"id":"635","value":0.317835},
{"id":"636","value":0.317835},
{"id":"637","value":0.317835},
{"id":"638","value":0.317835},
{"id":"639","value":0.317835},
{"id":"640","value":0.317835},
{"id":"641","value":0.317835},
{"id":"642","value":0.317835},
{"id":"643","value":0.116586},
{"id":"644","value":0.116586},
{"id":"645","value":0.116586},
{"id":"646","value":0.116586},
{"id":"647","value":0.116586},
{"id":"648","value":0.116586},
{"id":"649","value":0.116586},
{"id":"650","value":0.116586},
{"id":"651","value":0.116586},
{"id":"652","value":0.116586},
{"id":"653","value":0.116586},
{"id":"654","value":0.116586},
{"id":"655","value":0.116586},
{"id":"656","value":0.116586},
{"id":"657","value":0.0680083},
{"id":"658","value":0.417765},
{"id":"659","value":0.244275},
{"id":"660","value":0.136017},
{"id":"661","value":0.0666204},
{"id":"662","value":0.0666204},
{"id":"663","value":0.0666204},
{"id":"664","value":0.0666204},
{"id":"665","value":0.0666204},
{"id":"666","value":0.0666204},
{"id":"667","value":0.0666204},
{"id":"668","value":0.0666204},
{"id":"669","value":0.0666204},
{"id":"670","value":0.0666204},
{"id":"671","value":0.0666204},
{"id":"672","value":0.0666204},
{"id":"673","value":0.0666204},
{"id":"674","value":0.0666204},
{"id":"675","value":0.0666204},
{"id":"676","value":0.291464},
{"id":"677","value":0.291464},
{"id":"678","value":0.291464},
{"id":"679","value":0.291464},
{"id":"680","value":0.291464},
{"id":"681","value":0.291464},
{"id":"682","value":0.291464},
{"id":"683","value":0.291464},
{"id":"684","value":0.291464},
{"id":"685","value":0.291464},
{"id":"686","value":0.291464},
{"id":"687","value":0.291464},
{"id":"688","value":0.291464},
{"id":"689","value":0.291464},
{"id":"690","value":0.291464},
{"id":"691","value":0.179736},
{"id":"692","value":0.179736},
{"id":"693","value":0.179736},
{"id":"694","value":0.179736},
{"id":"695","value":0.179736},
{"id":"696","value":0.179736},
{"id":"697","value":0.179736},
{"id":"698","value":0.179736},
{"id":"699","value":0.179736},
{"id":"700","value":0.179736},
{"id":"701","value":0.179736},
{"id":"702","value":0.179736},
{"id":"703","value":0.179736},
{"id":"704","value":0.179736},
{"id":"705","value":0.179736},
{"id":"706","value":0.317835},
{"id":"707","value":0.317835},
{"id":"708","value":0.317835},
{"id":"709","value":0.317835},
{"id":"710","value":0.317835},
{"id":"711","value":0.317835},
{"id":"712","value":0.317835},
{"id":"713","value":0.317835},
{"id":"714","value":0.317835},
{"id":"715","value":0.317835},
{"id":"716","value":0.317835},
{"id":"717","value":0.317835},
{"id":"718","value":0.317835},
{"id":"719","value":0.317835},
{"id":"720","value":0.317835},
{"id":"721","value":0.116586},
{"id":"722","value":0.116586},
{"id":"723","value":0.116586},
{"id":"724","value":0.116586},
{"id":"725","value":0.116586},
{"id":"726","value":0.116586},
{"id":"727","value":0.116586},
{"id":"728","value":0.116586},
{"id":"729","value":0.116586},
{"id":"730","value":0.116586},
{"id":"731","value":0.116586},
{"id":"732","value":0.116586},
{"id":"733","value":0.116586},
{"id":"734","value":0.116586},
{"id":"735","value":0.116586},
{"id":"736","value":0.0680083},
{"id":"737","value":0.417765},
{"id":"738","value":0.244275},
{"id":"739","value":0.136017}
]}