{
"vertices":[
{"id":"0","name":"wall","Leaves":[{"name":"wall","frequency":0.220223 }],"frequency":0.713393},
{"id":"1","name":"shelving","Leaves":[{"name":"shelving","frequency":0.317269 }],"frequency":0.054823},
{"id":"2","name":"wall","Leaves":[{"name":"wall","frequency":0.220223 }],"frequency":0},
{"id":"3","name":"wall","Leaves":[{"name":"wall","frequency":0.220223 }],"frequency":0}
],
"rules":[
{"id":"0","source":"1","target":"0","factor":"orientation_perpendicular"},
{"id":"1","source":"0","target":"1","factor":"orientation_perpendicular"},
{"id":"2","source":"0","target":"2","factor":"proximity"},
{"id":"3","source":"0","target":"2","factor":"orientation_parallel"},
{"id":"4","source":"0","target":"2","factor":"orientation_perpendicular"},
{"id":"5","source":"0","target":"2","factor":"symmetry"},
{"id":"6","source":"1","target":"2","factor":"orientation_perpendicular"},
{"id":"7","source":"2","target":"1","factor":"orientation_perpendicular"},
{"id":"8","source":"0","target":"3","factor":"proximity"},
{"id":"9","source":"2","target":"3","factor":"proximity"},
{"id":"10","source":"0","target":"3","factor":"orientation_parallel"},
{"id":"11","source":"2","target":"3","factor":"orientation_parallel"},
{"id":"12","source":"0","target":"3","factor":"orientation_perpendicular"},
{"id":"13","source":"2","target":"3","factor":"orientation_perpendicular"},
{"id":"14","source":"0","target":"3","factor":"symmetry"},
{"id":"15","source":"2","target":"3","factor":"symmetry"},
{"id":"16","source":"1","target":"3","factor":"orientation_perpendicular"},
{"id":"17","source":"3","target":"1","factor":"orientation_perpendicular"},
{"id":"18","source":"1","target":"1","factor":"orientation_perpendicular"},
{"id":"19","source":"1","target":"1","factor":"symmetry"}
],
"probability":[
{"id":"0","value":0.0527412},
{"id":"1","value":0.0215128},
{"id":"2","value":0.0680083},
{"id":"3","value":0.607217},
{"id":"4","value":0.702984},
{"id":"5","value":0.41499},
{"id":"6","value":0.0527412},
{"id":"7","value":0.0215128},
{"id":"8","value":0.0680083},
{"id":"9","value":0.0680083},
{"id":"10","value":0.607217},
{"id":"11","value":0.607217},
{"id":"12","value":0.702984},
{"id":"13","value":0.702984},
{"id":"14","value":0.41499},
{"id":"15","value":0.41499},
{"id":"16","value":0.0527412},
{"id":"17","value":0.0215128},
{"id":"18","value":0.0166551},
{"id":"19","value":0.0319223}
]}