{
"vertices":[
{"id":"0","name":"wall","Leaves":[{"name":"wall","frequency":0.220223 }],"frequency":0.713393},
{"id":"1","name":"floor","Leaves":[],"frequency":0.947259},
{"id":"2","name":"plant","Leaves":[{"name":"plant","frequency":0.156309 }],"frequency":0.453851},
{"id":"3","name":"window","Leaves":[{"name":"window","frequency":0.551903 }],"frequency":0.221374},
{"id":"4","name":"dressing_table","Leaves":[],"frequency":0.0124913},
{"id":"5","name":"wall","Leaves":[{"name":"wall","frequency":0.220223 }],"frequency":0},
{"id":"6","name":"wall","Leaves":[{"name":"wall","frequency":0.220223 }],"frequency":0},
{"id":"7","name":"wall","Leaves":[{"name":"wall","frequency":0.220223 }],"frequency":0},
{"id":"8","name":"wall","Leaves":[{"name":"wall","frequency":0.220223 }],"frequency":0},
{"id":"9","name":"plant","Leaves":[{"name":"plant","frequency":0.156309 }],"frequency":0},
{"id":"10","name":"plant","Leaves":[{"name":"plant","frequency":0.156309 }],"frequency":0},
{"id":"11","name":"plant","Leaves":[{"name":"plant","frequency":0.156309 }],"frequency":0}
],
"rules":[
{"id":"0","source":"0","target":"1","factor":"Horizontal-Support"},
{"id":"1","source":"0","target":"2","factor":"Horizontal-Support"},
{"id":"2","source":"2","target":"0","factor":"Horizontal-Support"},
{"id":"3","source":"1","target":"0","factor":"proximity"},
{"id":"4","source":"2","target":"0","factor":"proximity"},
{"id":"5","source":"1","target":"0","factor":"orientation_parallel"},
{"id":"6","source":"3","target":"0","factor":"orientation_parallel"},
{"id":"7","source":"2","target":"0","factor":"orientation_parallel"},
{"id":"8","source":"0","target":"2","factor":"orientation_parallel"},
{"id":"9","source":"1","target":"0","factor":"orientation_perpendicular"},
{"id":"10","source":"3","target":"0","factor":"orientation_perpendicular"},
{"id":"11","source":"2","target":"0","factor":"orientation_perpendicular"},
{"id":"12","source":"0","target":"2","factor":"orientation_perpendicular"},
{"id":"13","source":"4","target":"0","factor":"orientation_perpendicular"},
{"id":"14","source":"2","target":"0","factor":"side_to_side"},
{"id":"15","source":"0","target":"5","factor":"proximity"},
{"id":"16","source":"0","target":"5","factor":"orientation_parallel"},
{"id":"17","source":"0","target":"5","factor":"orientation_perpendicular"},
{"id":"18","source":"0","target":"5","factor":"symmetry"},
{"id":"19","source":"5","target":"1","factor":"Horizontal-Support"},
{"id":"20","source":"5","target":"2","factor":"Horizontal-Support"},
{"id":"21","source":"2","target":"5","factor":"Horizontal-Support"},
{"id":"22","source":"1","target":"5","factor":"proximity"},
{"id":"23","source":"2","target":"5","factor":"proximity"},
{"id":"24","source":"1","target":"5","factor":"orientation_parallel"},
{"id":"25","source":"3","target":"5","factor":"orientation_parallel"},
{"id":"26","source":"2","target":"5","factor":"orientation_parallel"},
{"id":"27","source":"5","target":"2","factor":"orientation_parallel"},
{"id":"28","source":"1","target":"5","factor":"orientation_perpendicular"},
{"id":"29","source":"3","target":"5","factor":"orientation_perpendicular"},
{"id":"30","source":"2","target":"5","factor":"orientation_perpendicular"},
{"id":"31","source":"5","target":"2","factor":"orientation_perpendicular"},
{"id":"32","source":"4","target":"5","factor":"orientation_perpendicular"},
{"id":"33","source":"2","target":"5","factor":"side_to_side"},
{"id":"34","source":"0","target":"6","factor":"proximity"},
{"id":"35","source":"5","target":"6","factor":"proximity"},
{"id":"36","source":"0","target":"6","factor":"orientation_parallel"},
{"id":"37","source":"5","target":"6","factor":"orientation_parallel"},
{"id":"38","source":"0","target":"6","factor":"orientation_perpendicular"},
{"id":"39","source":"5","target":"6","factor":"orientation_perpendicular"},
{"id":"40","source":"0","target":"6","factor":"symmetry"},
{"id":"41","source":"5","target":"6","factor":"symmetry"},
{"id":"42","source":"6","target":"1","factor":"Horizontal-Support"},
{"id":"43","source":"6","target":"2","factor":"Horizontal-Support"},
{"id":"44","source":"2","target":"6","factor":"Horizontal-Support"},
{"id":"45","source":"1","target":"6","factor":"proximity"},
{"id":"46","source":"2","target":"6","factor":"proximity"},
{"id":"47","source":"1","target":"6","factor":"orientation_parallel"},
{"id":"48","source":"3","target":"6","factor":"orientation_parallel"},
{"id":"49","source":"2","target":"6","factor":"orientation_parallel"},
{"id":"50","source":"6","target":"2","factor":"orientation_parallel"},
{"id":"51","source":"1","target":"6","factor":"orientation_perpendicular"},
{"id":"52","source":"3","target":"6","factor":"orientation_perpendicular"},
{"id":"53","source":"2","target":"6","factor":"orientation_perpendicular"},
{"id":"54","source":"6","target":"2","factor":"orientation_perpendicular"},
{"id":"55","source":"4","target":"6","factor":"orientation_perpendicular"},
{"id":"56","source":"2","target":"6","factor":"side_to_side"},
{"id":"57","source":"0","target":"7","factor":"proximity"},
{"id":"58","source":"5","target":"7","factor":"proximity"},
{"id":"59","source":"6","target":"7","factor":"proximity"},
{"id":"60","source":"0","target":"7","factor":"orientation_parallel"},
{"id":"61","source":"5","target":"7","factor":"orientation_parallel"},
{"id":"62","source":"6","target":"7","factor":"orientation_parallel"},
{"id":"63","source":"0","target":"7","factor":"orientation_perpendicular"},
{"id":"64","source":"5","target":"7","factor":"orientation_perpendicular"},
{"id":"65","source":"6","target":"7","factor":"orientation_perpendicular"},
{"id":"66","source":"0","target":"7","factor":"symmetry"},
{"id":"67","source":"5","target":"7","factor":"symmetry"},
{"id":"68","source":"6","target":"7","factor":"symmetry"},
{"id":"69","source":"7","target":"1","factor":"Horizontal-Support"},
{"id":"70","source":"7","target":"2","factor":"Horizontal-Support"},
{"id":"71","source":"2","target":"7","factor":"Horizontal-Support"},
{"id":"72","source":"1","target":"7","factor":"proximity"},
{"id":"73","source":"2","target":"7","factor":"proximity"},
{"id":"74","source":"1","target":"7","factor":"orientation_parallel"},
{"id":"75","source":"3","target":"7","factor":"orientation_parallel"},
{"id":"76","source":"2","target":"7","factor":"orientation_parallel"},
{"id":"77","source":"7","target":"2","factor":"orientation_parallel"},
{"id":"78","source":"1","target":"7","factor":"orientation_perpendicular"},
{"id":"79","source":"3","target":"7","factor":"orientation_perpendicular"},
{"id":"80","source":"2","target":"7","factor":"orientation_perpendicular"},
{"id":"81","source":"7","target":"2","factor":"orientation_perpendicular"},
{"id":"82","source":"4","target":"7","factor":"orientation_perpendicular"},
{"id":"83","source":"2","target":"7","factor":"side_to_side"},
{"id":"84","source":"0","target":"8","factor":"proximity"},
{"id":"85","source":"5","target":"8","factor":"proximity"},
{"id":"86","source":"6","target":"8","factor":"proximity"},
{"id":"87","source":"7","target":"8","factor":"proximity"},
{"id":"88","source":"0","target":"8","factor":"orientation_parallel"},
{"id":"89","source":"5","target":"8","factor":"orientation_parallel"},
{"id":"90","source":"6","target":"8","factor":"orientation_parallel"},
{"id":"91","source":"7","target":"8","factor":"orientation_parallel"},
{"id":"92","source":"0","target":"8","factor":"orientation_perpendicular"},
{"id":"93","source":"5","target":"8","factor":"orientation_perpendicular"},
{"id":"94","source":"6","target":"8","factor":"orientation_perpendicular"},
{"id":"95","source":"7","target":"8","factor":"orientation_perpendicular"},
{"id":"96","source":"0","target":"8","factor":"symmetry"},
{"id":"97","source":"5","target":"8","factor":"symmetry"},
{"id":"98","source":"6","target":"8","factor":"symmetry"},
{"id":"99","source":"7","target":"8","factor":"symmetry"},
{"id":"100","source":"8","target":"1","factor":"Horizontal-Support"},
{"id":"101","source":"8","target":"2","factor":"Horizontal-Support"},
{"id":"102","source":"2","target":"8","factor":"Horizontal-Support"},
{"id":"103","source":"1","target":"8","factor":"proximity"},
{"id":"104","source":"2","target":"8","factor":"proximity"},
{"id":"105","source":"1","target":"8","factor":"orientation_parallel"},
{"id":"106","source":"3","target":"8","factor":"orientation_parallel"},
{"id":"107","source":"2","target":"8","factor":"orientation_parallel"},
{"id":"108","source":"8","target":"2","factor":"orientation_parallel"},
{"id":"109","source":"1","target":"8","factor":"orientation_perpendicular"},
{"id":"110","source":"3","target":"8","factor":"orientation_perpendicular"},
{"id":"111","source":"2","target":"8","factor":"orientation_perpendicular"},
{"id":"112","source":"8","target":"2","factor":"orientation_perpendicular"},
{"id":"113","source":"4","target":"8","factor":"orientation_perpendicular"},
{"id":"114","source":"2","target":"8","factor":"side_to_side"},
{"id":"115","source":"1","target":"2","factor":"proximity"},
{"id":"116","source":"2","target":"1","factor":"orientation_parallel"},
{"id":"117","source":"1","target":"2","factor":"orientation_parallel"},
{"id":"118","source":"1","target":"2","factor":"orientation_perpendicular"},
{"id":"119","source":"2","target":"9","factor":"proximity"},
{"id":"120","source":"2","target":"9","factor":"orientation_parallel"},
{"id":"121","source":"2","target":"9","factor":"orientation_perpendicular"},
{"id":"122","source":"2","target":"9","factor":"symmetry"},
{"id":"123","source":"2","target":"9","factor":"side_to_side"},
{"id":"124","source":"1","target":"9","factor":"proximity"},
{"id":"125","source":"9","target":"1","factor":"orientation_parallel"},
{"id":"126","source":"1","target":"9","factor":"orientation_parallel"},
{"id":"127","source":"1","target":"9","factor":"orientation_perpendicular"},
{"id":"128","source":"2","target":"10","factor":"proximity"},
{"id":"129","source":"9","target":"10","factor":"proximity"},
{"id":"130","source":"2","target":"10","factor":"orientation_parallel"},
{"id":"131","source":"9","target":"10","factor":"orientation_parallel"},
{"id":"132","source":"2","target":"10","factor":"orientation_perpendicular"},
{"id":"133","source":"9","target":"10","factor":"orientation_perpendicular"},
{"id":"134","source":"2","target":"10","factor":"symmetry"},
{"id":"135","source":"9","target":"10","factor":"symmetry"},
{"id":"136","source":"2","target":"10","factor":"side_to_side"},
{"id":"137","source":"9","target":"10","factor":"side_to_side"},
{"id":"138","source":"1","target":"10","factor":"proximity"},
{"id":"139","source":"10","target":"1","factor":"orientation_parallel"},
{"id":"140","source":"1","target":"10","factor":"orientation_parallel"},
{"id":"141","source":"1","target":"10","factor":"orientation_perpendicular"},
{"id":"142","source":"2","target":"11","factor":"proximity"},
{"id":"143","source":"9","target":"11","factor":"proximity"},
{"id":"144","source":"10","target":"11","factor":"proximity"},
{"id":"145","source":"2","target":"11","factor":"orientation_parallel"},
{"id":"146","source":"9","target":"11","factor":"orientation_parallel"},
{"id":"147","source":"10","target":"11","factor":"orientation_parallel"},
{"id":"148","source":"2","target":"11","factor":"orientation_perpendicular"},
{"id":"149","source":"9","target":"11","factor":"orientation_perpendicular"},
{"id":"150","source":"10","target":"11","factor":"orientation_perpendicular"},
{"id":"151","source":"2","target":"11","factor":"symmetry"},
{"id":"152","source":"9","target":"11","factor":"symmetry"},
{"id":"153","source":"10","target":"11","factor":"symmetry"},
{"id":"154","source":"2","target":"11","factor":"side_to_side"},
{"id":"155","source":"9","target":"11","factor":"side_to_side"},
{"id":"156","source":"10","target":"11","factor":"side_to_side"},
{"id":"157","source":"1","target":"11","factor":"proximity"},
{"id":"158","source":"11","target":"1","factor":"orientation_parallel"},
{"id":"159","source":"1","target":"11","factor":"orientation_parallel"},
{"id":"160","source":"1","target":"11","factor":"orientation_perpendicular"},
{"id":"161","source":"1","target":"3","factor":"proximity"},
{"id":"162","source":"1","target":"3","factor":"orientation_perpendicular"},
{"id":"163","source":"3","target":"3","factor":"orientation_perpendicular"},
{"id":"164","source":"3","target":"3","factor":"symmetry"}
],
"probability":[
{"id":"0","value":1.29216},
{"id":"1","value":0.37474},
{"id":"2","value":0.315753},
{"id":"3","value":0.0680083},
{"id":"4","value":0.0680083},
{"id":"5","value":0.0811936},
{"id":"6","value":0.111034},
{"id":"7","value":0.172797},
{"id":"8","value":0.0652325},
{"id":"9","value":0.74601},
{"id":"10","value":0.192922},
{"id":"11","value":0.444136},
{"id":"12","value":0.199167},
{"id":"13","value":0.0111034},
{"id":"14","value":0.0964608},
{"id":"15","value":0.0680083},
{"id":"16","value":0.607217},
{"id":"17","value":0.702984},
{"id":"18","value":0.41499},
{"id":"19","value":1.29216},
{"id":"20","value":0.37474},
{"id":"21","value":0.315753},
{"id":"22","value":0.0680083},
{"id":"23","value":0.0680083},
{"id":"24","value":0.0811936},
{"id":"25","value":0.111034},
{"id":"26","value":0.172797},
{"id":"27","value":0.0652325},
{"id":"28","value":0.74601},
{"id":"29","value":0.192922},
{"id":"30","value":0.444136},
{"id":"31","value":0.199167},
{"id":"32","value":0.0111034},
{"id":"33","value":0.0964608},
{"id":"34","value":0.0680083},
{"id":"35","value":0.0680083},
{"id":"36","value":0.607217},
{"id":"37","value":0.607217},
{"id":"38","value":0.702984},
{"id":"39","value":0.702984},
{"id":"40","value":0.41499},
{"id":"41","value":0.41499},
{"id":"42","value":1.29216},
{"id":"43","value":0.37474},
{"id":"44","value":0.315753},
{"id":"45","value":0.0680083},
{"id":"46","value":0.0680083},
{"id":"47","value":0.0811936},
{"id":"48","value":0.111034},
{"id":"49","value":0.172797},
{"id":"50","value":0.0652325},
{"id":"51","value":0.74601},
{"id":"52","value":0.192922},
{"id":"53","value":0.444136},
{"id":"54","value":0.199167},
{"id":"55","value":0.0111034},
{"id":"56","value":0.0964608},
{"id":"57","value":0.0680083},
{"id":"58","value":0.0680083},
{"id":"59","value":0.0680083},
{"id":"60","value":0.607217},
{"id":"61","value":0.607217},
{"id":"62","value":0.607217},
{"id":"63","value":0.702984},
{"id":"64","value":0.702984},
{"id":"65","value":0.702984},
{"id":"66","value":0.41499},
{"id":"67","value":0.41499},
{"id":"68","value":0.41499},
{"id":"69","value":1.29216},
{"id":"70","value":0.37474},
{"id":"71","value":0.315753},
{"id":"72","value":0.0680083},
{"id":"73","value":0.0680083},
{"id":"74","value":0.0811936},
{"id":"75","value":0.111034},
{"id":"76","value":0.172797},
{"id":"77","value":0.0652325},
{"id":"78","value":0.74601},
{"id":"79","value":0.192922},
{"id":"80","value":0.444136},
{"id":"81","value":0.199167},
{"id":"82","value":0.0111034},
{"id":"83","value":0.0964608},
{"id":"84","value":0.0680083},
{"id":"85","value":0.0680083},
{"id":"86","value":0.0680083},
{"id":"87","value":0.0680083},
{"id":"88","value":0.607217},
{"id":"89","value":0.607217},
{"id":"90","value":0.607217},
{"id":"91","value":0.607217},
{"id":"92","value":0.702984},
{"id":"93","value":0.702984},
{"id":"94","value":0.702984},
{"id":"95","value":0.702984},
{"id":"96","value":0.41499},
{"id":"97","value":0.41499},
{"id":"98","value":0.41499},
{"id":"99","value":0.41499},
{"id":"100","value":1.29216},
{"id":"101","value":0.37474},
{"id":"102","value":0.315753},
{"id":"103","value":0.0680083},
{"id":"104","value":0.0680083},
{"id":"105","value":0.0811936},
{"id":"106","value":0.111034},
{"id":"107","value":0.172797},
{"id":"108","value":0.0652325},
{"id":"109","value":0.74601},
{"id":"110","value":0.192922},
{"id":"111","value":0.444136},
{"id":"112","value":0.199167},
{"id":"113","value":0.0111034},
{"id":"114","value":0.0964608},
{"id":"115","value":0.0680083},
{"id":"116","value":0.417765},
{"id":"117","value":0.244275},
{"id":"118","value":0.136017},
{"id":"119","value":0.0666204},
{"id":"120","value":0.291464},
{"id":"121","value":0.179736},
{"id":"122","value":0.317835},
{"id":"123","value":0.116586},
{"id":"124","value":0.0680083},
{"id":"125","value":0.417765},
{"id":"126","value":0.244275},
{"id":"127","value":0.136017},
{"id":"128","value":0.0666204},
{"id":"129","value":0.0666204},
{"id":"130","value":0.291464},
{"id":"131","value":0.291464},
{"id":"132","value":0.179736},
{"id":"133","value":0.179736},
{"id":"134","value":0.317835},
{"id":"135","value":0.317835},
{"id":"136","value":0.116586},
{"id":"137","value":0.116586},
{"id":"138","value":0.0680083},
{"id":"139","value":0.417765},
{"id":"140","value":0.244275},
{"id":"141","value":0.136017},
{"id":"142","value":0.0666204},
{"id":"143","value":0.0666204},
{"id":"144","value":0.0666204},
{"id":"145","value":0.291464},
{"id":"146","value":0.291464},
{"id":"147","value":0.291464},
{"id":"148","value":0.179736},
{"id":"149","value":0.179736},
{"id":"150","value":0.179736},
{"id":"151","value":0.317835},
{"id":"152","value":0.317835},
{"id":"153","value":0.317835},
{"id":"154","value":0.116586},
{"id":"155","value":0.116586},
{"id":"156","value":0.116586},
{"id":"157","value":0.0680083},
{"id":"158","value":0.417765},
{"id":"159","value":0.244275},
{"id":"160","value":0.136017},
{"id":"161","value":0.0666204},
{"id":"162","value":0.0610687},
{"id":"163","value":0.0534351},
{"id":"164","value":0.0617627}
]}