{
"vertices":[
{"id":"0","name":"partition","Leaves":[],"frequency":0.185288},
{"id":"1","name":"wall","Leaves":[{"name":"wall","frequency":0.220223 }],"frequency":0.713393},
{"id":"2","name":"floor","Leaves":[],"frequency":0.947259},
{"id":"3","name":"outdoor_lamp","Leaves":[],"frequency":0.019431}
],
"rules":[
{"id":"0","source":"1","target":"2","factor":"Horizontal-Support"},
{"id":"1","source":"2","target":"1","factor":"proximity"},
{"id":"2","source":"1","target":"1","factor":"proximity"},
{"id":"3","source":"2","target":"0","factor":"proximity"},
{"id":"4","source":"1","target":"1","factor":"orientation_parallel"},
{"id":"5","source":"2","target":"1","factor":"orientation_parallel"},
{"id":"6","source":"2","target":"1","factor":"orientation_perpendicular"},
{"id":"7","source":"1","target":"1","factor":"orientation_perpendicular"},
{"id":"8","source":"3","target":"1","factor":"orientation_perpendicular"},
{"id":"9","source":"0","target":"1","factor":"orientation_perpendicular"},
{"id":"10","source":"1","target":"1","factor":"symmetry"}
],
"probability":[
{"id":"0","value":1.29216},
{"id":"1","value":0.0680083},
{"id":"2","value":0.0680083},
{"id":"3","value":0.1034},
{"id":"4","value":0.607217},
{"id":"5","value":0.0811936},
{"id":"6","value":0.74601},
{"id":"7","value":0.702984},
{"id":"8","value":0.0145732},
{"id":"9","value":0.0124913},
{"id":"10","value":0.41499}
]}