{
"vertices":[
{"id":"0","name":"wall","Leaves":[{"name":"wall","frequency":0.220223 }],"frequency":0.713393},
{"id":"1","name":"column","Leaves":[{"name":"column","frequency":0.386207 }],"frequency":0.0388619},
{"id":"2","name":"wall","Leaves":[{"name":"wall","frequency":0.220223 }],"frequency":0}
],
"rules":[
{"id":"0","source":"1","target":"0","factor":"orientation_perpendicular"},
{"id":"1","source":"0","target":"2","factor":"proximity"},
{"id":"2","source":"0","target":"2","factor":"orientation_parallel"},
{"id":"3","source":"0","target":"2","factor":"orientation_perpendicular"},
{"id":"4","source":"0","target":"2","factor":"symmetry"},
{"id":"5","source":"1","target":"2","factor":"orientation_perpendicular"},
{"id":"6","source":"1","target":"1","factor":"symmetry"}
],
"probability":[
{"id":"0","value":0.0111034},
{"id":"1","value":0.0680083},
{"id":"2","value":0.607217},
{"id":"3","value":0.702984},
{"id":"4","value":0.41499},
{"id":"5","value":0.0111034},
{"id":"6","value":0.0326162}
]}