{
"vertices":[
{"id":"0","name":"wall","Leaves":[{"name":"wall","frequency":0.220223 }],"frequency":0.713393},
{"id":"1","name":"floor","Leaves":[],"frequency":0.947259},
{"id":"2","name":"plant","Leaves":[{"name":"plant","frequency":0.156309 }],"frequency":0.453851},
{"id":"3","name":"wall","Leaves":[{"name":"wall","frequency":0.220223 }],"frequency":8.11352e-43}
],
"rules":[
{"id":"0","source":"0","target":"1","factor":"Horizontal-Support"},
{"id":"1","source":"0","target":"2","factor":"Horizontal-Support"},
{"id":"2","source":"2","target":"0","factor":"Horizontal-Support"},
{"id":"3","source":"1","target":"0","factor":"proximity"},
{"id":"4","source":"2","target":"0","factor":"proximity"},
{"id":"5","source":"1","target":"0","factor":"orientation_parallel"},
{"id":"6","source":"2","target":"0","factor":"orientation_parallel"},
{"id":"7","source":"0","target":"2","factor":"orientation_parallel"},
{"id":"8","source":"1","target":"0","factor":"orientation_perpendicular"},
{"id":"9","source":"2","target":"0","factor":"orientation_perpendicular"},
{"id":"10","source":"0","target":"2","factor":"orientation_perpendicular"},
{"id":"11","source":"2","target":"0","factor":"side_to_side"},
{"id":"12","source":"0","target":"3","factor":"proximity"},
{"id":"13","source":"0","target":"3","factor":"orientation_parallel"},
{"id":"14","source":"0","target":"3","factor":"orientation_perpendicular"},
{"id":"15","source":"0","target":"3","factor":"symmetry"},
{"id":"16","source":"3","target":"1","factor":"Horizontal-Support"},
{"id":"17","source":"3","target":"2","factor":"Horizontal-Support"},
{"id":"18","source":"2","target":"3","factor":"Horizontal-Support"},
{"id":"19","source":"1","target":"3","factor":"proximity"},
{"id":"20","source":"2","target":"3","factor":"proximity"},
{"id":"21","source":"1","target":"3","factor":"orientation_parallel"},
{"id":"22","source":"2","target":"3","factor":"orientation_parallel"},
{"id":"23","source":"3","target":"2","factor":"orientation_parallel"},
{"id":"24","source":"1","target":"3","factor":"orientation_perpendicular"},
{"id":"25","source":"2","target":"3","factor":"orientation_perpendicular"},
{"id":"26","source":"3","target":"2","factor":"orientation_perpendicular"},
{"id":"27","source":"2","target":"3","factor":"side_to_side"},
{"id":"28","source":"1","target":"2","factor":"proximity"},
{"id":"29","source":"2","target":"2","factor":"proximity"},
{"id":"30","source":"2","target":"1","factor":"orientation_parallel"},
{"id":"31","source":"2","target":"2","factor":"orientation_parallel"},
{"id":"32","source":"1","target":"2","factor":"orientation_parallel"},
{"id":"33","source":"2","target":"2","factor":"orientation_perpendicular"},
{"id":"34","source":"1","target":"2","factor":"orientation_perpendicular"},
{"id":"35","source":"2","target":"2","factor":"symmetry"},
{"id":"36","source":"2","target":"2","factor":"side_to_side"}
],
"probability":[
{"id":"0","value":1.29216},
{"id":"1","value":0.37474},
{"id":"2","value":0.315753},
{"id":"3","value":0.0680083},
{"id":"4","value":0.0680083},
{"id":"5","value":0.0811936},
{"id":"6","value":0.172797},
{"id":"7","value":0.0652325},
{"id":"8","value":0.74601},
{"id":"9","value":0.444136},
{"id":"10","value":0.199167},
{"id":"11","value":0.0964608},
{"id":"12","value":0.0680083},
{"id":"13","value":0.607217},
{"id":"14","value":0.702984},
{"id":"15","value":0.41499},
{"id":"16","value":1.29216},
{"id":"17","value":0.37474},
{"id":"18","value":0.315753},
{"id":"19","value":0.0680083},
{"id":"20","value":0.0680083},
{"id":"21","value":0.0811936},
{"id":"22","value":0.172797},
{"id":"23","value":0.0652325},
{"id":"24","value":0.74601},
{"id":"25","value":0.444136},
{"id":"26","value":0.199167},
{"id":"27","value":0.0964608},
{"id":"28","value":0.0680083},
{"id":"29","value":0.0666204},
{"id":"30","value":0.417765},
{"id":"31","value":0.291464},
{"id":"32","value":0.244275},
{"id":"33","value":0.179736},
{"id":"34","value":0.136017},
{"id":"35","value":0.317835},
{"id":"36","value":0.116586}
]}