{
"vertices":[
{"id":"0","name":"coffee_table","Leaves":[{"name":"coffee_table","frequency":0.716792 }],"frequency":0.202263},
{"id":"1","name":"wall","Leaves":[{"name":"wall","frequency":0.215618 }],"frequency":0.915842},
{"id":"2","name":"floor","Leaves":[],"frequency":0.997878},
{"id":"3","name":"chair","Leaves":[{"name":"chair","frequency":0.301 }],"frequency":0.212871},
{"id":"4","name":"plant","Leaves":[{"name":"plant","frequency":0.325234 }],"frequency":0.369165},
{"id":"5","name":"door","Leaves":[{"name":"door","frequency":0.916019 }],"frequency":0.416549},
{"id":"6","name":"column","Leaves":[{"name":"column","frequency":0.297142 }],"frequency":0.110325},
{"id":"7","name":"ceiling","Leaves":[],"frequency":0.84512},
{"id":"8","name":"window","Leaves":[{"name":"window","frequency":0.598504 }],"frequency":0.339463},
{"id":"9","name":"outdoor_lamp","Leaves":[{"name":"outdoor_lamp","frequency":0.359307 }],"frequency":0.117397},
{"id":"10","name":"shelving","Leaves":[{"name":"shelving","frequency":0.447368 }],"frequency":0.0841584},
{"id":"11","name":"outdoor_seating","Leaves":[],"frequency":0.0537482},
{"id":"12","name":"coffee_table","Leaves":[{"name":"coffee_table","frequency":0.716792 }],"frequency":8.11352e-43},
{"id":"13","name":"coffee_table","Leaves":[{"name":"coffee_table","frequency":0.716792 }],"frequency":0},
{"id":"14","name":"chair","Leaves":[{"name":"chair","frequency":0.301 }],"frequency":0},
{"id":"15","name":"outdoor_lamp","Leaves":[{"name":"outdoor_lamp","frequency":0.359307 }],"frequency":0},
{"id":"16","name":"outdoor_lamp","Leaves":[{"name":"outdoor_lamp","frequency":0.359307 }],"frequency":0},
{"id":"17","name":"outdoor_lamp","Leaves":[{"name":"outdoor_lamp","frequency":0.359307 }],"frequency":0},
{"id":"18","name":"outdoor_lamp","Leaves":[{"name":"outdoor_lamp","frequency":0.359307 }],"frequency":0},
{"id":"19","name":"wall","Leaves":[{"name":"wall","frequency":0.215618 }],"frequency":0},
{"id":"20","name":"wall","Leaves":[{"name":"wall","frequency":0.215618 }],"frequency":0},
{"id":"21","name":"wall","Leaves":[{"name":"wall","frequency":0.215618 }],"frequency":0},
{"id":"22","name":"wall","Leaves":[{"name":"wall","frequency":0.215618 }],"frequency":0},
{"id":"23","name":"wall","Leaves":[{"name":"wall","frequency":0.215618 }],"frequency":0}
],
"rules":[
{"id":"0","source":"3","target":"0","factor":"proximity"},
{"id":"1","source":"7","target":"0","factor":"proximity"},
{"id":"2","source":"0","target":"1","factor":"proximity"},
{"id":"3","source":"2","target":"0","factor":"orientation_parallel"},
{"id":"4","source":"4","target":"0","factor":"orientation_parallel"},
{"id":"5","source":"0","target":"4","factor":"orientation_parallel"},
{"id":"6","source":"7","target":"0","factor":"orientation_parallel"},
{"id":"7","source":"0","target":"1","factor":"orientation_parallel"},
{"id":"8","source":"4","target":"0","factor":"orientation_perpendicular"},
{"id":"9","source":"2","target":"0","factor":"orientation_perpendicular"},
{"id":"10","source":"7","target":"0","factor":"orientation_perpendicular"},
{"id":"11","source":"1","target":"0","factor":"orientation_perpendicular"},
{"id":"12","source":"3","target":"0","factor":"orientation_perpendicular"},
{"id":"13","source":"0","target":"3","factor":"orientation_perpendicular"},
{"id":"14","source":"0","target":"1","factor":"orientation_perpendicular"},
{"id":"15","source":"5","target":"0","factor":"orientation_perpendicular"},
{"id":"16","source":"0","target":"9","factor":"orientation_perpendicular"},
{"id":"17","source":"0","target":"12","factor":"orientation_perpendicular"},
{"id":"18","source":"0","target":"12","factor":"symmetry"},
{"id":"19","source":"3","target":"12","factor":"proximity"},
{"id":"20","source":"7","target":"12","factor":"proximity"},
{"id":"21","source":"12","target":"1","factor":"proximity"},
{"id":"22","source":"2","target":"12","factor":"orientation_parallel"},
{"id":"23","source":"4","target":"12","factor":"orientation_parallel"},
{"id":"24","source":"12","target":"4","factor":"orientation_parallel"},
{"id":"25","source":"7","target":"12","factor":"orientation_parallel"},
{"id":"26","source":"12","target":"1","factor":"orientation_parallel"},
{"id":"27","source":"4","target":"12","factor":"orientation_perpendicular"},
{"id":"28","source":"2","target":"12","factor":"orientation_perpendicular"},
{"id":"29","source":"7","target":"12","factor":"orientation_perpendicular"},
{"id":"30","source":"1","target":"12","factor":"orientation_perpendicular"},
{"id":"31","source":"3","target":"12","factor":"orientation_perpendicular"},
{"id":"32","source":"12","target":"3","factor":"orientation_perpendicular"},
{"id":"33","source":"12","target":"1","factor":"orientation_perpendicular"},
{"id":"34","source":"5","target":"12","factor":"orientation_perpendicular"},
{"id":"35","source":"12","target":"9","factor":"orientation_perpendicular"},
{"id":"36","source":"0","target":"13","factor":"orientation_perpendicular"},
{"id":"37","source":"12","target":"13","factor":"orientation_perpendicular"},
{"id":"38","source":"0","target":"13","factor":"symmetry"},
{"id":"39","source":"12","target":"13","factor":"symmetry"},
{"id":"40","source":"3","target":"13","factor":"proximity"},
{"id":"41","source":"7","target":"13","factor":"proximity"},
{"id":"42","source":"13","target":"1","factor":"proximity"},
{"id":"43","source":"2","target":"13","factor":"orientation_parallel"},
{"id":"44","source":"4","target":"13","factor":"orientation_parallel"},
{"id":"45","source":"13","target":"4","factor":"orientation_parallel"},
{"id":"46","source":"7","target":"13","factor":"orientation_parallel"},
{"id":"47","source":"13","target":"1","factor":"orientation_parallel"},
{"id":"48","source":"4","target":"13","factor":"orientation_perpendicular"},
{"id":"49","source":"2","target":"13","factor":"orientation_perpendicular"},
{"id":"50","source":"7","target":"13","factor":"orientation_perpendicular"},
{"id":"51","source":"1","target":"13","factor":"orientation_perpendicular"},
{"id":"52","source":"3","target":"13","factor":"orientation_perpendicular"},
{"id":"53","source":"13","target":"3","factor":"orientation_perpendicular"},
{"id":"54","source":"13","target":"1","factor":"orientation_perpendicular"},
{"id":"55","source":"5","target":"13","factor":"orientation_perpendicular"},
{"id":"56","source":"13","target":"9","factor":"orientation_perpendicular"},
{"id":"57","source":"3","target":"4","factor":"proximity"},
{"id":"58","source":"7","target":"3","factor":"proximity"},
{"id":"59","source":"3","target":"1","factor":"proximity"},
{"id":"60","source":"3","target":"2","factor":"proximity"},
{"id":"61","source":"3","target":"1","factor":"orientation_parallel"},
{"id":"62","source":"2","target":"3","factor":"orientation_parallel"},
{"id":"63","source":"4","target":"3","factor":"orientation_perpendicular"},
{"id":"64","source":"3","target":"2","factor":"orientation_perpendicular"},
{"id":"65","source":"3","target":"9","factor":"orientation_perpendicular"},
{"id":"66","source":"3","target":"1","factor":"orientation_perpendicular"},
{"id":"67","source":"1","target":"3","factor":"orientation_perpendicular"},
{"id":"68","source":"3","target":"4","factor":"orientation_perpendicular"},
{"id":"69","source":"7","target":"3","factor":"orientation_perpendicular"},
{"id":"70","source":"5","target":"3","factor":"orientation_perpendicular"},
{"id":"71","source":"2","target":"3","factor":"orientation_perpendicular"},
{"id":"72","source":"3","target":"14","factor":"proximity"},
{"id":"73","source":"3","target":"14","factor":"orientation_parallel"},
{"id":"74","source":"3","target":"14","factor":"orientation_perpendicular"},
{"id":"75","source":"3","target":"14","factor":"symmetry"},
{"id":"76","source":"14","target":"4","factor":"proximity"},
{"id":"77","source":"7","target":"14","factor":"proximity"},
{"id":"78","source":"14","target":"1","factor":"proximity"},
{"id":"79","source":"14","target":"2","factor":"proximity"},
{"id":"80","source":"14","target":"1","factor":"orientation_parallel"},
{"id":"81","source":"2","target":"14","factor":"orientation_parallel"},
{"id":"82","source":"4","target":"14","factor":"orientation_perpendicular"},
{"id":"83","source":"14","target":"2","factor":"orientation_perpendicular"},
{"id":"84","source":"14","target":"9","factor":"orientation_perpendicular"},
{"id":"85","source":"14","target":"1","factor":"orientation_perpendicular"},
{"id":"86","source":"1","target":"14","factor":"orientation_perpendicular"},
{"id":"87","source":"14","target":"4","factor":"orientation_perpendicular"},
{"id":"88","source":"7","target":"14","factor":"orientation_perpendicular"},
{"id":"89","source":"5","target":"14","factor":"orientation_perpendicular"},
{"id":"90","source":"2","target":"14","factor":"orientation_perpendicular"},
{"id":"91","source":"7","target":"9","factor":"proximity"},
{"id":"92","source":"9","target":"1","factor":"orientation_parallel"},
{"id":"93","source":"7","target":"9","factor":"orientation_parallel"},
{"id":"94","source":"2","target":"9","factor":"orientation_parallel"},
{"id":"95","source":"9","target":"1","factor":"orientation_perpendicular"},
{"id":"96","source":"2","target":"9","factor":"orientation_perpendicular"},
{"id":"97","source":"4","target":"9","factor":"orientation_perpendicular"},
{"id":"98","source":"6","target":"9","factor":"orientation_perpendicular"},
{"id":"99","source":"1","target":"9","factor":"orientation_perpendicular"},
{"id":"100","source":"7","target":"9","factor":"orientation_perpendicular"},
{"id":"101","source":"9","target":"6","factor":"orientation_perpendicular"},
{"id":"102","source":"9","target":"4","factor":"orientation_perpendicular"},
{"id":"103","source":"9","target":"15","factor":"orientation_parallel"},
{"id":"104","source":"9","target":"15","factor":"orientation_perpendicular"},
{"id":"105","source":"9","target":"15","factor":"symmetry"},
{"id":"106","source":"7","target":"15","factor":"proximity"},
{"id":"107","source":"15","target":"1","factor":"orientation_parallel"},
{"id":"108","source":"7","target":"15","factor":"orientation_parallel"},
{"id":"109","source":"2","target":"15","factor":"orientation_parallel"},
{"id":"110","source":"15","target":"1","factor":"orientation_perpendicular"},
{"id":"111","source":"2","target":"15","factor":"orientation_perpendicular"},
{"id":"112","source":"4","target":"15","factor":"orientation_perpendicular"},
{"id":"113","source":"6","target":"15","factor":"orientation_perpendicular"},
{"id":"114","source":"1","target":"15","factor":"orientation_perpendicular"},
{"id":"115","source":"7","target":"15","factor":"orientation_perpendicular"},
{"id":"116","source":"15","target":"6","factor":"orientation_perpendicular"},
{"id":"117","source":"15","target":"4","factor":"orientation_perpendicular"},
{"id":"118","source":"9","target":"16","factor":"orientation_parallel"},
{"id":"119","source":"15","target":"16","factor":"orientation_parallel"},
{"id":"120","source":"9","target":"16","factor":"orientation_perpendicular"},
{"id":"121","source":"15","target":"16","factor":"orientation_perpendicular"},
{"id":"122","source":"9","target":"16","factor":"symmetry"},
{"id":"123","source":"15","target":"16","factor":"symmetry"},
{"id":"124","source":"7","target":"16","factor":"proximity"},
{"id":"125","source":"16","target":"1","factor":"orientation_parallel"},
{"id":"126","source":"7","target":"16","factor":"orientation_parallel"},
{"id":"127","source":"2","target":"16","factor":"orientation_parallel"},
{"id":"128","source":"16","target":"1","factor":"orientation_perpendicular"},
{"id":"129","source":"2","target":"16","factor":"orientation_perpendicular"},
{"id":"130","source":"4","target":"16","factor":"orientation_perpendicular"},
{"id":"131","source":"6","target":"16","factor":"orientation_perpendicular"},
{"id":"132","source":"1","target":"16","factor":"orientation_perpendicular"},
{"id":"133","source":"7","target":"16","factor":"orientation_perpendicular"},
{"id":"134","source":"16","target":"6","factor":"orientation_perpendicular"},
{"id":"135","source":"16","target":"4","factor":"orientation_perpendicular"},
{"id":"136","source":"9","target":"17","factor":"orientation_parallel"},
{"id":"137","source":"15","target":"17","factor":"orientation_parallel"},
{"id":"138","source":"16","target":"17","factor":"orientation_parallel"},
{"id":"139","source":"9","target":"17","factor":"orientation_perpendicular"},
{"id":"140","source":"15","target":"17","factor":"orientation_perpendicular"},
{"id":"141","source":"16","target":"17","factor":"orientation_perpendicular"},
{"id":"142","source":"9","target":"17","factor":"symmetry"},
{"id":"143","source":"15","target":"17","factor":"symmetry"},
{"id":"144","source":"16","target":"17","factor":"symmetry"},
{"id":"145","source":"7","target":"17","factor":"proximity"},
{"id":"146","source":"17","target":"1","factor":"orientation_parallel"},
{"id":"147","source":"7","target":"17","factor":"orientation_parallel"},
{"id":"148","source":"2","target":"17","factor":"orientation_parallel"},
{"id":"149","source":"17","target":"1","factor":"orientation_perpendicular"},
{"id":"150","source":"2","target":"17","factor":"orientation_perpendicular"},
{"id":"151","source":"4","target":"17","factor":"orientation_perpendicular"},
{"id":"152","source":"6","target":"17","factor":"orientation_perpendicular"},
{"id":"153","source":"1","target":"17","factor":"orientation_perpendicular"},
{"id":"154","source":"7","target":"17","factor":"orientation_perpendicular"},
{"id":"155","source":"17","target":"6","factor":"orientation_perpendicular"},
{"id":"156","source":"17","target":"4","factor":"orientation_perpendicular"},
{"id":"157","source":"9","target":"18","factor":"orientation_parallel"},
{"id":"158","source":"15","target":"18","factor":"orientation_parallel"},
{"id":"159","source":"16","target":"18","factor":"orientation_parallel"},
{"id":"160","source":"17","target":"18","factor":"orientation_parallel"},
{"id":"161","source":"9","target":"18","factor":"orientation_perpendicular"},
{"id":"162","source":"15","target":"18","factor":"orientation_perpendicular"},
{"id":"163","source":"16","target":"18","factor":"orientation_perpendicular"},
{"id":"164","source":"17","target":"18","factor":"orientation_perpendicular"},
{"id":"165","source":"9","target":"18","factor":"symmetry"},
{"id":"166","source":"15","target":"18","factor":"symmetry"},
{"id":"167","source":"16","target":"18","factor":"symmetry"},
{"id":"168","source":"17","target":"18","factor":"symmetry"},
{"id":"169","source":"7","target":"18","factor":"proximity"},
{"id":"170","source":"18","target":"1","factor":"orientation_parallel"},
{"id":"171","source":"7","target":"18","factor":"orientation_parallel"},
{"id":"172","source":"2","target":"18","factor":"orientation_parallel"},
{"id":"173","source":"18","target":"1","factor":"orientation_perpendicular"},
{"id":"174","source":"2","target":"18","factor":"orientation_perpendicular"},
{"id":"175","source":"4","target":"18","factor":"orientation_perpendicular"},
{"id":"176","source":"6","target":"18","factor":"orientation_perpendicular"},
{"id":"177","source":"1","target":"18","factor":"orientation_perpendicular"},
{"id":"178","source":"7","target":"18","factor":"orientation_perpendicular"},
{"id":"179","source":"18","target":"6","factor":"orientation_perpendicular"},
{"id":"180","source":"18","target":"4","factor":"orientation_perpendicular"},
{"id":"181","source":"1","target":"2","factor":"Horizontal-Support"},
{"id":"182","source":"5","target":"1","factor":"proximity"},
{"id":"183","source":"6","target":"1","factor":"proximity"},
{"id":"184","source":"7","target":"1","factor":"proximity"},
{"id":"185","source":"1","target":"8","factor":"proximity"},
{"id":"186","source":"2","target":"1","factor":"proximity"},
{"id":"187","source":"4","target":"1","factor":"proximity"},
{"id":"188","source":"8","target":"1","factor":"orientation_parallel"},
{"id":"189","source":"7","target":"1","factor":"orientation_parallel"},
{"id":"190","source":"2","target":"1","factor":"orientation_parallel"},
{"id":"191","source":"5","target":"1","factor":"orientation_parallel"},
{"id":"192","source":"4","target":"1","factor":"orientation_parallel"},
{"id":"193","source":"4","target":"1","factor":"orientation_perpendicular"},
{"id":"194","source":"2","target":"1","factor":"orientation_perpendicular"},
{"id":"195","source":"8","target":"1","factor":"orientation_perpendicular"},
{"id":"196","source":"7","target":"1","factor":"orientation_perpendicular"},
{"id":"197","source":"1","target":"4","factor":"orientation_perpendicular"},
{"id":"198","source":"5","target":"1","factor":"orientation_perpendicular"},
{"id":"199","source":"1","target":"8","factor":"orientation_perpendicular"},
{"id":"200","source":"10","target":"1","factor":"orientation_perpendicular"},
{"id":"201","source":"11","target":"1","factor":"orientation_perpendicular"},
{"id":"202","source":"1","target":"10","factor":"orientation_perpendicular"},
{"id":"203","source":"1","target":"6","factor":"orientation_perpendicular"},
{"id":"204","source":"6","target":"1","factor":"orientation_perpendicular"},
{"id":"205","source":"1","target":"19","factor":"proximity"},
{"id":"206","source":"1","target":"19","factor":"orientation_parallel"},
{"id":"207","source":"1","target":"19","factor":"orientation_perpendicular"},
{"id":"208","source":"1","target":"19","factor":"symmetry"},
{"id":"209","source":"1","target":"19","factor":"side_to_side"},
{"id":"210","source":"19","target":"2","factor":"Horizontal-Support"},
{"id":"211","source":"5","target":"19","factor":"proximity"},
{"id":"212","source":"6","target":"19","factor":"proximity"},
{"id":"213","source":"7","target":"19","factor":"proximity"},
{"id":"214","source":"19","target":"8","factor":"proximity"},
{"id":"215","source":"2","target":"19","factor":"proximity"},
{"id":"216","source":"4","target":"19","factor":"proximity"},
{"id":"217","source":"8","target":"19","factor":"orientation_parallel"},
{"id":"218","source":"7","target":"19","factor":"orientation_parallel"},
{"id":"219","source":"2","target":"19","factor":"orientation_parallel"},
{"id":"220","source":"5","target":"19","factor":"orientation_parallel"},
{"id":"221","source":"4","target":"19","factor":"orientation_parallel"},
{"id":"222","source":"4","target":"19","factor":"orientation_perpendicular"},
{"id":"223","source":"2","target":"19","factor":"orientation_perpendicular"},
{"id":"224","source":"8","target":"19","factor":"orientation_perpendicular"},
{"id":"225","source":"7","target":"19","factor":"orientation_perpendicular"},
{"id":"226","source":"19","target":"4","factor":"orientation_perpendicular"},
{"id":"227","source":"5","target":"19","factor":"orientation_perpendicular"},
{"id":"228","source":"19","target":"8","factor":"orientation_perpendicular"},
{"id":"229","source":"10","target":"19","factor":"orientation_perpendicular"},
{"id":"230","source":"11","target":"19","factor":"orientation_perpendicular"},
{"id":"231","source":"19","target":"10","factor":"orientation_perpendicular"},
{"id":"232","source":"19","target":"6","factor":"orientation_perpendicular"},
{"id":"233","source":"6","target":"19","factor":"orientation_perpendicular"},
{"id":"234","source":"1","target":"20","factor":"proximity"},
{"id":"235","source":"19","target":"20","factor":"proximity"},
{"id":"236","source":"1","target":"20","factor":"orientation_parallel"},
{"id":"237","source":"19","target":"20","factor":"orientation_parallel"},
{"id":"238","source":"1","target":"20","factor":"orientation_perpendicular"},
{"id":"239","source":"19","target":"20","factor":"orientation_perpendicular"},
{"id":"240","source":"1","target":"20","factor":"symmetry"},
{"id":"241","source":"19","target":"20","factor":"symmetry"},
{"id":"242","source":"1","target":"20","factor":"side_to_side"},
{"id":"243","source":"19","target":"20","factor":"side_to_side"},
{"id":"244","source":"20","target":"2","factor":"Horizontal-Support"},
{"id":"245","source":"5","target":"20","factor":"proximity"},
{"id":"246","source":"6","target":"20","factor":"proximity"},
{"id":"247","source":"7","target":"20","factor":"proximity"},
{"id":"248","source":"20","target":"8","factor":"proximity"},
{"id":"249","source":"2","target":"20","factor":"proximity"},
{"id":"250","source":"4","target":"20","factor":"proximity"},
{"id":"251","source":"8","target":"20","factor":"orientation_parallel"},
{"id":"252","source":"7","target":"20","factor":"orientation_parallel"},
{"id":"253","source":"2","target":"20","factor":"orientation_parallel"},
{"id":"254","source":"5","target":"20","factor":"orientation_parallel"},
{"id":"255","source":"4","target":"20","factor":"orientation_parallel"},
{"id":"256","source":"4","target":"20","factor":"orientation_perpendicular"},
{"id":"257","source":"2","target":"20","factor":"orientation_perpendicular"},
{"id":"258","source":"8","target":"20","factor":"orientation_perpendicular"},
{"id":"259","source":"7","target":"20","factor":"orientation_perpendicular"},
{"id":"260","source":"20","target":"4","factor":"orientation_perpendicular"},
{"id":"261","source":"5","target":"20","factor":"orientation_perpendicular"},
{"id":"262","source":"20","target":"8","factor":"orientation_perpendicular"},
{"id":"263","source":"10","target":"20","factor":"orientation_perpendicular"},
{"id":"264","source":"11","target":"20","factor":"orientation_perpendicular"},
{"id":"265","source":"20","target":"10","factor":"orientation_perpendicular"},
{"id":"266","source":"20","target":"6","factor":"orientation_perpendicular"},
{"id":"267","source":"6","target":"20","factor":"orientation_perpendicular"},
{"id":"268","source":"1","target":"21","factor":"proximity"},
{"id":"269","source":"19","target":"21","factor":"proximity"},
{"id":"270","source":"20","target":"21","factor":"proximity"},
{"id":"271","source":"1","target":"21","factor":"orientation_parallel"},
{"id":"272","source":"19","target":"21","factor":"orientation_parallel"},
{"id":"273","source":"20","target":"21","factor":"orientation_parallel"},
{"id":"274","source":"1","target":"21","factor":"orientation_perpendicular"},
{"id":"275","source":"19","target":"21","factor":"orientation_perpendicular"},
{"id":"276","source":"20","target":"21","factor":"orientation_perpendicular"},
{"id":"277","source":"1","target":"21","factor":"symmetry"},
{"id":"278","source":"19","target":"21","factor":"symmetry"},
{"id":"279","source":"20","target":"21","factor":"symmetry"},
{"id":"280","source":"1","target":"21","factor":"side_to_side"},
{"id":"281","source":"19","target":"21","factor":"side_to_side"},
{"id":"282","source":"20","target":"21","factor":"side_to_side"},
{"id":"283","source":"21","target":"2","factor":"Horizontal-Support"},
{"id":"284","source":"5","target":"21","factor":"proximity"},
{"id":"285","source":"6","target":"21","factor":"proximity"},
{"id":"286","source":"7","target":"21","factor":"proximity"},
{"id":"287","source":"21","target":"8","factor":"proximity"},
{"id":"288","source":"2","target":"21","factor":"proximity"},
{"id":"289","source":"4","target":"21","factor":"proximity"},
{"id":"290","source":"8","target":"21","factor":"orientation_parallel"},
{"id":"291","source":"7","target":"21","factor":"orientation_parallel"},
{"id":"292","source":"2","target":"21","factor":"orientation_parallel"},
{"id":"293","source":"5","target":"21","factor":"orientation_parallel"},
{"id":"294","source":"4","target":"21","factor":"orientation_parallel"},
{"id":"295","source":"4","target":"21","factor":"orientation_perpendicular"},
{"id":"296","source":"2","target":"21","factor":"orientation_perpendicular"},
{"id":"297","source":"8","target":"21","factor":"orientation_perpendicular"},
{"id":"298","source":"7","target":"21","factor":"orientation_perpendicular"},
{"id":"299","source":"21","target":"4","factor":"orientation_perpendicular"},
{"id":"300","source":"5","target":"21","factor":"orientation_perpendicular"},
{"id":"301","source":"21","target":"8","factor":"orientation_perpendicular"},
{"id":"302","source":"10","target":"21","factor":"orientation_perpendicular"},
{"id":"303","source":"11","target":"21","factor":"orientation_perpendicular"},
{"id":"304","source":"21","target":"10","factor":"orientation_perpendicular"},
{"id":"305","source":"21","target":"6","factor":"orientation_perpendicular"},
{"id":"306","source":"6","target":"21","factor":"orientation_perpendicular"},
{"id":"307","source":"1","target":"22","factor":"proximity"},
{"id":"308","source":"19","target":"22","factor":"proximity"},
{"id":"309","source":"20","target":"22","factor":"proximity"},
{"id":"310","source":"21","target":"22","factor":"proximity"},
{"id":"311","source":"1","target":"22","factor":"orientation_parallel"},
{"id":"312","source":"19","target":"22","factor":"orientation_parallel"},
{"id":"313","source":"20","target":"22","factor":"orientation_parallel"},
{"id":"314","source":"21","target":"22","factor":"orientation_parallel"},
{"id":"315","source":"1","target":"22","factor":"orientation_perpendicular"},
{"id":"316","source":"19","target":"22","factor":"orientation_perpendicular"},
{"id":"317","source":"20","target":"22","factor":"orientation_perpendicular"},
{"id":"318","source":"21","target":"22","factor":"orientation_perpendicular"},
{"id":"319","source":"1","target":"22","factor":"symmetry"},
{"id":"320","source":"19","target":"22","factor":"symmetry"},
{"id":"321","source":"20","target":"22","factor":"symmetry"},
{"id":"322","source":"21","target":"22","factor":"symmetry"},
{"id":"323","source":"1","target":"22","factor":"side_to_side"},
{"id":"324","source":"19","target":"22","factor":"side_to_side"},
{"id":"325","source":"20","target":"22","factor":"side_to_side"},
{"id":"326","source":"21","target":"22","factor":"side_to_side"},
{"id":"327","source":"22","target":"2","factor":"Horizontal-Support"},
{"id":"328","source":"5","target":"22","factor":"proximity"},
{"id":"329","source":"6","target":"22","factor":"proximity"},
{"id":"330","source":"7","target":"22","factor":"proximity"},
{"id":"331","source":"22","target":"8","factor":"proximity"},
{"id":"332","source":"2","target":"22","factor":"proximity"},
{"id":"333","source":"4","target":"22","factor":"proximity"},
{"id":"334","source":"8","target":"22","factor":"orientation_parallel"},
{"id":"335","source":"7","target":"22","factor":"orientation_parallel"},
{"id":"336","source":"2","target":"22","factor":"orientation_parallel"},
{"id":"337","source":"5","target":"22","factor":"orientation_parallel"},
{"id":"338","source":"4","target":"22","factor":"orientation_parallel"},
{"id":"339","source":"4","target":"22","factor":"orientation_perpendicular"},
{"id":"340","source":"2","target":"22","factor":"orientation_perpendicular"},
{"id":"341","source":"8","target":"22","factor":"orientation_perpendicular"},
{"id":"342","source":"7","target":"22","factor":"orientation_perpendicular"},
{"id":"343","source":"22","target":"4","factor":"orientation_perpendicular"},
{"id":"344","source":"5","target":"22","factor":"orientation_perpendicular"},
{"id":"345","source":"22","target":"8","factor":"orientation_perpendicular"},
{"id":"346","source":"10","target":"22","factor":"orientation_perpendicular"},
{"id":"347","source":"11","target":"22","factor":"orientation_perpendicular"},
{"id":"348","source":"22","target":"10","factor":"orientation_perpendicular"},
{"id":"349","source":"22","target":"6","factor":"orientation_perpendicular"},
{"id":"350","source":"6","target":"22","factor":"orientation_perpendicular"},
{"id":"351","source":"1","target":"23","factor":"proximity"},
{"id":"352","source":"19","target":"23","factor":"proximity"},
{"id":"353","source":"20","target":"23","factor":"proximity"},
{"id":"354","source":"21","target":"23","factor":"proximity"},
{"id":"355","source":"22","target":"23","factor":"proximity"},
{"id":"356","source":"1","target":"23","factor":"orientation_parallel"},
{"id":"357","source":"19","target":"23","factor":"orientation_parallel"},
{"id":"358","source":"20","target":"23","factor":"orientation_parallel"},
{"id":"359","source":"21","target":"23","factor":"orientation_parallel"},
{"id":"360","source":"22","target":"23","factor":"orientation_parallel"},
{"id":"361","source":"1","target":"23","factor":"orientation_perpendicular"},
{"id":"362","source":"19","target":"23","factor":"orientation_perpendicular"},
{"id":"363","source":"20","target":"23","factor":"orientation_perpendicular"},
{"id":"364","source":"21","target":"23","factor":"orientation_perpendicular"},
{"id":"365","source":"22","target":"23","factor":"orientation_perpendicular"},
{"id":"366","source":"1","target":"23","factor":"symmetry"},
{"id":"367","source":"19","target":"23","factor":"symmetry"},
{"id":"368","source":"20","target":"23","factor":"symmetry"},
{"id":"369","source":"21","target":"23","factor":"symmetry"},
{"id":"370","source":"22","target":"23","factor":"symmetry"},
{"id":"371","source":"1","target":"23","factor":"side_to_side"},
{"id":"372","source":"19","target":"23","factor":"side_to_side"},
{"id":"373","source":"20","target":"23","factor":"side_to_side"},
{"id":"374","source":"21","target":"23","factor":"side_to_side"},
{"id":"375","source":"22","target":"23","factor":"side_to_side"},
{"id":"376","source":"23","target":"2","factor":"Horizontal-Support"},
{"id":"377","source":"5","target":"23","factor":"proximity"},
{"id":"378","source":"6","target":"23","factor":"proximity"},
{"id":"379","source":"7","target":"23","factor":"proximity"},
{"id":"380","source":"23","target":"8","factor":"proximity"},
{"id":"381","source":"2","target":"23","factor":"proximity"},
{"id":"382","source":"4","target":"23","factor":"proximity"},
{"id":"383","source":"8","target":"23","factor":"orientation_parallel"},
{"id":"384","source":"7","target":"23","factor":"orientation_parallel"},
{"id":"385","source":"2","target":"23","factor":"orientation_parallel"},
{"id":"386","source":"5","target":"23","factor":"orientation_parallel"},
{"id":"387","source":"4","target":"23","factor":"orientation_parallel"},
{"id":"388","source":"4","target":"23","factor":"orientation_perpendicular"},
{"id":"389","source":"2","target":"23","factor":"orientation_perpendicular"},
{"id":"390","source":"8","target":"23","factor":"orientation_perpendicular"},
{"id":"391","source":"7","target":"23","factor":"orientation_perpendicular"},
{"id":"392","source":"23","target":"4","factor":"orientation_perpendicular"},
{"id":"393","source":"5","target":"23","factor":"orientation_perpendicular"},
{"id":"394","source":"23","target":"8","factor":"orientation_perpendicular"},
{"id":"395","source":"10","target":"23","factor":"orientation_perpendicular"},
{"id":"396","source":"11","target":"23","factor":"orientation_perpendicular"},
{"id":"397","source":"23","target":"10","factor":"orientation_perpendicular"},
{"id":"398","source":"23","target":"6","factor":"orientation_perpendicular"},
{"id":"399","source":"6","target":"23","factor":"orientation_perpendicular"},
{"id":"400","source":"7","target":"2","factor":"proximity"},
{"id":"401","source":"7","target":"4","factor":"proximity"},
{"id":"402","source":"7","target":"5","factor":"proximity"},
{"id":"403","source":"5","target":"2","factor":"proximity"},
{"id":"404","source":"2","target":"4","factor":"proximity"},
{"id":"405","source":"7","target":"6","factor":"proximity"},
{"id":"406","source":"7","target":"8","factor":"proximity"},
{"id":"407","source":"4","target":"4","factor":"proximity"},
{"id":"408","source":"4","target":"2","factor":"orientation_parallel"},
{"id":"409","source":"2","target":"4","factor":"orientation_parallel"},
{"id":"410","source":"4","target":"4","factor":"orientation_parallel"},
{"id":"411","source":"2","target":"7","factor":"orientation_parallel"},
{"id":"412","source":"7","target":"4","factor":"orientation_parallel"},
{"id":"413","source":"7","target":"8","factor":"orientation_parallel"},
{"id":"414","source":"2","target":"8","factor":"orientation_parallel"},
{"id":"415","source":"8","target":"8","factor":"orientation_parallel"},
{"id":"416","source":"5","target":"7","factor":"orientation_parallel"},
{"id":"417","source":"5","target":"2","factor":"orientation_parallel"},
{"id":"418","source":"5","target":"8","factor":"orientation_parallel"},
{"id":"419","source":"7","target":"6","factor":"orientation_parallel"},
{"id":"420","source":"2","target":"6","factor":"orientation_parallel"},
{"id":"421","source":"6","target":"6","factor":"orientation_parallel"},
{"id":"422","source":"5","target":"8","factor":"orientation_perpendicular"},
{"id":"423","source":"8","target":"7","factor":"orientation_perpendicular"},
{"id":"424","source":"8","target":"2","factor":"orientation_perpendicular"},
{"id":"425","source":"8","target":"8","factor":"orientation_perpendicular"},
{"id":"426","source":"7","target":"8","factor":"orientation_perpendicular"},
{"id":"427","source":"2","target":"8","factor":"orientation_perpendicular"},
{"id":"428","source":"5","target":"4","factor":"orientation_perpendicular"},
{"id":"429","source":"10","target":"8","factor":"orientation_perpendicular"},
{"id":"430","source":"10","target":"4","factor":"orientation_perpendicular"},
{"id":"431","source":"4","target":"4","factor":"orientation_perpendicular"},
{"id":"432","source":"4","target":"8","factor":"orientation_perpendicular"},
{"id":"433","source":"5","target":"10","factor":"orientation_perpendicular"},
{"id":"434","source":"7","target":"10","factor":"orientation_perpendicular"},
{"id":"435","source":"2","target":"10","factor":"orientation_perpendicular"},
{"id":"436","source":"10","target":"10","factor":"orientation_perpendicular"},
{"id":"437","source":"5","target":"2","factor":"orientation_perpendicular"},
{"id":"438","source":"5","target":"7","factor":"orientation_perpendicular"},
{"id":"439","source":"10","target":"6","factor":"orientation_perpendicular"},
{"id":"440","source":"8","target":"4","factor":"orientation_perpendicular"},
{"id":"441","source":"4","target":"10","factor":"orientation_perpendicular"},
{"id":"442","source":"4","target":"4","factor":"symmetry"},
{"id":"443","source":"8","target":"8","factor":"symmetry"},
{"id":"444","source":"10","target":"10","factor":"symmetry"},
{"id":"445","source":"5","target":"5","factor":"symmetry"},
{"id":"446","source":"6","target":"6","factor":"symmetry"}
],
"probability":[
{"id":"0","value":0.0650636},
{"id":"1","value":0.0551627},
{"id":"2","value":0.0516266},
{"id":"3","value":0.134371},
{"id":"4","value":0.0785007},
{"id":"5","value":0.0537482},
{"id":"6","value":0.118812},
{"id":"7","value":0.0678925},
{"id":"8","value":0.0205092},
{"id":"9","value":0.0346535},
{"id":"10","value":0.0261669},
{"id":"11","value":0.161245},
{"id":"12","value":0.0594059},
{"id":"13","value":0.0113154},
{"id":"14","value":0.04314},
{"id":"15","value":0.0148515},
{"id":"16","value":0.0106082},
{"id":"17","value":0.0113154},
{"id":"18","value":0.0275813},
{"id":"19","value":0.0650636},
{"id":"20","value":0.0551627},
{"id":"21","value":0.0516266},
{"id":"22","value":0.134371},
{"id":"23","value":0.0785007},
{"id":"24","value":0.0537482},
{"id":"25","value":0.118812},
{"id":"26","value":0.0678925},
{"id":"27","value":0.0205092},
{"id":"28","value":0.0346535},
{"id":"29","value":0.0261669},
{"id":"30","value":0.161245},
{"id":"31","value":0.0594059},
{"id":"32","value":0.0113154},
{"id":"33","value":0.04314},
{"id":"34","value":0.0148515},
{"id":"35","value":0.0106082},
{"id":"36","value":0.0113154},
{"id":"37","value":0.0113154},
{"id":"38","value":0.0275813},
{"id":"39","value":0.0275813},
{"id":"40","value":0.0650636},
{"id":"41","value":0.0551627},
{"id":"42","value":0.0516266},
{"id":"43","value":0.134371},
{"id":"44","value":0.0785007},
{"id":"45","value":0.0537482},
{"id":"46","value":0.118812},
{"id":"47","value":0.0678925},
{"id":"48","value":0.0205092},
{"id":"49","value":0.0346535},
{"id":"50","value":0.0261669},
{"id":"51","value":0.161245},
{"id":"52","value":0.0594059},
{"id":"53","value":0.0113154},
{"id":"54","value":0.04314},
{"id":"55","value":0.0148515},
{"id":"56","value":0.0106082},
{"id":"57","value":0.0693069},
{"id":"58","value":0.053041},
{"id":"59","value":0.0806223},
{"id":"60","value":0.0502122},
{"id":"61","value":0.0714286},
{"id":"62","value":0.0523338},
{"id":"63","value":0.0579915},
{"id":"64","value":0.0806223},
{"id":"65","value":0.0183876},
{"id":"66","value":0.142857},
{"id":"67","value":0.0247525},
{"id":"68","value":0.0254597},
{"id":"69","value":0.0685997},
{"id":"70","value":0.0134371},
{"id":"71","value":0.0346535},
{"id":"72","value":0.0650636},
{"id":"73","value":0.0544554},
{"id":"74","value":0.0544554},
{"id":"75","value":0.120934},
{"id":"76","value":0.0693069},
{"id":"77","value":0.053041},
{"id":"78","value":0.0806223},
{"id":"79","value":0.0502122},
{"id":"80","value":0.0714286},
{"id":"81","value":0.0523338},
{"id":"82","value":0.0579915},
{"id":"83","value":0.0806223},
{"id":"84","value":0.0183876},
{"id":"85","value":0.142857},
{"id":"86","value":0.0247525},
{"id":"87","value":0.0254597},
{"id":"88","value":0.0685997},
{"id":"89","value":0.0134371},
{"id":"90","value":0.0346535},
{"id":"91","value":0.0523338},
{"id":"92","value":0.053041},
{"id":"93","value":0.0615276},
{"id":"94","value":0.0792079},
{"id":"95","value":0.115276},
{"id":"96","value":0.0275813},
{"id":"97","value":0.0226308},
{"id":"98","value":0.0162659},
{"id":"99","value":0.0367751},
{"id":"100","value":0.0219236},
{"id":"101","value":0.0113154},
{"id":"102","value":0.0176803},
{"id":"103","value":0.0869873},
{"id":"104","value":0.019802},
{"id":"105","value":0.0940594},
{"id":"106","value":0.0523338},
{"id":"107","value":0.053041},
{"id":"108","value":0.0615276},
{"id":"109","value":0.0792079},
{"id":"110","value":0.115276},
{"id":"111","value":0.0275813},
{"id":"112","value":0.0226308},
{"id":"113","value":0.0162659},
{"id":"114","value":0.0367751},
{"id":"115","value":0.0219236},
{"id":"116","value":0.0113154},
{"id":"117","value":0.0176803},
{"id":"118","value":0.0869873},
{"id":"119","value":0.0869873},
{"id":"120","value":0.019802},
{"id":"121","value":0.019802},
{"id":"122","value":0.0940594},
{"id":"123","value":0.0940594},
{"id":"124","value":0.0523338},
{"id":"125","value":0.053041},
{"id":"126","value":0.0615276},
{"id":"127","value":0.0792079},
{"id":"128","value":0.115276},
{"id":"129","value":0.0275813},
{"id":"130","value":0.0226308},
{"id":"131","value":0.0162659},
{"id":"132","value":0.0367751},
{"id":"133","value":0.0219236},
{"id":"134","value":0.0113154},
{"id":"135","value":0.0176803},
{"id":"136","value":0.0869873},
{"id":"137","value":0.0869873},
{"id":"138","value":0.0869873},
{"id":"139","value":0.019802},
{"id":"140","value":0.019802},
{"id":"141","value":0.019802},
{"id":"142","value":0.0940594},
{"id":"143","value":0.0940594},
{"id":"144","value":0.0940594},
{"id":"145","value":0.0523338},
{"id":"146","value":0.053041},
{"id":"147","value":0.0615276},
{"id":"148","value":0.0792079},
{"id":"149","value":0.115276},
{"id":"150","value":0.0275813},
{"id":"151","value":0.0226308},
{"id":"152","value":0.0162659},
{"id":"153","value":0.0367751},
{"id":"154","value":0.0219236},
{"id":"155","value":0.0113154},
{"id":"156","value":0.0176803},
{"id":"157","value":0.0869873},
{"id":"158","value":0.0869873},
{"id":"159","value":0.0869873},
{"id":"160","value":0.0869873},
{"id":"161","value":0.019802},
{"id":"162","value":0.019802},
{"id":"163","value":0.019802},
{"id":"164","value":0.019802},
{"id":"165","value":0.0940594},
{"id":"166","value":0.0940594},
{"id":"167","value":0.0940594},
{"id":"168","value":0.0940594},
{"id":"169","value":0.0523338},
{"id":"170","value":0.053041},
{"id":"171","value":0.0615276},
{"id":"172","value":0.0792079},
{"id":"173","value":0.115276},
{"id":"174","value":0.0275813},
{"id":"175","value":0.0226308},
{"id":"176","value":0.0162659},
{"id":"177","value":0.0367751},
{"id":"178","value":0.0219236},
{"id":"179","value":0.0113154},
{"id":"180","value":0.0176803},
{"id":"181","value":0.524045},
{"id":"182","value":0.0693069},
{"id":"183","value":0.0693069},
{"id":"184","value":0.0685997},
{"id":"185","value":0.0685997},
{"id":"186","value":0.0622348},
{"id":"187","value":0.0586987},
{"id":"188","value":0.180339},
{"id":"189","value":0.218529},
{"id":"190","value":0.264498},
{"id":"191","value":0.135078},
{"id":"192","value":0.11174},
{"id":"193","value":0.358557},
{"id":"194","value":0.847949},
{"id":"195","value":0.302687},
{"id":"196","value":0.717822},
{"id":"197","value":0.0799151},
{"id":"198","value":0.310467},
{"id":"199","value":0.0374823},
{"id":"200","value":0.0792079},
{"id":"201","value":0.0268741},
{"id":"202","value":0.0190948},
{"id":"203","value":0.0954738},
{"id":"204","value":0.0777935},
{"id":"205","value":0.0841584},
{"id":"206","value":0.651344},
{"id":"207","value":0.881188},
{"id":"208","value":0.692362},
{"id":"209","value":0.105375},
{"id":"210","value":0.524045},
{"id":"211","value":0.0693069},
{"id":"212","value":0.0693069},
{"id":"213","value":0.0685997},
{"id":"214","value":0.0685997},
{"id":"215","value":0.0622348},
{"id":"216","value":0.0586987},
{"id":"217","value":0.180339},
{"id":"218","value":0.218529},
{"id":"219","value":0.264498},
{"id":"220","value":0.135078},
{"id":"221","value":0.11174},
{"id":"222","value":0.358557},
{"id":"223","value":0.847949},
{"id":"224","value":0.302687},
{"id":"225","value":0.717822},
{"id":"226","value":0.0799151},
{"id":"227","value":0.310467},
{"id":"228","value":0.0374823},
{"id":"229","value":0.0792079},
{"id":"230","value":0.0268741},
{"id":"231","value":0.0190948},
{"id":"232","value":0.0954738},
{"id":"233","value":0.0777935},
{"id":"234","value":0.0841584},
{"id":"235","value":0.0841584},
{"id":"236","value":0.651344},
{"id":"237","value":0.651344},
{"id":"238","value":0.881188},
{"id":"239","value":0.881188},
{"id":"240","value":0.692362},
{"id":"241","value":0.692362},
{"id":"242","value":0.105375},
{"id":"243","value":0.105375},
{"id":"244","value":0.524045},
{"id":"245","value":0.0693069},
{"id":"246","value":0.0693069},
{"id":"247","value":0.0685997},
{"id":"248","value":0.0685997},
{"id":"249","value":0.0622348},
{"id":"250","value":0.0586987},
{"id":"251","value":0.180339},
{"id":"252","value":0.218529},
{"id":"253","value":0.264498},
{"id":"254","value":0.135078},
{"id":"255","value":0.11174},
{"id":"256","value":0.358557},
{"id":"257","value":0.847949},
{"id":"258","value":0.302687},
{"id":"259","value":0.717822},
{"id":"260","value":0.0799151},
{"id":"261","value":0.310467},
{"id":"262","value":0.0374823},
{"id":"263","value":0.0792079},
{"id":"264","value":0.0268741},
{"id":"265","value":0.0190948},
{"id":"266","value":0.0954738},
{"id":"267","value":0.0777935},
{"id":"268","value":0.0841584},
{"id":"269","value":0.0841584},
{"id":"270","value":0.0841584},
{"id":"271","value":0.651344},
{"id":"272","value":0.651344},
{"id":"273","value":0.651344},
{"id":"274","value":0.881188},
{"id":"275","value":0.881188},
{"id":"276","value":0.881188},
{"id":"277","value":0.692362},
{"id":"278","value":0.692362},
{"id":"279","value":0.692362},
{"id":"280","value":0.105375},
{"id":"281","value":0.105375},
{"id":"282","value":0.105375},
{"id":"283","value":0.524045},
{"id":"284","value":0.0693069},
{"id":"285","value":0.0693069},
{"id":"286","value":0.0685997},
{"id":"287","value":0.0685997},
{"id":"288","value":0.0622348},
{"id":"289","value":0.0586987},
{"id":"290","value":0.180339},
{"id":"291","value":0.218529},
{"id":"292","value":0.264498},
{"id":"293","value":0.135078},
{"id":"294","value":0.11174},
{"id":"295","value":0.358557},
{"id":"296","value":0.847949},
{"id":"297","value":0.302687},
{"id":"298","value":0.717822},
{"id":"299","value":0.0799151},
{"id":"300","value":0.310467},
{"id":"301","value":0.0374823},
{"id":"302","value":0.0792079},
{"id":"303","value":0.0268741},
{"id":"304","value":0.0190948},
{"id":"305","value":0.0954738},
{"id":"306","value":0.0777935},
{"id":"307","value":0.0841584},
{"id":"308","value":0.0841584},
{"id":"309","value":0.0841584},
{"id":"310","value":0.0841584},
{"id":"311","value":0.651344},
{"id":"312","value":0.651344},
{"id":"313","value":0.651344},
{"id":"314","value":0.651344},
{"id":"315","value":0.881188},
{"id":"316","value":0.881188},
{"id":"317","value":0.881188},
{"id":"318","value":0.881188},
{"id":"319","value":0.692362},
{"id":"320","value":0.692362},
{"id":"321","value":0.692362},
{"id":"322","value":0.692362},
{"id":"323","value":0.105375},
{"id":"324","value":0.105375},
{"id":"325","value":0.105375},
{"id":"326","value":0.105375},
{"id":"327","value":0.524045},
{"id":"328","value":0.0693069},
{"id":"329","value":0.0693069},
{"id":"330","value":0.0685997},
{"id":"331","value":0.0685997},
{"id":"332","value":0.0622348},
{"id":"333","value":0.0586987},
{"id":"334","value":0.180339},
{"id":"335","value":0.218529},
{"id":"336","value":0.264498},
{"id":"337","value":0.135078},
{"id":"338","value":0.11174},
{"id":"339","value":0.358557},
{"id":"340","value":0.847949},
{"id":"341","value":0.302687},
{"id":"342","value":0.717822},
{"id":"343","value":0.0799151},
{"id":"344","value":0.310467},
{"id":"345","value":0.0374823},
{"id":"346","value":0.0792079},
{"id":"347","value":0.0268741},
{"id":"348","value":0.0190948},
{"id":"349","value":0.0954738},
{"id":"350","value":0.0777935},
{"id":"351","value":0.0841584},
{"id":"352","value":0.0841584},
{"id":"353","value":0.0841584},
{"id":"354","value":0.0841584},
{"id":"355","value":0.0841584},
{"id":"356","value":0.651344},
{"id":"357","value":0.651344},
{"id":"358","value":0.651344},
{"id":"359","value":0.651344},
{"id":"360","value":0.651344},
{"id":"361","value":0.881188},
{"id":"362","value":0.881188},
{"id":"363","value":0.881188},
{"id":"364","value":0.881188},
{"id":"365","value":0.881188},
{"id":"366","value":0.692362},
{"id":"367","value":0.692362},
{"id":"368","value":0.692362},
{"id":"369","value":0.692362},
{"id":"370","value":0.692362},
{"id":"371","value":0.105375},
{"id":"372","value":0.105375},
{"id":"373","value":0.105375},
{"id":"374","value":0.105375},
{"id":"375","value":0.105375},
{"id":"376","value":0.524045},
{"id":"377","value":0.0693069},
{"id":"378","value":0.0693069},
{"id":"379","value":0.0685997},
{"id":"380","value":0.0685997},
{"id":"381","value":0.0622348},
{"id":"382","value":0.0586987},
{"id":"383","value":0.180339},
{"id":"384","value":0.218529},
{"id":"385","value":0.264498},
{"id":"386","value":0.135078},
{"id":"387","value":0.11174},
{"id":"388","value":0.358557},
{"id":"389","value":0.847949},
{"id":"390","value":0.302687},
{"id":"391","value":0.717822},
{"id":"392","value":0.0799151},
{"id":"393","value":0.310467},
{"id":"394","value":0.0374823},
{"id":"395","value":0.0792079},
{"id":"396","value":0.0268741},
{"id":"397","value":0.0190948},
{"id":"398","value":0.0954738},
{"id":"399","value":0.0777935},
{"id":"400","value":0.0685997},
{"id":"401","value":0.0671853},
{"id":"402","value":0.0664781},
{"id":"403","value":0.0643564},
{"id":"404","value":0.0622348},
{"id":"405","value":0.0601132},
{"id":"406","value":0.0572843},
{"id":"407","value":0.0523338},
{"id":"408","value":0.405941},
{"id":"409","value":0.218529},
{"id":"410","value":0.245403},
{"id":"411","value":0.84512},
{"id":"412","value":0.328854},
{"id":"413","value":0.130127},
{"id":"414","value":0.144272},
{"id":"415","value":0.0975955},
{"id":"416","value":0.103253},
{"id":"417","value":0.105375},
{"id":"418","value":0.0523338},
{"id":"419","value":0.0714286},
{"id":"420","value":0.0990099},
{"id":"421","value":0.0954738},
{"id":"422","value":0.0254597},
{"id":"423","value":0.062942},
{"id":"424","value":0.0785007},
{"id":"425","value":0.0410184},
{"id":"426","value":0.0205092},
{"id":"427","value":0.0219236},
{"id":"428","value":0.0275813},
{"id":"429","value":0.0106082},
{"id":"430","value":0.0120226},
{"id":"431","value":0.0254597},
{"id":"432","value":0.0417256},
{"id":"433","value":0.0113154},
{"id":"434","value":0.0183876},
{"id":"435","value":0.0261669},
{"id":"436","value":0.0176803},
{"id":"437","value":0.0735502},
{"id":"438","value":0.0735502},
{"id":"439","value":0.0127298},
{"id":"440","value":0.0148515},
{"id":"441","value":0.0155587},
{"id":"442","value":0.188826},
{"id":"443","value":0.0721358},
{"id":"444","value":0.0318246},
{"id":"445","value":0.0169731},
{"id":"446","value":0.0954738}
]}