{
"vertices":[
{"id":"0","name":"outdoor_lamp","Leaves":[{"name":"outdoor_lamp","frequency":0.359307 }],"frequency":0.117397},
{"id":"1","name":"wall","Leaves":[{"name":"wall","frequency":0.215618 }],"frequency":0.915842},
{"id":"2","name":"floor","Leaves":[],"frequency":0.997878},
{"id":"3","name":"door","Leaves":[{"name":"door","frequency":0.916019 }],"frequency":0.416549},
{"id":"4","name":"ceiling","Leaves":[],"frequency":0.84512},
{"id":"5","name":"window","Leaves":[{"name":"window","frequency":0.598504 }],"frequency":0.339463},
{"id":"6","name":"fence","Leaves":[{"name":"fence","frequency":0.450001 }],"frequency":0.101839},
{"id":"7","name":"coffee_table","Leaves":[{"name":"coffee_table","frequency":0.716792 }],"frequency":0.202263},
{"id":"8","name":"pool","Leaves":[],"frequency":0.0190948},
{"id":"9","name":"outdoor_lamp","Leaves":[{"name":"outdoor_lamp","frequency":0.359307 }],"frequency":0},
{"id":"10","name":"outdoor_lamp","Leaves":[{"name":"outdoor_lamp","frequency":0.359307 }],"frequency":0},
{"id":"11","name":"wall","Leaves":[{"name":"wall","frequency":0.215618 }],"frequency":0},
{"id":"12","name":"wall","Leaves":[{"name":"wall","frequency":0.215618 }],"frequency":0},
{"id":"13","name":"wall","Leaves":[{"name":"wall","frequency":0.215618 }],"frequency":0},
{"id":"14","name":"wall","Leaves":[{"name":"wall","frequency":0.215618 }],"frequency":0}
],
"rules":[
{"id":"0","source":"4","target":"0","factor":"proximity"},
{"id":"1","source":"0","target":"1","factor":"orientation_parallel"},
{"id":"2","source":"4","target":"0","factor":"orientation_parallel"},
{"id":"3","source":"2","target":"0","factor":"orientation_parallel"},
{"id":"4","source":"0","target":"1","factor":"orientation_perpendicular"},
{"id":"5","source":"2","target":"0","factor":"orientation_perpendicular"},
{"id":"6","source":"7","target":"0","factor":"orientation_perpendicular"},
{"id":"7","source":"1","target":"0","factor":"orientation_perpendicular"},
{"id":"8","source":"4","target":"0","factor":"orientation_perpendicular"},
{"id":"9","source":"0","target":"9","factor":"orientation_parallel"},
{"id":"10","source":"0","target":"9","factor":"orientation_perpendicular"},
{"id":"11","source":"0","target":"9","factor":"symmetry"},
{"id":"12","source":"4","target":"9","factor":"proximity"},
{"id":"13","source":"9","target":"1","factor":"orientation_parallel"},
{"id":"14","source":"4","target":"9","factor":"orientation_parallel"},
{"id":"15","source":"2","target":"9","factor":"orientation_parallel"},
{"id":"16","source":"9","target":"1","factor":"orientation_perpendicular"},
{"id":"17","source":"2","target":"9","factor":"orientation_perpendicular"},
{"id":"18","source":"7","target":"9","factor":"orientation_perpendicular"},
{"id":"19","source":"1","target":"9","factor":"orientation_perpendicular"},
{"id":"20","source":"4","target":"9","factor":"orientation_perpendicular"},
{"id":"21","source":"0","target":"10","factor":"orientation_parallel"},
{"id":"22","source":"9","target":"10","factor":"orientation_parallel"},
{"id":"23","source":"0","target":"10","factor":"orientation_perpendicular"},
{"id":"24","source":"9","target":"10","factor":"orientation_perpendicular"},
{"id":"25","source":"0","target":"10","factor":"symmetry"},
{"id":"26","source":"9","target":"10","factor":"symmetry"},
{"id":"27","source":"4","target":"10","factor":"proximity"},
{"id":"28","source":"10","target":"1","factor":"orientation_parallel"},
{"id":"29","source":"4","target":"10","factor":"orientation_parallel"},
{"id":"30","source":"2","target":"10","factor":"orientation_parallel"},
{"id":"31","source":"10","target":"1","factor":"orientation_perpendicular"},
{"id":"32","source":"2","target":"10","factor":"orientation_perpendicular"},
{"id":"33","source":"7","target":"10","factor":"orientation_perpendicular"},
{"id":"34","source":"1","target":"10","factor":"orientation_perpendicular"},
{"id":"35","source":"4","target":"10","factor":"orientation_perpendicular"},
{"id":"36","source":"1","target":"2","factor":"Horizontal-Support"},
{"id":"37","source":"3","target":"1","factor":"proximity"},
{"id":"38","source":"4","target":"1","factor":"proximity"},
{"id":"39","source":"1","target":"5","factor":"proximity"},
{"id":"40","source":"2","target":"1","factor":"proximity"},
{"id":"41","source":"7","target":"1","factor":"proximity"},
{"id":"42","source":"5","target":"1","factor":"orientation_parallel"},
{"id":"43","source":"4","target":"1","factor":"orientation_parallel"},
{"id":"44","source":"2","target":"1","factor":"orientation_parallel"},
{"id":"45","source":"3","target":"1","factor":"orientation_parallel"},
{"id":"46","source":"7","target":"1","factor":"orientation_parallel"},
{"id":"47","source":"2","target":"1","factor":"orientation_perpendicular"},
{"id":"48","source":"5","target":"1","factor":"orientation_perpendicular"},
{"id":"49","source":"4","target":"1","factor":"orientation_perpendicular"},
{"id":"50","source":"3","target":"1","factor":"orientation_perpendicular"},
{"id":"51","source":"1","target":"5","factor":"orientation_perpendicular"},
{"id":"52","source":"1","target":"7","factor":"orientation_perpendicular"},
{"id":"53","source":"8","target":"1","factor":"orientation_perpendicular"},
{"id":"54","source":"7","target":"1","factor":"orientation_perpendicular"},
{"id":"55","source":"6","target":"1","factor":"orientation_perpendicular"},
{"id":"56","source":"1","target":"11","factor":"proximity"},
{"id":"57","source":"1","target":"11","factor":"orientation_parallel"},
{"id":"58","source":"1","target":"11","factor":"orientation_perpendicular"},
{"id":"59","source":"1","target":"11","factor":"symmetry"},
{"id":"60","source":"1","target":"11","factor":"side_to_side"},
{"id":"61","source":"11","target":"2","factor":"Horizontal-Support"},
{"id":"62","source":"3","target":"11","factor":"proximity"},
{"id":"63","source":"4","target":"11","factor":"proximity"},
{"id":"64","source":"11","target":"5","factor":"proximity"},
{"id":"65","source":"2","target":"11","factor":"proximity"},
{"id":"66","source":"7","target":"11","factor":"proximity"},
{"id":"67","source":"5","target":"11","factor":"orientation_parallel"},
{"id":"68","source":"4","target":"11","factor":"orientation_parallel"},
{"id":"69","source":"2","target":"11","factor":"orientation_parallel"},
{"id":"70","source":"3","target":"11","factor":"orientation_parallel"},
{"id":"71","source":"7","target":"11","factor":"orientation_parallel"},
{"id":"72","source":"2","target":"11","factor":"orientation_perpendicular"},
{"id":"73","source":"5","target":"11","factor":"orientation_perpendicular"},
{"id":"74","source":"4","target":"11","factor":"orientation_perpendicular"},
{"id":"75","source":"3","target":"11","factor":"orientation_perpendicular"},
{"id":"76","source":"11","target":"5","factor":"orientation_perpendicular"},
{"id":"77","source":"11","target":"7","factor":"orientation_perpendicular"},
{"id":"78","source":"8","target":"11","factor":"orientation_perpendicular"},
{"id":"79","source":"7","target":"11","factor":"orientation_perpendicular"},
{"id":"80","source":"6","target":"11","factor":"orientation_perpendicular"},
{"id":"81","source":"1","target":"12","factor":"proximity"},
{"id":"82","source":"11","target":"12","factor":"proximity"},
{"id":"83","source":"1","target":"12","factor":"orientation_parallel"},
{"id":"84","source":"11","target":"12","factor":"orientation_parallel"},
{"id":"85","source":"1","target":"12","factor":"orientation_perpendicular"},
{"id":"86","source":"11","target":"12","factor":"orientation_perpendicular"},
{"id":"87","source":"1","target":"12","factor":"symmetry"},
{"id":"88","source":"11","target":"12","factor":"symmetry"},
{"id":"89","source":"1","target":"12","factor":"side_to_side"},
{"id":"90","source":"11","target":"12","factor":"side_to_side"},
{"id":"91","source":"12","target":"2","factor":"Horizontal-Support"},
{"id":"92","source":"3","target":"12","factor":"proximity"},
{"id":"93","source":"4","target":"12","factor":"proximity"},
{"id":"94","source":"12","target":"5","factor":"proximity"},
{"id":"95","source":"2","target":"12","factor":"proximity"},
{"id":"96","source":"7","target":"12","factor":"proximity"},
{"id":"97","source":"5","target":"12","factor":"orientation_parallel"},
{"id":"98","source":"4","target":"12","factor":"orientation_parallel"},
{"id":"99","source":"2","target":"12","factor":"orientation_parallel"},
{"id":"100","source":"3","target":"12","factor":"orientation_parallel"},
{"id":"101","source":"7","target":"12","factor":"orientation_parallel"},
{"id":"102","source":"2","target":"12","factor":"orientation_perpendicular"},
{"id":"103","source":"5","target":"12","factor":"orientation_perpendicular"},
{"id":"104","source":"4","target":"12","factor":"orientation_perpendicular"},
{"id":"105","source":"3","target":"12","factor":"orientation_perpendicular"},
{"id":"106","source":"12","target":"5","factor":"orientation_perpendicular"},
{"id":"107","source":"12","target":"7","factor":"orientation_perpendicular"},
{"id":"108","source":"8","target":"12","factor":"orientation_perpendicular"},
{"id":"109","source":"7","target":"12","factor":"orientation_perpendicular"},
{"id":"110","source":"6","target":"12","factor":"orientation_perpendicular"},
{"id":"111","source":"1","target":"13","factor":"proximity"},
{"id":"112","source":"11","target":"13","factor":"proximity"},
{"id":"113","source":"12","target":"13","factor":"proximity"},
{"id":"114","source":"1","target":"13","factor":"orientation_parallel"},
{"id":"115","source":"11","target":"13","factor":"orientation_parallel"},
{"id":"116","source":"12","target":"13","factor":"orientation_parallel"},
{"id":"117","source":"1","target":"13","factor":"orientation_perpendicular"},
{"id":"118","source":"11","target":"13","factor":"orientation_perpendicular"},
{"id":"119","source":"12","target":"13","factor":"orientation_perpendicular"},
{"id":"120","source":"1","target":"13","factor":"symmetry"},
{"id":"121","source":"11","target":"13","factor":"symmetry"},
{"id":"122","source":"12","target":"13","factor":"symmetry"},
{"id":"123","source":"1","target":"13","factor":"side_to_side"},
{"id":"124","source":"11","target":"13","factor":"side_to_side"},
{"id":"125","source":"12","target":"13","factor":"side_to_side"},
{"id":"126","source":"13","target":"2","factor":"Horizontal-Support"},
{"id":"127","source":"3","target":"13","factor":"proximity"},
{"id":"128","source":"4","target":"13","factor":"proximity"},
{"id":"129","source":"13","target":"5","factor":"proximity"},
{"id":"130","source":"2","target":"13","factor":"proximity"},
{"id":"131","source":"7","target":"13","factor":"proximity"},
{"id":"132","source":"5","target":"13","factor":"orientation_parallel"},
{"id":"133","source":"4","target":"13","factor":"orientation_parallel"},
{"id":"134","source":"2","target":"13","factor":"orientation_parallel"},
{"id":"135","source":"3","target":"13","factor":"orientation_parallel"},
{"id":"136","source":"7","target":"13","factor":"orientation_parallel"},
{"id":"137","source":"2","target":"13","factor":"orientation_perpendicular"},
{"id":"138","source":"5","target":"13","factor":"orientation_perpendicular"},
{"id":"139","source":"4","target":"13","factor":"orientation_perpendicular"},
{"id":"140","source":"3","target":"13","factor":"orientation_perpendicular"},
{"id":"141","source":"13","target":"5","factor":"orientation_perpendicular"},
{"id":"142","source":"13","target":"7","factor":"orientation_perpendicular"},
{"id":"143","source":"8","target":"13","factor":"orientation_perpendicular"},
{"id":"144","source":"7","target":"13","factor":"orientation_perpendicular"},
{"id":"145","source":"6","target":"13","factor":"orientation_perpendicular"},
{"id":"146","source":"1","target":"14","factor":"proximity"},
{"id":"147","source":"11","target":"14","factor":"proximity"},
{"id":"148","source":"12","target":"14","factor":"proximity"},
{"id":"149","source":"13","target":"14","factor":"proximity"},
{"id":"150","source":"1","target":"14","factor":"orientation_parallel"},
{"id":"151","source":"11","target":"14","factor":"orientation_parallel"},
{"id":"152","source":"12","target":"14","factor":"orientation_parallel"},
{"id":"153","source":"13","target":"14","factor":"orientation_parallel"},
{"id":"154","source":"1","target":"14","factor":"orientation_perpendicular"},
{"id":"155","source":"11","target":"14","factor":"orientation_perpendicular"},
{"id":"156","source":"12","target":"14","factor":"orientation_perpendicular"},
{"id":"157","source":"13","target":"14","factor":"orientation_perpendicular"},
{"id":"158","source":"1","target":"14","factor":"symmetry"},
{"id":"159","source":"11","target":"14","factor":"symmetry"},
{"id":"160","source":"12","target":"14","factor":"symmetry"},
{"id":"161","source":"13","target":"14","factor":"symmetry"},
{"id":"162","source":"1","target":"14","factor":"side_to_side"},
{"id":"163","source":"11","target":"14","factor":"side_to_side"},
{"id":"164","source":"12","target":"14","factor":"side_to_side"},
{"id":"165","source":"13","target":"14","factor":"side_to_side"},
{"id":"166","source":"14","target":"2","factor":"Horizontal-Support"},
{"id":"167","source":"3","target":"14","factor":"proximity"},
{"id":"168","source":"4","target":"14","factor":"proximity"},
{"id":"169","source":"14","target":"5","factor":"proximity"},
{"id":"170","source":"2","target":"14","factor":"proximity"},
{"id":"171","source":"7","target":"14","factor":"proximity"},
{"id":"172","source":"5","target":"14","factor":"orientation_parallel"},
{"id":"173","source":"4","target":"14","factor":"orientation_parallel"},
{"id":"174","source":"2","target":"14","factor":"orientation_parallel"},
{"id":"175","source":"3","target":"14","factor":"orientation_parallel"},
{"id":"176","source":"7","target":"14","factor":"orientation_parallel"},
{"id":"177","source":"2","target":"14","factor":"orientation_perpendicular"},
{"id":"178","source":"5","target":"14","factor":"orientation_perpendicular"},
{"id":"179","source":"4","target":"14","factor":"orientation_perpendicular"},
{"id":"180","source":"3","target":"14","factor":"orientation_perpendicular"},
{"id":"181","source":"14","target":"5","factor":"orientation_perpendicular"},
{"id":"182","source":"14","target":"7","factor":"orientation_perpendicular"},
{"id":"183","source":"8","target":"14","factor":"orientation_perpendicular"},
{"id":"184","source":"7","target":"14","factor":"orientation_perpendicular"},
{"id":"185","source":"6","target":"14","factor":"orientation_perpendicular"},
{"id":"186","source":"4","target":"2","factor":"proximity"},
{"id":"187","source":"4","target":"3","factor":"proximity"},
{"id":"188","source":"3","target":"2","factor":"proximity"},
{"id":"189","source":"4","target":"6","factor":"proximity"},
{"id":"190","source":"4","target":"5","factor":"proximity"},
{"id":"191","source":"4","target":"7","factor":"proximity"},
{"id":"192","source":"2","target":"4","factor":"orientation_parallel"},
{"id":"193","source":"4","target":"5","factor":"orientation_parallel"},
{"id":"194","source":"2","target":"5","factor":"orientation_parallel"},
{"id":"195","source":"5","target":"5","factor":"orientation_parallel"},
{"id":"196","source":"2","target":"7","factor":"orientation_parallel"},
{"id":"197","source":"4","target":"7","factor":"orientation_parallel"},
{"id":"198","source":"3","target":"4","factor":"orientation_parallel"},
{"id":"199","source":"3","target":"2","factor":"orientation_parallel"},
{"id":"200","source":"3","target":"5","factor":"orientation_parallel"},
{"id":"201","source":"2","target":"7","factor":"orientation_perpendicular"},
{"id":"202","source":"3","target":"5","factor":"orientation_perpendicular"},
{"id":"203","source":"4","target":"7","factor":"orientation_perpendicular"},
{"id":"204","source":"5","target":"4","factor":"orientation_perpendicular"},
{"id":"205","source":"5","target":"2","factor":"orientation_perpendicular"},
{"id":"206","source":"5","target":"5","factor":"orientation_perpendicular"},
{"id":"207","source":"4","target":"5","factor":"orientation_perpendicular"},
{"id":"208","source":"2","target":"5","factor":"orientation_perpendicular"},
{"id":"209","source":"4","target":"6","factor":"orientation_perpendicular"},
{"id":"210","source":"2","target":"6","factor":"orientation_perpendicular"},
{"id":"211","source":"6","target":"6","factor":"orientation_perpendicular"},
{"id":"212","source":"3","target":"2","factor":"orientation_perpendicular"},
{"id":"213","source":"3","target":"4","factor":"orientation_perpendicular"},
{"id":"214","source":"3","target":"6","factor":"orientation_perpendicular"},
{"id":"215","source":"3","target":"7","factor":"orientation_perpendicular"},
{"id":"216","source":"7","target":"7","factor":"orientation_perpendicular"},
{"id":"217","source":"5","target":"5","factor":"symmetry"},
{"id":"218","source":"3","target":"3","factor":"symmetry"},
{"id":"219","source":"7","target":"7","factor":"symmetry"},
{"id":"220","source":"6","target":"6","factor":"symmetry"}
],
"probability":[
{"id":"0","value":0.0523338},
{"id":"1","value":0.053041},
{"id":"2","value":0.0615276},
{"id":"3","value":0.0792079},
{"id":"4","value":0.115276},
{"id":"5","value":0.0275813},
{"id":"6","value":0.0106082},
{"id":"7","value":0.0367751},
{"id":"8","value":0.0219236},
{"id":"9","value":0.0869873},
{"id":"10","value":0.019802},
{"id":"11","value":0.0940594},
{"id":"12","value":0.0523338},
{"id":"13","value":0.053041},
{"id":"14","value":0.0615276},
{"id":"15","value":0.0792079},
{"id":"16","value":0.115276},
{"id":"17","value":0.0275813},
{"id":"18","value":0.0106082},
{"id":"19","value":0.0367751},
{"id":"20","value":0.0219236},
{"id":"21","value":0.0869873},
{"id":"22","value":0.0869873},
{"id":"23","value":0.019802},
{"id":"24","value":0.019802},
{"id":"25","value":0.0940594},
{"id":"26","value":0.0940594},
{"id":"27","value":0.0523338},
{"id":"28","value":0.053041},
{"id":"29","value":0.0615276},
{"id":"30","value":0.0792079},
{"id":"31","value":0.115276},
{"id":"32","value":0.0275813},
{"id":"33","value":0.0106082},
{"id":"34","value":0.0367751},
{"id":"35","value":0.0219236},
{"id":"36","value":0.524045},
{"id":"37","value":0.0693069},
{"id":"38","value":0.0685997},
{"id":"39","value":0.0685997},
{"id":"40","value":0.0622348},
{"id":"41","value":0.0516266},
{"id":"42","value":0.180339},
{"id":"43","value":0.218529},
{"id":"44","value":0.264498},
{"id":"45","value":0.135078},
{"id":"46","value":0.0678925},
{"id":"47","value":0.847949},
{"id":"48","value":0.302687},
{"id":"49","value":0.717822},
{"id":"50","value":0.310467},
{"id":"51","value":0.0374823},
{"id":"52","value":0.161245},
{"id":"53","value":0.0162659},
{"id":"54","value":0.04314},
{"id":"55","value":0.0438472},
{"id":"56","value":0.0841584},
{"id":"57","value":0.651344},
{"id":"58","value":0.881188},
{"id":"59","value":0.692362},
{"id":"60","value":0.105375},
{"id":"61","value":0.524045},
{"id":"62","value":0.0693069},
{"id":"63","value":0.0685997},
{"id":"64","value":0.0685997},
{"id":"65","value":0.0622348},
{"id":"66","value":0.0516266},
{"id":"67","value":0.180339},
{"id":"68","value":0.218529},
{"id":"69","value":0.264498},
{"id":"70","value":0.135078},
{"id":"71","value":0.0678925},
{"id":"72","value":0.847949},
{"id":"73","value":0.302687},
{"id":"74","value":0.717822},
{"id":"75","value":0.310467},
{"id":"76","value":0.0374823},
{"id":"77","value":0.161245},
{"id":"78","value":0.0162659},
{"id":"79","value":0.04314},
{"id":"80","value":0.0438472},
{"id":"81","value":0.0841584},
{"id":"82","value":0.0841584},
{"id":"83","value":0.651344},
{"id":"84","value":0.651344},
{"id":"85","value":0.881188},
{"id":"86","value":0.881188},
{"id":"87","value":0.692362},
{"id":"88","value":0.692362},
{"id":"89","value":0.105375},
{"id":"90","value":0.105375},
{"id":"91","value":0.524045},
{"id":"92","value":0.0693069},
{"id":"93","value":0.0685997},
{"id":"94","value":0.0685997},
{"id":"95","value":0.0622348},
{"id":"96","value":0.0516266},
{"id":"97","value":0.180339},
{"id":"98","value":0.218529},
{"id":"99","value":0.264498},
{"id":"100","value":0.135078},
{"id":"101","value":0.0678925},
{"id":"102","value":0.847949},
{"id":"103","value":0.302687},
{"id":"104","value":0.717822},
{"id":"105","value":0.310467},
{"id":"106","value":0.0374823},
{"id":"107","value":0.161245},
{"id":"108","value":0.0162659},
{"id":"109","value":0.04314},
{"id":"110","value":0.0438472},
{"id":"111","value":0.0841584},
{"id":"112","value":0.0841584},
{"id":"113","value":0.0841584},
{"id":"114","value":0.651344},
{"id":"115","value":0.651344},
{"id":"116","value":0.651344},
{"id":"117","value":0.881188},
{"id":"118","value":0.881188},
{"id":"119","value":0.881188},
{"id":"120","value":0.692362},
{"id":"121","value":0.692362},
{"id":"122","value":0.692362},
{"id":"123","value":0.105375},
{"id":"124","value":0.105375},
{"id":"125","value":0.105375},
{"id":"126","value":0.524045},
{"id":"127","value":0.0693069},
{"id":"128","value":0.0685997},
{"id":"129","value":0.0685997},
{"id":"130","value":0.0622348},
{"id":"131","value":0.0516266},
{"id":"132","value":0.180339},
{"id":"133","value":0.218529},
{"id":"134","value":0.264498},
{"id":"135","value":0.135078},
{"id":"136","value":0.0678925},
{"id":"137","value":0.847949},
{"id":"138","value":0.302687},
{"id":"139","value":0.717822},
{"id":"140","value":0.310467},
{"id":"141","value":0.0374823},
{"id":"142","value":0.161245},
{"id":"143","value":0.0162659},
{"id":"144","value":0.04314},
{"id":"145","value":0.0438472},
{"id":"146","value":0.0841584},
{"id":"147","value":0.0841584},
{"id":"148","value":0.0841584},
{"id":"149","value":0.0841584},
{"id":"150","value":0.651344},
{"id":"151","value":0.651344},
{"id":"152","value":0.651344},
{"id":"153","value":0.651344},
{"id":"154","value":0.881188},
{"id":"155","value":0.881188},
{"id":"156","value":0.881188},
{"id":"157","value":0.881188},
{"id":"158","value":0.692362},
{"id":"159","value":0.692362},
{"id":"160","value":0.692362},
{"id":"161","value":0.692362},
{"id":"162","value":0.105375},
{"id":"163","value":0.105375},
{"id":"164","value":0.105375},
{"id":"165","value":0.105375},
{"id":"166","value":0.524045},
{"id":"167","value":0.0693069},
{"id":"168","value":0.0685997},
{"id":"169","value":0.0685997},
{"id":"170","value":0.0622348},
{"id":"171","value":0.0516266},
{"id":"172","value":0.180339},
{"id":"173","value":0.218529},
{"id":"174","value":0.264498},
{"id":"175","value":0.135078},
{"id":"176","value":0.0678925},
{"id":"177","value":0.847949},
{"id":"178","value":0.302687},
{"id":"179","value":0.717822},
{"id":"180","value":0.310467},
{"id":"181","value":0.0374823},
{"id":"182","value":0.161245},
{"id":"183","value":0.0162659},
{"id":"184","value":0.04314},
{"id":"185","value":0.0438472},
{"id":"186","value":0.0685997},
{"id":"187","value":0.0664781},
{"id":"188","value":0.0643564},
{"id":"189","value":0.0579915},
{"id":"190","value":0.0572843},
{"id":"191","value":0.0551627},
{"id":"192","value":0.84512},
{"id":"193","value":0.130127},
{"id":"194","value":0.144272},
{"id":"195","value":0.0975955},
{"id":"196","value":0.134371},
{"id":"197","value":0.118812},
{"id":"198","value":0.103253},
{"id":"199","value":0.105375},
{"id":"200","value":0.0523338},
{"id":"201","value":0.0346535},
{"id":"202","value":0.0254597},
{"id":"203","value":0.0261669},
{"id":"204","value":0.062942},
{"id":"205","value":0.0785007},
{"id":"206","value":0.0410184},
{"id":"207","value":0.0205092},
{"id":"208","value":0.0219236},
{"id":"209","value":0.0381895},
{"id":"210","value":0.04314},
{"id":"211","value":0.029703},
{"id":"212","value":0.0735502},
{"id":"213","value":0.0735502},
{"id":"214","value":0.019802},
{"id":"215","value":0.0148515},
{"id":"216","value":0.0113154},
{"id":"217","value":0.0721358},
{"id":"218","value":0.0169731},
{"id":"219","value":0.0275813},
{"id":"220","value":0.0480905}
]}