{
"vertices":[
{"id":"0","name":"wall","Leaves":[{"name":"wall","frequency":0.215618 }],"frequency":0.915842},
{"id":"1","name":"sink","Leaves":[],"frequency":0.019802},
{"id":"2","name":"wall","Leaves":[{"name":"wall","frequency":0.215618 }],"frequency":8.11352e-43},
{"id":"3","name":"wall","Leaves":[{"name":"wall","frequency":0.215618 }],"frequency":0},
{"id":"4","name":"wall","Leaves":[{"name":"wall","frequency":0.215618 }],"frequency":0},
{"id":"5","name":"wall","Leaves":[{"name":"wall","frequency":0.215618 }],"frequency":0}
],
"rules":[
{"id":"0","source":"1","target":"0","factor":"orientation_perpendicular"},
{"id":"1","source":"0","target":"2","factor":"proximity"},
{"id":"2","source":"0","target":"2","factor":"orientation_parallel"},
{"id":"3","source":"0","target":"2","factor":"orientation_perpendicular"},
{"id":"4","source":"0","target":"2","factor":"symmetry"},
{"id":"5","source":"0","target":"2","factor":"side_to_side"},
{"id":"6","source":"1","target":"2","factor":"orientation_perpendicular"},
{"id":"7","source":"0","target":"3","factor":"proximity"},
{"id":"8","source":"2","target":"3","factor":"proximity"},
{"id":"9","source":"0","target":"3","factor":"orientation_parallel"},
{"id":"10","source":"2","target":"3","factor":"orientation_parallel"},
{"id":"11","source":"0","target":"3","factor":"orientation_perpendicular"},
{"id":"12","source":"2","target":"3","factor":"orientation_perpendicular"},
{"id":"13","source":"0","target":"3","factor":"symmetry"},
{"id":"14","source":"2","target":"3","factor":"symmetry"},
{"id":"15","source":"0","target":"3","factor":"side_to_side"},
{"id":"16","source":"2","target":"3","factor":"side_to_side"},
{"id":"17","source":"1","target":"3","factor":"orientation_perpendicular"},
{"id":"18","source":"0","target":"4","factor":"proximity"},
{"id":"19","source":"2","target":"4","factor":"proximity"},
{"id":"20","source":"3","target":"4","factor":"proximity"},
{"id":"21","source":"0","target":"4","factor":"orientation_parallel"},
{"id":"22","source":"2","target":"4","factor":"orientation_parallel"},
{"id":"23","source":"3","target":"4","factor":"orientation_parallel"},
{"id":"24","source":"0","target":"4","factor":"orientation_perpendicular"},
{"id":"25","source":"2","target":"4","factor":"orientation_perpendicular"},
{"id":"26","source":"3","target":"4","factor":"orientation_perpendicular"},
{"id":"27","source":"0","target":"4","factor":"symmetry"},
{"id":"28","source":"2","target":"4","factor":"symmetry"},
{"id":"29","source":"3","target":"4","factor":"symmetry"},
{"id":"30","source":"0","target":"4","factor":"side_to_side"},
{"id":"31","source":"2","target":"4","factor":"side_to_side"},
{"id":"32","source":"3","target":"4","factor":"side_to_side"},
{"id":"33","source":"1","target":"4","factor":"orientation_perpendicular"},
{"id":"34","source":"0","target":"5","factor":"proximity"},
{"id":"35","source":"2","target":"5","factor":"proximity"},
{"id":"36","source":"3","target":"5","factor":"proximity"},
{"id":"37","source":"4","target":"5","factor":"proximity"},
{"id":"38","source":"0","target":"5","factor":"orientation_parallel"},
{"id":"39","source":"2","target":"5","factor":"orientation_parallel"},
{"id":"40","source":"3","target":"5","factor":"orientation_parallel"},
{"id":"41","source":"4","target":"5","factor":"orientation_parallel"},
{"id":"42","source":"0","target":"5","factor":"orientation_perpendicular"},
{"id":"43","source":"2","target":"5","factor":"orientation_perpendicular"},
{"id":"44","source":"3","target":"5","factor":"orientation_perpendicular"},
{"id":"45","source":"4","target":"5","factor":"orientation_perpendicular"},
{"id":"46","source":"0","target":"5","factor":"symmetry"},
{"id":"47","source":"2","target":"5","factor":"symmetry"},
{"id":"48","source":"3","target":"5","factor":"symmetry"},
{"id":"49","source":"4","target":"5","factor":"symmetry"},
{"id":"50","source":"0","target":"5","factor":"side_to_side"},
{"id":"51","source":"2","target":"5","factor":"side_to_side"},
{"id":"52","source":"3","target":"5","factor":"side_to_side"},
{"id":"53","source":"4","target":"5","factor":"side_to_side"},
{"id":"54","source":"1","target":"5","factor":"orientation_perpendicular"}
],
"probability":[
{"id":"0","value":0.0176803},
{"id":"1","value":0.0841584},
{"id":"2","value":0.651344},
{"id":"3","value":0.881188},
{"id":"4","value":0.692362},
{"id":"5","value":0.105375},
{"id":"6","value":0.0176803},
{"id":"7","value":0.0841584},
{"id":"8","value":0.0841584},
{"id":"9","value":0.651344},
{"id":"10","value":0.651344},
{"id":"11","value":0.881188},
{"id":"12","value":0.881188},
{"id":"13","value":0.692362},
{"id":"14","value":0.692362},
{"id":"15","value":0.105375},
{"id":"16","value":0.105375},
{"id":"17","value":0.0176803},
{"id":"18","value":0.0841584},
{"id":"19","value":0.0841584},
{"id":"20","value":0.0841584},
{"id":"21","value":0.651344},
{"id":"22","value":0.651344},
{"id":"23","value":0.651344},
{"id":"24","value":0.881188},
{"id":"25","value":0.881188},
{"id":"26","value":0.881188},
{"id":"27","value":0.692362},
{"id":"28","value":0.692362},
{"id":"29","value":0.692362},
{"id":"30","value":0.105375},
{"id":"31","value":0.105375},
{"id":"32","value":0.105375},
{"id":"33","value":0.0176803},
{"id":"34","value":0.0841584},
{"id":"35","value":0.0841584},
{"id":"36","value":0.0841584},
{"id":"37","value":0.0841584},
{"id":"38","value":0.651344},
{"id":"39","value":0.651344},
{"id":"40","value":0.651344},
{"id":"41","value":0.651344},
{"id":"42","value":0.881188},
{"id":"43","value":0.881188},
{"id":"44","value":0.881188},
{"id":"45","value":0.881188},
{"id":"46","value":0.692362},
{"id":"47","value":0.692362},
{"id":"48","value":0.692362},
{"id":"49","value":0.692362},
{"id":"50","value":0.105375},
{"id":"51","value":0.105375},
{"id":"52","value":0.105375},
{"id":"53","value":0.105375},
{"id":"54","value":0.0176803}
]}