{
"vertices":[
{"id":"0","name":"fence","Leaves":[{"name":"fence","frequency":0.450001 }],"frequency":0.101839},
{"id":"1","name":"wall","Leaves":[{"name":"wall","frequency":0.215618 }],"frequency":0.915842},
{"id":"2","name":"floor","Leaves":[],"frequency":0.997878},
{"id":"3","name":"ceiling","Leaves":[],"frequency":0.84512},
{"id":"4","name":"window","Leaves":[{"name":"window","frequency":0.598504 }],"frequency":0.339463},
{"id":"5","name":"plant","Leaves":[{"name":"plant","frequency":0.325234 }],"frequency":0.369165},
{"id":"6","name":"fence","Leaves":[{"name":"fence","frequency":0.450001 }],"frequency":8.11352e-43},
{"id":"7","name":"window","Leaves":[{"name":"window","frequency":0.598504 }],"frequency":8.11352e-43},
{"id":"8","name":"window","Leaves":[{"name":"window","frequency":0.598504 }],"frequency":0},
{"id":"9","name":"wall","Leaves":[{"name":"wall","frequency":0.215618 }],"frequency":8.11352e-43},
{"id":"10","name":"wall","Leaves":[{"name":"wall","frequency":0.215618 }],"frequency":0},
{"id":"11","name":"wall","Leaves":[{"name":"wall","frequency":0.215618 }],"frequency":0},
{"id":"12","name":"plant","Leaves":[{"name":"plant","frequency":0.325234 }],"frequency":8.11352e-43},
{"id":"13","name":"plant","Leaves":[{"name":"plant","frequency":0.325234 }],"frequency":0},
{"id":"14","name":"plant","Leaves":[{"name":"plant","frequency":0.325234 }],"frequency":0},
{"id":"15","name":"plant","Leaves":[{"name":"plant","frequency":0.325234 }],"frequency":0},
{"id":"16","name":"plant","Leaves":[{"name":"plant","frequency":0.325234 }],"frequency":0},
{"id":"17","name":"plant","Leaves":[{"name":"plant","frequency":0.325234 }],"frequency":0},
{"id":"18","name":"plant","Leaves":[{"name":"plant","frequency":0.325234 }],"frequency":0},
{"id":"19","name":"plant","Leaves":[{"name":"plant","frequency":0.325234 }],"frequency":0}
],
"rules":[
{"id":"0","source":"3","target":"0","factor":"proximity"},
{"id":"1","source":"5","target":"0","factor":"orientation_perpendicular"},
{"id":"2","source":"3","target":"0","factor":"orientation_perpendicular"},
{"id":"3","source":"2","target":"0","factor":"orientation_perpendicular"},
{"id":"4","source":"0","target":"1","factor":"orientation_perpendicular"},
{"id":"5","source":"0","target":"5","factor":"orientation_perpendicular"},
{"id":"6","source":"0","target":"6","factor":"orientation_perpendicular"},
{"id":"7","source":"0","target":"6","factor":"symmetry"},
{"id":"8","source":"3","target":"6","factor":"proximity"},
{"id":"9","source":"5","target":"6","factor":"orientation_perpendicular"},
{"id":"10","source":"3","target":"6","factor":"orientation_perpendicular"},
{"id":"11","source":"2","target":"6","factor":"orientation_perpendicular"},
{"id":"12","source":"6","target":"1","factor":"orientation_perpendicular"},
{"id":"13","source":"6","target":"5","factor":"orientation_perpendicular"},
{"id":"14","source":"1","target":"4","factor":"proximity"},
{"id":"15","source":"3","target":"4","factor":"proximity"},
{"id":"16","source":"4","target":"1","factor":"orientation_parallel"},
{"id":"17","source":"3","target":"4","factor":"orientation_parallel"},
{"id":"18","source":"2","target":"4","factor":"orientation_parallel"},
{"id":"19","source":"4","target":"1","factor":"orientation_perpendicular"},
{"id":"20","source":"4","target":"3","factor":"orientation_perpendicular"},
{"id":"21","source":"4","target":"2","factor":"orientation_perpendicular"},
{"id":"22","source":"3","target":"4","factor":"orientation_perpendicular"},
{"id":"23","source":"2","target":"4","factor":"orientation_perpendicular"},
{"id":"24","source":"1","target":"4","factor":"orientation_perpendicular"},
{"id":"25","source":"5","target":"4","factor":"orientation_perpendicular"},
{"id":"26","source":"4","target":"5","factor":"orientation_perpendicular"},
{"id":"27","source":"4","target":"7","factor":"orientation_parallel"},
{"id":"28","source":"4","target":"7","factor":"orientation_perpendicular"},
{"id":"29","source":"4","target":"7","factor":"symmetry"},
{"id":"30","source":"1","target":"7","factor":"proximity"},
{"id":"31","source":"3","target":"7","factor":"proximity"},
{"id":"32","source":"7","target":"1","factor":"orientation_parallel"},
{"id":"33","source":"3","target":"7","factor":"orientation_parallel"},
{"id":"34","source":"2","target":"7","factor":"orientation_parallel"},
{"id":"35","source":"7","target":"1","factor":"orientation_perpendicular"},
{"id":"36","source":"7","target":"3","factor":"orientation_perpendicular"},
{"id":"37","source":"7","target":"2","factor":"orientation_perpendicular"},
{"id":"38","source":"3","target":"7","factor":"orientation_perpendicular"},
{"id":"39","source":"2","target":"7","factor":"orientation_perpendicular"},
{"id":"40","source":"1","target":"7","factor":"orientation_perpendicular"},
{"id":"41","source":"5","target":"7","factor":"orientation_perpendicular"},
{"id":"42","source":"7","target":"5","factor":"orientation_perpendicular"},
{"id":"43","source":"4","target":"8","factor":"orientation_parallel"},
{"id":"44","source":"7","target":"8","factor":"orientation_parallel"},
{"id":"45","source":"4","target":"8","factor":"orientation_perpendicular"},
{"id":"46","source":"7","target":"8","factor":"orientation_perpendicular"},
{"id":"47","source":"4","target":"8","factor":"symmetry"},
{"id":"48","source":"7","target":"8","factor":"symmetry"},
{"id":"49","source":"1","target":"8","factor":"proximity"},
{"id":"50","source":"3","target":"8","factor":"proximity"},
{"id":"51","source":"8","target":"1","factor":"orientation_parallel"},
{"id":"52","source":"3","target":"8","factor":"orientation_parallel"},
{"id":"53","source":"2","target":"8","factor":"orientation_parallel"},
{"id":"54","source":"8","target":"1","factor":"orientation_perpendicular"},
{"id":"55","source":"8","target":"3","factor":"orientation_perpendicular"},
{"id":"56","source":"8","target":"2","factor":"orientation_perpendicular"},
{"id":"57","source":"3","target":"8","factor":"orientation_perpendicular"},
{"id":"58","source":"2","target":"8","factor":"orientation_perpendicular"},
{"id":"59","source":"1","target":"8","factor":"orientation_perpendicular"},
{"id":"60","source":"5","target":"8","factor":"orientation_perpendicular"},
{"id":"61","source":"8","target":"5","factor":"orientation_perpendicular"},
{"id":"62","source":"1","target":"2","factor":"Horizontal-Support"},
{"id":"63","source":"3","target":"1","factor":"proximity"},
{"id":"64","source":"2","target":"1","factor":"proximity"},
{"id":"65","source":"5","target":"1","factor":"proximity"},
{"id":"66","source":"3","target":"1","factor":"orientation_parallel"},
{"id":"67","source":"2","target":"1","factor":"orientation_parallel"},
{"id":"68","source":"5","target":"1","factor":"orientation_parallel"},
{"id":"69","source":"5","target":"1","factor":"orientation_perpendicular"},
{"id":"70","source":"2","target":"1","factor":"orientation_perpendicular"},
{"id":"71","source":"3","target":"1","factor":"orientation_perpendicular"},
{"id":"72","source":"1","target":"5","factor":"orientation_perpendicular"},
{"id":"73","source":"1","target":"9","factor":"proximity"},
{"id":"74","source":"1","target":"9","factor":"orientation_parallel"},
{"id":"75","source":"1","target":"9","factor":"orientation_perpendicular"},
{"id":"76","source":"1","target":"9","factor":"symmetry"},
{"id":"77","source":"1","target":"9","factor":"side_to_side"},
{"id":"78","source":"9","target":"2","factor":"Horizontal-Support"},
{"id":"79","source":"3","target":"9","factor":"proximity"},
{"id":"80","source":"2","target":"9","factor":"proximity"},
{"id":"81","source":"5","target":"9","factor":"proximity"},
{"id":"82","source":"3","target":"9","factor":"orientation_parallel"},
{"id":"83","source":"2","target":"9","factor":"orientation_parallel"},
{"id":"84","source":"5","target":"9","factor":"orientation_parallel"},
{"id":"85","source":"5","target":"9","factor":"orientation_perpendicular"},
{"id":"86","source":"2","target":"9","factor":"orientation_perpendicular"},
{"id":"87","source":"3","target":"9","factor":"orientation_perpendicular"},
{"id":"88","source":"9","target":"5","factor":"orientation_perpendicular"},
{"id":"89","source":"1","target":"10","factor":"proximity"},
{"id":"90","source":"9","target":"10","factor":"proximity"},
{"id":"91","source":"1","target":"10","factor":"orientation_parallel"},
{"id":"92","source":"9","target":"10","factor":"orientation_parallel"},
{"id":"93","source":"1","target":"10","factor":"orientation_perpendicular"},
{"id":"94","source":"9","target":"10","factor":"orientation_perpendicular"},
{"id":"95","source":"1","target":"10","factor":"symmetry"},
{"id":"96","source":"9","target":"10","factor":"symmetry"},
{"id":"97","source":"1","target":"10","factor":"side_to_side"},
{"id":"98","source":"9","target":"10","factor":"side_to_side"},
{"id":"99","source":"10","target":"2","factor":"Horizontal-Support"},
{"id":"100","source":"3","target":"10","factor":"proximity"},
{"id":"101","source":"2","target":"10","factor":"proximity"},
{"id":"102","source":"5","target":"10","factor":"proximity"},
{"id":"103","source":"3","target":"10","factor":"orientation_parallel"},
{"id":"104","source":"2","target":"10","factor":"orientation_parallel"},
{"id":"105","source":"5","target":"10","factor":"orientation_parallel"},
{"id":"106","source":"5","target":"10","factor":"orientation_perpendicular"},
{"id":"107","source":"2","target":"10","factor":"orientation_perpendicular"},
{"id":"108","source":"3","target":"10","factor":"orientation_perpendicular"},
{"id":"109","source":"10","target":"5","factor":"orientation_perpendicular"},
{"id":"110","source":"1","target":"11","factor":"proximity"},
{"id":"111","source":"9","target":"11","factor":"proximity"},
{"id":"112","source":"10","target":"11","factor":"proximity"},
{"id":"113","source":"1","target":"11","factor":"orientation_parallel"},
{"id":"114","source":"9","target":"11","factor":"orientation_parallel"},
{"id":"115","source":"10","target":"11","factor":"orientation_parallel"},
{"id":"116","source":"1","target":"11","factor":"orientation_perpendicular"},
{"id":"117","source":"9","target":"11","factor":"orientation_perpendicular"},
{"id":"118","source":"10","target":"11","factor":"orientation_perpendicular"},
{"id":"119","source":"1","target":"11","factor":"symmetry"},
{"id":"120","source":"9","target":"11","factor":"symmetry"},
{"id":"121","source":"10","target":"11","factor":"symmetry"},
{"id":"122","source":"1","target":"11","factor":"side_to_side"},
{"id":"123","source":"9","target":"11","factor":"side_to_side"},
{"id":"124","source":"10","target":"11","factor":"side_to_side"},
{"id":"125","source":"11","target":"2","factor":"Horizontal-Support"},
{"id":"126","source":"3","target":"11","factor":"proximity"},
{"id":"127","source":"2","target":"11","factor":"proximity"},
{"id":"128","source":"5","target":"11","factor":"proximity"},
{"id":"129","source":"3","target":"11","factor":"orientation_parallel"},
{"id":"130","source":"2","target":"11","factor":"orientation_parallel"},
{"id":"131","source":"5","target":"11","factor":"orientation_parallel"},
{"id":"132","source":"5","target":"11","factor":"orientation_perpendicular"},
{"id":"133","source":"2","target":"11","factor":"orientation_perpendicular"},
{"id":"134","source":"3","target":"11","factor":"orientation_perpendicular"},
{"id":"135","source":"11","target":"5","factor":"orientation_perpendicular"},
{"id":"136","source":"3","target":"5","factor":"proximity"},
{"id":"137","source":"2","target":"5","factor":"proximity"},
{"id":"138","source":"5","target":"2","factor":"orientation_parallel"},
{"id":"139","source":"2","target":"5","factor":"orientation_parallel"},
{"id":"140","source":"3","target":"5","factor":"orientation_parallel"},
{"id":"141","source":"5","target":"12","factor":"proximity"},
{"id":"142","source":"5","target":"12","factor":"orientation_parallel"},
{"id":"143","source":"5","target":"12","factor":"orientation_perpendicular"},
{"id":"144","source":"5","target":"12","factor":"symmetry"},
{"id":"145","source":"3","target":"12","factor":"proximity"},
{"id":"146","source":"2","target":"12","factor":"proximity"},
{"id":"147","source":"12","target":"2","factor":"orientation_parallel"},
{"id":"148","source":"2","target":"12","factor":"orientation_parallel"},
{"id":"149","source":"3","target":"12","factor":"orientation_parallel"},
{"id":"150","source":"5","target":"13","factor":"proximity"},
{"id":"151","source":"12","target":"13","factor":"proximity"},
{"id":"152","source":"5","target":"13","factor":"orientation_parallel"},
{"id":"153","source":"12","target":"13","factor":"orientation_parallel"},
{"id":"154","source":"5","target":"13","factor":"orientation_perpendicular"},
{"id":"155","source":"12","target":"13","factor":"orientation_perpendicular"},
{"id":"156","source":"5","target":"13","factor":"symmetry"},
{"id":"157","source":"12","target":"13","factor":"symmetry"},
{"id":"158","source":"3","target":"13","factor":"proximity"},
{"id":"159","source":"2","target":"13","factor":"proximity"},
{"id":"160","source":"13","target":"2","factor":"orientation_parallel"},
{"id":"161","source":"2","target":"13","factor":"orientation_parallel"},
{"id":"162","source":"3","target":"13","factor":"orientation_parallel"},
{"id":"163","source":"5","target":"14","factor":"proximity"},
{"id":"164","source":"12","target":"14","factor":"proximity"},
{"id":"165","source":"13","target":"14","factor":"proximity"},
{"id":"166","source":"5","target":"14","factor":"orientation_parallel"},
{"id":"167","source":"12","target":"14","factor":"orientation_parallel"},
{"id":"168","source":"13","target":"14","factor":"orientation_parallel"},
{"id":"169","source":"5","target":"14","factor":"orientation_perpendicular"},
{"id":"170","source":"12","target":"14","factor":"orientation_perpendicular"},
{"id":"171","source":"13","target":"14","factor":"orientation_perpendicular"},
{"id":"172","source":"5","target":"14","factor":"symmetry"},
{"id":"173","source":"12","target":"14","factor":"symmetry"},
{"id":"174","source":"13","target":"14","factor":"symmetry"},
{"id":"175","source":"3","target":"14","factor":"proximity"},
{"id":"176","source":"2","target":"14","factor":"proximity"},
{"id":"177","source":"14","target":"2","factor":"orientation_parallel"},
{"id":"178","source":"2","target":"14","factor":"orientation_parallel"},
{"id":"179","source":"3","target":"14","factor":"orientation_parallel"},
{"id":"180","source":"5","target":"15","factor":"proximity"},
{"id":"181","source":"12","target":"15","factor":"proximity"},
{"id":"182","source":"13","target":"15","factor":"proximity"},
{"id":"183","source":"14","target":"15","factor":"proximity"},
{"id":"184","source":"5","target":"15","factor":"orientation_parallel"},
{"id":"185","source":"12","target":"15","factor":"orientation_parallel"},
{"id":"186","source":"13","target":"15","factor":"orientation_parallel"},
{"id":"187","source":"14","target":"15","factor":"orientation_parallel"},
{"id":"188","source":"5","target":"15","factor":"orientation_perpendicular"},
{"id":"189","source":"12","target":"15","factor":"orientation_perpendicular"},
{"id":"190","source":"13","target":"15","factor":"orientation_perpendicular"},
{"id":"191","source":"14","target":"15","factor":"orientation_perpendicular"},
{"id":"192","source":"5","target":"15","factor":"symmetry"},
{"id":"193","source":"12","target":"15","factor":"symmetry"},
{"id":"194","source":"13","target":"15","factor":"symmetry"},
{"id":"195","source":"14","target":"15","factor":"symmetry"},
{"id":"196","source":"3","target":"15","factor":"proximity"},
{"id":"197","source":"2","target":"15","factor":"proximity"},
{"id":"198","source":"15","target":"2","factor":"orientation_parallel"},
{"id":"199","source":"2","target":"15","factor":"orientation_parallel"},
{"id":"200","source":"3","target":"15","factor":"orientation_parallel"},
{"id":"201","source":"5","target":"16","factor":"proximity"},
{"id":"202","source":"12","target":"16","factor":"proximity"},
{"id":"203","source":"13","target":"16","factor":"proximity"},
{"id":"204","source":"14","target":"16","factor":"proximity"},
{"id":"205","source":"15","target":"16","factor":"proximity"},
{"id":"206","source":"5","target":"16","factor":"orientation_parallel"},
{"id":"207","source":"12","target":"16","factor":"orientation_parallel"},
{"id":"208","source":"13","target":"16","factor":"orientation_parallel"},
{"id":"209","source":"14","target":"16","factor":"orientation_parallel"},
{"id":"210","source":"15","target":"16","factor":"orientation_parallel"},
{"id":"211","source":"5","target":"16","factor":"orientation_perpendicular"},
{"id":"212","source":"12","target":"16","factor":"orientation_perpendicular"},
{"id":"213","source":"13","target":"16","factor":"orientation_perpendicular"},
{"id":"214","source":"14","target":"16","factor":"orientation_perpendicular"},
{"id":"215","source":"15","target":"16","factor":"orientation_perpendicular"},
{"id":"216","source":"5","target":"16","factor":"symmetry"},
{"id":"217","source":"12","target":"16","factor":"symmetry"},
{"id":"218","source":"13","target":"16","factor":"symmetry"},
{"id":"219","source":"14","target":"16","factor":"symmetry"},
{"id":"220","source":"15","target":"16","factor":"symmetry"},
{"id":"221","source":"3","target":"16","factor":"proximity"},
{"id":"222","source":"2","target":"16","factor":"proximity"},
{"id":"223","source":"16","target":"2","factor":"orientation_parallel"},
{"id":"224","source":"2","target":"16","factor":"orientation_parallel"},
{"id":"225","source":"3","target":"16","factor":"orientation_parallel"},
{"id":"226","source":"5","target":"17","factor":"proximity"},
{"id":"227","source":"12","target":"17","factor":"proximity"},
{"id":"228","source":"13","target":"17","factor":"proximity"},
{"id":"229","source":"14","target":"17","factor":"proximity"},
{"id":"230","source":"15","target":"17","factor":"proximity"},
{"id":"231","source":"16","target":"17","factor":"proximity"},
{"id":"232","source":"5","target":"17","factor":"orientation_parallel"},
{"id":"233","source":"12","target":"17","factor":"orientation_parallel"},
{"id":"234","source":"13","target":"17","factor":"orientation_parallel"},
{"id":"235","source":"14","target":"17","factor":"orientation_parallel"},
{"id":"236","source":"15","target":"17","factor":"orientation_parallel"},
{"id":"237","source":"16","target":"17","factor":"orientation_parallel"},
{"id":"238","source":"5","target":"17","factor":"orientation_perpendicular"},
{"id":"239","source":"12","target":"17","factor":"orientation_perpendicular"},
{"id":"240","source":"13","target":"17","factor":"orientation_perpendicular"},
{"id":"241","source":"14","target":"17","factor":"orientation_perpendicular"},
{"id":"242","source":"15","target":"17","factor":"orientation_perpendicular"},
{"id":"243","source":"16","target":"17","factor":"orientation_perpendicular"},
{"id":"244","source":"5","target":"17","factor":"symmetry"},
{"id":"245","source":"12","target":"17","factor":"symmetry"},
{"id":"246","source":"13","target":"17","factor":"symmetry"},
{"id":"247","source":"14","target":"17","factor":"symmetry"},
{"id":"248","source":"15","target":"17","factor":"symmetry"},
{"id":"249","source":"16","target":"17","factor":"symmetry"},
{"id":"250","source":"3","target":"17","factor":"proximity"},
{"id":"251","source":"2","target":"17","factor":"proximity"},
{"id":"252","source":"17","target":"2","factor":"orientation_parallel"},
{"id":"253","source":"2","target":"17","factor":"orientation_parallel"},
{"id":"254","source":"3","target":"17","factor":"orientation_parallel"},
{"id":"255","source":"5","target":"18","factor":"proximity"},
{"id":"256","source":"12","target":"18","factor":"proximity"},
{"id":"257","source":"13","target":"18","factor":"proximity"},
{"id":"258","source":"14","target":"18","factor":"proximity"},
{"id":"259","source":"15","target":"18","factor":"proximity"},
{"id":"260","source":"16","target":"18","factor":"proximity"},
{"id":"261","source":"17","target":"18","factor":"proximity"},
{"id":"262","source":"5","target":"18","factor":"orientation_parallel"},
{"id":"263","source":"12","target":"18","factor":"orientation_parallel"},
{"id":"264","source":"13","target":"18","factor":"orientation_parallel"},
{"id":"265","source":"14","target":"18","factor":"orientation_parallel"},
{"id":"266","source":"15","target":"18","factor":"orientation_parallel"},
{"id":"267","source":"16","target":"18","factor":"orientation_parallel"},
{"id":"268","source":"17","target":"18","factor":"orientation_parallel"},
{"id":"269","source":"5","target":"18","factor":"orientation_perpendicular"},
{"id":"270","source":"12","target":"18","factor":"orientation_perpendicular"},
{"id":"271","source":"13","target":"18","factor":"orientation_perpendicular"},
{"id":"272","source":"14","target":"18","factor":"orientation_perpendicular"},
{"id":"273","source":"15","target":"18","factor":"orientation_perpendicular"},
{"id":"274","source":"16","target":"18","factor":"orientation_perpendicular"},
{"id":"275","source":"17","target":"18","factor":"orientation_perpendicular"},
{"id":"276","source":"5","target":"18","factor":"symmetry"},
{"id":"277","source":"12","target":"18","factor":"symmetry"},
{"id":"278","source":"13","target":"18","factor":"symmetry"},
{"id":"279","source":"14","target":"18","factor":"symmetry"},
{"id":"280","source":"15","target":"18","factor":"symmetry"},
{"id":"281","source":"16","target":"18","factor":"symmetry"},
{"id":"282","source":"17","target":"18","factor":"symmetry"},
{"id":"283","source":"3","target":"18","factor":"proximity"},
{"id":"284","source":"2","target":"18","factor":"proximity"},
{"id":"285","source":"18","target":"2","factor":"orientation_parallel"},
{"id":"286","source":"2","target":"18","factor":"orientation_parallel"},
{"id":"287","source":"3","target":"18","factor":"orientation_parallel"},
{"id":"288","source":"5","target":"19","factor":"proximity"},
{"id":"289","source":"12","target":"19","factor":"proximity"},
{"id":"290","source":"13","target":"19","factor":"proximity"},
{"id":"291","source":"14","target":"19","factor":"proximity"},
{"id":"292","source":"15","target":"19","factor":"proximity"},
{"id":"293","source":"16","target":"19","factor":"proximity"},
{"id":"294","source":"17","target":"19","factor":"proximity"},
{"id":"295","source":"18","target":"19","factor":"proximity"},
{"id":"296","source":"5","target":"19","factor":"orientation_parallel"},
{"id":"297","source":"12","target":"19","factor":"orientation_parallel"},
{"id":"298","source":"13","target":"19","factor":"orientation_parallel"},
{"id":"299","source":"14","target":"19","factor":"orientation_parallel"},
{"id":"300","source":"15","target":"19","factor":"orientation_parallel"},
{"id":"301","source":"16","target":"19","factor":"orientation_parallel"},
{"id":"302","source":"17","target":"19","factor":"orientation_parallel"},
{"id":"303","source":"18","target":"19","factor":"orientation_parallel"},
{"id":"304","source":"5","target":"19","factor":"orientation_perpendicular"},
{"id":"305","source":"12","target":"19","factor":"orientation_perpendicular"},
{"id":"306","source":"13","target":"19","factor":"orientation_perpendicular"},
{"id":"307","source":"14","target":"19","factor":"orientation_perpendicular"},
{"id":"308","source":"15","target":"19","factor":"orientation_perpendicular"},
{"id":"309","source":"16","target":"19","factor":"orientation_perpendicular"},
{"id":"310","source":"17","target":"19","factor":"orientation_perpendicular"},
{"id":"311","source":"18","target":"19","factor":"orientation_perpendicular"},
{"id":"312","source":"5","target":"19","factor":"symmetry"},
{"id":"313","source":"12","target":"19","factor":"symmetry"},
{"id":"314","source":"13","target":"19","factor":"symmetry"},
{"id":"315","source":"14","target":"19","factor":"symmetry"},
{"id":"316","source":"15","target":"19","factor":"symmetry"},
{"id":"317","source":"16","target":"19","factor":"symmetry"},
{"id":"318","source":"17","target":"19","factor":"symmetry"},
{"id":"319","source":"18","target":"19","factor":"symmetry"},
{"id":"320","source":"3","target":"19","factor":"proximity"},
{"id":"321","source":"2","target":"19","factor":"proximity"},
{"id":"322","source":"19","target":"2","factor":"orientation_parallel"},
{"id":"323","source":"2","target":"19","factor":"orientation_parallel"},
{"id":"324","source":"3","target":"19","factor":"orientation_parallel"},
{"id":"325","source":"3","target":"2","factor":"proximity"},
{"id":"326","source":"2","target":"3","factor":"orientation_parallel"}
],
"probability":[
{"id":"0","value":0.0579915},
{"id":"1","value":0.0353607},
{"id":"2","value":0.0381895},
{"id":"3","value":0.04314},
{"id":"4","value":0.0438472},
{"id":"5","value":0.0134371},
{"id":"6","value":0.029703},
{"id":"7","value":0.0480905},
{"id":"8","value":0.0579915},
{"id":"9","value":0.0353607},
{"id":"10","value":0.0381895},
{"id":"11","value":0.04314},
{"id":"12","value":0.0438472},
{"id":"13","value":0.0134371},
{"id":"14","value":0.0685997},
{"id":"15","value":0.0572843},
{"id":"16","value":0.180339},
{"id":"17","value":0.130127},
{"id":"18","value":0.144272},
{"id":"19","value":0.302687},
{"id":"20","value":0.062942},
{"id":"21","value":0.0785007},
{"id":"22","value":0.0205092},
{"id":"23","value":0.0219236},
{"id":"24","value":0.0374823},
{"id":"25","value":0.0417256},
{"id":"26","value":0.0148515},
{"id":"27","value":0.0975955},
{"id":"28","value":0.0410184},
{"id":"29","value":0.0721358},
{"id":"30","value":0.0685997},
{"id":"31","value":0.0572843},
{"id":"32","value":0.180339},
{"id":"33","value":0.130127},
{"id":"34","value":0.144272},
{"id":"35","value":0.302687},
{"id":"36","value":0.062942},
{"id":"37","value":0.0785007},
{"id":"38","value":0.0205092},
{"id":"39","value":0.0219236},
{"id":"40","value":0.0374823},
{"id":"41","value":0.0417256},
{"id":"42","value":0.0148515},
{"id":"43","value":0.0975955},
{"id":"44","value":0.0975955},
{"id":"45","value":0.0410184},
{"id":"46","value":0.0410184},
{"id":"47","value":0.0721358},
{"id":"48","value":0.0721358},
{"id":"49","value":0.0685997},
{"id":"50","value":0.0572843},
{"id":"51","value":0.180339},
{"id":"52","value":0.130127},
{"id":"53","value":0.144272},
{"id":"54","value":0.302687},
{"id":"55","value":0.062942},
{"id":"56","value":0.0785007},
{"id":"57","value":0.0205092},
{"id":"58","value":0.0219236},
{"id":"59","value":0.0374823},
{"id":"60","value":0.0417256},
{"id":"61","value":0.0148515},
{"id":"62","value":0.524045},
{"id":"63","value":0.0685997},
{"id":"64","value":0.0622348},
{"id":"65","value":0.0586987},
{"id":"66","value":0.218529},
{"id":"67","value":0.264498},
{"id":"68","value":0.11174},
{"id":"69","value":0.358557},
{"id":"70","value":0.847949},
{"id":"71","value":0.717822},
{"id":"72","value":0.0799151},
{"id":"73","value":0.0841584},
{"id":"74","value":0.651344},
{"id":"75","value":0.881188},
{"id":"76","value":0.692362},
{"id":"77","value":0.105375},
{"id":"78","value":0.524045},
{"id":"79","value":0.0685997},
{"id":"80","value":0.0622348},
{"id":"81","value":0.0586987},
{"id":"82","value":0.218529},
{"id":"83","value":0.264498},
{"id":"84","value":0.11174},
{"id":"85","value":0.358557},
{"id":"86","value":0.847949},
{"id":"87","value":0.717822},
{"id":"88","value":0.0799151},
{"id":"89","value":0.0841584},
{"id":"90","value":0.0841584},
{"id":"91","value":0.651344},
{"id":"92","value":0.651344},
{"id":"93","value":0.881188},
{"id":"94","value":0.881188},
{"id":"95","value":0.692362},
{"id":"96","value":0.692362},
{"id":"97","value":0.105375},
{"id":"98","value":0.105375},
{"id":"99","value":0.524045},
{"id":"100","value":0.0685997},
{"id":"101","value":0.0622348},
{"id":"102","value":0.0586987},
{"id":"103","value":0.218529},
{"id":"104","value":0.264498},
{"id":"105","value":0.11174},
{"id":"106","value":0.358557},
{"id":"107","value":0.847949},
{"id":"108","value":0.717822},
{"id":"109","value":0.0799151},
{"id":"110","value":0.0841584},
{"id":"111","value":0.0841584},
{"id":"112","value":0.0841584},
{"id":"113","value":0.651344},
{"id":"114","value":0.651344},
{"id":"115","value":0.651344},
{"id":"116","value":0.881188},
{"id":"117","value":0.881188},
{"id":"118","value":0.881188},
{"id":"119","value":0.692362},
{"id":"120","value":0.692362},
{"id":"121","value":0.692362},
{"id":"122","value":0.105375},
{"id":"123","value":0.105375},
{"id":"124","value":0.105375},
{"id":"125","value":0.524045},
{"id":"126","value":0.0685997},
{"id":"127","value":0.0622348},
{"id":"128","value":0.0586987},
{"id":"129","value":0.218529},
{"id":"130","value":0.264498},
{"id":"131","value":0.11174},
{"id":"132","value":0.358557},
{"id":"133","value":0.847949},
{"id":"134","value":0.717822},
{"id":"135","value":0.0799151},
{"id":"136","value":0.0671853},
{"id":"137","value":0.0622348},
{"id":"138","value":0.405941},
{"id":"139","value":0.218529},
{"id":"140","value":0.328854},
{"id":"141","value":0.0523338},
{"id":"142","value":0.245403},
{"id":"143","value":0.0254597},
{"id":"144","value":0.188826},
{"id":"145","value":0.0671853},
{"id":"146","value":0.0622348},
{"id":"147","value":0.405941},
{"id":"148","value":0.218529},
{"id":"149","value":0.328854},
{"id":"150","value":0.0523338},
{"id":"151","value":0.0523338},
{"id":"152","value":0.245403},
{"id":"153","value":0.245403},
{"id":"154","value":0.0254597},
{"id":"155","value":0.0254597},
{"id":"156","value":0.188826},
{"id":"157","value":0.188826},
{"id":"158","value":0.0671853},
{"id":"159","value":0.0622348},
{"id":"160","value":0.405941},
{"id":"161","value":0.218529},
{"id":"162","value":0.328854},
{"id":"163","value":0.0523338},
{"id":"164","value":0.0523338},
{"id":"165","value":0.0523338},
{"id":"166","value":0.245403},
{"id":"167","value":0.245403},
{"id":"168","value":0.245403},
{"id":"169","value":0.0254597},
{"id":"170","value":0.0254597},
{"id":"171","value":0.0254597},
{"id":"172","value":0.188826},
{"id":"173","value":0.188826},
{"id":"174","value":0.188826},
{"id":"175","value":0.0671853},
{"id":"176","value":0.0622348},
{"id":"177","value":0.405941},
{"id":"178","value":0.218529},
{"id":"179","value":0.328854},
{"id":"180","value":0.0523338},
{"id":"181","value":0.0523338},
{"id":"182","value":0.0523338},
{"id":"183","value":0.0523338},
{"id":"184","value":0.245403},
{"id":"185","value":0.245403},
{"id":"186","value":0.245403},
{"id":"187","value":0.245403},
{"id":"188","value":0.0254597},
{"id":"189","value":0.0254597},
{"id":"190","value":0.0254597},
{"id":"191","value":0.0254597},
{"id":"192","value":0.188826},
{"id":"193","value":0.188826},
{"id":"194","value":0.188826},
{"id":"195","value":0.188826},
{"id":"196","value":0.0671853},
{"id":"197","value":0.0622348},
{"id":"198","value":0.405941},
{"id":"199","value":0.218529},
{"id":"200","value":0.328854},
{"id":"201","value":0.0523338},
{"id":"202","value":0.0523338},
{"id":"203","value":0.0523338},
{"id":"204","value":0.0523338},
{"id":"205","value":0.0523338},
{"id":"206","value":0.245403},
{"id":"207","value":0.245403},
{"id":"208","value":0.245403},
{"id":"209","value":0.245403},
{"id":"210","value":0.245403},
{"id":"211","value":0.0254597},
{"id":"212","value":0.0254597},
{"id":"213","value":0.0254597},
{"id":"214","value":0.0254597},
{"id":"215","value":0.0254597},
{"id":"216","value":0.188826},
{"id":"217","value":0.188826},
{"id":"218","value":0.188826},
{"id":"219","value":0.188826},
{"id":"220","value":0.188826},
{"id":"221","value":0.0671853},
{"id":"222","value":0.0622348},
{"id":"223","value":0.405941},
{"id":"224","value":0.218529},
{"id":"225","value":0.328854},
{"id":"226","value":0.0523338},
{"id":"227","value":0.0523338},
{"id":"228","value":0.0523338},
{"id":"229","value":0.0523338},
{"id":"230","value":0.0523338},
{"id":"231","value":0.0523338},
{"id":"232","value":0.245403},
{"id":"233","value":0.245403},
{"id":"234","value":0.245403},
{"id":"235","value":0.245403},
{"id":"236","value":0.245403},
{"id":"237","value":0.245403},
{"id":"238","value":0.0254597},
{"id":"239","value":0.0254597},
{"id":"240","value":0.0254597},
{"id":"241","value":0.0254597},
{"id":"242","value":0.0254597},
{"id":"243","value":0.0254597},
{"id":"244","value":0.188826},
{"id":"245","value":0.188826},
{"id":"246","value":0.188826},
{"id":"247","value":0.188826},
{"id":"248","value":0.188826},
{"id":"249","value":0.188826},
{"id":"250","value":0.0671853},
{"id":"251","value":0.0622348},
{"id":"252","value":0.405941},
{"id":"253","value":0.218529},
{"id":"254","value":0.328854},
{"id":"255","value":0.0523338},
{"id":"256","value":0.0523338},
{"id":"257","value":0.0523338},
{"id":"258","value":0.0523338},
{"id":"259","value":0.0523338},
{"id":"260","value":0.0523338},
{"id":"261","value":0.0523338},
{"id":"262","value":0.245403},
{"id":"263","value":0.245403},
{"id":"264","value":0.245403},
{"id":"265","value":0.245403},
{"id":"266","value":0.245403},
{"id":"267","value":0.245403},
{"id":"268","value":0.245403},
{"id":"269","value":0.0254597},
{"id":"270","value":0.0254597},
{"id":"271","value":0.0254597},
{"id":"272","value":0.0254597},
{"id":"273","value":0.0254597},
{"id":"274","value":0.0254597},
{"id":"275","value":0.0254597},
{"id":"276","value":0.188826},
{"id":"277","value":0.188826},
{"id":"278","value":0.188826},
{"id":"279","value":0.188826},
{"id":"280","value":0.188826},
{"id":"281","value":0.188826},
{"id":"282","value":0.188826},
{"id":"283","value":0.0671853},
{"id":"284","value":0.0622348},
{"id":"285","value":0.405941},
{"id":"286","value":0.218529},
{"id":"287","value":0.328854},
{"id":"288","value":0.0523338},
{"id":"289","value":0.0523338},
{"id":"290","value":0.0523338},
{"id":"291","value":0.0523338},
{"id":"292","value":0.0523338},
{"id":"293","value":0.0523338},
{"id":"294","value":0.0523338},
{"id":"295","value":0.0523338},
{"id":"296","value":0.245403},
{"id":"297","value":0.245403},
{"id":"298","value":0.245403},
{"id":"299","value":0.245403},
{"id":"300","value":0.245403},
{"id":"301","value":0.245403},
{"id":"302","value":0.245403},
{"id":"303","value":0.245403},
{"id":"304","value":0.0254597},
{"id":"305","value":0.0254597},
{"id":"306","value":0.0254597},
{"id":"307","value":0.0254597},
{"id":"308","value":0.0254597},
{"id":"309","value":0.0254597},
{"id":"310","value":0.0254597},
{"id":"311","value":0.0254597},
{"id":"312","value":0.188826},
{"id":"313","value":0.188826},
{"id":"314","value":0.188826},
{"id":"315","value":0.188826},
{"id":"316","value":0.188826},
{"id":"317","value":0.188826},
{"id":"318","value":0.188826},
{"id":"319","value":0.188826},
{"id":"320","value":0.0671853},
{"id":"321","value":0.0622348},
{"id":"322","value":0.405941},
{"id":"323","value":0.218529},
{"id":"324","value":0.328854},
{"id":"325","value":0.0685997},
{"id":"326","value":0.84512}
]}