{
"vertices":[
{"id":"0","name":"fence","Leaves":[{"name":"fence","frequency":0.450001 }],"frequency":0.101839},
{"id":"1","name":"wall","Leaves":[{"name":"wall","frequency":0.215618 }],"frequency":0.915842},
{"id":"2","name":"floor","Leaves":[],"frequency":0.997878},
{"id":"3","name":"chair","Leaves":[{"name":"chair","frequency":0.301 }],"frequency":0.212871},
{"id":"4","name":"plant","Leaves":[{"name":"plant","frequency":0.325234 }],"frequency":0.369165},
{"id":"5","name":"column","Leaves":[{"name":"column","frequency":0.297142 }],"frequency":0.110325},
{"id":"6","name":"ceiling","Leaves":[],"frequency":0.84512},
{"id":"7","name":"window","Leaves":[{"name":"window","frequency":0.598504 }],"frequency":0.339463},
{"id":"8","name":"coffee_table","Leaves":[{"name":"coffee_table","frequency":0.716792 }],"frequency":0.202263},
{"id":"9","name":"outdoor_lamp","Leaves":[{"name":"outdoor_lamp","frequency":0.359307 }],"frequency":0.117397},
{"id":"10","name":"wall_lamp","Leaves":[{"name":"wall_lamp","frequency":0.446352 }],"frequency":0.0735502},
{"id":"11","name":"shelving","Leaves":[{"name":"shelving","frequency":0.447368 }],"frequency":0.0841584},
{"id":"12","name":"fence","Leaves":[{"name":"fence","frequency":0.450001 }],"frequency":0},
{"id":"13","name":"coffee_table","Leaves":[{"name":"coffee_table","frequency":0.716792 }],"frequency":4.21735e-08},
{"id":"14","name":"coffee_table","Leaves":[{"name":"coffee_table","frequency":0.716792 }],"frequency":0},
{"id":"15","name":"chair","Leaves":[{"name":"chair","frequency":0.301 }],"frequency":1.06772e-05},
{"id":"16","name":"outdoor_lamp","Leaves":[{"name":"outdoor_lamp","frequency":0.359307 }],"frequency":8.11352e-43},
{"id":"17","name":"outdoor_lamp","Leaves":[{"name":"outdoor_lamp","frequency":0.359307 }],"frequency":0},
{"id":"18","name":"outdoor_lamp","Leaves":[{"name":"outdoor_lamp","frequency":0.359307 }],"frequency":0},
{"id":"19","name":"outdoor_lamp","Leaves":[{"name":"outdoor_lamp","frequency":0.359307 }],"frequency":0},
{"id":"20","name":"wall","Leaves":[{"name":"wall","frequency":0.215618 }],"frequency":0.000619477},
{"id":"21","name":"wall","Leaves":[{"name":"wall","frequency":0.215618 }],"frequency":0},
{"id":"22","name":"wall","Leaves":[{"name":"wall","frequency":0.215618 }],"frequency":0},
{"id":"23","name":"wall","Leaves":[{"name":"wall","frequency":0.215618 }],"frequency":0},
{"id":"24","name":"wall","Leaves":[{"name":"wall","frequency":0.215618 }],"frequency":0}
],
"rules":[
{"id":"0","source":"6","target":"0","factor":"proximity"},
{"id":"1","source":"4","target":"0","factor":"orientation_perpendicular"},
{"id":"2","source":"6","target":"0","factor":"orientation_perpendicular"},
{"id":"3","source":"2","target":"0","factor":"orientation_perpendicular"},
{"id":"4","source":"0","target":"1","factor":"orientation_perpendicular"},
{"id":"5","source":"5","target":"0","factor":"orientation_perpendicular"},
{"id":"6","source":"0","target":"4","factor":"orientation_perpendicular"},
{"id":"7","source":"0","target":"12","factor":"orientation_perpendicular"},
{"id":"8","source":"0","target":"12","factor":"symmetry"},
{"id":"9","source":"6","target":"12","factor":"proximity"},
{"id":"10","source":"4","target":"12","factor":"orientation_perpendicular"},
{"id":"11","source":"6","target":"12","factor":"orientation_perpendicular"},
{"id":"12","source":"2","target":"12","factor":"orientation_perpendicular"},
{"id":"13","source":"12","target":"1","factor":"orientation_perpendicular"},
{"id":"14","source":"5","target":"12","factor":"orientation_perpendicular"},
{"id":"15","source":"12","target":"4","factor":"orientation_perpendicular"},
{"id":"16","source":"3","target":"8","factor":"proximity"},
{"id":"17","source":"6","target":"8","factor":"proximity"},
{"id":"18","source":"8","target":"1","factor":"proximity"},
{"id":"19","source":"2","target":"8","factor":"orientation_parallel"},
{"id":"20","source":"4","target":"8","factor":"orientation_parallel"},
{"id":"21","source":"8","target":"4","factor":"orientation_parallel"},
{"id":"22","source":"6","target":"8","factor":"orientation_parallel"},
{"id":"23","source":"8","target":"1","factor":"orientation_parallel"},
{"id":"24","source":"4","target":"8","factor":"orientation_perpendicular"},
{"id":"25","source":"2","target":"8","factor":"orientation_perpendicular"},
{"id":"26","source":"6","target":"8","factor":"orientation_perpendicular"},
{"id":"27","source":"1","target":"8","factor":"orientation_perpendicular"},
{"id":"28","source":"3","target":"8","factor":"orientation_perpendicular"},
{"id":"29","source":"8","target":"3","factor":"orientation_perpendicular"},
{"id":"30","source":"8","target":"1","factor":"orientation_perpendicular"},
{"id":"31","source":"8","target":"9","factor":"orientation_perpendicular"},
{"id":"32","source":"8","target":"13","factor":"orientation_perpendicular"},
{"id":"33","source":"8","target":"13","factor":"symmetry"},
{"id":"34","source":"3","target":"13","factor":"proximity"},
{"id":"35","source":"6","target":"13","factor":"proximity"},
{"id":"36","source":"13","target":"1","factor":"proximity"},
{"id":"37","source":"2","target":"13","factor":"orientation_parallel"},
{"id":"38","source":"4","target":"13","factor":"orientation_parallel"},
{"id":"39","source":"13","target":"4","factor":"orientation_parallel"},
{"id":"40","source":"6","target":"13","factor":"orientation_parallel"},
{"id":"41","source":"13","target":"1","factor":"orientation_parallel"},
{"id":"42","source":"4","target":"13","factor":"orientation_perpendicular"},
{"id":"43","source":"2","target":"13","factor":"orientation_perpendicular"},
{"id":"44","source":"6","target":"13","factor":"orientation_perpendicular"},
{"id":"45","source":"1","target":"13","factor":"orientation_perpendicular"},
{"id":"46","source":"3","target":"13","factor":"orientation_perpendicular"},
{"id":"47","source":"13","target":"3","factor":"orientation_perpendicular"},
{"id":"48","source":"13","target":"1","factor":"orientation_perpendicular"},
{"id":"49","source":"13","target":"9","factor":"orientation_perpendicular"},
{"id":"50","source":"8","target":"14","factor":"orientation_perpendicular"},
{"id":"51","source":"13","target":"14","factor":"orientation_perpendicular"},
{"id":"52","source":"8","target":"14","factor":"symmetry"},
{"id":"53","source":"13","target":"14","factor":"symmetry"},
{"id":"54","source":"3","target":"14","factor":"proximity"},
{"id":"55","source":"6","target":"14","factor":"proximity"},
{"id":"56","source":"14","target":"1","factor":"proximity"},
{"id":"57","source":"2","target":"14","factor":"orientation_parallel"},
{"id":"58","source":"4","target":"14","factor":"orientation_parallel"},
{"id":"59","source":"14","target":"4","factor":"orientation_parallel"},
{"id":"60","source":"6","target":"14","factor":"orientation_parallel"},
{"id":"61","source":"14","target":"1","factor":"orientation_parallel"},
{"id":"62","source":"4","target":"14","factor":"orientation_perpendicular"},
{"id":"63","source":"2","target":"14","factor":"orientation_perpendicular"},
{"id":"64","source":"6","target":"14","factor":"orientation_perpendicular"},
{"id":"65","source":"1","target":"14","factor":"orientation_perpendicular"},
{"id":"66","source":"3","target":"14","factor":"orientation_perpendicular"},
{"id":"67","source":"14","target":"3","factor":"orientation_perpendicular"},
{"id":"68","source":"14","target":"1","factor":"orientation_perpendicular"},
{"id":"69","source":"14","target":"9","factor":"orientation_perpendicular"},
{"id":"70","source":"3","target":"4","factor":"proximity"},
{"id":"71","source":"6","target":"3","factor":"proximity"},
{"id":"72","source":"3","target":"1","factor":"proximity"},
{"id":"73","source":"3","target":"2","factor":"proximity"},
{"id":"74","source":"3","target":"1","factor":"orientation_parallel"},
{"id":"75","source":"2","target":"3","factor":"orientation_parallel"},
{"id":"76","source":"4","target":"3","factor":"orientation_perpendicular"},
{"id":"77","source":"3","target":"2","factor":"orientation_perpendicular"},
{"id":"78","source":"3","target":"9","factor":"orientation_perpendicular"},
{"id":"79","source":"3","target":"1","factor":"orientation_perpendicular"},
{"id":"80","source":"1","target":"3","factor":"orientation_perpendicular"},
{"id":"81","source":"3","target":"4","factor":"orientation_perpendicular"},
{"id":"82","source":"6","target":"3","factor":"orientation_perpendicular"},
{"id":"83","source":"2","target":"3","factor":"orientation_perpendicular"},
{"id":"84","source":"3","target":"10","factor":"orientation_perpendicular"},
{"id":"85","source":"3","target":"15","factor":"proximity"},
{"id":"86","source":"3","target":"15","factor":"orientation_parallel"},
{"id":"87","source":"3","target":"15","factor":"orientation_perpendicular"},
{"id":"88","source":"3","target":"15","factor":"symmetry"},
{"id":"89","source":"15","target":"4","factor":"proximity"},
{"id":"90","source":"6","target":"15","factor":"proximity"},
{"id":"91","source":"15","target":"1","factor":"proximity"},
{"id":"92","source":"15","target":"2","factor":"proximity"},
{"id":"93","source":"15","target":"1","factor":"orientation_parallel"},
{"id":"94","source":"2","target":"15","factor":"orientation_parallel"},
{"id":"95","source":"4","target":"15","factor":"orientation_perpendicular"},
{"id":"96","source":"15","target":"2","factor":"orientation_perpendicular"},
{"id":"97","source":"15","target":"9","factor":"orientation_perpendicular"},
{"id":"98","source":"15","target":"1","factor":"orientation_perpendicular"},
{"id":"99","source":"1","target":"15","factor":"orientation_perpendicular"},
{"id":"100","source":"15","target":"4","factor":"orientation_perpendicular"},
{"id":"101","source":"6","target":"15","factor":"orientation_perpendicular"},
{"id":"102","source":"2","target":"15","factor":"orientation_perpendicular"},
{"id":"103","source":"15","target":"10","factor":"orientation_perpendicular"},
{"id":"104","source":"6","target":"9","factor":"proximity"},
{"id":"105","source":"9","target":"1","factor":"orientation_parallel"},
{"id":"106","source":"6","target":"9","factor":"orientation_parallel"},
{"id":"107","source":"2","target":"9","factor":"orientation_parallel"},
{"id":"108","source":"9","target":"1","factor":"orientation_perpendicular"},
{"id":"109","source":"2","target":"9","factor":"orientation_perpendicular"},
{"id":"110","source":"4","target":"9","factor":"orientation_perpendicular"},
{"id":"111","source":"5","target":"9","factor":"orientation_perpendicular"},
{"id":"112","source":"1","target":"9","factor":"orientation_perpendicular"},
{"id":"113","source":"6","target":"9","factor":"orientation_perpendicular"},
{"id":"114","source":"9","target":"5","factor":"orientation_perpendicular"},
{"id":"115","source":"9","target":"4","factor":"orientation_perpendicular"},
{"id":"116","source":"9","target":"16","factor":"orientation_parallel"},
{"id":"117","source":"9","target":"16","factor":"orientation_perpendicular"},
{"id":"118","source":"9","target":"16","factor":"symmetry"},
{"id":"119","source":"6","target":"16","factor":"proximity"},
{"id":"120","source":"16","target":"1","factor":"orientation_parallel"},
{"id":"121","source":"6","target":"16","factor":"orientation_parallel"},
{"id":"122","source":"2","target":"16","factor":"orientation_parallel"},
{"id":"123","source":"16","target":"1","factor":"orientation_perpendicular"},
{"id":"124","source":"2","target":"16","factor":"orientation_perpendicular"},
{"id":"125","source":"4","target":"16","factor":"orientation_perpendicular"},
{"id":"126","source":"5","target":"16","factor":"orientation_perpendicular"},
{"id":"127","source":"1","target":"16","factor":"orientation_perpendicular"},
{"id":"128","source":"6","target":"16","factor":"orientation_perpendicular"},
{"id":"129","source":"16","target":"5","factor":"orientation_perpendicular"},
{"id":"130","source":"16","target":"4","factor":"orientation_perpendicular"},
{"id":"131","source":"9","target":"17","factor":"orientation_parallel"},
{"id":"132","source":"16","target":"17","factor":"orientation_parallel"},
{"id":"133","source":"9","target":"17","factor":"orientation_perpendicular"},
{"id":"134","source":"16","target":"17","factor":"orientation_perpendicular"},
{"id":"135","source":"9","target":"17","factor":"symmetry"},
{"id":"136","source":"16","target":"17","factor":"symmetry"},
{"id":"137","source":"6","target":"17","factor":"proximity"},
{"id":"138","source":"17","target":"1","factor":"orientation_parallel"},
{"id":"139","source":"6","target":"17","factor":"orientation_parallel"},
{"id":"140","source":"2","target":"17","factor":"orientation_parallel"},
{"id":"141","source":"17","target":"1","factor":"orientation_perpendicular"},
{"id":"142","source":"2","target":"17","factor":"orientation_perpendicular"},
{"id":"143","source":"4","target":"17","factor":"orientation_perpendicular"},
{"id":"144","source":"5","target":"17","factor":"orientation_perpendicular"},
{"id":"145","source":"1","target":"17","factor":"orientation_perpendicular"},
{"id":"146","source":"6","target":"17","factor":"orientation_perpendicular"},
{"id":"147","source":"17","target":"5","factor":"orientation_perpendicular"},
{"id":"148","source":"17","target":"4","factor":"orientation_perpendicular"},
{"id":"149","source":"9","target":"18","factor":"orientation_parallel"},
{"id":"150","source":"16","target":"18","factor":"orientation_parallel"},
{"id":"151","source":"17","target":"18","factor":"orientation_parallel"},
{"id":"152","source":"9","target":"18","factor":"orientation_perpendicular"},
{"id":"153","source":"16","target":"18","factor":"orientation_perpendicular"},
{"id":"154","source":"17","target":"18","factor":"orientation_perpendicular"},
{"id":"155","source":"9","target":"18","factor":"symmetry"},
{"id":"156","source":"16","target":"18","factor":"symmetry"},
{"id":"157","source":"17","target":"18","factor":"symmetry"},
{"id":"158","source":"6","target":"18","factor":"proximity"},
{"id":"159","source":"18","target":"1","factor":"orientation_parallel"},
{"id":"160","source":"6","target":"18","factor":"orientation_parallel"},
{"id":"161","source":"2","target":"18","factor":"orientation_parallel"},
{"id":"162","source":"18","target":"1","factor":"orientation_perpendicular"},
{"id":"163","source":"2","target":"18","factor":"orientation_perpendicular"},
{"id":"164","source":"4","target":"18","factor":"orientation_perpendicular"},
{"id":"165","source":"5","target":"18","factor":"orientation_perpendicular"},
{"id":"166","source":"1","target":"18","factor":"orientation_perpendicular"},
{"id":"167","source":"6","target":"18","factor":"orientation_perpendicular"},
{"id":"168","source":"18","target":"5","factor":"orientation_perpendicular"},
{"id":"169","source":"18","target":"4","factor":"orientation_perpendicular"},
{"id":"170","source":"9","target":"19","factor":"orientation_parallel"},
{"id":"171","source":"16","target":"19","factor":"orientation_parallel"},
{"id":"172","source":"17","target":"19","factor":"orientation_parallel"},
{"id":"173","source":"18","target":"19","factor":"orientation_parallel"},
{"id":"174","source":"9","target":"19","factor":"orientation_perpendicular"},
{"id":"175","source":"16","target":"19","factor":"orientation_perpendicular"},
{"id":"176","source":"17","target":"19","factor":"orientation_perpendicular"},
{"id":"177","source":"18","target":"19","factor":"orientation_perpendicular"},
{"id":"178","source":"9","target":"19","factor":"symmetry"},
{"id":"179","source":"16","target":"19","factor":"symmetry"},
{"id":"180","source":"17","target":"19","factor":"symmetry"},
{"id":"181","source":"18","target":"19","factor":"symmetry"},
{"id":"182","source":"6","target":"19","factor":"proximity"},
{"id":"183","source":"19","target":"1","factor":"orientation_parallel"},
{"id":"184","source":"6","target":"19","factor":"orientation_parallel"},
{"id":"185","source":"2","target":"19","factor":"orientation_parallel"},
{"id":"186","source":"19","target":"1","factor":"orientation_perpendicular"},
{"id":"187","source":"2","target":"19","factor":"orientation_perpendicular"},
{"id":"188","source":"4","target":"19","factor":"orientation_perpendicular"},
{"id":"189","source":"5","target":"19","factor":"orientation_perpendicular"},
{"id":"190","source":"1","target":"19","factor":"orientation_perpendicular"},
{"id":"191","source":"6","target":"19","factor":"orientation_perpendicular"},
{"id":"192","source":"19","target":"5","factor":"orientation_perpendicular"},
{"id":"193","source":"19","target":"4","factor":"orientation_perpendicular"},
{"id":"194","source":"1","target":"2","factor":"Horizontal-Support"},
{"id":"195","source":"5","target":"1","factor":"proximity"},
{"id":"196","source":"6","target":"1","factor":"proximity"},
{"id":"197","source":"1","target":"7","factor":"proximity"},
{"id":"198","source":"2","target":"1","factor":"proximity"},
{"id":"199","source":"4","target":"1","factor":"proximity"},
{"id":"200","source":"7","target":"1","factor":"orientation_parallel"},
{"id":"201","source":"6","target":"1","factor":"orientation_parallel"},
{"id":"202","source":"2","target":"1","factor":"orientation_parallel"},
{"id":"203","source":"4","target":"1","factor":"orientation_parallel"},
{"id":"204","source":"4","target":"1","factor":"orientation_perpendicular"},
{"id":"205","source":"2","target":"1","factor":"orientation_perpendicular"},
{"id":"206","source":"7","target":"1","factor":"orientation_perpendicular"},
{"id":"207","source":"6","target":"1","factor":"orientation_perpendicular"},
{"id":"208","source":"1","target":"4","factor":"orientation_perpendicular"},
{"id":"209","source":"1","target":"7","factor":"orientation_perpendicular"},
{"id":"210","source":"11","target":"1","factor":"orientation_perpendicular"},
{"id":"211","source":"10","target":"1","factor":"orientation_perpendicular"},
{"id":"212","source":"1","target":"11","factor":"orientation_perpendicular"},
{"id":"213","source":"1","target":"5","factor":"orientation_perpendicular"},
{"id":"214","source":"5","target":"1","factor":"orientation_perpendicular"},
{"id":"215","source":"1","target":"10","factor":"orientation_perpendicular"},
{"id":"216","source":"1","target":"20","factor":"proximity"},
{"id":"217","source":"1","target":"20","factor":"orientation_parallel"},
{"id":"218","source":"1","target":"20","factor":"orientation_perpendicular"},
{"id":"219","source":"1","target":"20","factor":"symmetry"},
{"id":"220","source":"1","target":"20","factor":"side_to_side"},
{"id":"221","source":"20","target":"2","factor":"Horizontal-Support"},
{"id":"222","source":"5","target":"20","factor":"proximity"},
{"id":"223","source":"6","target":"20","factor":"proximity"},
{"id":"224","source":"20","target":"7","factor":"proximity"},
{"id":"225","source":"2","target":"20","factor":"proximity"},
{"id":"226","source":"4","target":"20","factor":"proximity"},
{"id":"227","source":"7","target":"20","factor":"orientation_parallel"},
{"id":"228","source":"6","target":"20","factor":"orientation_parallel"},
{"id":"229","source":"2","target":"20","factor":"orientation_parallel"},
{"id":"230","source":"4","target":"20","factor":"orientation_parallel"},
{"id":"231","source":"4","target":"20","factor":"orientation_perpendicular"},
{"id":"232","source":"2","target":"20","factor":"orientation_perpendicular"},
{"id":"233","source":"7","target":"20","factor":"orientation_perpendicular"},
{"id":"234","source":"6","target":"20","factor":"orientation_perpendicular"},
{"id":"235","source":"20","target":"4","factor":"orientation_perpendicular"},
{"id":"236","source":"20","target":"7","factor":"orientation_perpendicular"},
{"id":"237","source":"11","target":"20","factor":"orientation_perpendicular"},
{"id":"238","source":"10","target":"20","factor":"orientation_perpendicular"},
{"id":"239","source":"20","target":"11","factor":"orientation_perpendicular"},
{"id":"240","source":"20","target":"5","factor":"orientation_perpendicular"},
{"id":"241","source":"5","target":"20","factor":"orientation_perpendicular"},
{"id":"242","source":"20","target":"10","factor":"orientation_perpendicular"},
{"id":"243","source":"1","target":"21","factor":"proximity"},
{"id":"244","source":"20","target":"21","factor":"proximity"},
{"id":"245","source":"1","target":"21","factor":"orientation_parallel"},
{"id":"246","source":"20","target":"21","factor":"orientation_parallel"},
{"id":"247","source":"1","target":"21","factor":"orientation_perpendicular"},
{"id":"248","source":"20","target":"21","factor":"orientation_perpendicular"},
{"id":"249","source":"1","target":"21","factor":"symmetry"},
{"id":"250","source":"20","target":"21","factor":"symmetry"},
{"id":"251","source":"1","target":"21","factor":"side_to_side"},
{"id":"252","source":"20","target":"21","factor":"side_to_side"},
{"id":"253","source":"21","target":"2","factor":"Horizontal-Support"},
{"id":"254","source":"5","target":"21","factor":"proximity"},
{"id":"255","source":"6","target":"21","factor":"proximity"},
{"id":"256","source":"21","target":"7","factor":"proximity"},
{"id":"257","source":"2","target":"21","factor":"proximity"},
{"id":"258","source":"4","target":"21","factor":"proximity"},
{"id":"259","source":"7","target":"21","factor":"orientation_parallel"},
{"id":"260","source":"6","target":"21","factor":"orientation_parallel"},
{"id":"261","source":"2","target":"21","factor":"orientation_parallel"},
{"id":"262","source":"4","target":"21","factor":"orientation_parallel"},
{"id":"263","source":"4","target":"21","factor":"orientation_perpendicular"},
{"id":"264","source":"2","target":"21","factor":"orientation_perpendicular"},
{"id":"265","source":"7","target":"21","factor":"orientation_perpendicular"},
{"id":"266","source":"6","target":"21","factor":"orientation_perpendicular"},
{"id":"267","source":"21","target":"4","factor":"orientation_perpendicular"},
{"id":"268","source":"21","target":"7","factor":"orientation_perpendicular"},
{"id":"269","source":"11","target":"21","factor":"orientation_perpendicular"},
{"id":"270","source":"10","target":"21","factor":"orientation_perpendicular"},
{"id":"271","source":"21","target":"11","factor":"orientation_perpendicular"},
{"id":"272","source":"21","target":"5","factor":"orientation_perpendicular"},
{"id":"273","source":"5","target":"21","factor":"orientation_perpendicular"},
{"id":"274","source":"21","target":"10","factor":"orientation_perpendicular"},
{"id":"275","source":"1","target":"22","factor":"proximity"},
{"id":"276","source":"20","target":"22","factor":"proximity"},
{"id":"277","source":"21","target":"22","factor":"proximity"},
{"id":"278","source":"1","target":"22","factor":"orientation_parallel"},
{"id":"279","source":"20","target":"22","factor":"orientation_parallel"},
{"id":"280","source":"21","target":"22","factor":"orientation_parallel"},
{"id":"281","source":"1","target":"22","factor":"orientation_perpendicular"},
{"id":"282","source":"20","target":"22","factor":"orientation_perpendicular"},
{"id":"283","source":"21","target":"22","factor":"orientation_perpendicular"},
{"id":"284","source":"1","target":"22","factor":"symmetry"},
{"id":"285","source":"20","target":"22","factor":"symmetry"},
{"id":"286","source":"21","target":"22","factor":"symmetry"},
{"id":"287","source":"1","target":"22","factor":"side_to_side"},
{"id":"288","source":"20","target":"22","factor":"side_to_side"},
{"id":"289","source":"21","target":"22","factor":"side_to_side"},
{"id":"290","source":"22","target":"2","factor":"Horizontal-Support"},
{"id":"291","source":"5","target":"22","factor":"proximity"},
{"id":"292","source":"6","target":"22","factor":"proximity"},
{"id":"293","source":"22","target":"7","factor":"proximity"},
{"id":"294","source":"2","target":"22","factor":"proximity"},
{"id":"295","source":"4","target":"22","factor":"proximity"},
{"id":"296","source":"7","target":"22","factor":"orientation_parallel"},
{"id":"297","source":"6","target":"22","factor":"orientation_parallel"},
{"id":"298","source":"2","target":"22","factor":"orientation_parallel"},
{"id":"299","source":"4","target":"22","factor":"orientation_parallel"},
{"id":"300","source":"4","target":"22","factor":"orientation_perpendicular"},
{"id":"301","source":"2","target":"22","factor":"orientation_perpendicular"},
{"id":"302","source":"7","target":"22","factor":"orientation_perpendicular"},
{"id":"303","source":"6","target":"22","factor":"orientation_perpendicular"},
{"id":"304","source":"22","target":"4","factor":"orientation_perpendicular"},
{"id":"305","source":"22","target":"7","factor":"orientation_perpendicular"},
{"id":"306","source":"11","target":"22","factor":"orientation_perpendicular"},
{"id":"307","source":"10","target":"22","factor":"orientation_perpendicular"},
{"id":"308","source":"22","target":"11","factor":"orientation_perpendicular"},
{"id":"309","source":"22","target":"5","factor":"orientation_perpendicular"},
{"id":"310","source":"5","target":"22","factor":"orientation_perpendicular"},
{"id":"311","source":"22","target":"10","factor":"orientation_perpendicular"},
{"id":"312","source":"1","target":"23","factor":"proximity"},
{"id":"313","source":"20","target":"23","factor":"proximity"},
{"id":"314","source":"21","target":"23","factor":"proximity"},
{"id":"315","source":"22","target":"23","factor":"proximity"},
{"id":"316","source":"1","target":"23","factor":"orientation_parallel"},
{"id":"317","source":"20","target":"23","factor":"orientation_parallel"},
{"id":"318","source":"21","target":"23","factor":"orientation_parallel"},
{"id":"319","source":"22","target":"23","factor":"orientation_parallel"},
{"id":"320","source":"1","target":"23","factor":"orientation_perpendicular"},
{"id":"321","source":"20","target":"23","factor":"orientation_perpendicular"},
{"id":"322","source":"21","target":"23","factor":"orientation_perpendicular"},
{"id":"323","source":"22","target":"23","factor":"orientation_perpendicular"},
{"id":"324","source":"1","target":"23","factor":"symmetry"},
{"id":"325","source":"20","target":"23","factor":"symmetry"},
{"id":"326","source":"21","target":"23","factor":"symmetry"},
{"id":"327","source":"22","target":"23","factor":"symmetry"},
{"id":"328","source":"1","target":"23","factor":"side_to_side"},
{"id":"329","source":"20","target":"23","factor":"side_to_side"},
{"id":"330","source":"21","target":"23","factor":"side_to_side"},
{"id":"331","source":"22","target":"23","factor":"side_to_side"},
{"id":"332","source":"23","target":"2","factor":"Horizontal-Support"},
{"id":"333","source":"5","target":"23","factor":"proximity"},
{"id":"334","source":"6","target":"23","factor":"proximity"},
{"id":"335","source":"23","target":"7","factor":"proximity"},
{"id":"336","source":"2","target":"23","factor":"proximity"},
{"id":"337","source":"4","target":"23","factor":"proximity"},
{"id":"338","source":"7","target":"23","factor":"orientation_parallel"},
{"id":"339","source":"6","target":"23","factor":"orientation_parallel"},
{"id":"340","source":"2","target":"23","factor":"orientation_parallel"},
{"id":"341","source":"4","target":"23","factor":"orientation_parallel"},
{"id":"342","source":"4","target":"23","factor":"orientation_perpendicular"},
{"id":"343","source":"2","target":"23","factor":"orientation_perpendicular"},
{"id":"344","source":"7","target":"23","factor":"orientation_perpendicular"},
{"id":"345","source":"6","target":"23","factor":"orientation_perpendicular"},
{"id":"346","source":"23","target":"4","factor":"orientation_perpendicular"},
{"id":"347","source":"23","target":"7","factor":"orientation_perpendicular"},
{"id":"348","source":"11","target":"23","factor":"orientation_perpendicular"},
{"id":"349","source":"10","target":"23","factor":"orientation_perpendicular"},
{"id":"350","source":"23","target":"11","factor":"orientation_perpendicular"},
{"id":"351","source":"23","target":"5","factor":"orientation_perpendicular"},
{"id":"352","source":"5","target":"23","factor":"orientation_perpendicular"},
{"id":"353","source":"23","target":"10","factor":"orientation_perpendicular"},
{"id":"354","source":"1","target":"24","factor":"proximity"},
{"id":"355","source":"20","target":"24","factor":"proximity"},
{"id":"356","source":"21","target":"24","factor":"proximity"},
{"id":"357","source":"22","target":"24","factor":"proximity"},
{"id":"358","source":"23","target":"24","factor":"proximity"},
{"id":"359","source":"1","target":"24","factor":"orientation_parallel"},
{"id":"360","source":"20","target":"24","factor":"orientation_parallel"},
{"id":"361","source":"21","target":"24","factor":"orientation_parallel"},
{"id":"362","source":"22","target":"24","factor":"orientation_parallel"},
{"id":"363","source":"23","target":"24","factor":"orientation_parallel"},
{"id":"364","source":"1","target":"24","factor":"orientation_perpendicular"},
{"id":"365","source":"20","target":"24","factor":"orientation_perpendicular"},
{"id":"366","source":"21","target":"24","factor":"orientation_perpendicular"},
{"id":"367","source":"22","target":"24","factor":"orientation_perpendicular"},
{"id":"368","source":"23","target":"24","factor":"orientation_perpendicular"},
{"id":"369","source":"1","target":"24","factor":"symmetry"},
{"id":"370","source":"20","target":"24","factor":"symmetry"},
{"id":"371","source":"21","target":"24","factor":"symmetry"},
{"id":"372","source":"22","target":"24","factor":"symmetry"},
{"id":"373","source":"23","target":"24","factor":"symmetry"},
{"id":"374","source":"1","target":"24","factor":"side_to_side"},
{"id":"375","source":"20","target":"24","factor":"side_to_side"},
{"id":"376","source":"21","target":"24","factor":"side_to_side"},
{"id":"377","source":"22","target":"24","factor":"side_to_side"},
{"id":"378","source":"23","target":"24","factor":"side_to_side"},
{"id":"379","source":"24","target":"2","factor":"Horizontal-Support"},
{"id":"380","source":"5","target":"24","factor":"proximity"},
{"id":"381","source":"6","target":"24","factor":"proximity"},
{"id":"382","source":"24","target":"7","factor":"proximity"},
{"id":"383","source":"2","target":"24","factor":"proximity"},
{"id":"384","source":"4","target":"24","factor":"proximity"},
{"id":"385","source":"7","target":"24","factor":"orientation_parallel"},
{"id":"386","source":"6","target":"24","factor":"orientation_parallel"},
{"id":"387","source":"2","target":"24","factor":"orientation_parallel"},
{"id":"388","source":"4","target":"24","factor":"orientation_parallel"},
{"id":"389","source":"4","target":"24","factor":"orientation_perpendicular"},
{"id":"390","source":"2","target":"24","factor":"orientation_perpendicular"},
{"id":"391","source":"7","target":"24","factor":"orientation_perpendicular"},
{"id":"392","source":"6","target":"24","factor":"orientation_perpendicular"},
{"id":"393","source":"24","target":"4","factor":"orientation_perpendicular"},
{"id":"394","source":"24","target":"7","factor":"orientation_perpendicular"},
{"id":"395","source":"11","target":"24","factor":"orientation_perpendicular"},
{"id":"396","source":"10","target":"24","factor":"orientation_perpendicular"},
{"id":"397","source":"24","target":"11","factor":"orientation_perpendicular"},
{"id":"398","source":"24","target":"5","factor":"orientation_perpendicular"},
{"id":"399","source":"5","target":"24","factor":"orientation_perpendicular"},
{"id":"400","source":"24","target":"10","factor":"orientation_perpendicular"},
{"id":"401","source":"6","target":"2","factor":"proximity"},
{"id":"402","source":"6","target":"4","factor":"proximity"},
{"id":"403","source":"2","target":"4","factor":"proximity"},
{"id":"404","source":"6","target":"5","factor":"proximity"},
{"id":"405","source":"6","target":"7","factor":"proximity"},
{"id":"406","source":"4","target":"4","factor":"proximity"},
{"id":"407","source":"4","target":"2","factor":"orientation_parallel"},
{"id":"408","source":"2","target":"4","factor":"orientation_parallel"},
{"id":"409","source":"4","target":"4","factor":"orientation_parallel"},
{"id":"410","source":"2","target":"6","factor":"orientation_parallel"},
{"id":"411","source":"6","target":"4","factor":"orientation_parallel"},
{"id":"412","source":"6","target":"7","factor":"orientation_parallel"},
{"id":"413","source":"2","target":"7","factor":"orientation_parallel"},
{"id":"414","source":"7","target":"7","factor":"orientation_parallel"},
{"id":"415","source":"10","target":"10","factor":"orientation_parallel"},
{"id":"416","source":"6","target":"5","factor":"orientation_parallel"},
{"id":"417","source":"2","target":"5","factor":"orientation_parallel"},
{"id":"418","source":"5","target":"5","factor":"orientation_parallel"},
{"id":"419","source":"7","target":"6","factor":"orientation_perpendicular"},
{"id":"420","source":"7","target":"2","factor":"orientation_perpendicular"},
{"id":"421","source":"7","target":"7","factor":"orientation_perpendicular"},
{"id":"422","source":"6","target":"7","factor":"orientation_perpendicular"},
{"id":"423","source":"2","target":"7","factor":"orientation_perpendicular"},
{"id":"424","source":"11","target":"7","factor":"orientation_perpendicular"},
{"id":"425","source":"11","target":"4","factor":"orientation_perpendicular"},
{"id":"426","source":"4","target":"4","factor":"orientation_perpendicular"},
{"id":"427","source":"4","target":"7","factor":"orientation_perpendicular"},
{"id":"428","source":"6","target":"11","factor":"orientation_perpendicular"},
{"id":"429","source":"2","target":"11","factor":"orientation_perpendicular"},
{"id":"430","source":"11","target":"11","factor":"orientation_perpendicular"},
{"id":"431","source":"11","target":"5","factor":"orientation_perpendicular"},
{"id":"432","source":"7","target":"4","factor":"orientation_perpendicular"},
{"id":"433","source":"4","target":"11","factor":"orientation_perpendicular"},
{"id":"434","source":"4","target":"4","factor":"symmetry"},
{"id":"435","source":"7","target":"7","factor":"symmetry"},
{"id":"436","source":"11","target":"11","factor":"symmetry"},
{"id":"437","source":"10","target":"10","factor":"symmetry"},
{"id":"438","source":"5","target":"5","factor":"symmetry"}
],
"probability":[
{"id":"0","value":0.0579915},
{"id":"1","value":0.0353607},
{"id":"2","value":0.0381895},
{"id":"3","value":0.04314},
{"id":"4","value":0.0438472},
{"id":"5","value":0.0134371},
{"id":"6","value":0.0134371},
{"id":"7","value":0.029703},
{"id":"8","value":0.0480905},
{"id":"9","value":0.0579915},
{"id":"10","value":0.0353607},
{"id":"11","value":0.0381895},
{"id":"12","value":0.04314},
{"id":"13","value":0.0438472},
{"id":"14","value":0.0134371},
{"id":"15","value":0.0134371},
{"id":"16","value":0.0650636},
{"id":"17","value":0.0551627},
{"id":"18","value":0.0516266},
{"id":"19","value":0.134371},
{"id":"20","value":0.0785007},
{"id":"21","value":0.0537482},
{"id":"22","value":0.118812},
{"id":"23","value":0.0678925},
{"id":"24","value":0.0205092},
{"id":"25","value":0.0346535},
{"id":"26","value":0.0261669},
{"id":"27","value":0.161245},
{"id":"28","value":0.0594059},
{"id":"29","value":0.0113154},
{"id":"30","value":0.04314},
{"id":"31","value":0.0106082},
{"id":"32","value":0.0113154},
{"id":"33","value":0.0275813},
{"id":"34","value":0.0650636},
{"id":"35","value":0.0551627},
{"id":"36","value":0.0516266},
{"id":"37","value":0.134371},
{"id":"38","value":0.0785007},
{"id":"39","value":0.0537482},
{"id":"40","value":0.118812},
{"id":"41","value":0.0678925},
{"id":"42","value":0.0205092},
{"id":"43","value":0.0346535},
{"id":"44","value":0.0261669},
{"id":"45","value":0.161245},
{"id":"46","value":0.0594059},
{"id":"47","value":0.0113154},
{"id":"48","value":0.04314},
{"id":"49","value":0.0106082},
{"id":"50","value":0.0113154},
{"id":"51","value":0.0113154},
{"id":"52","value":0.0275813},
{"id":"53","value":0.0275813},
{"id":"54","value":0.0650636},
{"id":"55","value":0.0551627},
{"id":"56","value":0.0516266},
{"id":"57","value":0.134371},
{"id":"58","value":0.0785007},
{"id":"59","value":0.0537482},
{"id":"60","value":0.118812},
{"id":"61","value":0.0678925},
{"id":"62","value":0.0205092},
{"id":"63","value":0.0346535},
{"id":"64","value":0.0261669},
{"id":"65","value":0.161245},
{"id":"66","value":0.0594059},
{"id":"67","value":0.0113154},
{"id":"68","value":0.04314},
{"id":"69","value":0.0106082},
{"id":"70","value":0.0693069},
{"id":"71","value":0.053041},
{"id":"72","value":0.0806223},
{"id":"73","value":0.0502122},
{"id":"74","value":0.0714286},
{"id":"75","value":0.0523338},
{"id":"76","value":0.0579915},
{"id":"77","value":0.0806223},
{"id":"78","value":0.0183876},
{"id":"79","value":0.142857},
{"id":"80","value":0.0247525},
{"id":"81","value":0.0254597},
{"id":"82","value":0.0685997},
{"id":"83","value":0.0346535},
{"id":"84","value":0.0113154},
{"id":"85","value":0.0650636},
{"id":"86","value":0.0544554},
{"id":"87","value":0.0544554},
{"id":"88","value":0.120934},
{"id":"89","value":0.0693069},
{"id":"90","value":0.053041},
{"id":"91","value":0.0806223},
{"id":"92","value":0.0502122},
{"id":"93","value":0.0714286},
{"id":"94","value":0.0523338},
{"id":"95","value":0.0579915},
{"id":"96","value":0.0806223},
{"id":"97","value":0.0183876},
{"id":"98","value":0.142857},
{"id":"99","value":0.0247525},
{"id":"100","value":0.0254597},
{"id":"101","value":0.0685997},
{"id":"102","value":0.0346535},
{"id":"103","value":0.0113154},
{"id":"104","value":0.0523338},
{"id":"105","value":0.053041},
{"id":"106","value":0.0615276},
{"id":"107","value":0.0792079},
{"id":"108","value":0.115276},
{"id":"109","value":0.0275813},
{"id":"110","value":0.0226308},
{"id":"111","value":0.0162659},
{"id":"112","value":0.0367751},
{"id":"113","value":0.0219236},
{"id":"114","value":0.0113154},
{"id":"115","value":0.0176803},
{"id":"116","value":0.0869873},
{"id":"117","value":0.019802},
{"id":"118","value":0.0940594},
{"id":"119","value":0.0523338},
{"id":"120","value":0.053041},
{"id":"121","value":0.0615276},
{"id":"122","value":0.0792079},
{"id":"123","value":0.115276},
{"id":"124","value":0.0275813},
{"id":"125","value":0.0226308},
{"id":"126","value":0.0162659},
{"id":"127","value":0.0367751},
{"id":"128","value":0.0219236},
{"id":"129","value":0.0113154},
{"id":"130","value":0.0176803},
{"id":"131","value":0.0869873},
{"id":"132","value":0.0869873},
{"id":"133","value":0.019802},
{"id":"134","value":0.019802},
{"id":"135","value":0.0940594},
{"id":"136","value":0.0940594},
{"id":"137","value":0.0523338},
{"id":"138","value":0.053041},
{"id":"139","value":0.0615276},
{"id":"140","value":0.0792079},
{"id":"141","value":0.115276},
{"id":"142","value":0.0275813},
{"id":"143","value":0.0226308},
{"id":"144","value":0.0162659},
{"id":"145","value":0.0367751},
{"id":"146","value":0.0219236},
{"id":"147","value":0.0113154},
{"id":"148","value":0.0176803},
{"id":"149","value":0.0869873},
{"id":"150","value":0.0869873},
{"id":"151","value":0.0869873},
{"id":"152","value":0.019802},
{"id":"153","value":0.019802},
{"id":"154","value":0.019802},
{"id":"155","value":0.0940594},
{"id":"156","value":0.0940594},
{"id":"157","value":0.0940594},
{"id":"158","value":0.0523338},
{"id":"159","value":0.053041},
{"id":"160","value":0.0615276},
{"id":"161","value":0.0792079},
{"id":"162","value":0.115276},
{"id":"163","value":0.0275813},
{"id":"164","value":0.0226308},
{"id":"165","value":0.0162659},
{"id":"166","value":0.0367751},
{"id":"167","value":0.0219236},
{"id":"168","value":0.0113154},
{"id":"169","value":0.0176803},
{"id":"170","value":0.0869873},
{"id":"171","value":0.0869873},
{"id":"172","value":0.0869873},
{"id":"173","value":0.0869873},
{"id":"174","value":0.019802},
{"id":"175","value":0.019802},
{"id":"176","value":0.019802},
{"id":"177","value":0.019802},
{"id":"178","value":0.0940594},
{"id":"179","value":0.0940594},
{"id":"180","value":0.0940594},
{"id":"181","value":0.0940594},
{"id":"182","value":0.0523338},
{"id":"183","value":0.053041},
{"id":"184","value":0.0615276},
{"id":"185","value":0.0792079},
{"id":"186","value":0.115276},
{"id":"187","value":0.0275813},
{"id":"188","value":0.0226308},
{"id":"189","value":0.0162659},
{"id":"190","value":0.0367751},
{"id":"191","value":0.0219236},
{"id":"192","value":0.0113154},
{"id":"193","value":0.0176803},
{"id":"194","value":0.524045},
{"id":"195","value":0.0693069},
{"id":"196","value":0.0685997},
{"id":"197","value":0.0685997},
{"id":"198","value":0.0622348},
{"id":"199","value":0.0586987},
{"id":"200","value":0.180339},
{"id":"201","value":0.218529},
{"id":"202","value":0.264498},
{"id":"203","value":0.11174},
{"id":"204","value":0.358557},
{"id":"205","value":0.847949},
{"id":"206","value":0.302687},
{"id":"207","value":0.717822},
{"id":"208","value":0.0799151},
{"id":"209","value":0.0374823},
{"id":"210","value":0.0792079},
{"id":"211","value":0.0537482},
{"id":"212","value":0.0190948},
{"id":"213","value":0.0954738},
{"id":"214","value":0.0777935},
{"id":"215","value":0.0127298},
{"id":"216","value":0.0841584},
{"id":"217","value":0.651344},
{"id":"218","value":0.881188},
{"id":"219","value":0.692362},
{"id":"220","value":0.105375},
{"id":"221","value":0.524045},
{"id":"222","value":0.0693069},
{"id":"223","value":0.0685997},
{"id":"224","value":0.0685997},
{"id":"225","value":0.0622348},
{"id":"226","value":0.0586987},
{"id":"227","value":0.180339},
{"id":"228","value":0.218529},
{"id":"229","value":0.264498},
{"id":"230","value":0.11174},
{"id":"231","value":0.358557},
{"id":"232","value":0.847949},
{"id":"233","value":0.302687},
{"id":"234","value":0.717822},
{"id":"235","value":0.0799151},
{"id":"236","value":0.0374823},
{"id":"237","value":0.0792079},
{"id":"238","value":0.0537482},
{"id":"239","value":0.0190948},
{"id":"240","value":0.0954738},
{"id":"241","value":0.0777935},
{"id":"242","value":0.0127298},
{"id":"243","value":0.0841584},
{"id":"244","value":0.0841584},
{"id":"245","value":0.651344},
{"id":"246","value":0.651344},
{"id":"247","value":0.881188},
{"id":"248","value":0.881188},
{"id":"249","value":0.692362},
{"id":"250","value":0.692362},
{"id":"251","value":0.105375},
{"id":"252","value":0.105375},
{"id":"253","value":0.524045},
{"id":"254","value":0.0693069},
{"id":"255","value":0.0685997},
{"id":"256","value":0.0685997},
{"id":"257","value":0.0622348},
{"id":"258","value":0.0586987},
{"id":"259","value":0.180339},
{"id":"260","value":0.218529},
{"id":"261","value":0.264498},
{"id":"262","value":0.11174},
{"id":"263","value":0.358557},
{"id":"264","value":0.847949},
{"id":"265","value":0.302687},
{"id":"266","value":0.717822},
{"id":"267","value":0.0799151},
{"id":"268","value":0.0374823},
{"id":"269","value":0.0792079},
{"id":"270","value":0.0537482},
{"id":"271","value":0.0190948},
{"id":"272","value":0.0954738},
{"id":"273","value":0.0777935},
{"id":"274","value":0.0127298},
{"id":"275","value":0.0841584},
{"id":"276","value":0.0841584},
{"id":"277","value":0.0841584},
{"id":"278","value":0.651344},
{"id":"279","value":0.651344},
{"id":"280","value":0.651344},
{"id":"281","value":0.881188},
{"id":"282","value":0.881188},
{"id":"283","value":0.881188},
{"id":"284","value":0.692362},
{"id":"285","value":0.692362},
{"id":"286","value":0.692362},
{"id":"287","value":0.105375},
{"id":"288","value":0.105375},
{"id":"289","value":0.105375},
{"id":"290","value":0.524045},
{"id":"291","value":0.0693069},
{"id":"292","value":0.0685997},
{"id":"293","value":0.0685997},
{"id":"294","value":0.0622348},
{"id":"295","value":0.0586987},
{"id":"296","value":0.180339},
{"id":"297","value":0.218529},
{"id":"298","value":0.264498},
{"id":"299","value":0.11174},
{"id":"300","value":0.358557},
{"id":"301","value":0.847949},
{"id":"302","value":0.302687},
{"id":"303","value":0.717822},
{"id":"304","value":0.0799151},
{"id":"305","value":0.0374823},
{"id":"306","value":0.0792079},
{"id":"307","value":0.0537482},
{"id":"308","value":0.0190948},
{"id":"309","value":0.0954738},
{"id":"310","value":0.0777935},
{"id":"311","value":0.0127298},
{"id":"312","value":0.0841584},
{"id":"313","value":0.0841584},
{"id":"314","value":0.0841584},
{"id":"315","value":0.0841584},
{"id":"316","value":0.651344},
{"id":"317","value":0.651344},
{"id":"318","value":0.651344},
{"id":"319","value":0.651344},
{"id":"320","value":0.881188},
{"id":"321","value":0.881188},
{"id":"322","value":0.881188},
{"id":"323","value":0.881188},
{"id":"324","value":0.692362},
{"id":"325","value":0.692362},
{"id":"326","value":0.692362},
{"id":"327","value":0.692362},
{"id":"328","value":0.105375},
{"id":"329","value":0.105375},
{"id":"330","value":0.105375},
{"id":"331","value":0.105375},
{"id":"332","value":0.524045},
{"id":"333","value":0.0693069},
{"id":"334","value":0.0685997},
{"id":"335","value":0.0685997},
{"id":"336","value":0.0622348},
{"id":"337","value":0.0586987},
{"id":"338","value":0.180339},
{"id":"339","value":0.218529},
{"id":"340","value":0.264498},
{"id":"341","value":0.11174},
{"id":"342","value":0.358557},
{"id":"343","value":0.847949},
{"id":"344","value":0.302687},
{"id":"345","value":0.717822},
{"id":"346","value":0.0799151},
{"id":"347","value":0.0374823},
{"id":"348","value":0.0792079},
{"id":"349","value":0.0537482},
{"id":"350","value":0.0190948},
{"id":"351","value":0.0954738},
{"id":"352","value":0.0777935},
{"id":"353","value":0.0127298},
{"id":"354","value":0.0841584},
{"id":"355","value":0.0841584},
{"id":"356","value":0.0841584},
{"id":"357","value":0.0841584},
{"id":"358","value":0.0841584},
{"id":"359","value":0.651344},
{"id":"360","value":0.651344},
{"id":"361","value":0.651344},
{"id":"362","value":0.651344},
{"id":"363","value":0.651344},
{"id":"364","value":0.881188},
{"id":"365","value":0.881188},
{"id":"366","value":0.881188},
{"id":"367","value":0.881188},
{"id":"368","value":0.881188},
{"id":"369","value":0.692362},
{"id":"370","value":0.692362},
{"id":"371","value":0.692362},
{"id":"372","value":0.692362},
{"id":"373","value":0.692362},
{"id":"374","value":0.105375},
{"id":"375","value":0.105375},
{"id":"376","value":0.105375},
{"id":"377","value":0.105375},
{"id":"378","value":0.105375},
{"id":"379","value":0.524045},
{"id":"380","value":0.0693069},
{"id":"381","value":0.0685997},
{"id":"382","value":0.0685997},
{"id":"383","value":0.0622348},
{"id":"384","value":0.0586987},
{"id":"385","value":0.180339},
{"id":"386","value":0.218529},
{"id":"387","value":0.264498},
{"id":"388","value":0.11174},
{"id":"389","value":0.358557},
{"id":"390","value":0.847949},
{"id":"391","value":0.302687},
{"id":"392","value":0.717822},
{"id":"393","value":0.0799151},
{"id":"394","value":0.0374823},
{"id":"395","value":0.0792079},
{"id":"396","value":0.0537482},
{"id":"397","value":0.0190948},
{"id":"398","value":0.0954738},
{"id":"399","value":0.0777935},
{"id":"400","value":0.0127298},
{"id":"401","value":0.0685997},
{"id":"402","value":0.0671853},
{"id":"403","value":0.0622348},
{"id":"404","value":0.0601132},
{"id":"405","value":0.0572843},
{"id":"406","value":0.0523338},
{"id":"407","value":0.405941},
{"id":"408","value":0.218529},
{"id":"409","value":0.245403},
{"id":"410","value":0.84512},
{"id":"411","value":0.328854},
{"id":"412","value":0.130127},
{"id":"413","value":0.144272},
{"id":"414","value":0.0975955},
{"id":"415","value":0.0544554},
{"id":"416","value":0.0714286},
{"id":"417","value":0.0990099},
{"id":"418","value":0.0954738},
{"id":"419","value":0.062942},
{"id":"420","value":0.0785007},
{"id":"421","value":0.0410184},
{"id":"422","value":0.0205092},
{"id":"423","value":0.0219236},
{"id":"424","value":0.0106082},
{"id":"425","value":0.0120226},
{"id":"426","value":0.0254597},
{"id":"427","value":0.0417256},
{"id":"428","value":0.0183876},
{"id":"429","value":0.0261669},
{"id":"430","value":0.0176803},
{"id":"431","value":0.0127298},
{"id":"432","value":0.0148515},
{"id":"433","value":0.0155587},
{"id":"434","value":0.188826},
{"id":"435","value":0.0721358},
{"id":"436","value":0.0318246},
{"id":"437","value":0.0608204},
{"id":"438","value":0.0954738}
]}