{
"vertices":[
{"id":"0","name":"wall","Leaves":[{"name":"wall","frequency":0.215618 }],"frequency":0.915842},
{"id":"1","name":"floor","Leaves":[],"frequency":0.997878},
{"id":"2","name":"ceiling","Leaves":[],"frequency":0.84512},
{"id":"3","name":"wall","Leaves":[{"name":"wall","frequency":0.215618 }],"frequency":8.11352e-43},
{"id":"4","name":"wall","Leaves":[{"name":"wall","frequency":0.215618 }],"frequency":0},
{"id":"5","name":"wall","Leaves":[{"name":"wall","frequency":0.215618 }],"frequency":0},
{"id":"6","name":"wall","Leaves":[{"name":"wall","frequency":0.215618 }],"frequency":0},
{"id":"7","name":"wall","Leaves":[{"name":"wall","frequency":0.215618 }],"frequency":0},
{"id":"8","name":"wall","Leaves":[{"name":"wall","frequency":0.215618 }],"frequency":0},
{"id":"9","name":"wall","Leaves":[{"name":"wall","frequency":0.215618 }],"frequency":0},
{"id":"10","name":"wall","Leaves":[{"name":"wall","frequency":0.215618 }],"frequency":0}
],
"rules":[
{"id":"0","source":"0","target":"1","factor":"Horizontal-Support"},
{"id":"1","source":"2","target":"0","factor":"proximity"},
{"id":"2","source":"1","target":"0","factor":"proximity"},
{"id":"3","source":"2","target":"0","factor":"orientation_parallel"},
{"id":"4","source":"1","target":"0","factor":"orientation_parallel"},
{"id":"5","source":"1","target":"0","factor":"orientation_perpendicular"},
{"id":"6","source":"2","target":"0","factor":"orientation_perpendicular"},
{"id":"7","source":"0","target":"3","factor":"proximity"},
{"id":"8","source":"0","target":"3","factor":"orientation_parallel"},
{"id":"9","source":"0","target":"3","factor":"orientation_perpendicular"},
{"id":"10","source":"0","target":"3","factor":"symmetry"},
{"id":"11","source":"0","target":"3","factor":"side_to_side"},
{"id":"12","source":"3","target":"1","factor":"Horizontal-Support"},
{"id":"13","source":"2","target":"3","factor":"proximity"},
{"id":"14","source":"1","target":"3","factor":"proximity"},
{"id":"15","source":"2","target":"3","factor":"orientation_parallel"},
{"id":"16","source":"1","target":"3","factor":"orientation_parallel"},
{"id":"17","source":"1","target":"3","factor":"orientation_perpendicular"},
{"id":"18","source":"2","target":"3","factor":"orientation_perpendicular"},
{"id":"19","source":"0","target":"4","factor":"proximity"},
{"id":"20","source":"3","target":"4","factor":"proximity"},
{"id":"21","source":"0","target":"4","factor":"orientation_parallel"},
{"id":"22","source":"3","target":"4","factor":"orientation_parallel"},
{"id":"23","source":"0","target":"4","factor":"orientation_perpendicular"},
{"id":"24","source":"3","target":"4","factor":"orientation_perpendicular"},
{"id":"25","source":"0","target":"4","factor":"symmetry"},
{"id":"26","source":"3","target":"4","factor":"symmetry"},
{"id":"27","source":"0","target":"4","factor":"side_to_side"},
{"id":"28","source":"3","target":"4","factor":"side_to_side"},
{"id":"29","source":"4","target":"1","factor":"Horizontal-Support"},
{"id":"30","source":"2","target":"4","factor":"proximity"},
{"id":"31","source":"1","target":"4","factor":"proximity"},
{"id":"32","source":"2","target":"4","factor":"orientation_parallel"},
{"id":"33","source":"1","target":"4","factor":"orientation_parallel"},
{"id":"34","source":"1","target":"4","factor":"orientation_perpendicular"},
{"id":"35","source":"2","target":"4","factor":"orientation_perpendicular"},
{"id":"36","source":"0","target":"5","factor":"proximity"},
{"id":"37","source":"3","target":"5","factor":"proximity"},
{"id":"38","source":"4","target":"5","factor":"proximity"},
{"id":"39","source":"0","target":"5","factor":"orientation_parallel"},
{"id":"40","source":"3","target":"5","factor":"orientation_parallel"},
{"id":"41","source":"4","target":"5","factor":"orientation_parallel"},
{"id":"42","source":"0","target":"5","factor":"orientation_perpendicular"},
{"id":"43","source":"3","target":"5","factor":"orientation_perpendicular"},
{"id":"44","source":"4","target":"5","factor":"orientation_perpendicular"},
{"id":"45","source":"0","target":"5","factor":"symmetry"},
{"id":"46","source":"3","target":"5","factor":"symmetry"},
{"id":"47","source":"4","target":"5","factor":"symmetry"},
{"id":"48","source":"0","target":"5","factor":"side_to_side"},
{"id":"49","source":"3","target":"5","factor":"side_to_side"},
{"id":"50","source":"4","target":"5","factor":"side_to_side"},
{"id":"51","source":"5","target":"1","factor":"Horizontal-Support"},
{"id":"52","source":"2","target":"5","factor":"proximity"},
{"id":"53","source":"1","target":"5","factor":"proximity"},
{"id":"54","source":"2","target":"5","factor":"orientation_parallel"},
{"id":"55","source":"1","target":"5","factor":"orientation_parallel"},
{"id":"56","source":"1","target":"5","factor":"orientation_perpendicular"},
{"id":"57","source":"2","target":"5","factor":"orientation_perpendicular"},
{"id":"58","source":"0","target":"6","factor":"proximity"},
{"id":"59","source":"3","target":"6","factor":"proximity"},
{"id":"60","source":"4","target":"6","factor":"proximity"},
{"id":"61","source":"5","target":"6","factor":"proximity"},
{"id":"62","source":"0","target":"6","factor":"orientation_parallel"},
{"id":"63","source":"3","target":"6","factor":"orientation_parallel"},
{"id":"64","source":"4","target":"6","factor":"orientation_parallel"},
{"id":"65","source":"5","target":"6","factor":"orientation_parallel"},
{"id":"66","source":"0","target":"6","factor":"orientation_perpendicular"},
{"id":"67","source":"3","target":"6","factor":"orientation_perpendicular"},
{"id":"68","source":"4","target":"6","factor":"orientation_perpendicular"},
{"id":"69","source":"5","target":"6","factor":"orientation_perpendicular"},
{"id":"70","source":"0","target":"6","factor":"symmetry"},
{"id":"71","source":"3","target":"6","factor":"symmetry"},
{"id":"72","source":"4","target":"6","factor":"symmetry"},
{"id":"73","source":"5","target":"6","factor":"symmetry"},
{"id":"74","source":"0","target":"6","factor":"side_to_side"},
{"id":"75","source":"3","target":"6","factor":"side_to_side"},
{"id":"76","source":"4","target":"6","factor":"side_to_side"},
{"id":"77","source":"5","target":"6","factor":"side_to_side"},
{"id":"78","source":"6","target":"1","factor":"Horizontal-Support"},
{"id":"79","source":"2","target":"6","factor":"proximity"},
{"id":"80","source":"1","target":"6","factor":"proximity"},
{"id":"81","source":"2","target":"6","factor":"orientation_parallel"},
{"id":"82","source":"1","target":"6","factor":"orientation_parallel"},
{"id":"83","source":"1","target":"6","factor":"orientation_perpendicular"},
{"id":"84","source":"2","target":"6","factor":"orientation_perpendicular"},
{"id":"85","source":"0","target":"7","factor":"proximity"},
{"id":"86","source":"3","target":"7","factor":"proximity"},
{"id":"87","source":"4","target":"7","factor":"proximity"},
{"id":"88","source":"5","target":"7","factor":"proximity"},
{"id":"89","source":"6","target":"7","factor":"proximity"},
{"id":"90","source":"0","target":"7","factor":"orientation_parallel"},
{"id":"91","source":"3","target":"7","factor":"orientation_parallel"},
{"id":"92","source":"4","target":"7","factor":"orientation_parallel"},
{"id":"93","source":"5","target":"7","factor":"orientation_parallel"},
{"id":"94","source":"6","target":"7","factor":"orientation_parallel"},
{"id":"95","source":"0","target":"7","factor":"orientation_perpendicular"},
{"id":"96","source":"3","target":"7","factor":"orientation_perpendicular"},
{"id":"97","source":"4","target":"7","factor":"orientation_perpendicular"},
{"id":"98","source":"5","target":"7","factor":"orientation_perpendicular"},
{"id":"99","source":"6","target":"7","factor":"orientation_perpendicular"},
{"id":"100","source":"0","target":"7","factor":"symmetry"},
{"id":"101","source":"3","target":"7","factor":"symmetry"},
{"id":"102","source":"4","target":"7","factor":"symmetry"},
{"id":"103","source":"5","target":"7","factor":"symmetry"},
{"id":"104","source":"6","target":"7","factor":"symmetry"},
{"id":"105","source":"0","target":"7","factor":"side_to_side"},
{"id":"106","source":"3","target":"7","factor":"side_to_side"},
{"id":"107","source":"4","target":"7","factor":"side_to_side"},
{"id":"108","source":"5","target":"7","factor":"side_to_side"},
{"id":"109","source":"6","target":"7","factor":"side_to_side"},
{"id":"110","source":"7","target":"1","factor":"Horizontal-Support"},
{"id":"111","source":"2","target":"7","factor":"proximity"},
{"id":"112","source":"1","target":"7","factor":"proximity"},
{"id":"113","source":"2","target":"7","factor":"orientation_parallel"},
{"id":"114","source":"1","target":"7","factor":"orientation_parallel"},
{"id":"115","source":"1","target":"7","factor":"orientation_perpendicular"},
{"id":"116","source":"2","target":"7","factor":"orientation_perpendicular"},
{"id":"117","source":"0","target":"8","factor":"proximity"},
{"id":"118","source":"3","target":"8","factor":"proximity"},
{"id":"119","source":"4","target":"8","factor":"proximity"},
{"id":"120","source":"5","target":"8","factor":"proximity"},
{"id":"121","source":"6","target":"8","factor":"proximity"},
{"id":"122","source":"7","target":"8","factor":"proximity"},
{"id":"123","source":"0","target":"8","factor":"orientation_parallel"},
{"id":"124","source":"3","target":"8","factor":"orientation_parallel"},
{"id":"125","source":"4","target":"8","factor":"orientation_parallel"},
{"id":"126","source":"5","target":"8","factor":"orientation_parallel"},
{"id":"127","source":"6","target":"8","factor":"orientation_parallel"},
{"id":"128","source":"7","target":"8","factor":"orientation_parallel"},
{"id":"129","source":"0","target":"8","factor":"orientation_perpendicular"},
{"id":"130","source":"3","target":"8","factor":"orientation_perpendicular"},
{"id":"131","source":"4","target":"8","factor":"orientation_perpendicular"},
{"id":"132","source":"5","target":"8","factor":"orientation_perpendicular"},
{"id":"133","source":"6","target":"8","factor":"orientation_perpendicular"},
{"id":"134","source":"7","target":"8","factor":"orientation_perpendicular"},
{"id":"135","source":"0","target":"8","factor":"symmetry"},
{"id":"136","source":"3","target":"8","factor":"symmetry"},
{"id":"137","source":"4","target":"8","factor":"symmetry"},
{"id":"138","source":"5","target":"8","factor":"symmetry"},
{"id":"139","source":"6","target":"8","factor":"symmetry"},
{"id":"140","source":"7","target":"8","factor":"symmetry"},
{"id":"141","source":"0","target":"8","factor":"side_to_side"},
{"id":"142","source":"3","target":"8","factor":"side_to_side"},
{"id":"143","source":"4","target":"8","factor":"side_to_side"},
{"id":"144","source":"5","target":"8","factor":"side_to_side"},
{"id":"145","source":"6","target":"8","factor":"side_to_side"},
{"id":"146","source":"7","target":"8","factor":"side_to_side"},
{"id":"147","source":"8","target":"1","factor":"Horizontal-Support"},
{"id":"148","source":"2","target":"8","factor":"proximity"},
{"id":"149","source":"1","target":"8","factor":"proximity"},
{"id":"150","source":"2","target":"8","factor":"orientation_parallel"},
{"id":"151","source":"1","target":"8","factor":"orientation_parallel"},
{"id":"152","source":"1","target":"8","factor":"orientation_perpendicular"},
{"id":"153","source":"2","target":"8","factor":"orientation_perpendicular"},
{"id":"154","source":"0","target":"9","factor":"proximity"},
{"id":"155","source":"3","target":"9","factor":"proximity"},
{"id":"156","source":"4","target":"9","factor":"proximity"},
{"id":"157","source":"5","target":"9","factor":"proximity"},
{"id":"158","source":"6","target":"9","factor":"proximity"},
{"id":"159","source":"7","target":"9","factor":"proximity"},
{"id":"160","source":"8","target":"9","factor":"proximity"},
{"id":"161","source":"0","target":"9","factor":"orientation_parallel"},
{"id":"162","source":"3","target":"9","factor":"orientation_parallel"},
{"id":"163","source":"4","target":"9","factor":"orientation_parallel"},
{"id":"164","source":"5","target":"9","factor":"orientation_parallel"},
{"id":"165","source":"6","target":"9","factor":"orientation_parallel"},
{"id":"166","source":"7","target":"9","factor":"orientation_parallel"},
{"id":"167","source":"8","target":"9","factor":"orientation_parallel"},
{"id":"168","source":"0","target":"9","factor":"orientation_perpendicular"},
{"id":"169","source":"3","target":"9","factor":"orientation_perpendicular"},
{"id":"170","source":"4","target":"9","factor":"orientation_perpendicular"},
{"id":"171","source":"5","target":"9","factor":"orientation_perpendicular"},
{"id":"172","source":"6","target":"9","factor":"orientation_perpendicular"},
{"id":"173","source":"7","target":"9","factor":"orientation_perpendicular"},
{"id":"174","source":"8","target":"9","factor":"orientation_perpendicular"},
{"id":"175","source":"0","target":"9","factor":"symmetry"},
{"id":"176","source":"3","target":"9","factor":"symmetry"},
{"id":"177","source":"4","target":"9","factor":"symmetry"},
{"id":"178","source":"5","target":"9","factor":"symmetry"},
{"id":"179","source":"6","target":"9","factor":"symmetry"},
{"id":"180","source":"7","target":"9","factor":"symmetry"},
{"id":"181","source":"8","target":"9","factor":"symmetry"},
{"id":"182","source":"0","target":"9","factor":"side_to_side"},
{"id":"183","source":"3","target":"9","factor":"side_to_side"},
{"id":"184","source":"4","target":"9","factor":"side_to_side"},
{"id":"185","source":"5","target":"9","factor":"side_to_side"},
{"id":"186","source":"6","target":"9","factor":"side_to_side"},
{"id":"187","source":"7","target":"9","factor":"side_to_side"},
{"id":"188","source":"8","target":"9","factor":"side_to_side"},
{"id":"189","source":"9","target":"1","factor":"Horizontal-Support"},
{"id":"190","source":"2","target":"9","factor":"proximity"},
{"id":"191","source":"1","target":"9","factor":"proximity"},
{"id":"192","source":"2","target":"9","factor":"orientation_parallel"},
{"id":"193","source":"1","target":"9","factor":"orientation_parallel"},
{"id":"194","source":"1","target":"9","factor":"orientation_perpendicular"},
{"id":"195","source":"2","target":"9","factor":"orientation_perpendicular"},
{"id":"196","source":"0","target":"10","factor":"proximity"},
{"id":"197","source":"3","target":"10","factor":"proximity"},
{"id":"198","source":"4","target":"10","factor":"proximity"},
{"id":"199","source":"5","target":"10","factor":"proximity"},
{"id":"200","source":"6","target":"10","factor":"proximity"},
{"id":"201","source":"7","target":"10","factor":"proximity"},
{"id":"202","source":"8","target":"10","factor":"proximity"},
{"id":"203","source":"9","target":"10","factor":"proximity"},
{"id":"204","source":"0","target":"10","factor":"orientation_parallel"},
{"id":"205","source":"3","target":"10","factor":"orientation_parallel"},
{"id":"206","source":"4","target":"10","factor":"orientation_parallel"},
{"id":"207","source":"5","target":"10","factor":"orientation_parallel"},
{"id":"208","source":"6","target":"10","factor":"orientation_parallel"},
{"id":"209","source":"7","target":"10","factor":"orientation_parallel"},
{"id":"210","source":"8","target":"10","factor":"orientation_parallel"},
{"id":"211","source":"9","target":"10","factor":"orientation_parallel"},
{"id":"212","source":"0","target":"10","factor":"orientation_perpendicular"},
{"id":"213","source":"3","target":"10","factor":"orientation_perpendicular"},
{"id":"214","source":"4","target":"10","factor":"orientation_perpendicular"},
{"id":"215","source":"5","target":"10","factor":"orientation_perpendicular"},
{"id":"216","source":"6","target":"10","factor":"orientation_perpendicular"},
{"id":"217","source":"7","target":"10","factor":"orientation_perpendicular"},
{"id":"218","source":"8","target":"10","factor":"orientation_perpendicular"},
{"id":"219","source":"9","target":"10","factor":"orientation_perpendicular"},
{"id":"220","source":"0","target":"10","factor":"symmetry"},
{"id":"221","source":"3","target":"10","factor":"symmetry"},
{"id":"222","source":"4","target":"10","factor":"symmetry"},
{"id":"223","source":"5","target":"10","factor":"symmetry"},
{"id":"224","source":"6","target":"10","factor":"symmetry"},
{"id":"225","source":"7","target":"10","factor":"symmetry"},
{"id":"226","source":"8","target":"10","factor":"symmetry"},
{"id":"227","source":"9","target":"10","factor":"symmetry"},
{"id":"228","source":"0","target":"10","factor":"side_to_side"},
{"id":"229","source":"3","target":"10","factor":"side_to_side"},
{"id":"230","source":"4","target":"10","factor":"side_to_side"},
{"id":"231","source":"5","target":"10","factor":"side_to_side"},
{"id":"232","source":"6","target":"10","factor":"side_to_side"},
{"id":"233","source":"7","target":"10","factor":"side_to_side"},
{"id":"234","source":"8","target":"10","factor":"side_to_side"},
{"id":"235","source":"9","target":"10","factor":"side_to_side"},
{"id":"236","source":"10","target":"1","factor":"Horizontal-Support"},
{"id":"237","source":"2","target":"10","factor":"proximity"},
{"id":"238","source":"1","target":"10","factor":"proximity"},
{"id":"239","source":"2","target":"10","factor":"orientation_parallel"},
{"id":"240","source":"1","target":"10","factor":"orientation_parallel"},
{"id":"241","source":"1","target":"10","factor":"orientation_perpendicular"},
{"id":"242","source":"2","target":"10","factor":"orientation_perpendicular"},
{"id":"243","source":"2","target":"1","factor":"proximity"},
{"id":"244","source":"1","target":"2","factor":"orientation_parallel"}
],
"probability":[
{"id":"0","value":0.524045},
{"id":"1","value":0.0685997},
{"id":"2","value":0.0622348},
{"id":"3","value":0.218529},
{"id":"4","value":0.264498},
{"id":"5","value":0.847949},
{"id":"6","value":0.717822},
{"id":"7","value":0.0841584},
{"id":"8","value":0.651344},
{"id":"9","value":0.881188},
{"id":"10","value":0.692362},
{"id":"11","value":0.105375},
{"id":"12","value":0.524045},
{"id":"13","value":0.0685997},
{"id":"14","value":0.0622348},
{"id":"15","value":0.218529},
{"id":"16","value":0.264498},
{"id":"17","value":0.847949},
{"id":"18","value":0.717822},
{"id":"19","value":0.0841584},
{"id":"20","value":0.0841584},
{"id":"21","value":0.651344},
{"id":"22","value":0.651344},
{"id":"23","value":0.881188},
{"id":"24","value":0.881188},
{"id":"25","value":0.692362},
{"id":"26","value":0.692362},
{"id":"27","value":0.105375},
{"id":"28","value":0.105375},
{"id":"29","value":0.524045},
{"id":"30","value":0.0685997},
{"id":"31","value":0.0622348},
{"id":"32","value":0.218529},
{"id":"33","value":0.264498},
{"id":"34","value":0.847949},
{"id":"35","value":0.717822},
{"id":"36","value":0.0841584},
{"id":"37","value":0.0841584},
{"id":"38","value":0.0841584},
{"id":"39","value":0.651344},
{"id":"40","value":0.651344},
{"id":"41","value":0.651344},
{"id":"42","value":0.881188},
{"id":"43","value":0.881188},
{"id":"44","value":0.881188},
{"id":"45","value":0.692362},
{"id":"46","value":0.692362},
{"id":"47","value":0.692362},
{"id":"48","value":0.105375},
{"id":"49","value":0.105375},
{"id":"50","value":0.105375},
{"id":"51","value":0.524045},
{"id":"52","value":0.0685997},
{"id":"53","value":0.0622348},
{"id":"54","value":0.218529},
{"id":"55","value":0.264498},
{"id":"56","value":0.847949},
{"id":"57","value":0.717822},
{"id":"58","value":0.0841584},
{"id":"59","value":0.0841584},
{"id":"60","value":0.0841584},
{"id":"61","value":0.0841584},
{"id":"62","value":0.651344},
{"id":"63","value":0.651344},
{"id":"64","value":0.651344},
{"id":"65","value":0.651344},
{"id":"66","value":0.881188},
{"id":"67","value":0.881188},
{"id":"68","value":0.881188},
{"id":"69","value":0.881188},
{"id":"70","value":0.692362},
{"id":"71","value":0.692362},
{"id":"72","value":0.692362},
{"id":"73","value":0.692362},
{"id":"74","value":0.105375},
{"id":"75","value":0.105375},
{"id":"76","value":0.105375},
{"id":"77","value":0.105375},
{"id":"78","value":0.524045},
{"id":"79","value":0.0685997},
{"id":"80","value":0.0622348},
{"id":"81","value":0.218529},
{"id":"82","value":0.264498},
{"id":"83","value":0.847949},
{"id":"84","value":0.717822},
{"id":"85","value":0.0841584},
{"id":"86","value":0.0841584},
{"id":"87","value":0.0841584},
{"id":"88","value":0.0841584},
{"id":"89","value":0.0841584},
{"id":"90","value":0.651344},
{"id":"91","value":0.651344},
{"id":"92","value":0.651344},
{"id":"93","value":0.651344},
{"id":"94","value":0.651344},
{"id":"95","value":0.881188},
{"id":"96","value":0.881188},
{"id":"97","value":0.881188},
{"id":"98","value":0.881188},
{"id":"99","value":0.881188},
{"id":"100","value":0.692362},
{"id":"101","value":0.692362},
{"id":"102","value":0.692362},
{"id":"103","value":0.692362},
{"id":"104","value":0.692362},
{"id":"105","value":0.105375},
{"id":"106","value":0.105375},
{"id":"107","value":0.105375},
{"id":"108","value":0.105375},
{"id":"109","value":0.105375},
{"id":"110","value":0.524045},
{"id":"111","value":0.0685997},
{"id":"112","value":0.0622348},
{"id":"113","value":0.218529},
{"id":"114","value":0.264498},
{"id":"115","value":0.847949},
{"id":"116","value":0.717822},
{"id":"117","value":0.0841584},
{"id":"118","value":0.0841584},
{"id":"119","value":0.0841584},
{"id":"120","value":0.0841584},
{"id":"121","value":0.0841584},
{"id":"122","value":0.0841584},
{"id":"123","value":0.651344},
{"id":"124","value":0.651344},
{"id":"125","value":0.651344},
{"id":"126","value":0.651344},
{"id":"127","value":0.651344},
{"id":"128","value":0.651344},
{"id":"129","value":0.881188},
{"id":"130","value":0.881188},
{"id":"131","value":0.881188},
{"id":"132","value":0.881188},
{"id":"133","value":0.881188},
{"id":"134","value":0.881188},
{"id":"135","value":0.692362},
{"id":"136","value":0.692362},
{"id":"137","value":0.692362},
{"id":"138","value":0.692362},
{"id":"139","value":0.692362},
{"id":"140","value":0.692362},
{"id":"141","value":0.105375},
{"id":"142","value":0.105375},
{"id":"143","value":0.105375},
{"id":"144","value":0.105375},
{"id":"145","value":0.105375},
{"id":"146","value":0.105375},
{"id":"147","value":0.524045},
{"id":"148","value":0.0685997},
{"id":"149","value":0.0622348},
{"id":"150","value":0.218529},
{"id":"151","value":0.264498},
{"id":"152","value":0.847949},
{"id":"153","value":0.717822},
{"id":"154","value":0.0841584},
{"id":"155","value":0.0841584},
{"id":"156","value":0.0841584},
{"id":"157","value":0.0841584},
{"id":"158","value":0.0841584},
{"id":"159","value":0.0841584},
{"id":"160","value":0.0841584},
{"id":"161","value":0.651344},
{"id":"162","value":0.651344},
{"id":"163","value":0.651344},
{"id":"164","value":0.651344},
{"id":"165","value":0.651344},
{"id":"166","value":0.651344},
{"id":"167","value":0.651344},
{"id":"168","value":0.881188},
{"id":"169","value":0.881188},
{"id":"170","value":0.881188},
{"id":"171","value":0.881188},
{"id":"172","value":0.881188},
{"id":"173","value":0.881188},
{"id":"174","value":0.881188},
{"id":"175","value":0.692362},
{"id":"176","value":0.692362},
{"id":"177","value":0.692362},
{"id":"178","value":0.692362},
{"id":"179","value":0.692362},
{"id":"180","value":0.692362},
{"id":"181","value":0.692362},
{"id":"182","value":0.105375},
{"id":"183","value":0.105375},
{"id":"184","value":0.105375},
{"id":"185","value":0.105375},
{"id":"186","value":0.105375},
{"id":"187","value":0.105375},
{"id":"188","value":0.105375},
{"id":"189","value":0.524045},
{"id":"190","value":0.0685997},
{"id":"191","value":0.0622348},
{"id":"192","value":0.218529},
{"id":"193","value":0.264498},
{"id":"194","value":0.847949},
{"id":"195","value":0.717822},
{"id":"196","value":0.0841584},
{"id":"197","value":0.0841584},
{"id":"198","value":0.0841584},
{"id":"199","value":0.0841584},
{"id":"200","value":0.0841584},
{"id":"201","value":0.0841584},
{"id":"202","value":0.0841584},
{"id":"203","value":0.0841584},
{"id":"204","value":0.651344},
{"id":"205","value":0.651344},
{"id":"206","value":0.651344},
{"id":"207","value":0.651344},
{"id":"208","value":0.651344},
{"id":"209","value":0.651344},
{"id":"210","value":0.651344},
{"id":"211","value":0.651344},
{"id":"212","value":0.881188},
{"id":"213","value":0.881188},
{"id":"214","value":0.881188},
{"id":"215","value":0.881188},
{"id":"216","value":0.881188},
{"id":"217","value":0.881188},
{"id":"218","value":0.881188},
{"id":"219","value":0.881188},
{"id":"220","value":0.692362},
{"id":"221","value":0.692362},
{"id":"222","value":0.692362},
{"id":"223","value":0.692362},
{"id":"224","value":0.692362},
{"id":"225","value":0.692362},
{"id":"226","value":0.692362},
{"id":"227","value":0.692362},
{"id":"228","value":0.105375},
{"id":"229","value":0.105375},
{"id":"230","value":0.105375},
{"id":"231","value":0.105375},
{"id":"232","value":0.105375},
{"id":"233","value":0.105375},
{"id":"234","value":0.105375},
{"id":"235","value":0.105375},
{"id":"236","value":0.524045},
{"id":"237","value":0.0685997},
{"id":"238","value":0.0622348},
{"id":"239","value":0.218529},
{"id":"240","value":0.264498},
{"id":"241","value":0.847949},
{"id":"242","value":0.717822},
{"id":"243","value":0.0685997},
{"id":"244","value":0.84512}
]}