{
"vertices":[
{"id":"0","name":"window","Leaves":[{"name":"window","frequency":0.598504 }],"frequency":0.339463},
{"id":"1","name":"wall","Leaves":[{"name":"wall","frequency":0.215618 }],"frequency":0.915842},
{"id":"2","name":"floor","Leaves":[],"frequency":0.997878},
{"id":"3","name":"chair","Leaves":[{"name":"chair","frequency":0.301 }],"frequency":0.212871},
{"id":"4","name":"plant","Leaves":[{"name":"plant","frequency":0.325234 }],"frequency":0.369165},
{"id":"5","name":"ceiling","Leaves":[],"frequency":0.84512},
{"id":"6","name":"coffee_table","Leaves":[{"name":"coffee_table","frequency":0.716792 }],"frequency":0.202263},
{"id":"7","name":"fence","Leaves":[{"name":"fence","frequency":0.450001 }],"frequency":0.101839},
{"id":"8","name":"outdoor_lamp","Leaves":[{"name":"outdoor_lamp","frequency":0.359307 }],"frequency":0.117397},
{"id":"9","name":"wall_lamp","Leaves":[{"name":"wall_lamp","frequency":0.446352 }],"frequency":0.0735502},
{"id":"10","name":"shelving","Leaves":[{"name":"shelving","frequency":0.447368 }],"frequency":0.0841584},
{"id":"11","name":"garage_door","Leaves":[],"frequency":0.0106082},
{"id":"12","name":"window","Leaves":[{"name":"window","frequency":0.598504 }],"frequency":0},
{"id":"13","name":"outdoor_lamp","Leaves":[{"name":"outdoor_lamp","frequency":0.359307 }],"frequency":0},
{"id":"14","name":"outdoor_lamp","Leaves":[{"name":"outdoor_lamp","frequency":0.359307 }],"frequency":0},
{"id":"15","name":"outdoor_lamp","Leaves":[{"name":"outdoor_lamp","frequency":0.359307 }],"frequency":0},
{"id":"16","name":"outdoor_lamp","Leaves":[{"name":"outdoor_lamp","frequency":0.359307 }],"frequency":0},
{"id":"17","name":"wall","Leaves":[{"name":"wall","frequency":0.215618 }],"frequency":8.11352e-43},
{"id":"18","name":"wall","Leaves":[{"name":"wall","frequency":0.215618 }],"frequency":0},
{"id":"19","name":"wall","Leaves":[{"name":"wall","frequency":0.215618 }],"frequency":0},
{"id":"20","name":"wall","Leaves":[{"name":"wall","frequency":0.215618 }],"frequency":0},
{"id":"21","name":"plant","Leaves":[{"name":"plant","frequency":0.325234 }],"frequency":8.11352e-43},
{"id":"22","name":"plant","Leaves":[{"name":"plant","frequency":0.325234 }],"frequency":0},
{"id":"23","name":"plant","Leaves":[{"name":"plant","frequency":0.325234 }],"frequency":0},
{"id":"24","name":"plant","Leaves":[{"name":"plant","frequency":0.325234 }],"frequency":0},
{"id":"25","name":"plant","Leaves":[{"name":"plant","frequency":0.325234 }],"frequency":0},
{"id":"26","name":"plant","Leaves":[{"name":"plant","frequency":0.325234 }],"frequency":0}
],
"rules":[
{"id":"0","source":"1","target":"0","factor":"proximity"},
{"id":"1","source":"5","target":"0","factor":"proximity"},
{"id":"2","source":"0","target":"1","factor":"orientation_parallel"},
{"id":"3","source":"5","target":"0","factor":"orientation_parallel"},
{"id":"4","source":"2","target":"0","factor":"orientation_parallel"},
{"id":"5","source":"0","target":"1","factor":"orientation_perpendicular"},
{"id":"6","source":"0","target":"5","factor":"orientation_perpendicular"},
{"id":"7","source":"0","target":"2","factor":"orientation_perpendicular"},
{"id":"8","source":"5","target":"0","factor":"orientation_perpendicular"},
{"id":"9","source":"2","target":"0","factor":"orientation_perpendicular"},
{"id":"10","source":"1","target":"0","factor":"orientation_perpendicular"},
{"id":"11","source":"10","target":"0","factor":"orientation_perpendicular"},
{"id":"12","source":"4","target":"0","factor":"orientation_perpendicular"},
{"id":"13","source":"0","target":"4","factor":"orientation_perpendicular"},
{"id":"14","source":"0","target":"12","factor":"orientation_parallel"},
{"id":"15","source":"0","target":"12","factor":"orientation_perpendicular"},
{"id":"16","source":"0","target":"12","factor":"symmetry"},
{"id":"17","source":"1","target":"12","factor":"proximity"},
{"id":"18","source":"5","target":"12","factor":"proximity"},
{"id":"19","source":"12","target":"1","factor":"orientation_parallel"},
{"id":"20","source":"5","target":"12","factor":"orientation_parallel"},
{"id":"21","source":"2","target":"12","factor":"orientation_parallel"},
{"id":"22","source":"12","target":"1","factor":"orientation_perpendicular"},
{"id":"23","source":"12","target":"5","factor":"orientation_perpendicular"},
{"id":"24","source":"12","target":"2","factor":"orientation_perpendicular"},
{"id":"25","source":"5","target":"12","factor":"orientation_perpendicular"},
{"id":"26","source":"2","target":"12","factor":"orientation_perpendicular"},
{"id":"27","source":"1","target":"12","factor":"orientation_perpendicular"},
{"id":"28","source":"10","target":"12","factor":"orientation_perpendicular"},
{"id":"29","source":"4","target":"12","factor":"orientation_perpendicular"},
{"id":"30","source":"12","target":"4","factor":"orientation_perpendicular"},
{"id":"31","source":"5","target":"8","factor":"proximity"},
{"id":"32","source":"8","target":"1","factor":"orientation_parallel"},
{"id":"33","source":"5","target":"8","factor":"orientation_parallel"},
{"id":"34","source":"2","target":"8","factor":"orientation_parallel"},
{"id":"35","source":"8","target":"1","factor":"orientation_perpendicular"},
{"id":"36","source":"3","target":"8","factor":"orientation_perpendicular"},
{"id":"37","source":"2","target":"8","factor":"orientation_perpendicular"},
{"id":"38","source":"4","target":"8","factor":"orientation_perpendicular"},
{"id":"39","source":"6","target":"8","factor":"orientation_perpendicular"},
{"id":"40","source":"1","target":"8","factor":"orientation_perpendicular"},
{"id":"41","source":"5","target":"8","factor":"orientation_perpendicular"},
{"id":"42","source":"8","target":"4","factor":"orientation_perpendicular"},
{"id":"43","source":"8","target":"13","factor":"orientation_parallel"},
{"id":"44","source":"8","target":"13","factor":"orientation_perpendicular"},
{"id":"45","source":"8","target":"13","factor":"symmetry"},
{"id":"46","source":"5","target":"13","factor":"proximity"},
{"id":"47","source":"13","target":"1","factor":"orientation_parallel"},
{"id":"48","source":"5","target":"13","factor":"orientation_parallel"},
{"id":"49","source":"2","target":"13","factor":"orientation_parallel"},
{"id":"50","source":"13","target":"1","factor":"orientation_perpendicular"},
{"id":"51","source":"3","target":"13","factor":"orientation_perpendicular"},
{"id":"52","source":"2","target":"13","factor":"orientation_perpendicular"},
{"id":"53","source":"4","target":"13","factor":"orientation_perpendicular"},
{"id":"54","source":"6","target":"13","factor":"orientation_perpendicular"},
{"id":"55","source":"1","target":"13","factor":"orientation_perpendicular"},
{"id":"56","source":"5","target":"13","factor":"orientation_perpendicular"},
{"id":"57","source":"13","target":"4","factor":"orientation_perpendicular"},
{"id":"58","source":"8","target":"14","factor":"orientation_parallel"},
{"id":"59","source":"13","target":"14","factor":"orientation_parallel"},
{"id":"60","source":"8","target":"14","factor":"orientation_perpendicular"},
{"id":"61","source":"13","target":"14","factor":"orientation_perpendicular"},
{"id":"62","source":"8","target":"14","factor":"symmetry"},
{"id":"63","source":"13","target":"14","factor":"symmetry"},
{"id":"64","source":"5","target":"14","factor":"proximity"},
{"id":"65","source":"14","target":"1","factor":"orientation_parallel"},
{"id":"66","source":"5","target":"14","factor":"orientation_parallel"},
{"id":"67","source":"2","target":"14","factor":"orientation_parallel"},
{"id":"68","source":"14","target":"1","factor":"orientation_perpendicular"},
{"id":"69","source":"3","target":"14","factor":"orientation_perpendicular"},
{"id":"70","source":"2","target":"14","factor":"orientation_perpendicular"},
{"id":"71","source":"4","target":"14","factor":"orientation_perpendicular"},
{"id":"72","source":"6","target":"14","factor":"orientation_perpendicular"},
{"id":"73","source":"1","target":"14","factor":"orientation_perpendicular"},
{"id":"74","source":"5","target":"14","factor":"orientation_perpendicular"},
{"id":"75","source":"14","target":"4","factor":"orientation_perpendicular"},
{"id":"76","source":"8","target":"15","factor":"orientation_parallel"},
{"id":"77","source":"13","target":"15","factor":"orientation_parallel"},
{"id":"78","source":"14","target":"15","factor":"orientation_parallel"},
{"id":"79","source":"8","target":"15","factor":"orientation_perpendicular"},
{"id":"80","source":"13","target":"15","factor":"orientation_perpendicular"},
{"id":"81","source":"14","target":"15","factor":"orientation_perpendicular"},
{"id":"82","source":"8","target":"15","factor":"symmetry"},
{"id":"83","source":"13","target":"15","factor":"symmetry"},
{"id":"84","source":"14","target":"15","factor":"symmetry"},
{"id":"85","source":"5","target":"15","factor":"proximity"},
{"id":"86","source":"15","target":"1","factor":"orientation_parallel"},
{"id":"87","source":"5","target":"15","factor":"orientation_parallel"},
{"id":"88","source":"2","target":"15","factor":"orientation_parallel"},
{"id":"89","source":"15","target":"1","factor":"orientation_perpendicular"},
{"id":"90","source":"3","target":"15","factor":"orientation_perpendicular"},
{"id":"91","source":"2","target":"15","factor":"orientation_perpendicular"},
{"id":"92","source":"4","target":"15","factor":"orientation_perpendicular"},
{"id":"93","source":"6","target":"15","factor":"orientation_perpendicular"},
{"id":"94","source":"1","target":"15","factor":"orientation_perpendicular"},
{"id":"95","source":"5","target":"15","factor":"orientation_perpendicular"},
{"id":"96","source":"15","target":"4","factor":"orientation_perpendicular"},
{"id":"97","source":"8","target":"16","factor":"orientation_parallel"},
{"id":"98","source":"13","target":"16","factor":"orientation_parallel"},
{"id":"99","source":"14","target":"16","factor":"orientation_parallel"},
{"id":"100","source":"15","target":"16","factor":"orientation_parallel"},
{"id":"101","source":"8","target":"16","factor":"orientation_perpendicular"},
{"id":"102","source":"13","target":"16","factor":"orientation_perpendicular"},
{"id":"103","source":"14","target":"16","factor":"orientation_perpendicular"},
{"id":"104","source":"15","target":"16","factor":"orientation_perpendicular"},
{"id":"105","source":"8","target":"16","factor":"symmetry"},
{"id":"106","source":"13","target":"16","factor":"symmetry"},
{"id":"107","source":"14","target":"16","factor":"symmetry"},
{"id":"108","source":"15","target":"16","factor":"symmetry"},
{"id":"109","source":"5","target":"16","factor":"proximity"},
{"id":"110","source":"16","target":"1","factor":"orientation_parallel"},
{"id":"111","source":"5","target":"16","factor":"orientation_parallel"},
{"id":"112","source":"2","target":"16","factor":"orientation_parallel"},
{"id":"113","source":"16","target":"1","factor":"orientation_perpendicular"},
{"id":"114","source":"3","target":"16","factor":"orientation_perpendicular"},
{"id":"115","source":"2","target":"16","factor":"orientation_perpendicular"},
{"id":"116","source":"4","target":"16","factor":"orientation_perpendicular"},
{"id":"117","source":"6","target":"16","factor":"orientation_perpendicular"},
{"id":"118","source":"1","target":"16","factor":"orientation_perpendicular"},
{"id":"119","source":"5","target":"16","factor":"orientation_perpendicular"},
{"id":"120","source":"16","target":"4","factor":"orientation_perpendicular"},
{"id":"121","source":"1","target":"2","factor":"Horizontal-Support"},
{"id":"122","source":"5","target":"1","factor":"proximity"},
{"id":"123","source":"2","target":"1","factor":"proximity"},
{"id":"124","source":"4","target":"1","factor":"proximity"},
{"id":"125","source":"6","target":"1","factor":"proximity"},
{"id":"126","source":"3","target":"1","factor":"proximity"},
{"id":"127","source":"3","target":"1","factor":"orientation_parallel"},
{"id":"128","source":"5","target":"1","factor":"orientation_parallel"},
{"id":"129","source":"2","target":"1","factor":"orientation_parallel"},
{"id":"130","source":"4","target":"1","factor":"orientation_parallel"},
{"id":"131","source":"6","target":"1","factor":"orientation_parallel"},
{"id":"132","source":"4","target":"1","factor":"orientation_perpendicular"},
{"id":"133","source":"2","target":"1","factor":"orientation_perpendicular"},
{"id":"134","source":"3","target":"1","factor":"orientation_perpendicular"},
{"id":"135","source":"5","target":"1","factor":"orientation_perpendicular"},
{"id":"136","source":"1","target":"4","factor":"orientation_perpendicular"},
{"id":"137","source":"1","target":"3","factor":"orientation_perpendicular"},
{"id":"138","source":"1","target":"6","factor":"orientation_perpendicular"},
{"id":"139","source":"6","target":"1","factor":"orientation_perpendicular"},
{"id":"140","source":"10","target":"1","factor":"orientation_perpendicular"},
{"id":"141","source":"9","target":"1","factor":"orientation_perpendicular"},
{"id":"142","source":"1","target":"10","factor":"orientation_perpendicular"},
{"id":"143","source":"7","target":"1","factor":"orientation_perpendicular"},
{"id":"144","source":"1","target":"9","factor":"orientation_perpendicular"},
{"id":"145","source":"11","target":"1","factor":"orientation_perpendicular"},
{"id":"146","source":"1","target":"17","factor":"proximity"},
{"id":"147","source":"1","target":"17","factor":"orientation_parallel"},
{"id":"148","source":"1","target":"17","factor":"orientation_perpendicular"},
{"id":"149","source":"1","target":"17","factor":"symmetry"},
{"id":"150","source":"1","target":"17","factor":"side_to_side"},
{"id":"151","source":"17","target":"2","factor":"Horizontal-Support"},
{"id":"152","source":"5","target":"17","factor":"proximity"},
{"id":"153","source":"2","target":"17","factor":"proximity"},
{"id":"154","source":"4","target":"17","factor":"proximity"},
{"id":"155","source":"6","target":"17","factor":"proximity"},
{"id":"156","source":"3","target":"17","factor":"proximity"},
{"id":"157","source":"3","target":"17","factor":"orientation_parallel"},
{"id":"158","source":"5","target":"17","factor":"orientation_parallel"},
{"id":"159","source":"2","target":"17","factor":"orientation_parallel"},
{"id":"160","source":"4","target":"17","factor":"orientation_parallel"},
{"id":"161","source":"6","target":"17","factor":"orientation_parallel"},
{"id":"162","source":"4","target":"17","factor":"orientation_perpendicular"},
{"id":"163","source":"2","target":"17","factor":"orientation_perpendicular"},
{"id":"164","source":"3","target":"17","factor":"orientation_perpendicular"},
{"id":"165","source":"5","target":"17","factor":"orientation_perpendicular"},
{"id":"166","source":"17","target":"4","factor":"orientation_perpendicular"},
{"id":"167","source":"17","target":"3","factor":"orientation_perpendicular"},
{"id":"168","source":"17","target":"6","factor":"orientation_perpendicular"},
{"id":"169","source":"6","target":"17","factor":"orientation_perpendicular"},
{"id":"170","source":"10","target":"17","factor":"orientation_perpendicular"},
{"id":"171","source":"9","target":"17","factor":"orientation_perpendicular"},
{"id":"172","source":"17","target":"10","factor":"orientation_perpendicular"},
{"id":"173","source":"7","target":"17","factor":"orientation_perpendicular"},
{"id":"174","source":"17","target":"9","factor":"orientation_perpendicular"},
{"id":"175","source":"11","target":"17","factor":"orientation_perpendicular"},
{"id":"176","source":"1","target":"18","factor":"proximity"},
{"id":"177","source":"17","target":"18","factor":"proximity"},
{"id":"178","source":"1","target":"18","factor":"orientation_parallel"},
{"id":"179","source":"17","target":"18","factor":"orientation_parallel"},
{"id":"180","source":"1","target":"18","factor":"orientation_perpendicular"},
{"id":"181","source":"17","target":"18","factor":"orientation_perpendicular"},
{"id":"182","source":"1","target":"18","factor":"symmetry"},
{"id":"183","source":"17","target":"18","factor":"symmetry"},
{"id":"184","source":"1","target":"18","factor":"side_to_side"},
{"id":"185","source":"17","target":"18","factor":"side_to_side"},
{"id":"186","source":"18","target":"2","factor":"Horizontal-Support"},
{"id":"187","source":"5","target":"18","factor":"proximity"},
{"id":"188","source":"2","target":"18","factor":"proximity"},
{"id":"189","source":"4","target":"18","factor":"proximity"},
{"id":"190","source":"6","target":"18","factor":"proximity"},
{"id":"191","source":"3","target":"18","factor":"proximity"},
{"id":"192","source":"3","target":"18","factor":"orientation_parallel"},
{"id":"193","source":"5","target":"18","factor":"orientation_parallel"},
{"id":"194","source":"2","target":"18","factor":"orientation_parallel"},
{"id":"195","source":"4","target":"18","factor":"orientation_parallel"},
{"id":"196","source":"6","target":"18","factor":"orientation_parallel"},
{"id":"197","source":"4","target":"18","factor":"orientation_perpendicular"},
{"id":"198","source":"2","target":"18","factor":"orientation_perpendicular"},
{"id":"199","source":"3","target":"18","factor":"orientation_perpendicular"},
{"id":"200","source":"5","target":"18","factor":"orientation_perpendicular"},
{"id":"201","source":"18","target":"4","factor":"orientation_perpendicular"},
{"id":"202","source":"18","target":"3","factor":"orientation_perpendicular"},
{"id":"203","source":"18","target":"6","factor":"orientation_perpendicular"},
{"id":"204","source":"6","target":"18","factor":"orientation_perpendicular"},
{"id":"205","source":"10","target":"18","factor":"orientation_perpendicular"},
{"id":"206","source":"9","target":"18","factor":"orientation_perpendicular"},
{"id":"207","source":"18","target":"10","factor":"orientation_perpendicular"},
{"id":"208","source":"7","target":"18","factor":"orientation_perpendicular"},
{"id":"209","source":"18","target":"9","factor":"orientation_perpendicular"},
{"id":"210","source":"11","target":"18","factor":"orientation_perpendicular"},
{"id":"211","source":"1","target":"19","factor":"proximity"},
{"id":"212","source":"17","target":"19","factor":"proximity"},
{"id":"213","source":"18","target":"19","factor":"proximity"},
{"id":"214","source":"1","target":"19","factor":"orientation_parallel"},
{"id":"215","source":"17","target":"19","factor":"orientation_parallel"},
{"id":"216","source":"18","target":"19","factor":"orientation_parallel"},
{"id":"217","source":"1","target":"19","factor":"orientation_perpendicular"},
{"id":"218","source":"17","target":"19","factor":"orientation_perpendicular"},
{"id":"219","source":"18","target":"19","factor":"orientation_perpendicular"},
{"id":"220","source":"1","target":"19","factor":"symmetry"},
{"id":"221","source":"17","target":"19","factor":"symmetry"},
{"id":"222","source":"18","target":"19","factor":"symmetry"},
{"id":"223","source":"1","target":"19","factor":"side_to_side"},
{"id":"224","source":"17","target":"19","factor":"side_to_side"},
{"id":"225","source":"18","target":"19","factor":"side_to_side"},
{"id":"226","source":"19","target":"2","factor":"Horizontal-Support"},
{"id":"227","source":"5","target":"19","factor":"proximity"},
{"id":"228","source":"2","target":"19","factor":"proximity"},
{"id":"229","source":"4","target":"19","factor":"proximity"},
{"id":"230","source":"6","target":"19","factor":"proximity"},
{"id":"231","source":"3","target":"19","factor":"proximity"},
{"id":"232","source":"3","target":"19","factor":"orientation_parallel"},
{"id":"233","source":"5","target":"19","factor":"orientation_parallel"},
{"id":"234","source":"2","target":"19","factor":"orientation_parallel"},
{"id":"235","source":"4","target":"19","factor":"orientation_parallel"},
{"id":"236","source":"6","target":"19","factor":"orientation_parallel"},
{"id":"237","source":"4","target":"19","factor":"orientation_perpendicular"},
{"id":"238","source":"2","target":"19","factor":"orientation_perpendicular"},
{"id":"239","source":"3","target":"19","factor":"orientation_perpendicular"},
{"id":"240","source":"5","target":"19","factor":"orientation_perpendicular"},
{"id":"241","source":"19","target":"4","factor":"orientation_perpendicular"},
{"id":"242","source":"19","target":"3","factor":"orientation_perpendicular"},
{"id":"243","source":"19","target":"6","factor":"orientation_perpendicular"},
{"id":"244","source":"6","target":"19","factor":"orientation_perpendicular"},
{"id":"245","source":"10","target":"19","factor":"orientation_perpendicular"},
{"id":"246","source":"9","target":"19","factor":"orientation_perpendicular"},
{"id":"247","source":"19","target":"10","factor":"orientation_perpendicular"},
{"id":"248","source":"7","target":"19","factor":"orientation_perpendicular"},
{"id":"249","source":"19","target":"9","factor":"orientation_perpendicular"},
{"id":"250","source":"11","target":"19","factor":"orientation_perpendicular"},
{"id":"251","source":"1","target":"20","factor":"proximity"},
{"id":"252","source":"17","target":"20","factor":"proximity"},
{"id":"253","source":"18","target":"20","factor":"proximity"},
{"id":"254","source":"19","target":"20","factor":"proximity"},
{"id":"255","source":"1","target":"20","factor":"orientation_parallel"},
{"id":"256","source":"17","target":"20","factor":"orientation_parallel"},
{"id":"257","source":"18","target":"20","factor":"orientation_parallel"},
{"id":"258","source":"19","target":"20","factor":"orientation_parallel"},
{"id":"259","source":"1","target":"20","factor":"orientation_perpendicular"},
{"id":"260","source":"17","target":"20","factor":"orientation_perpendicular"},
{"id":"261","source":"18","target":"20","factor":"orientation_perpendicular"},
{"id":"262","source":"19","target":"20","factor":"orientation_perpendicular"},
{"id":"263","source":"1","target":"20","factor":"symmetry"},
{"id":"264","source":"17","target":"20","factor":"symmetry"},
{"id":"265","source":"18","target":"20","factor":"symmetry"},
{"id":"266","source":"19","target":"20","factor":"symmetry"},
{"id":"267","source":"1","target":"20","factor":"side_to_side"},
{"id":"268","source":"17","target":"20","factor":"side_to_side"},
{"id":"269","source":"18","target":"20","factor":"side_to_side"},
{"id":"270","source":"19","target":"20","factor":"side_to_side"},
{"id":"271","source":"20","target":"2","factor":"Horizontal-Support"},
{"id":"272","source":"5","target":"20","factor":"proximity"},
{"id":"273","source":"2","target":"20","factor":"proximity"},
{"id":"274","source":"4","target":"20","factor":"proximity"},
{"id":"275","source":"6","target":"20","factor":"proximity"},
{"id":"276","source":"3","target":"20","factor":"proximity"},
{"id":"277","source":"3","target":"20","factor":"orientation_parallel"},
{"id":"278","source":"5","target":"20","factor":"orientation_parallel"},
{"id":"279","source":"2","target":"20","factor":"orientation_parallel"},
{"id":"280","source":"4","target":"20","factor":"orientation_parallel"},
{"id":"281","source":"6","target":"20","factor":"orientation_parallel"},
{"id":"282","source":"4","target":"20","factor":"orientation_perpendicular"},
{"id":"283","source":"2","target":"20","factor":"orientation_perpendicular"},
{"id":"284","source":"3","target":"20","factor":"orientation_perpendicular"},
{"id":"285","source":"5","target":"20","factor":"orientation_perpendicular"},
{"id":"286","source":"20","target":"4","factor":"orientation_perpendicular"},
{"id":"287","source":"20","target":"3","factor":"orientation_perpendicular"},
{"id":"288","source":"20","target":"6","factor":"orientation_perpendicular"},
{"id":"289","source":"6","target":"20","factor":"orientation_perpendicular"},
{"id":"290","source":"10","target":"20","factor":"orientation_perpendicular"},
{"id":"291","source":"9","target":"20","factor":"orientation_perpendicular"},
{"id":"292","source":"20","target":"10","factor":"orientation_perpendicular"},
{"id":"293","source":"7","target":"20","factor":"orientation_perpendicular"},
{"id":"294","source":"20","target":"9","factor":"orientation_perpendicular"},
{"id":"295","source":"11","target":"20","factor":"orientation_perpendicular"},
{"id":"296","source":"3","target":"4","factor":"proximity"},
{"id":"297","source":"5","target":"4","factor":"proximity"},
{"id":"298","source":"2","target":"4","factor":"proximity"},
{"id":"299","source":"4","target":"2","factor":"orientation_parallel"},
{"id":"300","source":"2","target":"4","factor":"orientation_parallel"},
{"id":"301","source":"5","target":"4","factor":"orientation_parallel"},
{"id":"302","source":"4","target":"6","factor":"orientation_parallel"},
{"id":"303","source":"6","target":"4","factor":"orientation_parallel"},
{"id":"304","source":"4","target":"3","factor":"orientation_perpendicular"},
{"id":"305","source":"4","target":"6","factor":"orientation_perpendicular"},
{"id":"306","source":"3","target":"4","factor":"orientation_perpendicular"},
{"id":"307","source":"4","target":"7","factor":"orientation_perpendicular"},
{"id":"308","source":"10","target":"4","factor":"orientation_perpendicular"},
{"id":"309","source":"4","target":"10","factor":"orientation_perpendicular"},
{"id":"310","source":"7","target":"4","factor":"orientation_perpendicular"},
{"id":"311","source":"4","target":"21","factor":"proximity"},
{"id":"312","source":"4","target":"21","factor":"orientation_parallel"},
{"id":"313","source":"4","target":"21","factor":"orientation_perpendicular"},
{"id":"314","source":"4","target":"21","factor":"symmetry"},
{"id":"315","source":"3","target":"21","factor":"proximity"},
{"id":"316","source":"5","target":"21","factor":"proximity"},
{"id":"317","source":"2","target":"21","factor":"proximity"},
{"id":"318","source":"21","target":"2","factor":"orientation_parallel"},
{"id":"319","source":"2","target":"21","factor":"orientation_parallel"},
{"id":"320","source":"5","target":"21","factor":"orientation_parallel"},
{"id":"321","source":"21","target":"6","factor":"orientation_parallel"},
{"id":"322","source":"6","target":"21","factor":"orientation_parallel"},
{"id":"323","source":"21","target":"3","factor":"orientation_perpendicular"},
{"id":"324","source":"21","target":"6","factor":"orientation_perpendicular"},
{"id":"325","source":"3","target":"21","factor":"orientation_perpendicular"},
{"id":"326","source":"21","target":"7","factor":"orientation_perpendicular"},
{"id":"327","source":"10","target":"21","factor":"orientation_perpendicular"},
{"id":"328","source":"21","target":"10","factor":"orientation_perpendicular"},
{"id":"329","source":"7","target":"21","factor":"orientation_perpendicular"},
{"id":"330","source":"4","target":"22","factor":"proximity"},
{"id":"331","source":"21","target":"22","factor":"proximity"},
{"id":"332","source":"4","target":"22","factor":"orientation_parallel"},
{"id":"333","source":"21","target":"22","factor":"orientation_parallel"},
{"id":"334","source":"4","target":"22","factor":"orientation_perpendicular"},
{"id":"335","source":"21","target":"22","factor":"orientation_perpendicular"},
{"id":"336","source":"4","target":"22","factor":"symmetry"},
{"id":"337","source":"21","target":"22","factor":"symmetry"},
{"id":"338","source":"3","target":"22","factor":"proximity"},
{"id":"339","source":"5","target":"22","factor":"proximity"},
{"id":"340","source":"2","target":"22","factor":"proximity"},
{"id":"341","source":"22","target":"2","factor":"orientation_parallel"},
{"id":"342","source":"2","target":"22","factor":"orientation_parallel"},
{"id":"343","source":"5","target":"22","factor":"orientation_parallel"},
{"id":"344","source":"22","target":"6","factor":"orientation_parallel"},
{"id":"345","source":"6","target":"22","factor":"orientation_parallel"},
{"id":"346","source":"22","target":"3","factor":"orientation_perpendicular"},
{"id":"347","source":"22","target":"6","factor":"orientation_perpendicular"},
{"id":"348","source":"3","target":"22","factor":"orientation_perpendicular"},
{"id":"349","source":"22","target":"7","factor":"orientation_perpendicular"},
{"id":"350","source":"10","target":"22","factor":"orientation_perpendicular"},
{"id":"351","source":"22","target":"10","factor":"orientation_perpendicular"},
{"id":"352","source":"7","target":"22","factor":"orientation_perpendicular"},
{"id":"353","source":"4","target":"23","factor":"proximity"},
{"id":"354","source":"21","target":"23","factor":"proximity"},
{"id":"355","source":"22","target":"23","factor":"proximity"},
{"id":"356","source":"4","target":"23","factor":"orientation_parallel"},
{"id":"357","source":"21","target":"23","factor":"orientation_parallel"},
{"id":"358","source":"22","target":"23","factor":"orientation_parallel"},
{"id":"359","source":"4","target":"23","factor":"orientation_perpendicular"},
{"id":"360","source":"21","target":"23","factor":"orientation_perpendicular"},
{"id":"361","source":"22","target":"23","factor":"orientation_perpendicular"},
{"id":"362","source":"4","target":"23","factor":"symmetry"},
{"id":"363","source":"21","target":"23","factor":"symmetry"},
{"id":"364","source":"22","target":"23","factor":"symmetry"},
{"id":"365","source":"3","target":"23","factor":"proximity"},
{"id":"366","source":"5","target":"23","factor":"proximity"},
{"id":"367","source":"2","target":"23","factor":"proximity"},
{"id":"368","source":"23","target":"2","factor":"orientation_parallel"},
{"id":"369","source":"2","target":"23","factor":"orientation_parallel"},
{"id":"370","source":"5","target":"23","factor":"orientation_parallel"},
{"id":"371","source":"23","target":"6","factor":"orientation_parallel"},
{"id":"372","source":"6","target":"23","factor":"orientation_parallel"},
{"id":"373","source":"23","target":"3","factor":"orientation_perpendicular"},
{"id":"374","source":"23","target":"6","factor":"orientation_perpendicular"},
{"id":"375","source":"3","target":"23","factor":"orientation_perpendicular"},
{"id":"376","source":"23","target":"7","factor":"orientation_perpendicular"},
{"id":"377","source":"10","target":"23","factor":"orientation_perpendicular"},
{"id":"378","source":"23","target":"10","factor":"orientation_perpendicular"},
{"id":"379","source":"7","target":"23","factor":"orientation_perpendicular"},
{"id":"380","source":"4","target":"24","factor":"proximity"},
{"id":"381","source":"21","target":"24","factor":"proximity"},
{"id":"382","source":"22","target":"24","factor":"proximity"},
{"id":"383","source":"23","target":"24","factor":"proximity"},
{"id":"384","source":"4","target":"24","factor":"orientation_parallel"},
{"id":"385","source":"21","target":"24","factor":"orientation_parallel"},
{"id":"386","source":"22","target":"24","factor":"orientation_parallel"},
{"id":"387","source":"23","target":"24","factor":"orientation_parallel"},
{"id":"388","source":"4","target":"24","factor":"orientation_perpendicular"},
{"id":"389","source":"21","target":"24","factor":"orientation_perpendicular"},
{"id":"390","source":"22","target":"24","factor":"orientation_perpendicular"},
{"id":"391","source":"23","target":"24","factor":"orientation_perpendicular"},
{"id":"392","source":"4","target":"24","factor":"symmetry"},
{"id":"393","source":"21","target":"24","factor":"symmetry"},
{"id":"394","source":"22","target":"24","factor":"symmetry"},
{"id":"395","source":"23","target":"24","factor":"symmetry"},
{"id":"396","source":"3","target":"24","factor":"proximity"},
{"id":"397","source":"5","target":"24","factor":"proximity"},
{"id":"398","source":"2","target":"24","factor":"proximity"},
{"id":"399","source":"24","target":"2","factor":"orientation_parallel"},
{"id":"400","source":"2","target":"24","factor":"orientation_parallel"},
{"id":"401","source":"5","target":"24","factor":"orientation_parallel"},
{"id":"402","source":"24","target":"6","factor":"orientation_parallel"},
{"id":"403","source":"6","target":"24","factor":"orientation_parallel"},
{"id":"404","source":"24","target":"3","factor":"orientation_perpendicular"},
{"id":"405","source":"24","target":"6","factor":"orientation_perpendicular"},
{"id":"406","source":"3","target":"24","factor":"orientation_perpendicular"},
{"id":"407","source":"24","target":"7","factor":"orientation_perpendicular"},
{"id":"408","source":"10","target":"24","factor":"orientation_perpendicular"},
{"id":"409","source":"24","target":"10","factor":"orientation_perpendicular"},
{"id":"410","source":"7","target":"24","factor":"orientation_perpendicular"},
{"id":"411","source":"4","target":"25","factor":"proximity"},
{"id":"412","source":"21","target":"25","factor":"proximity"},
{"id":"413","source":"22","target":"25","factor":"proximity"},
{"id":"414","source":"23","target":"25","factor":"proximity"},
{"id":"415","source":"24","target":"25","factor":"proximity"},
{"id":"416","source":"4","target":"25","factor":"orientation_parallel"},
{"id":"417","source":"21","target":"25","factor":"orientation_parallel"},
{"id":"418","source":"22","target":"25","factor":"orientation_parallel"},
{"id":"419","source":"23","target":"25","factor":"orientation_parallel"},
{"id":"420","source":"24","target":"25","factor":"orientation_parallel"},
{"id":"421","source":"4","target":"25","factor":"orientation_perpendicular"},
{"id":"422","source":"21","target":"25","factor":"orientation_perpendicular"},
{"id":"423","source":"22","target":"25","factor":"orientation_perpendicular"},
{"id":"424","source":"23","target":"25","factor":"orientation_perpendicular"},
{"id":"425","source":"24","target":"25","factor":"orientation_perpendicular"},
{"id":"426","source":"4","target":"25","factor":"symmetry"},
{"id":"427","source":"21","target":"25","factor":"symmetry"},
{"id":"428","source":"22","target":"25","factor":"symmetry"},
{"id":"429","source":"23","target":"25","factor":"symmetry"},
{"id":"430","source":"24","target":"25","factor":"symmetry"},
{"id":"431","source":"3","target":"25","factor":"proximity"},
{"id":"432","source":"5","target":"25","factor":"proximity"},
{"id":"433","source":"2","target":"25","factor":"proximity"},
{"id":"434","source":"25","target":"2","factor":"orientation_parallel"},
{"id":"435","source":"2","target":"25","factor":"orientation_parallel"},
{"id":"436","source":"5","target":"25","factor":"orientation_parallel"},
{"id":"437","source":"25","target":"6","factor":"orientation_parallel"},
{"id":"438","source":"6","target":"25","factor":"orientation_parallel"},
{"id":"439","source":"25","target":"3","factor":"orientation_perpendicular"},
{"id":"440","source":"25","target":"6","factor":"orientation_perpendicular"},
{"id":"441","source":"3","target":"25","factor":"orientation_perpendicular"},
{"id":"442","source":"25","target":"7","factor":"orientation_perpendicular"},
{"id":"443","source":"10","target":"25","factor":"orientation_perpendicular"},
{"id":"444","source":"25","target":"10","factor":"orientation_perpendicular"},
{"id":"445","source":"7","target":"25","factor":"orientation_perpendicular"},
{"id":"446","source":"4","target":"26","factor":"proximity"},
{"id":"447","source":"21","target":"26","factor":"proximity"},
{"id":"448","source":"22","target":"26","factor":"proximity"},
{"id":"449","source":"23","target":"26","factor":"proximity"},
{"id":"450","source":"24","target":"26","factor":"proximity"},
{"id":"451","source":"25","target":"26","factor":"proximity"},
{"id":"452","source":"4","target":"26","factor":"orientation_parallel"},
{"id":"453","source":"21","target":"26","factor":"orientation_parallel"},
{"id":"454","source":"22","target":"26","factor":"orientation_parallel"},
{"id":"455","source":"23","target":"26","factor":"orientation_parallel"},
{"id":"456","source":"24","target":"26","factor":"orientation_parallel"},
{"id":"457","source":"25","target":"26","factor":"orientation_parallel"},
{"id":"458","source":"4","target":"26","factor":"orientation_perpendicular"},
{"id":"459","source":"21","target":"26","factor":"orientation_perpendicular"},
{"id":"460","source":"22","target":"26","factor":"orientation_perpendicular"},
{"id":"461","source":"23","target":"26","factor":"orientation_perpendicular"},
{"id":"462","source":"24","target":"26","factor":"orientation_perpendicular"},
{"id":"463","source":"25","target":"26","factor":"orientation_perpendicular"},
{"id":"464","source":"4","target":"26","factor":"symmetry"},
{"id":"465","source":"21","target":"26","factor":"symmetry"},
{"id":"466","source":"22","target":"26","factor":"symmetry"},
{"id":"467","source":"23","target":"26","factor":"symmetry"},
{"id":"468","source":"24","target":"26","factor":"symmetry"},
{"id":"469","source":"25","target":"26","factor":"symmetry"},
{"id":"470","source":"3","target":"26","factor":"proximity"},
{"id":"471","source":"5","target":"26","factor":"proximity"},
{"id":"472","source":"2","target":"26","factor":"proximity"},
{"id":"473","source":"26","target":"2","factor":"orientation_parallel"},
{"id":"474","source":"2","target":"26","factor":"orientation_parallel"},
{"id":"475","source":"5","target":"26","factor":"orientation_parallel"},
{"id":"476","source":"26","target":"6","factor":"orientation_parallel"},
{"id":"477","source":"6","target":"26","factor":"orientation_parallel"},
{"id":"478","source":"26","target":"3","factor":"orientation_perpendicular"},
{"id":"479","source":"26","target":"6","factor":"orientation_perpendicular"},
{"id":"480","source":"3","target":"26","factor":"orientation_perpendicular"},
{"id":"481","source":"26","target":"7","factor":"orientation_perpendicular"},
{"id":"482","source":"10","target":"26","factor":"orientation_perpendicular"},
{"id":"483","source":"26","target":"10","factor":"orientation_perpendicular"},
{"id":"484","source":"7","target":"26","factor":"orientation_perpendicular"},
{"id":"485","source":"5","target":"2","factor":"proximity"},
{"id":"486","source":"3","target":"3","factor":"proximity"},
{"id":"487","source":"3","target":"6","factor":"proximity"},
{"id":"488","source":"5","target":"7","factor":"proximity"},
{"id":"489","source":"5","target":"6","factor":"proximity"},
{"id":"490","source":"5","target":"3","factor":"proximity"},
{"id":"491","source":"3","target":"2","factor":"proximity"},
{"id":"492","source":"2","target":"5","factor":"orientation_parallel"},
{"id":"493","source":"2","target":"3","factor":"orientation_parallel"},
{"id":"494","source":"2","target":"6","factor":"orientation_parallel"},
{"id":"495","source":"5","target":"6","factor":"orientation_parallel"},
{"id":"496","source":"3","target":"3","factor":"orientation_parallel"},
{"id":"497","source":"9","target":"9","factor":"orientation_parallel"},
{"id":"498","source":"3","target":"2","factor":"orientation_perpendicular"},
{"id":"499","source":"2","target":"6","factor":"orientation_perpendicular"},
{"id":"500","source":"5","target":"6","factor":"orientation_perpendicular"},
{"id":"501","source":"3","target":"6","factor":"orientation_perpendicular"},
{"id":"502","source":"6","target":"3","factor":"orientation_perpendicular"},
{"id":"503","source":"5","target":"7","factor":"orientation_perpendicular"},
{"id":"504","source":"2","target":"7","factor":"orientation_perpendicular"},
{"id":"505","source":"3","target":"3","factor":"orientation_perpendicular"},
{"id":"506","source":"5","target":"10","factor":"orientation_perpendicular"},
{"id":"507","source":"2","target":"10","factor":"orientation_perpendicular"},
{"id":"508","source":"10","target":"10","factor":"orientation_perpendicular"},
{"id":"509","source":"7","target":"7","factor":"orientation_perpendicular"},
{"id":"510","source":"5","target":"3","factor":"orientation_perpendicular"},
{"id":"511","source":"2","target":"3","factor":"orientation_perpendicular"},
{"id":"512","source":"3","target":"9","factor":"orientation_perpendicular"},
{"id":"513","source":"6","target":"6","factor":"orientation_perpendicular"},
{"id":"514","source":"3","target":"3","factor":"symmetry"},
{"id":"515","source":"10","target":"10","factor":"symmetry"},
{"id":"516","source":"9","target":"9","factor":"symmetry"},
{"id":"517","source":"6","target":"6","factor":"symmetry"},
{"id":"518","source":"7","target":"7","factor":"symmetry"}
],
"probability":[
{"id":"0","value":0.0685997},
{"id":"1","value":0.0572843},
{"id":"2","value":0.180339},
{"id":"3","value":0.130127},
{"id":"4","value":0.144272},
{"id":"5","value":0.302687},
{"id":"6","value":0.062942},
{"id":"7","value":0.0785007},
{"id":"8","value":0.0205092},
{"id":"9","value":0.0219236},
{"id":"10","value":0.0374823},
{"id":"11","value":0.0106082},
{"id":"12","value":0.0417256},
{"id":"13","value":0.0148515},
{"id":"14","value":0.0975955},
{"id":"15","value":0.0410184},
{"id":"16","value":0.0721358},
{"id":"17","value":0.0685997},
{"id":"18","value":0.0572843},
{"id":"19","value":0.180339},
{"id":"20","value":0.130127},
{"id":"21","value":0.144272},
{"id":"22","value":0.302687},
{"id":"23","value":0.062942},
{"id":"24","value":0.0785007},
{"id":"25","value":0.0205092},
{"id":"26","value":0.0219236},
{"id":"27","value":0.0374823},
{"id":"28","value":0.0106082},
{"id":"29","value":0.0417256},
{"id":"30","value":0.0148515},
{"id":"31","value":0.0523338},
{"id":"32","value":0.053041},
{"id":"33","value":0.0615276},
{"id":"34","value":0.0792079},
{"id":"35","value":0.115276},
{"id":"36","value":0.0183876},
{"id":"37","value":0.0275813},
{"id":"38","value":0.0226308},
{"id":"39","value":0.0106082},
{"id":"40","value":0.0367751},
{"id":"41","value":0.0219236},
{"id":"42","value":0.0176803},
{"id":"43","value":0.0869873},
{"id":"44","value":0.019802},
{"id":"45","value":0.0940594},
{"id":"46","value":0.0523338},
{"id":"47","value":0.053041},
{"id":"48","value":0.0615276},
{"id":"49","value":0.0792079},
{"id":"50","value":0.115276},
{"id":"51","value":0.0183876},
{"id":"52","value":0.0275813},
{"id":"53","value":0.0226308},
{"id":"54","value":0.0106082},
{"id":"55","value":0.0367751},
{"id":"56","value":0.0219236},
{"id":"57","value":0.0176803},
{"id":"58","value":0.0869873},
{"id":"59","value":0.0869873},
{"id":"60","value":0.019802},
{"id":"61","value":0.019802},
{"id":"62","value":0.0940594},
{"id":"63","value":0.0940594},
{"id":"64","value":0.0523338},
{"id":"65","value":0.053041},
{"id":"66","value":0.0615276},
{"id":"67","value":0.0792079},
{"id":"68","value":0.115276},
{"id":"69","value":0.0183876},
{"id":"70","value":0.0275813},
{"id":"71","value":0.0226308},
{"id":"72","value":0.0106082},
{"id":"73","value":0.0367751},
{"id":"74","value":0.0219236},
{"id":"75","value":0.0176803},
{"id":"76","value":0.0869873},
{"id":"77","value":0.0869873},
{"id":"78","value":0.0869873},
{"id":"79","value":0.019802},
{"id":"80","value":0.019802},
{"id":"81","value":0.019802},
{"id":"82","value":0.0940594},
{"id":"83","value":0.0940594},
{"id":"84","value":0.0940594},
{"id":"85","value":0.0523338},
{"id":"86","value":0.053041},
{"id":"87","value":0.0615276},
{"id":"88","value":0.0792079},
{"id":"89","value":0.115276},
{"id":"90","value":0.0183876},
{"id":"91","value":0.0275813},
{"id":"92","value":0.0226308},
{"id":"93","value":0.0106082},
{"id":"94","value":0.0367751},
{"id":"95","value":0.0219236},
{"id":"96","value":0.0176803},
{"id":"97","value":0.0869873},
{"id":"98","value":0.0869873},
{"id":"99","value":0.0869873},
{"id":"100","value":0.0869873},
{"id":"101","value":0.019802},
{"id":"102","value":0.019802},
{"id":"103","value":0.019802},
{"id":"104","value":0.019802},
{"id":"105","value":0.0940594},
{"id":"106","value":0.0940594},
{"id":"107","value":0.0940594},
{"id":"108","value":0.0940594},
{"id":"109","value":0.0523338},
{"id":"110","value":0.053041},
{"id":"111","value":0.0615276},
{"id":"112","value":0.0792079},
{"id":"113","value":0.115276},
{"id":"114","value":0.0183876},
{"id":"115","value":0.0275813},
{"id":"116","value":0.0226308},
{"id":"117","value":0.0106082},
{"id":"118","value":0.0367751},
{"id":"119","value":0.0219236},
{"id":"120","value":0.0176803},
{"id":"121","value":0.524045},
{"id":"122","value":0.0685997},
{"id":"123","value":0.0622348},
{"id":"124","value":0.0586987},
{"id":"125","value":0.0516266},
{"id":"126","value":0.0806223},
{"id":"127","value":0.0714286},
{"id":"128","value":0.218529},
{"id":"129","value":0.264498},
{"id":"130","value":0.11174},
{"id":"131","value":0.0678925},
{"id":"132","value":0.358557},
{"id":"133","value":0.847949},
{"id":"134","value":0.142857},
{"id":"135","value":0.717822},
{"id":"136","value":0.0799151},
{"id":"137","value":0.0247525},
{"id":"138","value":0.161245},
{"id":"139","value":0.04314},
{"id":"140","value":0.0792079},
{"id":"141","value":0.0537482},
{"id":"142","value":0.0190948},
{"id":"143","value":0.0438472},
{"id":"144","value":0.0127298},
{"id":"145","value":0.0106082},
{"id":"146","value":0.0841584},
{"id":"147","value":0.651344},
{"id":"148","value":0.881188},
{"id":"149","value":0.692362},
{"id":"150","value":0.105375},
{"id":"151","value":0.524045},
{"id":"152","value":0.0685997},
{"id":"153","value":0.0622348},
{"id":"154","value":0.0586987},
{"id":"155","value":0.0516266},
{"id":"156","value":0.0806223},
{"id":"157","value":0.0714286},
{"id":"158","value":0.218529},
{"id":"159","value":0.264498},
{"id":"160","value":0.11174},
{"id":"161","value":0.0678925},
{"id":"162","value":0.358557},
{"id":"163","value":0.847949},
{"id":"164","value":0.142857},
{"id":"165","value":0.717822},
{"id":"166","value":0.0799151},
{"id":"167","value":0.0247525},
{"id":"168","value":0.161245},
{"id":"169","value":0.04314},
{"id":"170","value":0.0792079},
{"id":"171","value":0.0537482},
{"id":"172","value":0.0190948},
{"id":"173","value":0.0438472},
{"id":"174","value":0.0127298},
{"id":"175","value":0.0106082},
{"id":"176","value":0.0841584},
{"id":"177","value":0.0841584},
{"id":"178","value":0.651344},
{"id":"179","value":0.651344},
{"id":"180","value":0.881188},
{"id":"181","value":0.881188},
{"id":"182","value":0.692362},
{"id":"183","value":0.692362},
{"id":"184","value":0.105375},
{"id":"185","value":0.105375},
{"id":"186","value":0.524045},
{"id":"187","value":0.0685997},
{"id":"188","value":0.0622348},
{"id":"189","value":0.0586987},
{"id":"190","value":0.0516266},
{"id":"191","value":0.0806223},
{"id":"192","value":0.0714286},
{"id":"193","value":0.218529},
{"id":"194","value":0.264498},
{"id":"195","value":0.11174},
{"id":"196","value":0.0678925},
{"id":"197","value":0.358557},
{"id":"198","value":0.847949},
{"id":"199","value":0.142857},
{"id":"200","value":0.717822},
{"id":"201","value":0.0799151},
{"id":"202","value":0.0247525},
{"id":"203","value":0.161245},
{"id":"204","value":0.04314},
{"id":"205","value":0.0792079},
{"id":"206","value":0.0537482},
{"id":"207","value":0.0190948},
{"id":"208","value":0.0438472},
{"id":"209","value":0.0127298},
{"id":"210","value":0.0106082},
{"id":"211","value":0.0841584},
{"id":"212","value":0.0841584},
{"id":"213","value":0.0841584},
{"id":"214","value":0.651344},
{"id":"215","value":0.651344},
{"id":"216","value":0.651344},
{"id":"217","value":0.881188},
{"id":"218","value":0.881188},
{"id":"219","value":0.881188},
{"id":"220","value":0.692362},
{"id":"221","value":0.692362},
{"id":"222","value":0.692362},
{"id":"223","value":0.105375},
{"id":"224","value":0.105375},
{"id":"225","value":0.105375},
{"id":"226","value":0.524045},
{"id":"227","value":0.0685997},
{"id":"228","value":0.0622348},
{"id":"229","value":0.0586987},
{"id":"230","value":0.0516266},
{"id":"231","value":0.0806223},
{"id":"232","value":0.0714286},
{"id":"233","value":0.218529},
{"id":"234","value":0.264498},
{"id":"235","value":0.11174},
{"id":"236","value":0.0678925},
{"id":"237","value":0.358557},
{"id":"238","value":0.847949},
{"id":"239","value":0.142857},
{"id":"240","value":0.717822},
{"id":"241","value":0.0799151},
{"id":"242","value":0.0247525},
{"id":"243","value":0.161245},
{"id":"244","value":0.04314},
{"id":"245","value":0.0792079},
{"id":"246","value":0.0537482},
{"id":"247","value":0.0190948},
{"id":"248","value":0.0438472},
{"id":"249","value":0.0127298},
{"id":"250","value":0.0106082},
{"id":"251","value":0.0841584},
{"id":"252","value":0.0841584},
{"id":"253","value":0.0841584},
{"id":"254","value":0.0841584},
{"id":"255","value":0.651344},
{"id":"256","value":0.651344},
{"id":"257","value":0.651344},
{"id":"258","value":0.651344},
{"id":"259","value":0.881188},
{"id":"260","value":0.881188},
{"id":"261","value":0.881188},
{"id":"262","value":0.881188},
{"id":"263","value":0.692362},
{"id":"264","value":0.692362},
{"id":"265","value":0.692362},
{"id":"266","value":0.692362},
{"id":"267","value":0.105375},
{"id":"268","value":0.105375},
{"id":"269","value":0.105375},
{"id":"270","value":0.105375},
{"id":"271","value":0.524045},
{"id":"272","value":0.0685997},
{"id":"273","value":0.0622348},
{"id":"274","value":0.0586987},
{"id":"275","value":0.0516266},
{"id":"276","value":0.0806223},
{"id":"277","value":0.0714286},
{"id":"278","value":0.218529},
{"id":"279","value":0.264498},
{"id":"280","value":0.11174},
{"id":"281","value":0.0678925},
{"id":"282","value":0.358557},
{"id":"283","value":0.847949},
{"id":"284","value":0.142857},
{"id":"285","value":0.717822},
{"id":"286","value":0.0799151},
{"id":"287","value":0.0247525},
{"id":"288","value":0.161245},
{"id":"289","value":0.04314},
{"id":"290","value":0.0792079},
{"id":"291","value":0.0537482},
{"id":"292","value":0.0190948},
{"id":"293","value":0.0438472},
{"id":"294","value":0.0127298},
{"id":"295","value":0.0106082},
{"id":"296","value":0.0693069},
{"id":"297","value":0.0671853},
{"id":"298","value":0.0622348},
{"id":"299","value":0.405941},
{"id":"300","value":0.218529},
{"id":"301","value":0.328854},
{"id":"302","value":0.0785007},
{"id":"303","value":0.0537482},
{"id":"304","value":0.0579915},
{"id":"305","value":0.0205092},
{"id":"306","value":0.0254597},
{"id":"307","value":0.0353607},
{"id":"308","value":0.0155587},
{"id":"309","value":0.0155587},
{"id":"310","value":0.0134371},
{"id":"311","value":0.0523338},
{"id":"312","value":0.245403},
{"id":"313","value":0.0254597},
{"id":"314","value":0.188826},
{"id":"315","value":0.0693069},
{"id":"316","value":0.0671853},
{"id":"317","value":0.0622348},
{"id":"318","value":0.405941},
{"id":"319","value":0.218529},
{"id":"320","value":0.328854},
{"id":"321","value":0.0785007},
{"id":"322","value":0.0537482},
{"id":"323","value":0.0579915},
{"id":"324","value":0.0205092},
{"id":"325","value":0.0254597},
{"id":"326","value":0.0353607},
{"id":"327","value":0.0120226},
{"id":"328","value":0.0155587},
{"id":"329","value":0.0134371},
{"id":"330","value":0.0523338},
{"id":"331","value":0.0523338},
{"id":"332","value":0.245403},
{"id":"333","value":0.245403},
{"id":"334","value":0.0254597},
{"id":"335","value":0.0254597},
{"id":"336","value":0.188826},
{"id":"337","value":0.188826},
{"id":"338","value":0.0693069},
{"id":"339","value":0.0671853},
{"id":"340","value":0.0622348},
{"id":"341","value":0.405941},
{"id":"342","value":0.218529},
{"id":"343","value":0.328854},
{"id":"344","value":0.0785007},
{"id":"345","value":0.0537482},
{"id":"346","value":0.0579915},
{"id":"347","value":0.0205092},
{"id":"348","value":0.0254597},
{"id":"349","value":0.0353607},
{"id":"350","value":0.0120226},
{"id":"351","value":0.0155587},
{"id":"352","value":0.0134371},
{"id":"353","value":0.0523338},
{"id":"354","value":0.0523338},
{"id":"355","value":0.0523338},
{"id":"356","value":0.245403},
{"id":"357","value":0.245403},
{"id":"358","value":0.245403},
{"id":"359","value":0.0254597},
{"id":"360","value":0.0254597},
{"id":"361","value":0.0254597},
{"id":"362","value":0.188826},
{"id":"363","value":0.188826},
{"id":"364","value":0.188826},
{"id":"365","value":0.0693069},
{"id":"366","value":0.0671853},
{"id":"367","value":0.0622348},
{"id":"368","value":0.405941},
{"id":"369","value":0.218529},
{"id":"370","value":0.328854},
{"id":"371","value":0.0785007},
{"id":"372","value":0.0537482},
{"id":"373","value":0.0579915},
{"id":"374","value":0.0205092},
{"id":"375","value":0.0254597},
{"id":"376","value":0.0353607},
{"id":"377","value":0.0120226},
{"id":"378","value":0.0155587},
{"id":"379","value":0.0134371},
{"id":"380","value":0.0523338},
{"id":"381","value":0.0523338},
{"id":"382","value":0.0523338},
{"id":"383","value":0.0523338},
{"id":"384","value":0.245403},
{"id":"385","value":0.245403},
{"id":"386","value":0.245403},
{"id":"387","value":0.245403},
{"id":"388","value":0.0254597},
{"id":"389","value":0.0254597},
{"id":"390","value":0.0254597},
{"id":"391","value":0.0254597},
{"id":"392","value":0.188826},
{"id":"393","value":0.188826},
{"id":"394","value":0.188826},
{"id":"395","value":0.188826},
{"id":"396","value":0.0693069},
{"id":"397","value":0.0671853},
{"id":"398","value":0.0622348},
{"id":"399","value":0.405941},
{"id":"400","value":0.218529},
{"id":"401","value":0.328854},
{"id":"402","value":0.0785007},
{"id":"403","value":0.0537482},
{"id":"404","value":0.0579915},
{"id":"405","value":0.0205092},
{"id":"406","value":0.0254597},
{"id":"407","value":0.0353607},
{"id":"408","value":0.0120226},
{"id":"409","value":0.0155587},
{"id":"410","value":0.0134371},
{"id":"411","value":0.0523338},
{"id":"412","value":0.0523338},
{"id":"413","value":0.0523338},
{"id":"414","value":0.0523338},
{"id":"415","value":0.0523338},
{"id":"416","value":0.245403},
{"id":"417","value":0.245403},
{"id":"418","value":0.245403},
{"id":"419","value":0.245403},
{"id":"420","value":0.245403},
{"id":"421","value":0.0254597},
{"id":"422","value":0.0254597},
{"id":"423","value":0.0254597},
{"id":"424","value":0.0254597},
{"id":"425","value":0.0254597},
{"id":"426","value":0.188826},
{"id":"427","value":0.188826},
{"id":"428","value":0.188826},
{"id":"429","value":0.188826},
{"id":"430","value":0.188826},
{"id":"431","value":0.0693069},
{"id":"432","value":0.0671853},
{"id":"433","value":0.0622348},
{"id":"434","value":0.405941},
{"id":"435","value":0.218529},
{"id":"436","value":0.328854},
{"id":"437","value":0.0785007},
{"id":"438","value":0.0537482},
{"id":"439","value":0.0579915},
{"id":"440","value":0.0205092},
{"id":"441","value":0.0254597},
{"id":"442","value":0.0353607},
{"id":"443","value":0.0120226},
{"id":"444","value":0.0155587},
{"id":"445","value":0.0134371},
{"id":"446","value":0.0523338},
{"id":"447","value":0.0523338},
{"id":"448","value":0.0523338},
{"id":"449","value":0.0523338},
{"id":"450","value":0.0523338},
{"id":"451","value":0.0523338},
{"id":"452","value":0.245403},
{"id":"453","value":0.245403},
{"id":"454","value":0.245403},
{"id":"455","value":0.245403},
{"id":"456","value":0.245403},
{"id":"457","value":0.245403},
{"id":"458","value":0.0254597},
{"id":"459","value":0.0254597},
{"id":"460","value":0.0254597},
{"id":"461","value":0.0254597},
{"id":"462","value":0.0254597},
{"id":"463","value":0.0254597},
{"id":"464","value":0.188826},
{"id":"465","value":0.188826},
{"id":"466","value":0.188826},
{"id":"467","value":0.188826},
{"id":"468","value":0.188826},
{"id":"469","value":0.188826},
{"id":"470","value":0.0693069},
{"id":"471","value":0.0671853},
{"id":"472","value":0.0622348},
{"id":"473","value":0.405941},
{"id":"474","value":0.218529},
{"id":"475","value":0.328854},
{"id":"476","value":0.0785007},
{"id":"477","value":0.0537482},
{"id":"478","value":0.0579915},
{"id":"479","value":0.0205092},
{"id":"480","value":0.0254597},
{"id":"481","value":0.0353607},
{"id":"482","value":0.0120226},
{"id":"483","value":0.0155587},
{"id":"484","value":0.0134371},
{"id":"485","value":0.0685997},
{"id":"486","value":0.0650636},
{"id":"487","value":0.0650636},
{"id":"488","value":0.0579915},
{"id":"489","value":0.0551627},
{"id":"490","value":0.053041},
{"id":"491","value":0.0502122},
{"id":"492","value":0.84512},
{"id":"493","value":0.0523338},
{"id":"494","value":0.134371},
{"id":"495","value":0.118812},
{"id":"496","value":0.0544554},
{"id":"497","value":0.0544554},
{"id":"498","value":0.0806223},
{"id":"499","value":0.0346535},
{"id":"500","value":0.0261669},
{"id":"501","value":0.0594059},
{"id":"502","value":0.0113154},
{"id":"503","value":0.0381895},
{"id":"504","value":0.04314},
{"id":"505","value":0.0544554},
{"id":"506","value":0.0183876},
{"id":"507","value":0.0261669},
{"id":"508","value":0.0176803},
{"id":"509","value":0.029703},
{"id":"510","value":0.0685997},
{"id":"511","value":0.0346535},
{"id":"512","value":0.0113154},
{"id":"513","value":0.0113154},
{"id":"514","value":0.120934},
{"id":"515","value":0.0318246},
{"id":"516","value":0.0608204},
{"id":"517","value":0.0275813},
{"id":"518","value":0.0480905}
]}