{
"vertices":[
{"id":"0","name":"wall","Leaves":[{"name":"wall","frequency":0.243422 }],"frequency":0.995192},
{"id":"1","name":"floor","Leaves":[],"frequency":0.998798},
{"id":"2","name":"shower","Leaves":[{"name":"shower","frequency":0.970588 }],"frequency":0.535457},
{"id":"3","name":"sink","Leaves":[{"name":"sink","frequency":0.922012 }],"frequency":0.760216},
{"id":"4","name":"ceiling","Leaves":[],"frequency":0.992788},
{"id":"5","name":"chandelier","Leaves":[{"name":"chandelier","frequency":0.81686 }],"frequency":0.33774},
{"id":"6","name":"door","Leaves":[{"name":"door","frequency":0.870386 }],"frequency":0.63762},
{"id":"7","name":"toilet","Leaves":[{"name":"toilet","frequency":0.795769 }],"frequency":0.58774},
{"id":"8","name":"mirror","Leaves":[{"name":"mirror","frequency":0.844298 }],"frequency":0.23137},
{"id":"9","name":"rug","Leaves":[{"name":"rug","frequency":0.793193 }],"frequency":0.182091},
{"id":"10","name":"window","Leaves":[{"name":"window","frequency":0.847457 }],"frequency":0.480769},
{"id":"11","name":"curtain","Leaves":[{"name":"curtain","frequency":0.831169 }],"frequency":0.115385},
{"id":"12","name":"shelving","Leaves":[{"name":"shelving","frequency":0.786638 }],"frequency":0.219351},
{"id":"13","name":"towel_rack","Leaves":[{"name":"towel_rack","frequency":0.891892 }],"frequency":0.257813},
{"id":"14","name":"wardrobe_cabinet","Leaves":[{"name":"wardrobe_cabinet","frequency":0.737662 }],"frequency":0.170673},
{"id":"15","name":"hanger","Leaves":[{"name":"hanger","frequency":0.754386 }],"frequency":0.129207},
{"id":"16","name":"wall_lamp","Leaves":[{"name":"wall_lamp","frequency":0.61244 }],"frequency":0.0769231},
{"id":"17","name":"trash_can","Leaves":[{"name":"trash_can","frequency":0.755556 }],"frequency":0.0612981},
{"id":"18","name":"switch","Leaves":[{"name":"switch","frequency":0.75 }],"frequency":0.0576923},
{"id":"19","name":"wall","Leaves":[{"name":"wall","frequency":0.243422 }],"frequency":0},
{"id":"20","name":"wall","Leaves":[{"name":"wall","frequency":0.243422 }],"frequency":0},
{"id":"21","name":"wall","Leaves":[{"name":"wall","frequency":0.243422 }],"frequency":0}
],
"rules":[
{"id":"0","source":"0","target":"1","factor":"Horizontal-Support"},
{"id":"1","source":"3","target":"0","factor":"proximity"},
{"id":"2","source":"2","target":"0","factor":"proximity"},
{"id":"3","source":"6","target":"0","factor":"proximity"},
{"id":"4","source":"7","target":"0","factor":"proximity"},
{"id":"5","source":"1","target":"0","factor":"proximity"},
{"id":"6","source":"0","target":"10","factor":"proximity"},
{"id":"7","source":"4","target":"0","factor":"proximity"},
{"id":"8","source":"12","target":"0","factor":"proximity"},
{"id":"9","source":"1","target":"0","factor":"orientation_parallel"},
{"id":"10","source":"4","target":"0","factor":"orientation_parallel"},
{"id":"11","source":"6","target":"0","factor":"orientation_parallel"},
{"id":"12","source":"10","target":"0","factor":"orientation_parallel"},
{"id":"13","source":"3","target":"0","factor":"orientation_parallel"},
{"id":"14","source":"12","target":"0","factor":"orientation_parallel"},
{"id":"15","source":"13","target":"0","factor":"orientation_parallel"},
{"id":"16","source":"7","target":"0","factor":"orientation_parallel"},
{"id":"17","source":"8","target":"0","factor":"orientation_parallel"},
{"id":"18","source":"9","target":"0","factor":"orientation_parallel"},
{"id":"19","source":"14","target":"0","factor":"orientation_parallel"},
{"id":"20","source":"2","target":"0","factor":"orientation_parallel"},
{"id":"21","source":"11","target":"0","factor":"orientation_parallel"},
{"id":"22","source":"5","target":"0","factor":"orientation_parallel"},
{"id":"23","source":"15","target":"0","factor":"orientation_parallel"},
{"id":"24","source":"3","target":"0","factor":"orientation_perpendicular"},
{"id":"25","source":"1","target":"0","factor":"orientation_perpendicular"},
{"id":"26","source":"4","target":"0","factor":"orientation_perpendicular"},
{"id":"27","source":"13","target":"0","factor":"orientation_perpendicular"},
{"id":"28","source":"2","target":"0","factor":"orientation_perpendicular"},
{"id":"29","source":"10","target":"0","factor":"orientation_perpendicular"},
{"id":"30","source":"0","target":"7","factor":"orientation_perpendicular"},
{"id":"31","source":"0","target":"8","factor":"orientation_perpendicular"},
{"id":"32","source":"0","target":"9","factor":"orientation_perpendicular"},
{"id":"33","source":"12","target":"0","factor":"orientation_perpendicular"},
{"id":"34","source":"5","target":"0","factor":"orientation_perpendicular"},
{"id":"35","source":"6","target":"0","factor":"orientation_perpendicular"},
{"id":"36","source":"0","target":"14","factor":"orientation_perpendicular"},
{"id":"37","source":"16","target":"0","factor":"orientation_perpendicular"},
{"id":"38","source":"11","target":"0","factor":"orientation_perpendicular"},
{"id":"39","source":"7","target":"0","factor":"orientation_perpendicular"},
{"id":"40","source":"9","target":"0","factor":"orientation_perpendicular"},
{"id":"41","source":"0","target":"17","factor":"orientation_perpendicular"},
{"id":"42","source":"0","target":"5","factor":"orientation_perpendicular"},
{"id":"43","source":"17","target":"0","factor":"orientation_perpendicular"},
{"id":"44","source":"14","target":"0","factor":"orientation_perpendicular"},
{"id":"45","source":"0","target":"16","factor":"orientation_perpendicular"},
{"id":"46","source":"8","target":"0","factor":"orientation_perpendicular"},
{"id":"47","source":"0","target":"12","factor":"orientation_perpendicular"},
{"id":"48","source":"18","target":"0","factor":"orientation_perpendicular"},
{"id":"49","source":"15","target":"0","factor":"orientation_perpendicular"},
{"id":"50","source":"0","target":"19","factor":"proximity"},
{"id":"51","source":"0","target":"19","factor":"orientation_parallel"},
{"id":"52","source":"0","target":"19","factor":"orientation_perpendicular"},
{"id":"53","source":"0","target":"19","factor":"symmetry"},
{"id":"54","source":"19","target":"1","factor":"Horizontal-Support"},
{"id":"55","source":"3","target":"19","factor":"proximity"},
{"id":"56","source":"2","target":"19","factor":"proximity"},
{"id":"57","source":"6","target":"19","factor":"proximity"},
{"id":"58","source":"7","target":"19","factor":"proximity"},
{"id":"59","source":"1","target":"19","factor":"proximity"},
{"id":"60","source":"19","target":"10","factor":"proximity"},
{"id":"61","source":"4","target":"19","factor":"proximity"},
{"id":"62","source":"12","target":"19","factor":"proximity"},
{"id":"63","source":"1","target":"19","factor":"orientation_parallel"},
{"id":"64","source":"4","target":"19","factor":"orientation_parallel"},
{"id":"65","source":"6","target":"19","factor":"orientation_parallel"},
{"id":"66","source":"10","target":"19","factor":"orientation_parallel"},
{"id":"67","source":"3","target":"19","factor":"orientation_parallel"},
{"id":"68","source":"12","target":"19","factor":"orientation_parallel"},
{"id":"69","source":"13","target":"19","factor":"orientation_parallel"},
{"id":"70","source":"7","target":"19","factor":"orientation_parallel"},
{"id":"71","source":"8","target":"19","factor":"orientation_parallel"},
{"id":"72","source":"9","target":"19","factor":"orientation_parallel"},
{"id":"73","source":"14","target":"19","factor":"orientation_parallel"},
{"id":"74","source":"2","target":"19","factor":"orientation_parallel"},
{"id":"75","source":"11","target":"19","factor":"orientation_parallel"},
{"id":"76","source":"5","target":"19","factor":"orientation_parallel"},
{"id":"77","source":"15","target":"19","factor":"orientation_parallel"},
{"id":"78","source":"3","target":"19","factor":"orientation_perpendicular"},
{"id":"79","source":"1","target":"19","factor":"orientation_perpendicular"},
{"id":"80","source":"4","target":"19","factor":"orientation_perpendicular"},
{"id":"81","source":"13","target":"19","factor":"orientation_perpendicular"},
{"id":"82","source":"2","target":"19","factor":"orientation_perpendicular"},
{"id":"83","source":"10","target":"19","factor":"orientation_perpendicular"},
{"id":"84","source":"19","target":"7","factor":"orientation_perpendicular"},
{"id":"85","source":"19","target":"8","factor":"orientation_perpendicular"},
{"id":"86","source":"19","target":"9","factor":"orientation_perpendicular"},
{"id":"87","source":"12","target":"19","factor":"orientation_perpendicular"},
{"id":"88","source":"5","target":"19","factor":"orientation_perpendicular"},
{"id":"89","source":"6","target":"19","factor":"orientation_perpendicular"},
{"id":"90","source":"19","target":"14","factor":"orientation_perpendicular"},
{"id":"91","source":"16","target":"19","factor":"orientation_perpendicular"},
{"id":"92","source":"11","target":"19","factor":"orientation_perpendicular"},
{"id":"93","source":"7","target":"19","factor":"orientation_perpendicular"},
{"id":"94","source":"9","target":"19","factor":"orientation_perpendicular"},
{"id":"95","source":"19","target":"17","factor":"orientation_perpendicular"},
{"id":"96","source":"19","target":"5","factor":"orientation_perpendicular"},
{"id":"97","source":"17","target":"19","factor":"orientation_perpendicular"},
{"id":"98","source":"14","target":"19","factor":"orientation_perpendicular"},
{"id":"99","source":"19","target":"16","factor":"orientation_perpendicular"},
{"id":"100","source":"8","target":"19","factor":"orientation_perpendicular"},
{"id":"101","source":"19","target":"12","factor":"orientation_perpendicular"},
{"id":"102","source":"18","target":"19","factor":"orientation_perpendicular"},
{"id":"103","source":"15","target":"19","factor":"orientation_perpendicular"},
{"id":"104","source":"0","target":"20","factor":"proximity"},
{"id":"105","source":"19","target":"20","factor":"proximity"},
{"id":"106","source":"0","target":"20","factor":"orientation_parallel"},
{"id":"107","source":"19","target":"20","factor":"orientation_parallel"},
{"id":"108","source":"0","target":"20","factor":"orientation_perpendicular"},
{"id":"109","source":"19","target":"20","factor":"orientation_perpendicular"},
{"id":"110","source":"0","target":"20","factor":"symmetry"},
{"id":"111","source":"19","target":"20","factor":"symmetry"},
{"id":"112","source":"20","target":"1","factor":"Horizontal-Support"},
{"id":"113","source":"3","target":"20","factor":"proximity"},
{"id":"114","source":"2","target":"20","factor":"proximity"},
{"id":"115","source":"6","target":"20","factor":"proximity"},
{"id":"116","source":"7","target":"20","factor":"proximity"},
{"id":"117","source":"1","target":"20","factor":"proximity"},
{"id":"118","source":"20","target":"10","factor":"proximity"},
{"id":"119","source":"4","target":"20","factor":"proximity"},
{"id":"120","source":"12","target":"20","factor":"proximity"},
{"id":"121","source":"1","target":"20","factor":"orientation_parallel"},
{"id":"122","source":"4","target":"20","factor":"orientation_parallel"},
{"id":"123","source":"6","target":"20","factor":"orientation_parallel"},
{"id":"124","source":"10","target":"20","factor":"orientation_parallel"},
{"id":"125","source":"3","target":"20","factor":"orientation_parallel"},
{"id":"126","source":"12","target":"20","factor":"orientation_parallel"},
{"id":"127","source":"13","target":"20","factor":"orientation_parallel"},
{"id":"128","source":"7","target":"20","factor":"orientation_parallel"},
{"id":"129","source":"8","target":"20","factor":"orientation_parallel"},
{"id":"130","source":"9","target":"20","factor":"orientation_parallel"},
{"id":"131","source":"14","target":"20","factor":"orientation_parallel"},
{"id":"132","source":"2","target":"20","factor":"orientation_parallel"},
{"id":"133","source":"11","target":"20","factor":"orientation_parallel"},
{"id":"134","source":"5","target":"20","factor":"orientation_parallel"},
{"id":"135","source":"15","target":"20","factor":"orientation_parallel"},
{"id":"136","source":"3","target":"20","factor":"orientation_perpendicular"},
{"id":"137","source":"1","target":"20","factor":"orientation_perpendicular"},
{"id":"138","source":"4","target":"20","factor":"orientation_perpendicular"},
{"id":"139","source":"13","target":"20","factor":"orientation_perpendicular"},
{"id":"140","source":"2","target":"20","factor":"orientation_perpendicular"},
{"id":"141","source":"10","target":"20","factor":"orientation_perpendicular"},
{"id":"142","source":"20","target":"7","factor":"orientation_perpendicular"},
{"id":"143","source":"20","target":"8","factor":"orientation_perpendicular"},
{"id":"144","source":"20","target":"9","factor":"orientation_perpendicular"},
{"id":"145","source":"12","target":"20","factor":"orientation_perpendicular"},
{"id":"146","source":"5","target":"20","factor":"orientation_perpendicular"},
{"id":"147","source":"6","target":"20","factor":"orientation_perpendicular"},
{"id":"148","source":"20","target":"14","factor":"orientation_perpendicular"},
{"id":"149","source":"16","target":"20","factor":"orientation_perpendicular"},
{"id":"150","source":"11","target":"20","factor":"orientation_perpendicular"},
{"id":"151","source":"7","target":"20","factor":"orientation_perpendicular"},
{"id":"152","source":"9","target":"20","factor":"orientation_perpendicular"},
{"id":"153","source":"20","target":"17","factor":"orientation_perpendicular"},
{"id":"154","source":"20","target":"5","factor":"orientation_perpendicular"},
{"id":"155","source":"17","target":"20","factor":"orientation_perpendicular"},
{"id":"156","source":"14","target":"20","factor":"orientation_perpendicular"},
{"id":"157","source":"20","target":"16","factor":"orientation_perpendicular"},
{"id":"158","source":"8","target":"20","factor":"orientation_perpendicular"},
{"id":"159","source":"20","target":"12","factor":"orientation_perpendicular"},
{"id":"160","source":"18","target":"20","factor":"orientation_perpendicular"},
{"id":"161","source":"15","target":"20","factor":"orientation_perpendicular"},
{"id":"162","source":"0","target":"21","factor":"proximity"},
{"id":"163","source":"19","target":"21","factor":"proximity"},
{"id":"164","source":"20","target":"21","factor":"proximity"},
{"id":"165","source":"0","target":"21","factor":"orientation_parallel"},
{"id":"166","source":"19","target":"21","factor":"orientation_parallel"},
{"id":"167","source":"20","target":"21","factor":"orientation_parallel"},
{"id":"168","source":"0","target":"21","factor":"orientation_perpendicular"},
{"id":"169","source":"19","target":"21","factor":"orientation_perpendicular"},
{"id":"170","source":"20","target":"21","factor":"orientation_perpendicular"},
{"id":"171","source":"0","target":"21","factor":"symmetry"},
{"id":"172","source":"19","target":"21","factor":"symmetry"},
{"id":"173","source":"20","target":"21","factor":"symmetry"},
{"id":"174","source":"21","target":"1","factor":"Horizontal-Support"},
{"id":"175","source":"3","target":"21","factor":"proximity"},
{"id":"176","source":"2","target":"21","factor":"proximity"},
{"id":"177","source":"6","target":"21","factor":"proximity"},
{"id":"178","source":"7","target":"21","factor":"proximity"},
{"id":"179","source":"1","target":"21","factor":"proximity"},
{"id":"180","source":"21","target":"10","factor":"proximity"},
{"id":"181","source":"4","target":"21","factor":"proximity"},
{"id":"182","source":"12","target":"21","factor":"proximity"},
{"id":"183","source":"1","target":"21","factor":"orientation_parallel"},
{"id":"184","source":"4","target":"21","factor":"orientation_parallel"},
{"id":"185","source":"6","target":"21","factor":"orientation_parallel"},
{"id":"186","source":"10","target":"21","factor":"orientation_parallel"},
{"id":"187","source":"3","target":"21","factor":"orientation_parallel"},
{"id":"188","source":"12","target":"21","factor":"orientation_parallel"},
{"id":"189","source":"13","target":"21","factor":"orientation_parallel"},
{"id":"190","source":"7","target":"21","factor":"orientation_parallel"},
{"id":"191","source":"8","target":"21","factor":"orientation_parallel"},
{"id":"192","source":"9","target":"21","factor":"orientation_parallel"},
{"id":"193","source":"14","target":"21","factor":"orientation_parallel"},
{"id":"194","source":"2","target":"21","factor":"orientation_parallel"},
{"id":"195","source":"11","target":"21","factor":"orientation_parallel"},
{"id":"196","source":"5","target":"21","factor":"orientation_parallel"},
{"id":"197","source":"15","target":"21","factor":"orientation_parallel"},
{"id":"198","source":"3","target":"21","factor":"orientation_perpendicular"},
{"id":"199","source":"1","target":"21","factor":"orientation_perpendicular"},
{"id":"200","source":"4","target":"21","factor":"orientation_perpendicular"},
{"id":"201","source":"13","target":"21","factor":"orientation_perpendicular"},
{"id":"202","source":"2","target":"21","factor":"orientation_perpendicular"},
{"id":"203","source":"10","target":"21","factor":"orientation_perpendicular"},
{"id":"204","source":"21","target":"7","factor":"orientation_perpendicular"},
{"id":"205","source":"21","target":"8","factor":"orientation_perpendicular"},
{"id":"206","source":"21","target":"9","factor":"orientation_perpendicular"},
{"id":"207","source":"12","target":"21","factor":"orientation_perpendicular"},
{"id":"208","source":"5","target":"21","factor":"orientation_perpendicular"},
{"id":"209","source":"6","target":"21","factor":"orientation_perpendicular"},
{"id":"210","source":"21","target":"14","factor":"orientation_perpendicular"},
{"id":"211","source":"16","target":"21","factor":"orientation_perpendicular"},
{"id":"212","source":"11","target":"21","factor":"orientation_perpendicular"},
{"id":"213","source":"7","target":"21","factor":"orientation_perpendicular"},
{"id":"214","source":"9","target":"21","factor":"orientation_perpendicular"},
{"id":"215","source":"21","target":"17","factor":"orientation_perpendicular"},
{"id":"216","source":"21","target":"5","factor":"orientation_perpendicular"},
{"id":"217","source":"17","target":"21","factor":"orientation_perpendicular"},
{"id":"218","source":"14","target":"21","factor":"orientation_perpendicular"},
{"id":"219","source":"21","target":"16","factor":"orientation_perpendicular"},
{"id":"220","source":"8","target":"21","factor":"orientation_perpendicular"},
{"id":"221","source":"21","target":"12","factor":"orientation_perpendicular"},
{"id":"222","source":"18","target":"21","factor":"orientation_perpendicular"},
{"id":"223","source":"15","target":"21","factor":"orientation_perpendicular"},
{"id":"224","source":"1","target":"2","factor":"proximity"},
{"id":"225","source":"1","target":"3","factor":"proximity"},
{"id":"226","source":"4","target":"5","factor":"proximity"},
{"id":"227","source":"6","target":"1","factor":"proximity"},
{"id":"228","source":"4","target":"6","factor":"proximity"},
{"id":"229","source":"1","target":"7","factor":"proximity"},
{"id":"230","source":"1","target":"8","factor":"proximity"},
{"id":"231","source":"7","target":"7","factor":"proximity"},
{"id":"232","source":"6","target":"3","factor":"proximity"},
{"id":"233","source":"3","target":"7","factor":"proximity"},
{"id":"234","source":"6","target":"2","factor":"proximity"},
{"id":"235","source":"4","target":"1","factor":"proximity"},
{"id":"236","source":"1","target":"9","factor":"proximity"},
{"id":"237","source":"8","target":"3","factor":"proximity"},
{"id":"238","source":"11","target":"10","factor":"proximity"},
{"id":"239","source":"6","target":"7","factor":"proximity"},
{"id":"240","source":"4","target":"10","factor":"proximity"},
{"id":"241","source":"1","target":"4","factor":"orientation_parallel"},
{"id":"242","source":"6","target":"3","factor":"orientation_parallel"},
{"id":"243","source":"6","target":"7","factor":"orientation_parallel"},
{"id":"244","source":"4","target":"5","factor":"orientation_parallel"},
{"id":"245","source":"1","target":"5","factor":"orientation_parallel"},
{"id":"246","source":"3","target":"7","factor":"orientation_parallel"},
{"id":"247","source":"3","target":"8","factor":"orientation_parallel"},
{"id":"248","source":"3","target":"9","factor":"orientation_parallel"},
{"id":"249","source":"7","target":"8","factor":"orientation_parallel"},
{"id":"250","source":"6","target":"1","factor":"orientation_parallel"},
{"id":"251","source":"6","target":"4","factor":"orientation_parallel"},
{"id":"252","source":"2","target":"7","factor":"orientation_parallel"},
{"id":"253","source":"1","target":"3","factor":"orientation_parallel"},
{"id":"254","source":"1","target":"14","factor":"orientation_parallel"},
{"id":"255","source":"4","target":"3","factor":"orientation_parallel"},
{"id":"256","source":"4","target":"14","factor":"orientation_parallel"},
{"id":"257","source":"3","target":"14","factor":"orientation_parallel"},
{"id":"258","source":"2","target":"4","factor":"orientation_parallel"},
{"id":"259","source":"2","target":"1","factor":"orientation_parallel"},
{"id":"260","source":"2","target":"3","factor":"orientation_parallel"},
{"id":"261","source":"2","target":"5","factor":"orientation_parallel"},
{"id":"262","source":"3","target":"5","factor":"orientation_parallel"},
{"id":"263","source":"3","target":"13","factor":"orientation_parallel"},
{"id":"264","source":"4","target":"7","factor":"orientation_parallel"},
{"id":"265","source":"1","target":"7","factor":"orientation_parallel"},
{"id":"266","source":"4","target":"13","factor":"orientation_parallel"},
{"id":"267","source":"1","target":"13","factor":"orientation_parallel"},
{"id":"268","source":"4","target":"9","factor":"orientation_parallel"},
{"id":"269","source":"1","target":"9","factor":"orientation_parallel"},
{"id":"270","source":"5","target":"5","factor":"orientation_parallel"},
{"id":"271","source":"4","target":"12","factor":"orientation_parallel"},
{"id":"272","source":"4","target":"8","factor":"orientation_parallel"},
{"id":"273","source":"1","target":"12","factor":"orientation_parallel"},
{"id":"274","source":"1","target":"8","factor":"orientation_parallel"},
{"id":"275","source":"4","target":"10","factor":"orientation_parallel"},
{"id":"276","source":"1","target":"10","factor":"orientation_parallel"},
{"id":"277","source":"3","target":"12","factor":"orientation_parallel"},
{"id":"278","source":"7","target":"7","factor":"orientation_parallel"},
{"id":"279","source":"7","target":"13","factor":"orientation_parallel"},
{"id":"280","source":"2","target":"10","factor":"orientation_parallel"},
{"id":"281","source":"6","target":"10","factor":"orientation_parallel"},
{"id":"282","source":"7","target":"5","factor":"orientation_parallel"},
{"id":"283","source":"1","target":"15","factor":"orientation_parallel"},
{"id":"284","source":"4","target":"15","factor":"orientation_parallel"},
{"id":"285","source":"10","target":"11","factor":"orientation_parallel"},
{"id":"286","source":"2","target":"4","factor":"orientation_perpendicular"},
{"id":"287","source":"2","target":"1","factor":"orientation_perpendicular"},
{"id":"288","source":"2","target":"12","factor":"orientation_perpendicular"},
{"id":"289","source":"2","target":"5","factor":"orientation_perpendicular"},
{"id":"290","source":"2","target":"13","factor":"orientation_perpendicular"},
{"id":"291","source":"10","target":"12","factor":"orientation_perpendicular"},
{"id":"292","source":"10","target":"5","factor":"orientation_perpendicular"},
{"id":"293","source":"10","target":"13","factor":"orientation_perpendicular"},
{"id":"294","source":"4","target":"3","factor":"orientation_perpendicular"},
{"id":"295","source":"4","target":"7","factor":"orientation_perpendicular"},
{"id":"296","source":"4","target":"8","factor":"orientation_perpendicular"},
{"id":"297","source":"4","target":"9","factor":"orientation_perpendicular"},
{"id":"298","source":"1","target":"3","factor":"orientation_perpendicular"},
{"id":"299","source":"1","target":"7","factor":"orientation_perpendicular"},
{"id":"300","source":"1","target":"8","factor":"orientation_perpendicular"},
{"id":"301","source":"1","target":"9","factor":"orientation_perpendicular"},
{"id":"302","source":"12","target":"7","factor":"orientation_perpendicular"},
{"id":"303","source":"12","target":"8","factor":"orientation_perpendicular"},
{"id":"304","source":"12","target":"9","factor":"orientation_perpendicular"},
{"id":"305","source":"5","target":"9","factor":"orientation_perpendicular"},
{"id":"306","source":"13","target":"9","factor":"orientation_perpendicular"},
{"id":"307","source":"6","target":"13","factor":"orientation_perpendicular"},
{"id":"308","source":"1","target":"13","factor":"orientation_perpendicular"},
{"id":"309","source":"4","target":"13","factor":"orientation_perpendicular"},
{"id":"310","source":"3","target":"13","factor":"orientation_perpendicular"},
{"id":"311","source":"14","target":"13","factor":"orientation_perpendicular"},
{"id":"312","source":"7","target":"13","factor":"orientation_perpendicular"},
{"id":"313","source":"6","target":"2","factor":"orientation_perpendicular"},
{"id":"314","source":"6","target":"4","factor":"orientation_perpendicular"},
{"id":"315","source":"6","target":"1","factor":"orientation_perpendicular"},
{"id":"316","source":"3","target":"9","factor":"orientation_perpendicular"},
{"id":"317","source":"3","target":"12","factor":"orientation_perpendicular"},
{"id":"318","source":"1","target":"12","factor":"orientation_perpendicular"},
{"id":"319","source":"4","target":"12","factor":"orientation_perpendicular"},
{"id":"320","source":"6","target":"3","factor":"orientation_perpendicular"},
{"id":"321","source":"6","target":"12","factor":"orientation_perpendicular"},
{"id":"322","source":"6","target":"8","factor":"orientation_perpendicular"},
{"id":"323","source":"7","target":"8","factor":"orientation_perpendicular"},
{"id":"324","source":"3","target":"11","factor":"orientation_perpendicular"},
{"id":"325","source":"3","target":"10","factor":"orientation_perpendicular"},
{"id":"326","source":"3","target":"5","factor":"orientation_perpendicular"},
{"id":"327","source":"12","target":"5","factor":"orientation_perpendicular"},
{"id":"328","source":"12","target":"13","factor":"orientation_perpendicular"},
{"id":"329","source":"11","target":"7","factor":"orientation_perpendicular"},
{"id":"330","source":"11","target":"13","factor":"orientation_perpendicular"},
{"id":"331","source":"5","target":"13","factor":"orientation_perpendicular"},
{"id":"332","source":"1","target":"14","factor":"orientation_perpendicular"},
{"id":"333","source":"1","target":"5","factor":"orientation_perpendicular"},
{"id":"334","source":"1","target":"17","factor":"orientation_perpendicular"},
{"id":"335","source":"1","target":"16","factor":"orientation_perpendicular"},
{"id":"336","source":"4","target":"14","factor":"orientation_perpendicular"},
{"id":"337","source":"4","target":"5","factor":"orientation_perpendicular"},
{"id":"338","source":"4","target":"17","factor":"orientation_perpendicular"},
{"id":"339","source":"4","target":"16","factor":"orientation_perpendicular"},
{"id":"340","source":"2","target":"3","factor":"orientation_perpendicular"},
{"id":"341","source":"2","target":"14","factor":"orientation_perpendicular"},
{"id":"342","source":"2","target":"7","factor":"orientation_perpendicular"},
{"id":"343","source":"2","target":"16","factor":"orientation_perpendicular"},
{"id":"344","source":"2","target":"9","factor":"orientation_perpendicular"},
{"id":"345","source":"14","target":"5","factor":"orientation_perpendicular"},
{"id":"346","source":"14","target":"7","factor":"orientation_perpendicular"},
{"id":"347","source":"14","target":"9","factor":"orientation_perpendicular"},
{"id":"348","source":"7","target":"14","factor":"orientation_perpendicular"},
{"id":"349","source":"8","target":"17","factor":"orientation_perpendicular"},
{"id":"350","source":"8","target":"9","factor":"orientation_perpendicular"},
{"id":"351","source":"6","target":"6","factor":"orientation_perpendicular"},
{"id":"352","source":"6","target":"7","factor":"orientation_perpendicular"},
{"id":"353","source":"6","target":"15","factor":"orientation_perpendicular"},
{"id":"354","source":"2","target":"8","factor":"orientation_perpendicular"},
{"id":"355","source":"6","target":"14","factor":"orientation_perpendicular"},
{"id":"356","source":"6","target":"5","factor":"orientation_perpendicular"},
{"id":"357","source":"6","target":"9","factor":"orientation_perpendicular"},
{"id":"358","source":"6","target":"16","factor":"orientation_perpendicular"},
{"id":"359","source":"14","target":"15","factor":"orientation_perpendicular"},
{"id":"360","source":"7","target":"5","factor":"orientation_perpendicular"},
{"id":"361","source":"7","target":"9","factor":"orientation_perpendicular"},
{"id":"362","source":"7","target":"16","factor":"orientation_perpendicular"},
{"id":"363","source":"10","target":"7","factor":"orientation_perpendicular"},
{"id":"364","source":"10","target":"15","factor":"orientation_perpendicular"},
{"id":"365","source":"15","target":"9","factor":"orientation_perpendicular"},
{"id":"366","source":"6","target":"17","factor":"orientation_perpendicular"},
{"id":"367","source":"2","target":"10","factor":"orientation_perpendicular"},
{"id":"368","source":"10","target":"14","factor":"orientation_perpendicular"},
{"id":"369","source":"10","target":"9","factor":"orientation_perpendicular"},
{"id":"370","source":"12","target":"12","factor":"orientation_perpendicular"},
{"id":"371","source":"6","target":"11","factor":"orientation_perpendicular"},
{"id":"372","source":"6","target":"10","factor":"orientation_perpendicular"},
{"id":"373","source":"3","target":"7","factor":"orientation_perpendicular"},
{"id":"374","source":"4","target":"10","factor":"orientation_perpendicular"},
{"id":"375","source":"1","target":"10","factor":"orientation_perpendicular"},
{"id":"376","source":"8","target":"5","factor":"orientation_perpendicular"},
{"id":"377","source":"10","target":"10","factor":"orientation_perpendicular"},
{"id":"378","source":"10","target":"8","factor":"orientation_perpendicular"},
{"id":"379","source":"10","target":"16","factor":"orientation_perpendicular"},
{"id":"380","source":"3","target":"16","factor":"orientation_perpendicular"},
{"id":"381","source":"9","target":"5","factor":"orientation_perpendicular"},
{"id":"382","source":"3","target":"14","factor":"orientation_perpendicular"},
{"id":"383","source":"2","target":"11","factor":"orientation_perpendicular"},
{"id":"384","source":"1","target":"15","factor":"orientation_perpendicular"},
{"id":"385","source":"3","target":"15","factor":"orientation_perpendicular"},
{"id":"386","source":"4","target":"15","factor":"orientation_perpendicular"},
{"id":"387","source":"15","target":"15","factor":"orientation_perpendicular"},
{"id":"388","source":"6","target":"18","factor":"orientation_perpendicular"},
{"id":"389","source":"2","target":"18","factor":"orientation_perpendicular"},
{"id":"390","source":"4","target":"18","factor":"orientation_perpendicular"},
{"id":"391","source":"1","target":"18","factor":"orientation_perpendicular"},
{"id":"392","source":"7","target":"18","factor":"orientation_perpendicular"},
{"id":"393","source":"12","target":"18","factor":"orientation_perpendicular"},
{"id":"394","source":"4","target":"11","factor":"orientation_perpendicular"},
{"id":"395","source":"1","target":"11","factor":"orientation_perpendicular"},
{"id":"396","source":"11","target":"9","factor":"orientation_perpendicular"},
{"id":"397","source":"11","target":"5","factor":"orientation_perpendicular"},
{"id":"398","source":"8","target":"13","factor":"orientation_perpendicular"},
{"id":"399","source":"9","target":"9","factor":"orientation_perpendicular"},
{"id":"400","source":"11","target":"8","factor":"orientation_perpendicular"},
{"id":"401","source":"2","target":"15","factor":"orientation_perpendicular"},
{"id":"402","source":"7","target":"15","factor":"orientation_perpendicular"},
{"id":"403","source":"13","target":"18","factor":"orientation_perpendicular"},
{"id":"404","source":"7","target":"3","factor":"orientation_perpendicular"},
{"id":"405","source":"14","target":"12","factor":"orientation_perpendicular"},
{"id":"406","source":"3","target":"8","factor":"orientation_perpendicular"},
{"id":"407","source":"12","target":"12","factor":"symmetry"},
{"id":"408","source":"16","target":"16","factor":"symmetry"},
{"id":"409","source":"5","target":"5","factor":"symmetry"},
{"id":"410","source":"11","target":"11","factor":"symmetry"},
{"id":"411","source":"10","target":"10","factor":"symmetry"},
{"id":"412","source":"14","target":"14","factor":"symmetry"},
{"id":"413","source":"17","target":"17","factor":"symmetry"},
{"id":"414","source":"7","target":"7","factor":"symmetry"},
{"id":"415","source":"18","target":"18","factor":"symmetry"},
{"id":"416","source":"3","target":"3","factor":"symmetry"},
{"id":"417","source":"15","target":"15","factor":"symmetry"},
{"id":"418","source":"6","target":"6","factor":"symmetry"},
{"id":"419","source":"8","target":"8","factor":"symmetry"},
{"id":"420","source":"9","target":"9","factor":"symmetry"},
{"id":"421","source":"13","target":"13","factor":"symmetry"},
{"id":"422","source":"2","target":"2","factor":"symmetry"}
],
"probability":[
{"id":"0","value":0.700721},
{"id":"1","value":0.0594952},
{"id":"2","value":0.0582933},
{"id":"3","value":0.0570913},
{"id":"4","value":0.0558894},
{"id":"5","value":0.0552885},
{"id":"6","value":0.0961538},
{"id":"7","value":0.0841346},
{"id":"8","value":0.063101},
{"id":"9","value":0.283053},
{"id":"10","value":0.281851},
{"id":"11","value":0.253606},
{"id":"12","value":0.299279},
{"id":"13","value":0.42488},
{"id":"14","value":0.120793},
{"id":"15","value":0.14363},
{"id":"16","value":0.315505},
{"id":"17","value":0.144832},
{"id":"18","value":0.0685096},
{"id":"19","value":0.10637},
{"id":"20","value":0.267428},
{"id":"21","value":0.0625},
{"id":"22","value":0.129808},
{"id":"23","value":0.0769231},
{"id":"24","value":0.616587},
{"id":"25","value":0.95613},
{"id":"26","value":0.95012},
{"id":"27","value":0.214543},
{"id":"28","value":0.409255},
{"id":"29","value":0.366587},
{"id":"30","value":0.449519},
{"id":"31","value":0.19351},
{"id":"32","value":0.125},
{"id":"33","value":0.177284},
{"id":"34","value":0.323918},
{"id":"35","value":0.462139},
{"id":"36","value":0.146635},
{"id":"37","value":0.0793269},
{"id":"38","value":0.0859375},
{"id":"39","value":0.217548},
{"id":"40","value":0.03125},
{"id":"41","value":0.0504808},
{"id":"42","value":0.0132212},
{"id":"43","value":0.0216346},
{"id":"44","value":0.0606971},
{"id":"45","value":0.0114183},
{"id":"46","value":0.0757212},
{"id":"47","value":0.0114183},
{"id":"48","value":0.0498798},
{"id":"49","value":0.104567},
{"id":"50","value":0.0841346},
{"id":"51","value":0.68149},
{"id":"52","value":0.977163},
{"id":"53","value":0.89363},
{"id":"54","value":0.700721},
{"id":"55","value":0.0594952},
{"id":"56","value":0.0582933},
{"id":"57","value":0.0570913},
{"id":"58","value":0.0558894},
{"id":"59","value":0.0552885},
{"id":"60","value":0.0961538},
{"id":"61","value":0.0841346},
{"id":"62","value":0.063101},
{"id":"63","value":0.283053},
{"id":"64","value":0.281851},
{"id":"65","value":0.253606},
{"id":"66","value":0.299279},
{"id":"67","value":0.42488},
{"id":"68","value":0.120793},
{"id":"69","value":0.14363},
{"id":"70","value":0.315505},
{"id":"71","value":0.144832},
{"id":"72","value":0.0685096},
{"id":"73","value":0.10637},
{"id":"74","value":0.267428},
{"id":"75","value":0.0625},
{"id":"76","value":0.129808},
{"id":"77","value":0.0769231},
{"id":"78","value":0.616587},
{"id":"79","value":0.95613},
{"id":"80","value":0.95012},
{"id":"81","value":0.214543},
{"id":"82","value":0.409255},
{"id":"83","value":0.366587},
{"id":"84","value":0.449519},
{"id":"85","value":0.19351},
{"id":"86","value":0.125},
{"id":"87","value":0.177284},
{"id":"88","value":0.323918},
{"id":"89","value":0.462139},
{"id":"90","value":0.146635},
{"id":"91","value":0.0793269},
{"id":"92","value":0.0859375},
{"id":"93","value":0.217548},
{"id":"94","value":0.03125},
{"id":"95","value":0.0504808},
{"id":"96","value":0.0132212},
{"id":"97","value":0.0216346},
{"id":"98","value":0.0606971},
{"id":"99","value":0.0114183},
{"id":"100","value":0.0757212},
{"id":"101","value":0.0114183},
{"id":"102","value":0.0498798},
{"id":"103","value":0.104567},
{"id":"104","value":0.0841346},
{"id":"105","value":0.0841346},
{"id":"106","value":0.68149},
{"id":"107","value":0.68149},
{"id":"108","value":0.977163},
{"id":"109","value":0.977163},
{"id":"110","value":0.89363},
{"id":"111","value":0.89363},
{"id":"112","value":0.700721},
{"id":"113","value":0.0594952},
{"id":"114","value":0.0582933},
{"id":"115","value":0.0570913},
{"id":"116","value":0.0558894},
{"id":"117","value":0.0552885},
{"id":"118","value":0.0961538},
{"id":"119","value":0.0841346},
{"id":"120","value":0.063101},
{"id":"121","value":0.283053},
{"id":"122","value":0.281851},
{"id":"123","value":0.253606},
{"id":"124","value":0.299279},
{"id":"125","value":0.42488},
{"id":"126","value":0.120793},
{"id":"127","value":0.14363},
{"id":"128","value":0.315505},
{"id":"129","value":0.144832},
{"id":"130","value":0.0685096},
{"id":"131","value":0.10637},
{"id":"132","value":0.267428},
{"id":"133","value":0.0625},
{"id":"134","value":0.129808},
{"id":"135","value":0.0769231},
{"id":"136","value":0.616587},
{"id":"137","value":0.95613},
{"id":"138","value":0.95012},
{"id":"139","value":0.214543},
{"id":"140","value":0.409255},
{"id":"141","value":0.366587},
{"id":"142","value":0.449519},
{"id":"143","value":0.19351},
{"id":"144","value":0.125},
{"id":"145","value":0.177284},
{"id":"146","value":0.323918},
{"id":"147","value":0.462139},
{"id":"148","value":0.146635},
{"id":"149","value":0.0793269},
{"id":"150","value":0.0859375},
{"id":"151","value":0.217548},
{"id":"152","value":0.03125},
{"id":"153","value":0.0504808},
{"id":"154","value":0.0132212},
{"id":"155","value":0.0216346},
{"id":"156","value":0.0606971},
{"id":"157","value":0.0114183},
{"id":"158","value":0.0757212},
{"id":"159","value":0.0114183},
{"id":"160","value":0.0498798},
{"id":"161","value":0.104567},
{"id":"162","value":0.0841346},
{"id":"163","value":0.0841346},
{"id":"164","value":0.0841346},
{"id":"165","value":0.68149},
{"id":"166","value":0.68149},
{"id":"167","value":0.68149},
{"id":"168","value":0.977163},
{"id":"169","value":0.977163},
{"id":"170","value":0.977163},
{"id":"171","value":0.89363},
{"id":"172","value":0.89363},
{"id":"173","value":0.89363},
{"id":"174","value":0.700721},
{"id":"175","value":0.0594952},
{"id":"176","value":0.0582933},
{"id":"177","value":0.0570913},
{"id":"178","value":0.0558894},
{"id":"179","value":0.0552885},
{"id":"180","value":0.0961538},
{"id":"181","value":0.0841346},
{"id":"182","value":0.063101},
{"id":"183","value":0.283053},
{"id":"184","value":0.281851},
{"id":"185","value":0.253606},
{"id":"186","value":0.299279},
{"id":"187","value":0.42488},
{"id":"188","value":0.120793},
{"id":"189","value":0.14363},
{"id":"190","value":0.315505},
{"id":"191","value":0.144832},
{"id":"192","value":0.0685096},
{"id":"193","value":0.10637},
{"id":"194","value":0.267428},
{"id":"195","value":0.0625},
{"id":"196","value":0.129808},
{"id":"197","value":0.0769231},
{"id":"198","value":0.616587},
{"id":"199","value":0.95613},
{"id":"200","value":0.95012},
{"id":"201","value":0.214543},
{"id":"202","value":0.409255},
{"id":"203","value":0.366587},
{"id":"204","value":0.449519},
{"id":"205","value":0.19351},
{"id":"206","value":0.125},
{"id":"207","value":0.177284},
{"id":"208","value":0.323918},
{"id":"209","value":0.462139},
{"id":"210","value":0.146635},
{"id":"211","value":0.0793269},
{"id":"212","value":0.0859375},
{"id":"213","value":0.217548},
{"id":"214","value":0.03125},
{"id":"215","value":0.0504808},
{"id":"216","value":0.0132212},
{"id":"217","value":0.0216346},
{"id":"218","value":0.0606971},
{"id":"219","value":0.0114183},
{"id":"220","value":0.0757212},
{"id":"221","value":0.0114183},
{"id":"222","value":0.0498798},
{"id":"223","value":0.104567},
{"id":"224","value":0.0594952},
{"id":"225","value":0.0594952},
{"id":"226","value":0.0588942},
{"id":"227","value":0.0588942},
{"id":"228","value":0.0588942},
{"id":"229","value":0.0582933},
{"id":"230","value":0.0570913},
{"id":"231","value":0.0558894},
{"id":"232","value":0.0552885},
{"id":"233","value":0.0540865},
{"id":"234","value":0.0534856},
{"id":"235","value":0.0510817},
{"id":"236","value":0.102163},
{"id":"237","value":0.0973558},
{"id":"238","value":0.0901442},
{"id":"239","value":0.0859375},
{"id":"240","value":0.0600962},
{"id":"241","value":0.991587},
{"id":"242","value":0.063101},
{"id":"243","value":0.0985577},
{"id":"244","value":0.308293},
{"id":"245","value":0.310096},
{"id":"246","value":0.144231},
{"id":"247","value":0.152644},
{"id":"248","value":0.0528846},
{"id":"249","value":0.0588942},
{"id":"250","value":0.105168},
{"id":"251","value":0.103966},
{"id":"252","value":0.0745192},
{"id":"253","value":0.259615},
{"id":"254","value":0.0582933},
{"id":"255","value":0.259615},
{"id":"256","value":0.0582933},
{"id":"257","value":0.0691106},
{"id":"258","value":0.18149},
{"id":"259","value":0.183293},
{"id":"260","value":0.0703125},
{"id":"261","value":0.0889423},
{"id":"262","value":0.109976},
{"id":"263","value":0.063101},
{"id":"264","value":0.169471},
{"id":"265","value":0.170072},
{"id":"266","value":0.0907452},
{"id":"267","value":0.0907452},
{"id":"268","value":0.0877404},
{"id":"269","value":0.0871394},
{"id":"270","value":0.0552885},
{"id":"271","value":0.078125},
{"id":"272","value":0.077524},
{"id":"273","value":0.078125},
{"id":"274","value":0.077524},
{"id":"275","value":0.123798},
{"id":"276","value":0.124399},
{"id":"277","value":0.0679087},
{"id":"278","value":0.124399},
{"id":"279","value":0.0558894},
{"id":"280","value":0.0534856},
{"id":"281","value":0.107572},
{"id":"282","value":0.0564904},
{"id":"283","value":0.0528846},
{"id":"284","value":0.0528846},
{"id":"285","value":0.063101},
{"id":"286","value":0.0901442},
{"id":"287","value":0.0901442},
{"id":"288","value":0.0258413},
{"id":"289","value":0.0414663},
{"id":"290","value":0.0372596},
{"id":"291","value":0.061899},
{"id":"292","value":0.0811298},
{"id":"293","value":0.0336538},
{"id":"294","value":0.152644},
{"id":"295","value":0.160457},
{"id":"296","value":0.0492788},
{"id":"297","value":0.0691106},
{"id":"298","value":0.153846},
{"id":"299","value":0.160457},
{"id":"300","value":0.0492788},
{"id":"301","value":0.0691106},
{"id":"302","value":0.0396635},
{"id":"303","value":0.015024},
{"id":"304","value":0.0246394},
{"id":"305","value":0.0414663},
{"id":"306","value":0.0252404},
{"id":"307","value":0.0582933},
{"id":"308","value":0.0576923},
{"id":"309","value":0.0576923},
{"id":"310","value":0.0594952},
{"id":"311","value":0.0168269},
{"id":"312","value":0.0516827},
{"id":"313","value":0.123798},
{"id":"314","value":0.159255},
{"id":"315","value":0.159255},
{"id":"316","value":0.0570913},
{"id":"317","value":0.0396635},
{"id":"318","value":0.0540865},
{"id":"319","value":0.0546875},
{"id":"320","value":0.170072},
{"id":"321","value":0.0576923},
{"id":"322","value":0.0612981},
{"id":"323","value":0.0252404},
{"id":"324","value":0.0342548},
{"id":"325","value":0.162861},
{"id":"326","value":0.0492788},
{"id":"327","value":0.0180288},
{"id":"328","value":0.0300481},
{"id":"329","value":0.0342548},
{"id":"330","value":0.0108173},
{"id":"331","value":0.0234375},
{"id":"332","value":0.0192308},
{"id":"333","value":0.0174279},
{"id":"334","value":0.0138221},
{"id":"335","value":0.0216346},
{"id":"336","value":0.0198317},
{"id":"337","value":0.0174279},
{"id":"338","value":0.0138221},
{"id":"339","value":0.0216346},
{"id":"340","value":0.0901442},
{"id":"341","value":0.0264423},
{"id":"342","value":0.0985577},
{"id":"343","value":0.0168269},
{"id":"344","value":0.0330529},
{"id":"345","value":0.0120192},
{"id":"346","value":0.0402644},
{"id":"347","value":0.0228365},
{"id":"348","value":0.0120192},
{"id":"349","value":0.0126202},
{"id":"350","value":0.0246394},
{"id":"351","value":0.0294471},
{"id":"352","value":0.154447},
{"id":"353","value":0.0414663},
{"id":"354","value":0.0366587},
{"id":"355","value":0.0348558},
{"id":"356","value":0.0498798},
{"id":"357","value":0.0432692},
{"id":"358","value":0.0258413},
{"id":"359","value":0.0102163},
{"id":"360","value":0.03125},
{"id":"361","value":0.0384615},
{"id":"362","value":0.016226},
{"id":"363","value":0.121394},
{"id":"364","value":0.0270433},
{"id":"365","value":0.0240385},
{"id":"366","value":0.0126202},
{"id":"367","value":0.0991587},
{"id":"368","value":0.0330529},
{"id":"369","value":0.0408654},
{"id":"370","value":0.015625},
{"id":"371","value":0.0120192},
{"id":"372","value":0.0739183},
{"id":"373","value":0.108173},
{"id":"374","value":0.134014},
{"id":"375","value":0.136418},
{"id":"376","value":0.0144231},
{"id":"377","value":0.0288462},
{"id":"378","value":0.0336538},
{"id":"379","value":0.0210337},
{"id":"380","value":0.0120192},
{"id":"381","value":0.0180288},
{"id":"382","value":0.0264423},
{"id":"383","value":0.0228365},
{"id":"384","value":0.0288462},
{"id":"385","value":0.0258413},
{"id":"386","value":0.0276442},
{"id":"387","value":0.0126202},
{"id":"388","value":0.0138221},
{"id":"389","value":0.0120192},
{"id":"390","value":0.0240385},
{"id":"391","value":0.0240385},
{"id":"392","value":0.0186298},
{"id":"393","value":0.0108173},
{"id":"394","value":0.016226},
{"id":"395","value":0.0168269},
{"id":"396","value":0.0144231},
{"id":"397","value":0.0192308},
{"id":"398","value":0.0114183},
{"id":"399","value":0.0180288},
{"id":"400","value":0.0102163},
{"id":"401","value":0.0228365},
{"id":"402","value":0.0168269},
{"id":"403","value":0.0102163},
{"id":"404","value":0.0108173},
{"id":"405","value":0.0126202},
{"id":"406","value":0.0126202},
{"id":"407","value":0.0246394},
{"id":"408","value":0.0438702},
{"id":"409","value":0.0552885},
{"id":"410","value":0.0114183},
{"id":"411","value":0.0270433},
{"id":"412","value":0.0360577},
{"id":"413","value":0.0198317},
{"id":"414","value":0.0264423},
{"id":"415","value":0.0192308},
{"id":"416","value":0.0534856},
{"id":"417","value":0.0240385},
{"id":"418","value":0.0330529},
{"id":"419","value":0.0258413},
{"id":"420","value":0.015024},
{"id":"421","value":0.0186298},
{"id":"422","value":0.0120192}
]}