{
"vertices":[
{"id":"0","name":"rug","Leaves":[{"name":"rug","frequency":0.793193 }],"frequency":0.182091},
{"id":"1","name":"chandelier","Leaves":[{"name":"chandelier","frequency":0.81686 }],"frequency":0.33774},
{"id":"2","name":"sink","Leaves":[{"name":"sink","frequency":0.922012 }],"frequency":0.760216},
{"id":"3","name":"wall","Leaves":[{"name":"wall","frequency":0.243422 }],"frequency":0.995192},
{"id":"4","name":"floor","Leaves":[],"frequency":0.998798},
{"id":"5","name":"shelving","Leaves":[{"name":"shelving","frequency":0.786638 }],"frequency":0.219351},
{"id":"6","name":"towel_rack","Leaves":[{"name":"towel_rack","frequency":0.891892 }],"frequency":0.257813}
],
"rules":[
{"id":"0","source":"3","target":"4","factor":"Horizontal-Support"},
{"id":"1","source":"2","target":"3","factor":"proximity"},
{"id":"2","source":"4","target":"2","factor":"proximity"},
{"id":"3","source":"3","target":"3","factor":"proximity"},
{"id":"4","source":"4","target":"3","factor":"proximity"},
{"id":"5","source":"4","target":"0","factor":"proximity"},
{"id":"6","source":"5","target":"3","factor":"proximity"},
{"id":"7","source":"4","target":"3","factor":"orientation_parallel"},
{"id":"8","source":"4","target":"1","factor":"orientation_parallel"},
{"id":"9","source":"2","target":"0","factor":"orientation_parallel"},
{"id":"10","source":"2","target":"3","factor":"orientation_parallel"},
{"id":"11","source":"5","target":"3","factor":"orientation_parallel"},
{"id":"12","source":"6","target":"3","factor":"orientation_parallel"},
{"id":"13","source":"0","target":"3","factor":"orientation_parallel"},
{"id":"14","source":"4","target":"2","factor":"orientation_parallel"},
{"id":"15","source":"2","target":"1","factor":"orientation_parallel"},
{"id":"16","source":"3","target":"3","factor":"orientation_parallel"},
{"id":"17","source":"2","target":"6","factor":"orientation_parallel"},
{"id":"18","source":"4","target":"6","factor":"orientation_parallel"},
{"id":"19","source":"4","target":"0","factor":"orientation_parallel"},
{"id":"20","source":"1","target":"1","factor":"orientation_parallel"},
{"id":"21","source":"4","target":"5","factor":"orientation_parallel"},
{"id":"22","source":"2","target":"5","factor":"orientation_parallel"},
{"id":"23","source":"1","target":"3","factor":"orientation_parallel"},
{"id":"24","source":"2","target":"3","factor":"orientation_perpendicular"},
{"id":"25","source":"4","target":"3","factor":"orientation_perpendicular"},
{"id":"26","source":"3","target":"3","factor":"orientation_perpendicular"},
{"id":"27","source":"6","target":"3","factor":"orientation_perpendicular"},
{"id":"28","source":"4","target":"2","factor":"orientation_perpendicular"},
{"id":"29","source":"4","target":"0","factor":"orientation_perpendicular"},
{"id":"30","source":"3","target":"0","factor":"orientation_perpendicular"},
{"id":"31","source":"5","target":"0","factor":"orientation_perpendicular"},
{"id":"32","source":"5","target":"3","factor":"orientation_perpendicular"},
{"id":"33","source":"1","target":"0","factor":"orientation_perpendicular"},
{"id":"34","source":"1","target":"3","factor":"orientation_perpendicular"},
{"id":"35","source":"6","target":"0","factor":"orientation_perpendicular"},
{"id":"36","source":"4","target":"6","factor":"orientation_perpendicular"},
{"id":"37","source":"2","target":"6","factor":"orientation_perpendicular"},
{"id":"38","source":"2","target":"0","factor":"orientation_perpendicular"},
{"id":"39","source":"2","target":"5","factor":"orientation_perpendicular"},
{"id":"40","source":"4","target":"5","factor":"orientation_perpendicular"},
{"id":"41","source":"2","target":"1","factor":"orientation_perpendicular"},
{"id":"42","source":"5","target":"1","factor":"orientation_perpendicular"},
{"id":"43","source":"5","target":"6","factor":"orientation_perpendicular"},
{"id":"44","source":"1","target":"6","factor":"orientation_perpendicular"},
{"id":"45","source":"0","target":"3","factor":"orientation_perpendicular"},
{"id":"46","source":"4","target":"1","factor":"orientation_perpendicular"},
{"id":"47","source":"3","target":"1","factor":"orientation_perpendicular"},
{"id":"48","source":"5","target":"5","factor":"orientation_perpendicular"},
{"id":"49","source":"3","target":"5","factor":"orientation_perpendicular"},
{"id":"50","source":"0","target":"1","factor":"orientation_perpendicular"},
{"id":"51","source":"0","target":"0","factor":"orientation_perpendicular"},
{"id":"52","source":"3","target":"3","factor":"symmetry"},
{"id":"53","source":"5","target":"5","factor":"symmetry"},
{"id":"54","source":"1","target":"1","factor":"symmetry"},
{"id":"55","source":"2","target":"2","factor":"symmetry"},
{"id":"56","source":"0","target":"0","factor":"symmetry"},
{"id":"57","source":"6","target":"6","factor":"symmetry"}
],
"probability":[
{"id":"0","value":0.700721},
{"id":"1","value":0.0594952},
{"id":"2","value":0.0594952},
{"id":"3","value":0.0841346},
{"id":"4","value":0.0552885},
{"id":"5","value":0.102163},
{"id":"6","value":0.063101},
{"id":"7","value":0.283053},
{"id":"8","value":0.310096},
{"id":"9","value":0.0528846},
{"id":"10","value":0.42488},
{"id":"11","value":0.120793},
{"id":"12","value":0.14363},
{"id":"13","value":0.0685096},
{"id":"14","value":0.259615},
{"id":"15","value":0.109976},
{"id":"16","value":0.68149},
{"id":"17","value":0.063101},
{"id":"18","value":0.0907452},
{"id":"19","value":0.0871394},
{"id":"20","value":0.0552885},
{"id":"21","value":0.078125},
{"id":"22","value":0.0679087},
{"id":"23","value":0.129808},
{"id":"24","value":0.616587},
{"id":"25","value":0.95613},
{"id":"26","value":0.977163},
{"id":"27","value":0.214543},
{"id":"28","value":0.153846},
{"id":"29","value":0.0691106},
{"id":"30","value":0.125},
{"id":"31","value":0.0246394},
{"id":"32","value":0.177284},
{"id":"33","value":0.0414663},
{"id":"34","value":0.323918},
{"id":"35","value":0.0252404},
{"id":"36","value":0.0576923},
{"id":"37","value":0.0594952},
{"id":"38","value":0.0570913},
{"id":"39","value":0.0396635},
{"id":"40","value":0.0540865},
{"id":"41","value":0.0492788},
{"id":"42","value":0.0180288},
{"id":"43","value":0.0300481},
{"id":"44","value":0.0234375},
{"id":"45","value":0.03125},
{"id":"46","value":0.0174279},
{"id":"47","value":0.0132212},
{"id":"48","value":0.015625},
{"id":"49","value":0.0114183},
{"id":"50","value":0.0180288},
{"id":"51","value":0.0180288},
{"id":"52","value":0.89363},
{"id":"53","value":0.0246394},
{"id":"54","value":0.0552885},
{"id":"55","value":0.0534856},
{"id":"56","value":0.015024},
{"id":"57","value":0.0186298}
]}