{
"vertices":[
{"id":"0","name":"wardrobe_cabinet","Leaves":[{"name":"wardrobe_cabinet","frequency":0.737662 }],"frequency":0.170673},
{"id":"1","name":"wall","Leaves":[{"name":"wall","frequency":0.243422 }],"frequency":0.995192},
{"id":"2","name":"floor","Leaves":[],"frequency":0.998798},
{"id":"3","name":"shower","Leaves":[{"name":"shower","frequency":0.970588 }],"frequency":0.535457},
{"id":"4","name":"sink","Leaves":[{"name":"sink","frequency":0.922012 }],"frequency":0.760216},
{"id":"5","name":"ceiling","Leaves":[],"frequency":0.992788},
{"id":"6","name":"chandelier","Leaves":[{"name":"chandelier","frequency":0.81686 }],"frequency":0.33774},
{"id":"7","name":"door","Leaves":[{"name":"door","frequency":0.870386 }],"frequency":0.63762},
{"id":"8","name":"toilet","Leaves":[{"name":"toilet","frequency":0.795769 }],"frequency":0.58774},
{"id":"9","name":"washer","Leaves":[],"frequency":0.175481},
{"id":"10","name":"mirror","Leaves":[{"name":"mirror","frequency":0.844298 }],"frequency":0.23137},
{"id":"11","name":"rug","Leaves":[{"name":"rug","frequency":0.793193 }],"frequency":0.182091},
{"id":"12","name":"window","Leaves":[{"name":"window","frequency":0.847457 }],"frequency":0.480769},
{"id":"13","name":"shelving","Leaves":[{"name":"shelving","frequency":0.786638 }],"frequency":0.219351},
{"id":"14","name":"towel_rack","Leaves":[{"name":"towel_rack","frequency":0.891892 }],"frequency":0.257813},
{"id":"15","name":"hanger","Leaves":[{"name":"hanger","frequency":0.754386 }],"frequency":0.129207},
{"id":"16","name":"switch","Leaves":[{"name":"switch","frequency":0.75 }],"frequency":0.0576923},
{"id":"17","name":"partition","Leaves":[{"name":"partition","frequency":0.70922 }],"frequency":0.0600962},
{"id":"18","name":"wardrobe_cabinet","Leaves":[{"name":"wardrobe_cabinet","frequency":0.737662 }],"frequency":4.55826e+30},
{"id":"19","name":"chandelier","Leaves":[{"name":"chandelier","frequency":0.81686 }],"frequency":6.23699e+17}
],
"rules":[
{"id":"0","source":"2","target":"0","factor":"orientation_parallel"},
{"id":"1","source":"5","target":"0","factor":"orientation_parallel"},
{"id":"2","source":"4","target":"0","factor":"orientation_parallel"},
{"id":"3","source":"0","target":"1","factor":"orientation_parallel"},
{"id":"4","source":"1","target":"0","factor":"orientation_perpendicular"},
{"id":"5","source":"0","target":"14","factor":"orientation_perpendicular"},
{"id":"6","source":"2","target":"0","factor":"orientation_perpendicular"},
{"id":"7","source":"5","target":"0","factor":"orientation_perpendicular"},
{"id":"8","source":"3","target":"0","factor":"orientation_perpendicular"},
{"id":"9","source":"0","target":"6","factor":"orientation_perpendicular"},
{"id":"10","source":"0","target":"8","factor":"orientation_perpendicular"},
{"id":"11","source":"0","target":"11","factor":"orientation_perpendicular"},
{"id":"12","source":"0","target":"1","factor":"orientation_perpendicular"},
{"id":"13","source":"8","target":"0","factor":"orientation_perpendicular"},
{"id":"14","source":"7","target":"0","factor":"orientation_perpendicular"},
{"id":"15","source":"0","target":"15","factor":"orientation_perpendicular"},
{"id":"16","source":"12","target":"0","factor":"orientation_perpendicular"},
{"id":"17","source":"4","target":"0","factor":"orientation_perpendicular"},
{"id":"18","source":"0","target":"13","factor":"orientation_perpendicular"},
{"id":"19","source":"0","target":"18","factor":"symmetry"},
{"id":"20","source":"2","target":"18","factor":"orientation_parallel"},
{"id":"21","source":"5","target":"18","factor":"orientation_parallel"},
{"id":"22","source":"4","target":"18","factor":"orientation_parallel"},
{"id":"23","source":"18","target":"1","factor":"orientation_parallel"},
{"id":"24","source":"1","target":"18","factor":"orientation_perpendicular"},
{"id":"25","source":"18","target":"14","factor":"orientation_perpendicular"},
{"id":"26","source":"2","target":"18","factor":"orientation_perpendicular"},
{"id":"27","source":"5","target":"18","factor":"orientation_perpendicular"},
{"id":"28","source":"3","target":"18","factor":"orientation_perpendicular"},
{"id":"29","source":"18","target":"6","factor":"orientation_perpendicular"},
{"id":"30","source":"18","target":"8","factor":"orientation_perpendicular"},
{"id":"31","source":"18","target":"11","factor":"orientation_perpendicular"},
{"id":"32","source":"18","target":"1","factor":"orientation_perpendicular"},
{"id":"33","source":"8","target":"18","factor":"orientation_perpendicular"},
{"id":"34","source":"7","target":"18","factor":"orientation_perpendicular"},
{"id":"35","source":"18","target":"15","factor":"orientation_perpendicular"},
{"id":"36","source":"12","target":"18","factor":"orientation_perpendicular"},
{"id":"37","source":"4","target":"18","factor":"orientation_perpendicular"},
{"id":"38","source":"18","target":"13","factor":"orientation_perpendicular"},
{"id":"39","source":"5","target":"6","factor":"proximity"},
{"id":"40","source":"5","target":"6","factor":"orientation_parallel"},
{"id":"41","source":"2","target":"6","factor":"orientation_parallel"},
{"id":"42","source":"3","target":"6","factor":"orientation_parallel"},
{"id":"43","source":"4","target":"6","factor":"orientation_parallel"},
{"id":"44","source":"6","target":"1","factor":"orientation_parallel"},
{"id":"45","source":"8","target":"6","factor":"orientation_parallel"},
{"id":"46","source":"3","target":"6","factor":"orientation_perpendicular"},
{"id":"47","source":"12","target":"6","factor":"orientation_perpendicular"},
{"id":"48","source":"6","target":"11","factor":"orientation_perpendicular"},
{"id":"49","source":"6","target":"1","factor":"orientation_perpendicular"},
{"id":"50","source":"4","target":"6","factor":"orientation_perpendicular"},
{"id":"51","source":"13","target":"6","factor":"orientation_perpendicular"},
{"id":"52","source":"6","target":"14","factor":"orientation_perpendicular"},
{"id":"53","source":"2","target":"6","factor":"orientation_perpendicular"},
{"id":"54","source":"5","target":"6","factor":"orientation_perpendicular"},
{"id":"55","source":"1","target":"6","factor":"orientation_perpendicular"},
{"id":"56","source":"7","target":"6","factor":"orientation_perpendicular"},
{"id":"57","source":"8","target":"6","factor":"orientation_perpendicular"},
{"id":"58","source":"10","target":"6","factor":"orientation_perpendicular"},
{"id":"59","source":"11","target":"6","factor":"orientation_perpendicular"},
{"id":"60","source":"6","target":"19","factor":"orientation_parallel"},
{"id":"61","source":"6","target":"19","factor":"symmetry"},
{"id":"62","source":"5","target":"19","factor":"proximity"},
{"id":"63","source":"5","target":"19","factor":"orientation_parallel"},
{"id":"64","source":"2","target":"19","factor":"orientation_parallel"},
{"id":"65","source":"3","target":"19","factor":"orientation_parallel"},
{"id":"66","source":"4","target":"19","factor":"orientation_parallel"},
{"id":"67","source":"19","target":"1","factor":"orientation_parallel"},
{"id":"68","source":"8","target":"19","factor":"orientation_parallel"},
{"id":"69","source":"3","target":"19","factor":"orientation_perpendicular"},
{"id":"70","source":"12","target":"19","factor":"orientation_perpendicular"},
{"id":"71","source":"19","target":"11","factor":"orientation_perpendicular"},
{"id":"72","source":"19","target":"1","factor":"orientation_perpendicular"},
{"id":"73","source":"4","target":"19","factor":"orientation_perpendicular"},
{"id":"74","source":"13","target":"19","factor":"orientation_perpendicular"},
{"id":"75","source":"19","target":"14","factor":"orientation_perpendicular"},
{"id":"76","source":"2","target":"19","factor":"orientation_perpendicular"},
{"id":"77","source":"5","target":"19","factor":"orientation_perpendicular"},
{"id":"78","source":"1","target":"19","factor":"orientation_perpendicular"},
{"id":"79","source":"7","target":"19","factor":"orientation_perpendicular"},
{"id":"80","source":"8","target":"19","factor":"orientation_perpendicular"},
{"id":"81","source":"10","target":"19","factor":"orientation_perpendicular"},
{"id":"82","source":"11","target":"19","factor":"orientation_perpendicular"},
{"id":"83","source":"1","target":"2","factor":"Horizontal-Support"},
{"id":"84","source":"2","target":"3","factor":"proximity"},
{"id":"85","source":"4","target":"1","factor":"proximity"},
{"id":"86","source":"2","target":"4","factor":"proximity"},
{"id":"87","source":"1","target":"1","factor":"proximity"},
{"id":"88","source":"7","target":"2","factor":"proximity"},
{"id":"89","source":"5","target":"7","factor":"proximity"},
{"id":"90","source":"3","target":"1","factor":"proximity"},
{"id":"91","source":"2","target":"8","factor":"proximity"},
{"id":"92","source":"4","target":"9","factor":"proximity"},
{"id":"93","source":"7","target":"1","factor":"proximity"},
{"id":"94","source":"2","target":"10","factor":"proximity"},
{"id":"95","source":"8","target":"8","factor":"proximity"},
{"id":"96","source":"8","target":"1","factor":"proximity"},
{"id":"97","source":"2","target":"1","factor":"proximity"},
{"id":"98","source":"7","target":"4","factor":"proximity"},
{"id":"99","source":"4","target":"8","factor":"proximity"},
{"id":"100","source":"7","target":"3","factor":"proximity"},
{"id":"101","source":"5","target":"2","factor":"proximity"},
{"id":"102","source":"2","target":"11","factor":"proximity"},
{"id":"103","source":"10","target":"4","factor":"proximity"},
{"id":"104","source":"1","target":"12","factor":"proximity"},
{"id":"105","source":"7","target":"8","factor":"proximity"},
{"id":"106","source":"5","target":"1","factor":"proximity"},
{"id":"107","source":"13","target":"1","factor":"proximity"},
{"id":"108","source":"5","target":"12","factor":"proximity"},
{"id":"109","source":"2","target":"5","factor":"orientation_parallel"},
{"id":"110","source":"2","target":"1","factor":"orientation_parallel"},
{"id":"111","source":"5","target":"1","factor":"orientation_parallel"},
{"id":"112","source":"7","target":"4","factor":"orientation_parallel"},
{"id":"113","source":"7","target":"8","factor":"orientation_parallel"},
{"id":"114","source":"7","target":"1","factor":"orientation_parallel"},
{"id":"115","source":"12","target":"1","factor":"orientation_parallel"},
{"id":"116","source":"4","target":"8","factor":"orientation_parallel"},
{"id":"117","source":"4","target":"10","factor":"orientation_parallel"},
{"id":"118","source":"4","target":"11","factor":"orientation_parallel"},
{"id":"119","source":"4","target":"1","factor":"orientation_parallel"},
{"id":"120","source":"13","target":"1","factor":"orientation_parallel"},
{"id":"121","source":"14","target":"1","factor":"orientation_parallel"},
{"id":"122","source":"8","target":"10","factor":"orientation_parallel"},
{"id":"123","source":"8","target":"1","factor":"orientation_parallel"},
{"id":"124","source":"10","target":"1","factor":"orientation_parallel"},
{"id":"125","source":"11","target":"1","factor":"orientation_parallel"},
{"id":"126","source":"7","target":"2","factor":"orientation_parallel"},
{"id":"127","source":"7","target":"5","factor":"orientation_parallel"},
{"id":"128","source":"3","target":"8","factor":"orientation_parallel"},
{"id":"129","source":"2","target":"4","factor":"orientation_parallel"},
{"id":"130","source":"5","target":"4","factor":"orientation_parallel"},
{"id":"131","source":"3","target":"5","factor":"orientation_parallel"},
{"id":"132","source":"3","target":"2","factor":"orientation_parallel"},
{"id":"133","source":"3","target":"4","factor":"orientation_parallel"},
{"id":"134","source":"3","target":"1","factor":"orientation_parallel"},
{"id":"135","source":"9","target":"1","factor":"orientation_parallel"},
{"id":"136","source":"1","target":"1","factor":"orientation_parallel"},
{"id":"137","source":"4","target":"14","factor":"orientation_parallel"},
{"id":"138","source":"5","target":"8","factor":"orientation_parallel"},
{"id":"139","source":"2","target":"8","factor":"orientation_parallel"},
{"id":"140","source":"5","target":"14","factor":"orientation_parallel"},
{"id":"141","source":"2","target":"14","factor":"orientation_parallel"},
{"id":"142","source":"5","target":"11","factor":"orientation_parallel"},
{"id":"143","source":"2","target":"11","factor":"orientation_parallel"},
{"id":"144","source":"5","target":"13","factor":"orientation_parallel"},
{"id":"145","source":"5","target":"10","factor":"orientation_parallel"},
{"id":"146","source":"2","target":"13","factor":"orientation_parallel"},
{"id":"147","source":"2","target":"10","factor":"orientation_parallel"},
{"id":"148","source":"5","target":"12","factor":"orientation_parallel"},
{"id":"149","source":"2","target":"12","factor":"orientation_parallel"},
{"id":"150","source":"4","target":"13","factor":"orientation_parallel"},
{"id":"151","source":"8","target":"8","factor":"orientation_parallel"},
{"id":"152","source":"15","target":"1","factor":"orientation_parallel"},
{"id":"153","source":"8","target":"14","factor":"orientation_parallel"},
{"id":"154","source":"3","target":"12","factor":"orientation_parallel"},
{"id":"155","source":"7","target":"12","factor":"orientation_parallel"},
{"id":"156","source":"2","target":"15","factor":"orientation_parallel"},
{"id":"157","source":"5","target":"15","factor":"orientation_parallel"},
{"id":"158","source":"9","target":"4","factor":"orientation_parallel"},
{"id":"159","source":"4","target":"1","factor":"orientation_perpendicular"},
{"id":"160","source":"2","target":"1","factor":"orientation_perpendicular"},
{"id":"161","source":"5","target":"1","factor":"orientation_perpendicular"},
{"id":"162","source":"1","target":"1","factor":"orientation_perpendicular"},
{"id":"163","source":"14","target":"1","factor":"orientation_perpendicular"},
{"id":"164","source":"3","target":"5","factor":"orientation_perpendicular"},
{"id":"165","source":"3","target":"2","factor":"orientation_perpendicular"},
{"id":"166","source":"3","target":"1","factor":"orientation_perpendicular"},
{"id":"167","source":"3","target":"13","factor":"orientation_perpendicular"},
{"id":"168","source":"3","target":"14","factor":"orientation_perpendicular"},
{"id":"169","source":"12","target":"1","factor":"orientation_perpendicular"},
{"id":"170","source":"12","target":"13","factor":"orientation_perpendicular"},
{"id":"171","source":"12","target":"14","factor":"orientation_perpendicular"},
{"id":"172","source":"5","target":"4","factor":"orientation_perpendicular"},
{"id":"173","source":"5","target":"8","factor":"orientation_perpendicular"},
{"id":"174","source":"5","target":"10","factor":"orientation_perpendicular"},
{"id":"175","source":"5","target":"11","factor":"orientation_perpendicular"},
{"id":"176","source":"2","target":"4","factor":"orientation_perpendicular"},
{"id":"177","source":"2","target":"8","factor":"orientation_perpendicular"},
{"id":"178","source":"2","target":"10","factor":"orientation_perpendicular"},
{"id":"179","source":"2","target":"11","factor":"orientation_perpendicular"},
{"id":"180","source":"1","target":"8","factor":"orientation_perpendicular"},
{"id":"181","source":"1","target":"10","factor":"orientation_perpendicular"},
{"id":"182","source":"1","target":"11","factor":"orientation_perpendicular"},
{"id":"183","source":"13","target":"8","factor":"orientation_perpendicular"},
{"id":"184","source":"13","target":"10","factor":"orientation_perpendicular"},
{"id":"185","source":"13","target":"11","factor":"orientation_perpendicular"},
{"id":"186","source":"13","target":"1","factor":"orientation_perpendicular"},
{"id":"187","source":"14","target":"11","factor":"orientation_perpendicular"},
{"id":"188","source":"7","target":"1","factor":"orientation_perpendicular"},
{"id":"189","source":"7","target":"14","factor":"orientation_perpendicular"},
{"id":"190","source":"2","target":"14","factor":"orientation_perpendicular"},
{"id":"191","source":"5","target":"14","factor":"orientation_perpendicular"},
{"id":"192","source":"4","target":"14","factor":"orientation_perpendicular"},
{"id":"193","source":"8","target":"14","factor":"orientation_perpendicular"},
{"id":"194","source":"7","target":"3","factor":"orientation_perpendicular"},
{"id":"195","source":"7","target":"5","factor":"orientation_perpendicular"},
{"id":"196","source":"7","target":"2","factor":"orientation_perpendicular"},
{"id":"197","source":"4","target":"11","factor":"orientation_perpendicular"},
{"id":"198","source":"9","target":"1","factor":"orientation_perpendicular"},
{"id":"199","source":"4","target":"13","factor":"orientation_perpendicular"},
{"id":"200","source":"2","target":"13","factor":"orientation_perpendicular"},
{"id":"201","source":"5","target":"13","factor":"orientation_perpendicular"},
{"id":"202","source":"9","target":"8","factor":"orientation_perpendicular"},
{"id":"203","source":"9","target":"12","factor":"orientation_perpendicular"},
{"id":"204","source":"7","target":"4","factor":"orientation_perpendicular"},
{"id":"205","source":"7","target":"13","factor":"orientation_perpendicular"},
{"id":"206","source":"7","target":"10","factor":"orientation_perpendicular"},
{"id":"207","source":"8","target":"10","factor":"orientation_perpendicular"},
{"id":"208","source":"8","target":"1","factor":"orientation_perpendicular"},
{"id":"209","source":"4","target":"12","factor":"orientation_perpendicular"},
{"id":"210","source":"13","target":"14","factor":"orientation_perpendicular"},
{"id":"211","source":"11","target":"1","factor":"orientation_perpendicular"},
{"id":"212","source":"3","target":"4","factor":"orientation_perpendicular"},
{"id":"213","source":"3","target":"8","factor":"orientation_perpendicular"},
{"id":"214","source":"3","target":"11","factor":"orientation_perpendicular"},
{"id":"215","source":"10","target":"11","factor":"orientation_perpendicular"},
{"id":"216","source":"7","target":"7","factor":"orientation_perpendicular"},
{"id":"217","source":"7","target":"8","factor":"orientation_perpendicular"},
{"id":"218","source":"7","target":"15","factor":"orientation_perpendicular"},
{"id":"219","source":"3","target":"10","factor":"orientation_perpendicular"},
{"id":"220","source":"7","target":"11","factor":"orientation_perpendicular"},
{"id":"221","source":"8","target":"11","factor":"orientation_perpendicular"},
{"id":"222","source":"12","target":"8","factor":"orientation_perpendicular"},
{"id":"223","source":"12","target":"15","factor":"orientation_perpendicular"},
{"id":"224","source":"15","target":"11","factor":"orientation_perpendicular"},
{"id":"225","source":"3","target":"12","factor":"orientation_perpendicular"},
{"id":"226","source":"12","target":"11","factor":"orientation_perpendicular"},
{"id":"227","source":"7","target":"9","factor":"orientation_perpendicular"},
{"id":"228","source":"10","target":"1","factor":"orientation_perpendicular"},
{"id":"229","source":"13","target":"13","factor":"orientation_perpendicular"},
{"id":"230","source":"1","target":"13","factor":"orientation_perpendicular"},
{"id":"231","source":"7","target":"12","factor":"orientation_perpendicular"},
{"id":"232","source":"4","target":"8","factor":"orientation_perpendicular"},
{"id":"233","source":"16","target":"1","factor":"orientation_perpendicular"},
{"id":"234","source":"5","target":"12","factor":"orientation_perpendicular"},
{"id":"235","source":"2","target":"12","factor":"orientation_perpendicular"},
{"id":"236","source":"12","target":"12","factor":"orientation_perpendicular"},
{"id":"237","source":"12","target":"10","factor":"orientation_perpendicular"},
{"id":"238","source":"15","target":"1","factor":"orientation_perpendicular"},
{"id":"239","source":"2","target":"15","factor":"orientation_perpendicular"},
{"id":"240","source":"4","target":"15","factor":"orientation_perpendicular"},
{"id":"241","source":"5","target":"15","factor":"orientation_perpendicular"},
{"id":"242","source":"15","target":"15","factor":"orientation_perpendicular"},
{"id":"243","source":"7","target":"16","factor":"orientation_perpendicular"},
{"id":"244","source":"3","target":"16","factor":"orientation_perpendicular"},
{"id":"245","source":"5","target":"16","factor":"orientation_perpendicular"},
{"id":"246","source":"2","target":"16","factor":"orientation_perpendicular"},
{"id":"247","source":"8","target":"16","factor":"orientation_perpendicular"},
{"id":"248","source":"13","target":"16","factor":"orientation_perpendicular"},
{"id":"249","source":"5","target":"17","factor":"orientation_perpendicular"},
{"id":"250","source":"2","target":"17","factor":"orientation_perpendicular"},
{"id":"251","source":"4","target":"17","factor":"orientation_perpendicular"},
{"id":"252","source":"8","target":"17","factor":"orientation_perpendicular"},
{"id":"253","source":"12","target":"17","factor":"orientation_perpendicular"},
{"id":"254","source":"3","target":"17","factor":"orientation_perpendicular"},
{"id":"255","source":"7","target":"17","factor":"orientation_perpendicular"},
{"id":"256","source":"17","target":"1","factor":"orientation_perpendicular"},
{"id":"257","source":"10","target":"14","factor":"orientation_perpendicular"},
{"id":"258","source":"11","target":"11","factor":"orientation_perpendicular"},
{"id":"259","source":"3","target":"15","factor":"orientation_perpendicular"},
{"id":"260","source":"8","target":"15","factor":"orientation_perpendicular"},
{"id":"261","source":"14","target":"16","factor":"orientation_perpendicular"},
{"id":"262","source":"8","target":"4","factor":"orientation_perpendicular"},
{"id":"263","source":"4","target":"10","factor":"orientation_perpendicular"},
{"id":"264","source":"1","target":"1","factor":"symmetry"},
{"id":"265","source":"13","target":"13","factor":"symmetry"},
{"id":"266","source":"12","target":"12","factor":"symmetry"},
{"id":"267","source":"8","target":"8","factor":"symmetry"},
{"id":"268","source":"16","target":"16","factor":"symmetry"},
{"id":"269","source":"4","target":"4","factor":"symmetry"},
{"id":"270","source":"15","target":"15","factor":"symmetry"},
{"id":"271","source":"7","target":"7","factor":"symmetry"},
{"id":"272","source":"10","target":"10","factor":"symmetry"},
{"id":"273","source":"11","target":"11","factor":"symmetry"},
{"id":"274","source":"14","target":"14","factor":"symmetry"},
{"id":"275","source":"3","target":"3","factor":"symmetry"}
],
"probability":[
{"id":"0","value":0.0582933},
{"id":"1","value":0.0582933},
{"id":"2","value":0.0691106},
{"id":"3","value":0.10637},
{"id":"4","value":0.146635},
{"id":"5","value":0.0168269},
{"id":"6","value":0.0192308},
{"id":"7","value":0.0198317},
{"id":"8","value":0.0264423},
{"id":"9","value":0.0120192},
{"id":"10","value":0.0402644},
{"id":"11","value":0.0228365},
{"id":"12","value":0.0606971},
{"id":"13","value":0.0120192},
{"id":"14","value":0.0348558},
{"id":"15","value":0.0102163},
{"id":"16","value":0.0330529},
{"id":"17","value":0.0264423},
{"id":"18","value":0.0126202},
{"id":"19","value":0.0360577},
{"id":"20","value":0.0582933},
{"id":"21","value":0.0582933},
{"id":"22","value":0.0691106},
{"id":"23","value":0.10637},
{"id":"24","value":0.146635},
{"id":"25","value":0.0168269},
{"id":"26","value":0.0192308},
{"id":"27","value":0.0198317},
{"id":"28","value":0.0264423},
{"id":"29","value":0.0120192},
{"id":"30","value":0.0402644},
{"id":"31","value":0.0228365},
{"id":"32","value":0.0606971},
{"id":"33","value":0.0120192},
{"id":"34","value":0.0348558},
{"id":"35","value":0.0102163},
{"id":"36","value":0.0330529},
{"id":"37","value":0.0264423},
{"id":"38","value":0.0126202},
{"id":"39","value":0.0588942},
{"id":"40","value":0.308293},
{"id":"41","value":0.310096},
{"id":"42","value":0.0889423},
{"id":"43","value":0.109976},
{"id":"44","value":0.129808},
{"id":"45","value":0.0564904},
{"id":"46","value":0.0414663},
{"id":"47","value":0.0811298},
{"id":"48","value":0.0414663},
{"id":"49","value":0.323918},
{"id":"50","value":0.0492788},
{"id":"51","value":0.0180288},
{"id":"52","value":0.0234375},
{"id":"53","value":0.0174279},
{"id":"54","value":0.0174279},
{"id":"55","value":0.0132212},
{"id":"56","value":0.0498798},
{"id":"57","value":0.03125},
{"id":"58","value":0.0144231},
{"id":"59","value":0.0180288},
{"id":"60","value":0.0552885},
{"id":"61","value":0.0552885},
{"id":"62","value":0.0588942},
{"id":"63","value":0.308293},
{"id":"64","value":0.310096},
{"id":"65","value":0.0889423},
{"id":"66","value":0.109976},
{"id":"67","value":0.129808},
{"id":"68","value":0.0564904},
{"id":"69","value":0.0414663},
{"id":"70","value":0.0811298},
{"id":"71","value":0.0414663},
{"id":"72","value":0.323918},
{"id":"73","value":0.0492788},
{"id":"74","value":0.0180288},
{"id":"75","value":0.0234375},
{"id":"76","value":0.0174279},
{"id":"77","value":0.0174279},
{"id":"78","value":0.0132212},
{"id":"79","value":0.0498798},
{"id":"80","value":0.03125},
{"id":"81","value":0.0144231},
{"id":"82","value":0.0180288},
{"id":"83","value":0.700721},
{"id":"84","value":0.0594952},
{"id":"85","value":0.0594952},
{"id":"86","value":0.0594952},
{"id":"87","value":0.0841346},
{"id":"88","value":0.0588942},
{"id":"89","value":0.0588942},
{"id":"90","value":0.0582933},
{"id":"91","value":0.0582933},
{"id":"92","value":0.0576923},
{"id":"93","value":0.0570913},
{"id":"94","value":0.0570913},
{"id":"95","value":0.0558894},
{"id":"96","value":0.0558894},
{"id":"97","value":0.0552885},
{"id":"98","value":0.0552885},
{"id":"99","value":0.0540865},
{"id":"100","value":0.0534856},
{"id":"101","value":0.0510817},
{"id":"102","value":0.102163},
{"id":"103","value":0.0973558},
{"id":"104","value":0.0961538},
{"id":"105","value":0.0859375},
{"id":"106","value":0.0841346},
{"id":"107","value":0.063101},
{"id":"108","value":0.0600962},
{"id":"109","value":0.991587},
{"id":"110","value":0.283053},
{"id":"111","value":0.281851},
{"id":"112","value":0.063101},
{"id":"113","value":0.0985577},
{"id":"114","value":0.253606},
{"id":"115","value":0.299279},
{"id":"116","value":0.144231},
{"id":"117","value":0.152644},
{"id":"118","value":0.0528846},
{"id":"119","value":0.42488},
{"id":"120","value":0.120793},
{"id":"121","value":0.14363},
{"id":"122","value":0.0588942},
{"id":"123","value":0.315505},
{"id":"124","value":0.144832},
{"id":"125","value":0.0685096},
{"id":"126","value":0.105168},
{"id":"127","value":0.103966},
{"id":"128","value":0.0745192},
{"id":"129","value":0.259615},
{"id":"130","value":0.259615},
{"id":"131","value":0.18149},
{"id":"132","value":0.183293},
{"id":"133","value":0.0703125},
{"id":"134","value":0.267428},
{"id":"135","value":0.0612981},
{"id":"136","value":0.68149},
{"id":"137","value":0.063101},
{"id":"138","value":0.169471},
{"id":"139","value":0.170072},
{"id":"140","value":0.0907452},
{"id":"141","value":0.0907452},
{"id":"142","value":0.0877404},
{"id":"143","value":0.0871394},
{"id":"144","value":0.078125},
{"id":"145","value":0.077524},
{"id":"146","value":0.078125},
{"id":"147","value":0.077524},
{"id":"148","value":0.123798},
{"id":"149","value":0.124399},
{"id":"150","value":0.0679087},
{"id":"151","value":0.124399},
{"id":"152","value":0.0769231},
{"id":"153","value":0.0558894},
{"id":"154","value":0.0534856},
{"id":"155","value":0.107572},
{"id":"156","value":0.0528846},
{"id":"157","value":0.0528846},
{"id":"158","value":0.0534856},
{"id":"159","value":0.616587},
{"id":"160","value":0.95613},
{"id":"161","value":0.95012},
{"id":"162","value":0.977163},
{"id":"163","value":0.214543},
{"id":"164","value":0.0901442},
{"id":"165","value":0.0901442},
{"id":"166","value":0.409255},
{"id":"167","value":0.0258413},
{"id":"168","value":0.0372596},
{"id":"169","value":0.366587},
{"id":"170","value":0.061899},
{"id":"171","value":0.0336538},
{"id":"172","value":0.152644},
{"id":"173","value":0.160457},
{"id":"174","value":0.0492788},
{"id":"175","value":0.0691106},
{"id":"176","value":0.153846},
{"id":"177","value":0.160457},
{"id":"178","value":0.0492788},
{"id":"179","value":0.0691106},
{"id":"180","value":0.449519},
{"id":"181","value":0.19351},
{"id":"182","value":0.125},
{"id":"183","value":0.0396635},
{"id":"184","value":0.015024},
{"id":"185","value":0.0246394},
{"id":"186","value":0.177284},
{"id":"187","value":0.0252404},
{"id":"188","value":0.462139},
{"id":"189","value":0.0582933},
{"id":"190","value":0.0576923},
{"id":"191","value":0.0576923},
{"id":"192","value":0.0594952},
{"id":"193","value":0.0516827},
{"id":"194","value":0.123798},
{"id":"195","value":0.159255},
{"id":"196","value":0.159255},
{"id":"197","value":0.0570913},
{"id":"198","value":0.15625},
{"id":"199","value":0.0396635},
{"id":"200","value":0.0540865},
{"id":"201","value":0.0546875},
{"id":"202","value":0.015024},
{"id":"203","value":0.0384615},
{"id":"204","value":0.170072},
{"id":"205","value":0.0576923},
{"id":"206","value":0.0612981},
{"id":"207","value":0.0252404},
{"id":"208","value":0.217548},
{"id":"209","value":0.162861},
{"id":"210","value":0.0300481},
{"id":"211","value":0.03125},
{"id":"212","value":0.0901442},
{"id":"213","value":0.0985577},
{"id":"214","value":0.0330529},
{"id":"215","value":0.0246394},
{"id":"216","value":0.0294471},
{"id":"217","value":0.154447},
{"id":"218","value":0.0414663},
{"id":"219","value":0.0366587},
{"id":"220","value":0.0432692},
{"id":"221","value":0.0384615},
{"id":"222","value":0.121394},
{"id":"223","value":0.0270433},
{"id":"224","value":0.0240385},
{"id":"225","value":0.0991587},
{"id":"226","value":0.0408654},
{"id":"227","value":0.0192308},
{"id":"228","value":0.0757212},
{"id":"229","value":0.015625},
{"id":"230","value":0.0114183},
{"id":"231","value":0.0739183},
{"id":"232","value":0.108173},
{"id":"233","value":0.0498798},
{"id":"234","value":0.134014},
{"id":"235","value":0.136418},
{"id":"236","value":0.0288462},
{"id":"237","value":0.0336538},
{"id":"238","value":0.104567},
{"id":"239","value":0.0288462},
{"id":"240","value":0.0258413},
{"id":"241","value":0.0276442},
{"id":"242","value":0.0126202},
{"id":"243","value":0.0138221},
{"id":"244","value":0.0120192},
{"id":"245","value":0.0240385},
{"id":"246","value":0.0240385},
{"id":"247","value":0.0186298},
{"id":"248","value":0.0108173},
{"id":"249","value":0.0282452},
{"id":"250","value":0.0282452},
{"id":"251","value":0.0222356},
{"id":"252","value":0.0198317},
{"id":"253","value":0.0144231},
{"id":"254","value":0.0132212},
{"id":"255","value":0.0204327},
{"id":"256","value":0.0270433},
{"id":"257","value":0.0114183},
{"id":"258","value":0.0180288},
{"id":"259","value":0.0228365},
{"id":"260","value":0.0168269},
{"id":"261","value":0.0102163},
{"id":"262","value":0.0108173},
{"id":"263","value":0.0126202},
{"id":"264","value":0.89363},
{"id":"265","value":0.0246394},
{"id":"266","value":0.0270433},
{"id":"267","value":0.0264423},
{"id":"268","value":0.0192308},
{"id":"269","value":0.0534856},
{"id":"270","value":0.0240385},
{"id":"271","value":0.0330529},
{"id":"272","value":0.0258413},
{"id":"273","value":0.015024},
{"id":"274","value":0.0186298},
{"id":"275","value":0.0120192}
]}