{
"vertices":[
{"id":"0","name":"chandelier","Leaves":[{"name":"chandelier","frequency":0.81686 }],"frequency":0.33774},
{"id":"1","name":"wall","Leaves":[{"name":"wall","frequency":0.243422 }],"frequency":0.995192},
{"id":"2","name":"floor","Leaves":[],"frequency":0.998798},
{"id":"3","name":"shower","Leaves":[{"name":"shower","frequency":0.970588 }],"frequency":0.535457},
{"id":"4","name":"sink","Leaves":[{"name":"sink","frequency":0.922012 }],"frequency":0.760216},
{"id":"5","name":"toilet","Leaves":[{"name":"toilet","frequency":0.795769 }],"frequency":0.58774},
{"id":"6","name":"mirror","Leaves":[{"name":"mirror","frequency":0.844298 }],"frequency":0.23137},
{"id":"7","name":"rug","Leaves":[{"name":"rug","frequency":0.793193 }],"frequency":0.182091},
{"id":"8","name":"window","Leaves":[{"name":"window","frequency":0.847457 }],"frequency":0.480769},
{"id":"9","name":"curtain","Leaves":[{"name":"curtain","frequency":0.831169 }],"frequency":0.115385},
{"id":"10","name":"shelving","Leaves":[{"name":"shelving","frequency":0.786638 }],"frequency":0.219351},
{"id":"11","name":"towel_rack","Leaves":[{"name":"towel_rack","frequency":0.891892 }],"frequency":0.257813},
{"id":"12","name":"hanger","Leaves":[{"name":"hanger","frequency":0.754386 }],"frequency":0.129207},
{"id":"13","name":"toy","Leaves":[],"frequency":0.030649},
{"id":"14","name":"switch","Leaves":[{"name":"switch","frequency":0.75 }],"frequency":0.0576923},
{"id":"15","name":"partition","Leaves":[{"name":"partition","frequency":0.70922 }],"frequency":0.0600962},
{"id":"16","name":"chandelier","Leaves":[{"name":"chandelier","frequency":0.81686 }],"frequency":6.55549e-10}
],
"rules":[
{"id":"0","source":"2","target":"0","factor":"orientation_parallel"},
{"id":"1","source":"3","target":"0","factor":"orientation_parallel"},
{"id":"2","source":"4","target":"0","factor":"orientation_parallel"},
{"id":"3","source":"0","target":"1","factor":"orientation_parallel"},
{"id":"4","source":"5","target":"0","factor":"orientation_parallel"},
{"id":"5","source":"3","target":"0","factor":"orientation_perpendicular"},
{"id":"6","source":"8","target":"0","factor":"orientation_perpendicular"},
{"id":"7","source":"0","target":"7","factor":"orientation_perpendicular"},
{"id":"8","source":"0","target":"1","factor":"orientation_perpendicular"},
{"id":"9","source":"4","target":"0","factor":"orientation_perpendicular"},
{"id":"10","source":"10","target":"0","factor":"orientation_perpendicular"},
{"id":"11","source":"0","target":"11","factor":"orientation_perpendicular"},
{"id":"12","source":"2","target":"0","factor":"orientation_perpendicular"},
{"id":"13","source":"1","target":"0","factor":"orientation_perpendicular"},
{"id":"14","source":"5","target":"0","factor":"orientation_perpendicular"},
{"id":"15","source":"6","target":"0","factor":"orientation_perpendicular"},
{"id":"16","source":"7","target":"0","factor":"orientation_perpendicular"},
{"id":"17","source":"9","target":"0","factor":"orientation_perpendicular"},
{"id":"18","source":"0","target":"16","factor":"orientation_parallel"},
{"id":"19","source":"0","target":"16","factor":"symmetry"},
{"id":"20","source":"2","target":"16","factor":"orientation_parallel"},
{"id":"21","source":"3","target":"16","factor":"orientation_parallel"},
{"id":"22","source":"4","target":"16","factor":"orientation_parallel"},
{"id":"23","source":"16","target":"1","factor":"orientation_parallel"},
{"id":"24","source":"5","target":"16","factor":"orientation_parallel"},
{"id":"25","source":"3","target":"16","factor":"orientation_perpendicular"},
{"id":"26","source":"8","target":"16","factor":"orientation_perpendicular"},
{"id":"27","source":"16","target":"7","factor":"orientation_perpendicular"},
{"id":"28","source":"16","target":"1","factor":"orientation_perpendicular"},
{"id":"29","source":"4","target":"16","factor":"orientation_perpendicular"},
{"id":"30","source":"10","target":"16","factor":"orientation_perpendicular"},
{"id":"31","source":"16","target":"11","factor":"orientation_perpendicular"},
{"id":"32","source":"2","target":"16","factor":"orientation_perpendicular"},
{"id":"33","source":"1","target":"16","factor":"orientation_perpendicular"},
{"id":"34","source":"5","target":"16","factor":"orientation_perpendicular"},
{"id":"35","source":"6","target":"16","factor":"orientation_perpendicular"},
{"id":"36","source":"7","target":"16","factor":"orientation_perpendicular"},
{"id":"37","source":"9","target":"16","factor":"orientation_perpendicular"},
{"id":"38","source":"1","target":"2","factor":"Horizontal-Support"},
{"id":"39","source":"2","target":"3","factor":"proximity"},
{"id":"40","source":"4","target":"1","factor":"proximity"},
{"id":"41","source":"2","target":"4","factor":"proximity"},
{"id":"42","source":"1","target":"1","factor":"proximity"},
{"id":"43","source":"3","target":"1","factor":"proximity"},
{"id":"44","source":"2","target":"5","factor":"proximity"},
{"id":"45","source":"2","target":"6","factor":"proximity"},
{"id":"46","source":"5","target":"5","factor":"proximity"},
{"id":"47","source":"5","target":"1","factor":"proximity"},
{"id":"48","source":"2","target":"1","factor":"proximity"},
{"id":"49","source":"4","target":"5","factor":"proximity"},
{"id":"50","source":"2","target":"7","factor":"proximity"},
{"id":"51","source":"6","target":"4","factor":"proximity"},
{"id":"52","source":"1","target":"8","factor":"proximity"},
{"id":"53","source":"9","target":"8","factor":"proximity"},
{"id":"54","source":"10","target":"1","factor":"proximity"},
{"id":"55","source":"2","target":"1","factor":"orientation_parallel"},
{"id":"56","source":"8","target":"1","factor":"orientation_parallel"},
{"id":"57","source":"4","target":"5","factor":"orientation_parallel"},
{"id":"58","source":"4","target":"6","factor":"orientation_parallel"},
{"id":"59","source":"4","target":"7","factor":"orientation_parallel"},
{"id":"60","source":"4","target":"1","factor":"orientation_parallel"},
{"id":"61","source":"10","target":"1","factor":"orientation_parallel"},
{"id":"62","source":"11","target":"1","factor":"orientation_parallel"},
{"id":"63","source":"5","target":"6","factor":"orientation_parallel"},
{"id":"64","source":"5","target":"1","factor":"orientation_parallel"},
{"id":"65","source":"6","target":"1","factor":"orientation_parallel"},
{"id":"66","source":"7","target":"1","factor":"orientation_parallel"},
{"id":"67","source":"3","target":"5","factor":"orientation_parallel"},
{"id":"68","source":"2","target":"4","factor":"orientation_parallel"},
{"id":"69","source":"3","target":"2","factor":"orientation_parallel"},
{"id":"70","source":"3","target":"4","factor":"orientation_parallel"},
{"id":"71","source":"3","target":"1","factor":"orientation_parallel"},
{"id":"72","source":"1","target":"1","factor":"orientation_parallel"},
{"id":"73","source":"4","target":"11","factor":"orientation_parallel"},
{"id":"74","source":"2","target":"5","factor":"orientation_parallel"},
{"id":"75","source":"2","target":"11","factor":"orientation_parallel"},
{"id":"76","source":"2","target":"7","factor":"orientation_parallel"},
{"id":"77","source":"9","target":"1","factor":"orientation_parallel"},
{"id":"78","source":"2","target":"10","factor":"orientation_parallel"},
{"id":"79","source":"2","target":"6","factor":"orientation_parallel"},
{"id":"80","source":"2","target":"8","factor":"orientation_parallel"},
{"id":"81","source":"4","target":"10","factor":"orientation_parallel"},
{"id":"82","source":"5","target":"5","factor":"orientation_parallel"},
{"id":"83","source":"12","target":"1","factor":"orientation_parallel"},
{"id":"84","source":"5","target":"11","factor":"orientation_parallel"},
{"id":"85","source":"3","target":"8","factor":"orientation_parallel"},
{"id":"86","source":"2","target":"12","factor":"orientation_parallel"},
{"id":"87","source":"8","target":"9","factor":"orientation_parallel"},
{"id":"88","source":"4","target":"1","factor":"orientation_perpendicular"},
{"id":"89","source":"2","target":"1","factor":"orientation_perpendicular"},
{"id":"90","source":"1","target":"1","factor":"orientation_perpendicular"},
{"id":"91","source":"11","target":"1","factor":"orientation_perpendicular"},
{"id":"92","source":"3","target":"2","factor":"orientation_perpendicular"},
{"id":"93","source":"3","target":"1","factor":"orientation_perpendicular"},
{"id":"94","source":"3","target":"10","factor":"orientation_perpendicular"},
{"id":"95","source":"3","target":"11","factor":"orientation_perpendicular"},
{"id":"96","source":"8","target":"1","factor":"orientation_perpendicular"},
{"id":"97","source":"8","target":"10","factor":"orientation_perpendicular"},
{"id":"98","source":"8","target":"11","factor":"orientation_perpendicular"},
{"id":"99","source":"2","target":"4","factor":"orientation_perpendicular"},
{"id":"100","source":"2","target":"5","factor":"orientation_perpendicular"},
{"id":"101","source":"2","target":"6","factor":"orientation_perpendicular"},
{"id":"102","source":"2","target":"7","factor":"orientation_perpendicular"},
{"id":"103","source":"1","target":"5","factor":"orientation_perpendicular"},
{"id":"104","source":"1","target":"6","factor":"orientation_perpendicular"},
{"id":"105","source":"1","target":"7","factor":"orientation_perpendicular"},
{"id":"106","source":"10","target":"5","factor":"orientation_perpendicular"},
{"id":"107","source":"10","target":"6","factor":"orientation_perpendicular"},
{"id":"108","source":"10","target":"7","factor":"orientation_perpendicular"},
{"id":"109","source":"10","target":"1","factor":"orientation_perpendicular"},
{"id":"110","source":"11","target":"7","factor":"orientation_perpendicular"},
{"id":"111","source":"2","target":"11","factor":"orientation_perpendicular"},
{"id":"112","source":"4","target":"11","factor":"orientation_perpendicular"},
{"id":"113","source":"5","target":"11","factor":"orientation_perpendicular"},
{"id":"114","source":"4","target":"7","factor":"orientation_perpendicular"},
{"id":"115","source":"13","target":"1","factor":"orientation_perpendicular"},
{"id":"116","source":"4","target":"10","factor":"orientation_perpendicular"},
{"id":"117","source":"2","target":"10","factor":"orientation_perpendicular"},
{"id":"118","source":"9","target":"1","factor":"orientation_perpendicular"},
{"id":"119","source":"5","target":"6","factor":"orientation_perpendicular"},
{"id":"120","source":"5","target":"1","factor":"orientation_perpendicular"},
{"id":"121","source":"4","target":"9","factor":"orientation_perpendicular"},
{"id":"122","source":"4","target":"8","factor":"orientation_perpendicular"},
{"id":"123","source":"10","target":"11","factor":"orientation_perpendicular"},
{"id":"124","source":"9","target":"5","factor":"orientation_perpendicular"},
{"id":"125","source":"9","target":"11","factor":"orientation_perpendicular"},
{"id":"126","source":"7","target":"1","factor":"orientation_perpendicular"},
{"id":"127","source":"3","target":"4","factor":"orientation_perpendicular"},
{"id":"128","source":"3","target":"5","factor":"orientation_perpendicular"},
{"id":"129","source":"3","target":"7","factor":"orientation_perpendicular"},
{"id":"130","source":"6","target":"7","factor":"orientation_perpendicular"},
{"id":"131","source":"3","target":"6","factor":"orientation_perpendicular"},
{"id":"132","source":"5","target":"7","factor":"orientation_perpendicular"},
{"id":"133","source":"8","target":"5","factor":"orientation_perpendicular"},
{"id":"134","source":"8","target":"12","factor":"orientation_perpendicular"},
{"id":"135","source":"12","target":"7","factor":"orientation_perpendicular"},
{"id":"136","source":"3","target":"8","factor":"orientation_perpendicular"},
{"id":"137","source":"8","target":"7","factor":"orientation_perpendicular"},
{"id":"138","source":"6","target":"1","factor":"orientation_perpendicular"},
{"id":"139","source":"10","target":"10","factor":"orientation_perpendicular"},
{"id":"140","source":"1","target":"10","factor":"orientation_perpendicular"},
{"id":"141","source":"4","target":"5","factor":"orientation_perpendicular"},
{"id":"142","source":"14","target":"1","factor":"orientation_perpendicular"},
{"id":"143","source":"2","target":"8","factor":"orientation_perpendicular"},
{"id":"144","source":"8","target":"8","factor":"orientation_perpendicular"},
{"id":"145","source":"8","target":"6","factor":"orientation_perpendicular"},
{"id":"146","source":"12","target":"1","factor":"orientation_perpendicular"},
{"id":"147","source":"3","target":"9","factor":"orientation_perpendicular"},
{"id":"148","source":"2","target":"12","factor":"orientation_perpendicular"},
{"id":"149","source":"4","target":"12","factor":"orientation_perpendicular"},
{"id":"150","source":"12","target":"12","factor":"orientation_perpendicular"},
{"id":"151","source":"3","target":"14","factor":"orientation_perpendicular"},
{"id":"152","source":"2","target":"14","factor":"orientation_perpendicular"},
{"id":"153","source":"5","target":"14","factor":"orientation_perpendicular"},
{"id":"154","source":"10","target":"14","factor":"orientation_perpendicular"},
{"id":"155","source":"2","target":"15","factor":"orientation_perpendicular"},
{"id":"156","source":"2","target":"9","factor":"orientation_perpendicular"},
{"id":"157","source":"4","target":"15","factor":"orientation_perpendicular"},
{"id":"158","source":"5","target":"15","factor":"orientation_perpendicular"},
{"id":"159","source":"8","target":"15","factor":"orientation_perpendicular"},
{"id":"160","source":"9","target":"7","factor":"orientation_perpendicular"},
{"id":"161","source":"3","target":"15","factor":"orientation_perpendicular"},
{"id":"162","source":"15","target":"1","factor":"orientation_perpendicular"},
{"id":"163","source":"6","target":"11","factor":"orientation_perpendicular"},
{"id":"164","source":"7","target":"7","factor":"orientation_perpendicular"},
{"id":"165","source":"9","target":"6","factor":"orientation_perpendicular"},
{"id":"166","source":"3","target":"12","factor":"orientation_perpendicular"},
{"id":"167","source":"5","target":"12","factor":"orientation_perpendicular"},
{"id":"168","source":"11","target":"14","factor":"orientation_perpendicular"},
{"id":"169","source":"5","target":"4","factor":"orientation_perpendicular"},
{"id":"170","source":"4","target":"6","factor":"orientation_perpendicular"},
{"id":"171","source":"1","target":"1","factor":"symmetry"},
{"id":"172","source":"10","target":"10","factor":"symmetry"},
{"id":"173","source":"9","target":"9","factor":"symmetry"},
{"id":"174","source":"8","target":"8","factor":"symmetry"},
{"id":"175","source":"5","target":"5","factor":"symmetry"},
{"id":"176","source":"14","target":"14","factor":"symmetry"},
{"id":"177","source":"4","target":"4","factor":"symmetry"},
{"id":"178","source":"12","target":"12","factor":"symmetry"},
{"id":"179","source":"6","target":"6","factor":"symmetry"},
{"id":"180","source":"7","target":"7","factor":"symmetry"},
{"id":"181","source":"11","target":"11","factor":"symmetry"},
{"id":"182","source":"3","target":"3","factor":"symmetry"}
],
"probability":[
{"id":"0","value":0.310096},
{"id":"1","value":0.0889423},
{"id":"2","value":0.109976},
{"id":"3","value":0.129808},
{"id":"4","value":0.0564904},
{"id":"5","value":0.0414663},
{"id":"6","value":0.0811298},
{"id":"7","value":0.0414663},
{"id":"8","value":0.323918},
{"id":"9","value":0.0492788},
{"id":"10","value":0.0180288},
{"id":"11","value":0.0234375},
{"id":"12","value":0.0174279},
{"id":"13","value":0.0132212},
{"id":"14","value":0.03125},
{"id":"15","value":0.0144231},
{"id":"16","value":0.0180288},
{"id":"17","value":0.0192308},
{"id":"18","value":0.0552885},
{"id":"19","value":0.0552885},
{"id":"20","value":0.310096},
{"id":"21","value":0.0889423},
{"id":"22","value":0.109976},
{"id":"23","value":0.129808},
{"id":"24","value":0.0564904},
{"id":"25","value":0.0414663},
{"id":"26","value":0.0811298},
{"id":"27","value":0.0414663},
{"id":"28","value":0.323918},
{"id":"29","value":0.0492788},
{"id":"30","value":0.0180288},
{"id":"31","value":0.0234375},
{"id":"32","value":0.0174279},
{"id":"33","value":0.0132212},
{"id":"34","value":0.03125},
{"id":"35","value":0.0144231},
{"id":"36","value":0.0180288},
{"id":"37","value":0.0192308},
{"id":"38","value":0.700721},
{"id":"39","value":0.0594952},
{"id":"40","value":0.0594952},
{"id":"41","value":0.0594952},
{"id":"42","value":0.0841346},
{"id":"43","value":0.0582933},
{"id":"44","value":0.0582933},
{"id":"45","value":0.0570913},
{"id":"46","value":0.0558894},
{"id":"47","value":0.0558894},
{"id":"48","value":0.0552885},
{"id":"49","value":0.0540865},
{"id":"50","value":0.102163},
{"id":"51","value":0.0973558},
{"id":"52","value":0.0961538},
{"id":"53","value":0.0901442},
{"id":"54","value":0.063101},
{"id":"55","value":0.283053},
{"id":"56","value":0.299279},
{"id":"57","value":0.144231},
{"id":"58","value":0.152644},
{"id":"59","value":0.0528846},
{"id":"60","value":0.42488},
{"id":"61","value":0.120793},
{"id":"62","value":0.14363},
{"id":"63","value":0.0588942},
{"id":"64","value":0.315505},
{"id":"65","value":0.144832},
{"id":"66","value":0.0685096},
{"id":"67","value":0.0745192},
{"id":"68","value":0.259615},
{"id":"69","value":0.183293},
{"id":"70","value":0.0703125},
{"id":"71","value":0.267428},
{"id":"72","value":0.68149},
{"id":"73","value":0.063101},
{"id":"74","value":0.170072},
{"id":"75","value":0.0907452},
{"id":"76","value":0.0871394},
{"id":"77","value":0.0625},
{"id":"78","value":0.078125},
{"id":"79","value":0.077524},
{"id":"80","value":0.124399},
{"id":"81","value":0.0679087},
{"id":"82","value":0.124399},
{"id":"83","value":0.0769231},
{"id":"84","value":0.0558894},
{"id":"85","value":0.0534856},
{"id":"86","value":0.0528846},
{"id":"87","value":0.063101},
{"id":"88","value":0.616587},
{"id":"89","value":0.95613},
{"id":"90","value":0.977163},
{"id":"91","value":0.214543},
{"id":"92","value":0.0901442},
{"id":"93","value":0.409255},
{"id":"94","value":0.0258413},
{"id":"95","value":0.0372596},
{"id":"96","value":0.366587},
{"id":"97","value":0.061899},
{"id":"98","value":0.0336538},
{"id":"99","value":0.153846},
{"id":"100","value":0.160457},
{"id":"101","value":0.0492788},
{"id":"102","value":0.0691106},
{"id":"103","value":0.449519},
{"id":"104","value":0.19351},
{"id":"105","value":0.125},
{"id":"106","value":0.0396635},
{"id":"107","value":0.015024},
{"id":"108","value":0.0246394},
{"id":"109","value":0.177284},
{"id":"110","value":0.0252404},
{"id":"111","value":0.0576923},
{"id":"112","value":0.0594952},
{"id":"113","value":0.0516827},
{"id":"114","value":0.0570913},
{"id":"115","value":0.0204327},
{"id":"116","value":0.0396635},
{"id":"117","value":0.0540865},
{"id":"118","value":0.0859375},
{"id":"119","value":0.0252404},
{"id":"120","value":0.217548},
{"id":"121","value":0.0342548},
{"id":"122","value":0.162861},
{"id":"123","value":0.0300481},
{"id":"124","value":0.0342548},
{"id":"125","value":0.0108173},
{"id":"126","value":0.03125},
{"id":"127","value":0.0901442},
{"id":"128","value":0.0985577},
{"id":"129","value":0.0330529},
{"id":"130","value":0.0246394},
{"id":"131","value":0.0366587},
{"id":"132","value":0.0384615},
{"id":"133","value":0.121394},
{"id":"134","value":0.0270433},
{"id":"135","value":0.0240385},
{"id":"136","value":0.0991587},
{"id":"137","value":0.0408654},
{"id":"138","value":0.0757212},
{"id":"139","value":0.015625},
{"id":"140","value":0.0114183},
{"id":"141","value":0.108173},
{"id":"142","value":0.0498798},
{"id":"143","value":0.136418},
{"id":"144","value":0.0288462},
{"id":"145","value":0.0336538},
{"id":"146","value":0.104567},
{"id":"147","value":0.0228365},
{"id":"148","value":0.0288462},
{"id":"149","value":0.0258413},
{"id":"150","value":0.0126202},
{"id":"151","value":0.0120192},
{"id":"152","value":0.0240385},
{"id":"153","value":0.0186298},
{"id":"154","value":0.0108173},
{"id":"155","value":0.0282452},
{"id":"156","value":0.0168269},
{"id":"157","value":0.0222356},
{"id":"158","value":0.0198317},
{"id":"159","value":0.0144231},
{"id":"160","value":0.0144231},
{"id":"161","value":0.0132212},
{"id":"162","value":0.0270433},
{"id":"163","value":0.0114183},
{"id":"164","value":0.0180288},
{"id":"165","value":0.0102163},
{"id":"166","value":0.0228365},
{"id":"167","value":0.0168269},
{"id":"168","value":0.0102163},
{"id":"169","value":0.0108173},
{"id":"170","value":0.0126202},
{"id":"171","value":0.89363},
{"id":"172","value":0.0246394},
{"id":"173","value":0.0114183},
{"id":"174","value":0.0270433},
{"id":"175","value":0.0264423},
{"id":"176","value":0.0192308},
{"id":"177","value":0.0534856},
{"id":"178","value":0.0240385},
{"id":"179","value":0.0258413},
{"id":"180","value":0.015024},
{"id":"181","value":0.0186298},
{"id":"182","value":0.0120192}
]}