{
"vertices":[
{"id":"0","name":"rug","Leaves":[{"name":"rug","frequency":0.793193 }],"frequency":0.182091},
{"id":"1","name":"chandelier","Leaves":[{"name":"chandelier","frequency":0.81686 }],"frequency":0.33774},
{"id":"2","name":"sink","Leaves":[{"name":"sink","frequency":0.922012 }],"frequency":0.760216},
{"id":"3","name":"wall","Leaves":[{"name":"wall","frequency":0.243422 }],"frequency":0.995192},
{"id":"4","name":"floor","Leaves":[],"frequency":0.998798},
{"id":"5","name":"mirror","Leaves":[{"name":"mirror","frequency":0.844298 }],"frequency":0.23137},
{"id":"6","name":"hanger","Leaves":[{"name":"hanger","frequency":0.754386 }],"frequency":0.129207},
{"id":"7","name":"kitchen_cabinet","Leaves":[],"frequency":0.0108173},
{"id":"8","name":"window","Leaves":[{"name":"window","frequency":0.847457 }],"frequency":0.480769},
{"id":"9","name":"toilet","Leaves":[{"name":"toilet","frequency":0.795769 }],"frequency":0.58774},
{"id":"10","name":"switch","Leaves":[{"name":"switch","frequency":0.75 }],"frequency":0.0576923},
{"id":"11","name":"towel_rack","Leaves":[{"name":"towel_rack","frequency":0.891892 }],"frequency":0.257813},
{"id":"12","name":"washer","Leaves":[],"frequency":0.175481}
],
"rules":[
{"id":"0","source":"3","target":"4","factor":"Horizontal-Support"},
{"id":"1","source":"2","target":"3","factor":"proximity"},
{"id":"2","source":"4","target":"2","factor":"proximity"},
{"id":"3","source":"3","target":"3","factor":"proximity"},
{"id":"4","source":"4","target":"9","factor":"proximity"},
{"id":"5","source":"2","target":"12","factor":"proximity"},
{"id":"6","source":"4","target":"5","factor":"proximity"},
{"id":"7","source":"9","target":"9","factor":"proximity"},
{"id":"8","source":"9","target":"3","factor":"proximity"},
{"id":"9","source":"4","target":"3","factor":"proximity"},
{"id":"10","source":"2","target":"9","factor":"proximity"},
{"id":"11","source":"4","target":"0","factor":"proximity"},
{"id":"12","source":"5","target":"2","factor":"proximity"},
{"id":"13","source":"3","target":"8","factor":"proximity"},
{"id":"14","source":"4","target":"3","factor":"orientation_parallel"},
{"id":"15","source":"8","target":"3","factor":"orientation_parallel"},
{"id":"16","source":"4","target":"1","factor":"orientation_parallel"},
{"id":"17","source":"2","target":"9","factor":"orientation_parallel"},
{"id":"18","source":"2","target":"5","factor":"orientation_parallel"},
{"id":"19","source":"2","target":"0","factor":"orientation_parallel"},
{"id":"20","source":"2","target":"3","factor":"orientation_parallel"},
{"id":"21","source":"11","target":"3","factor":"orientation_parallel"},
{"id":"22","source":"9","target":"5","factor":"orientation_parallel"},
{"id":"23","source":"9","target":"3","factor":"orientation_parallel"},
{"id":"24","source":"5","target":"3","factor":"orientation_parallel"},
{"id":"25","source":"0","target":"3","factor":"orientation_parallel"},
{"id":"26","source":"4","target":"2","factor":"orientation_parallel"},
{"id":"27","source":"2","target":"1","factor":"orientation_parallel"},
{"id":"28","source":"12","target":"3","factor":"orientation_parallel"},
{"id":"29","source":"3","target":"3","factor":"orientation_parallel"},
{"id":"30","source":"2","target":"11","factor":"orientation_parallel"},
{"id":"31","source":"4","target":"9","factor":"orientation_parallel"},
{"id":"32","source":"4","target":"11","factor":"orientation_parallel"},
{"id":"33","source":"4","target":"0","factor":"orientation_parallel"},
{"id":"34","source":"1","target":"1","factor":"orientation_parallel"},
{"id":"35","source":"4","target":"5","factor":"orientation_parallel"},
{"id":"36","source":"4","target":"8","factor":"orientation_parallel"},
{"id":"37","source":"1","target":"3","factor":"orientation_parallel"},
{"id":"38","source":"9","target":"9","factor":"orientation_parallel"},
{"id":"39","source":"6","target":"3","factor":"orientation_parallel"},
{"id":"40","source":"9","target":"11","factor":"orientation_parallel"},
{"id":"41","source":"9","target":"1","factor":"orientation_parallel"},
{"id":"42","source":"4","target":"6","factor":"orientation_parallel"},
{"id":"43","source":"12","target":"2","factor":"orientation_parallel"},
{"id":"44","source":"2","target":"3","factor":"orientation_perpendicular"},
{"id":"45","source":"4","target":"3","factor":"orientation_perpendicular"},
{"id":"46","source":"3","target":"3","factor":"orientation_perpendicular"},
{"id":"47","source":"11","target":"3","factor":"orientation_perpendicular"},
{"id":"48","source":"8","target":"3","factor":"orientation_perpendicular"},
{"id":"49","source":"8","target":"1","factor":"orientation_perpendicular"},
{"id":"50","source":"8","target":"11","factor":"orientation_perpendicular"},
{"id":"51","source":"4","target":"2","factor":"orientation_perpendicular"},
{"id":"52","source":"4","target":"9","factor":"orientation_perpendicular"},
{"id":"53","source":"4","target":"5","factor":"orientation_perpendicular"},
{"id":"54","source":"4","target":"0","factor":"orientation_perpendicular"},
{"id":"55","source":"3","target":"9","factor":"orientation_perpendicular"},
{"id":"56","source":"3","target":"5","factor":"orientation_perpendicular"},
{"id":"57","source":"3","target":"0","factor":"orientation_perpendicular"},
{"id":"58","source":"1","target":"0","factor":"orientation_perpendicular"},
{"id":"59","source":"1","target":"3","factor":"orientation_perpendicular"},
{"id":"60","source":"11","target":"0","factor":"orientation_perpendicular"},
{"id":"61","source":"4","target":"11","factor":"orientation_perpendicular"},
{"id":"62","source":"2","target":"11","factor":"orientation_perpendicular"},
{"id":"63","source":"9","target":"11","factor":"orientation_perpendicular"},
{"id":"64","source":"2","target":"0","factor":"orientation_perpendicular"},
{"id":"65","source":"12","target":"3","factor":"orientation_perpendicular"},
{"id":"66","source":"12","target":"9","factor":"orientation_perpendicular"},
{"id":"67","source":"12","target":"8","factor":"orientation_perpendicular"},
{"id":"68","source":"9","target":"5","factor":"orientation_perpendicular"},
{"id":"69","source":"9","target":"3","factor":"orientation_perpendicular"},
{"id":"70","source":"2","target":"8","factor":"orientation_perpendicular"},
{"id":"71","source":"2","target":"1","factor":"orientation_perpendicular"},
{"id":"72","source":"1","target":"11","factor":"orientation_perpendicular"},
{"id":"73","source":"0","target":"3","factor":"orientation_perpendicular"},
{"id":"74","source":"4","target":"1","factor":"orientation_perpendicular"},
{"id":"75","source":"3","target":"1","factor":"orientation_perpendicular"},
{"id":"76","source":"5","target":"0","factor":"orientation_perpendicular"},
{"id":"77","source":"9","target":"1","factor":"orientation_perpendicular"},
{"id":"78","source":"9","target":"0","factor":"orientation_perpendicular"},
{"id":"79","source":"8","target":"9","factor":"orientation_perpendicular"},
{"id":"80","source":"8","target":"6","factor":"orientation_perpendicular"},
{"id":"81","source":"6","target":"0","factor":"orientation_perpendicular"},
{"id":"82","source":"8","target":"0","factor":"orientation_perpendicular"},
{"id":"83","source":"5","target":"3","factor":"orientation_perpendicular"},
{"id":"84","source":"2","target":"9","factor":"orientation_perpendicular"},
{"id":"85","source":"10","target":"3","factor":"orientation_perpendicular"},
{"id":"86","source":"4","target":"8","factor":"orientation_perpendicular"},
{"id":"87","source":"7","target":"3","factor":"orientation_perpendicular"},
{"id":"88","source":"5","target":"1","factor":"orientation_perpendicular"},
{"id":"89","source":"8","target":"8","factor":"orientation_perpendicular"},
{"id":"90","source":"8","target":"5","factor":"orientation_perpendicular"},
{"id":"91","source":"6","target":"3","factor":"orientation_perpendicular"},
{"id":"92","source":"0","target":"1","factor":"orientation_perpendicular"},
{"id":"93","source":"4","target":"6","factor":"orientation_perpendicular"},
{"id":"94","source":"2","target":"6","factor":"orientation_perpendicular"},
{"id":"95","source":"6","target":"6","factor":"orientation_perpendicular"},
{"id":"96","source":"4","target":"10","factor":"orientation_perpendicular"},
{"id":"97","source":"9","target":"10","factor":"orientation_perpendicular"},
{"id":"98","source":"5","target":"11","factor":"orientation_perpendicular"},
{"id":"99","source":"0","target":"0","factor":"orientation_perpendicular"},
{"id":"100","source":"9","target":"6","factor":"orientation_perpendicular"},
{"id":"101","source":"11","target":"10","factor":"orientation_perpendicular"},
{"id":"102","source":"9","target":"2","factor":"orientation_perpendicular"},
{"id":"103","source":"2","target":"5","factor":"orientation_perpendicular"},
{"id":"104","source":"3","target":"3","factor":"symmetry"},
{"id":"105","source":"1","target":"1","factor":"symmetry"},
{"id":"106","source":"8","target":"8","factor":"symmetry"},
{"id":"107","source":"9","target":"9","factor":"symmetry"},
{"id":"108","source":"10","target":"10","factor":"symmetry"},
{"id":"109","source":"2","target":"2","factor":"symmetry"},
{"id":"110","source":"6","target":"6","factor":"symmetry"},
{"id":"111","source":"5","target":"5","factor":"symmetry"},
{"id":"112","source":"0","target":"0","factor":"symmetry"},
{"id":"113","source":"11","target":"11","factor":"symmetry"}
],
"probability":[
{"id":"0","value":0.700721},
{"id":"1","value":0.0594952},
{"id":"2","value":0.0594952},
{"id":"3","value":0.0841346},
{"id":"4","value":0.0582933},
{"id":"5","value":0.0576923},
{"id":"6","value":0.0570913},
{"id":"7","value":0.0558894},
{"id":"8","value":0.0558894},
{"id":"9","value":0.0552885},
{"id":"10","value":0.0540865},
{"id":"11","value":0.102163},
{"id":"12","value":0.0973558},
{"id":"13","value":0.0961538},
{"id":"14","value":0.283053},
{"id":"15","value":0.299279},
{"id":"16","value":0.310096},
{"id":"17","value":0.144231},
{"id":"18","value":0.152644},
{"id":"19","value":0.0528846},
{"id":"20","value":0.42488},
{"id":"21","value":0.14363},
{"id":"22","value":0.0588942},
{"id":"23","value":0.315505},
{"id":"24","value":0.144832},
{"id":"25","value":0.0685096},
{"id":"26","value":0.259615},
{"id":"27","value":0.109976},
{"id":"28","value":0.0612981},
{"id":"29","value":0.68149},
{"id":"30","value":0.063101},
{"id":"31","value":0.170072},
{"id":"32","value":0.0907452},
{"id":"33","value":0.0871394},
{"id":"34","value":0.0552885},
{"id":"35","value":0.077524},
{"id":"36","value":0.124399},
{"id":"37","value":0.129808},
{"id":"38","value":0.124399},
{"id":"39","value":0.0769231},
{"id":"40","value":0.0558894},
{"id":"41","value":0.0564904},
{"id":"42","value":0.0528846},
{"id":"43","value":0.0534856},
{"id":"44","value":0.616587},
{"id":"45","value":0.95613},
{"id":"46","value":0.977163},
{"id":"47","value":0.214543},
{"id":"48","value":0.366587},
{"id":"49","value":0.0811298},
{"id":"50","value":0.0336538},
{"id":"51","value":0.153846},
{"id":"52","value":0.160457},
{"id":"53","value":0.0492788},
{"id":"54","value":0.0691106},
{"id":"55","value":0.449519},
{"id":"56","value":0.19351},
{"id":"57","value":0.125},
{"id":"58","value":0.0414663},
{"id":"59","value":0.323918},
{"id":"60","value":0.0252404},
{"id":"61","value":0.0576923},
{"id":"62","value":0.0594952},
{"id":"63","value":0.0516827},
{"id":"64","value":0.0570913},
{"id":"65","value":0.15625},
{"id":"66","value":0.015024},
{"id":"67","value":0.0384615},
{"id":"68","value":0.0252404},
{"id":"69","value":0.217548},
{"id":"70","value":0.162861},
{"id":"71","value":0.0492788},
{"id":"72","value":0.0234375},
{"id":"73","value":0.03125},
{"id":"74","value":0.0174279},
{"id":"75","value":0.0132212},
{"id":"76","value":0.0246394},
{"id":"77","value":0.03125},
{"id":"78","value":0.0384615},
{"id":"79","value":0.121394},
{"id":"80","value":0.0270433},
{"id":"81","value":0.0240385},
{"id":"82","value":0.0408654},
{"id":"83","value":0.0757212},
{"id":"84","value":0.108173},
{"id":"85","value":0.0498798},
{"id":"86","value":0.136418},
{"id":"87","value":0.0108173},
{"id":"88","value":0.0144231},
{"id":"89","value":0.0288462},
{"id":"90","value":0.0336538},
{"id":"91","value":0.104567},
{"id":"92","value":0.0180288},
{"id":"93","value":0.0288462},
{"id":"94","value":0.0258413},
{"id":"95","value":0.0126202},
{"id":"96","value":0.0240385},
{"id":"97","value":0.0186298},
{"id":"98","value":0.0114183},
{"id":"99","value":0.0180288},
{"id":"100","value":0.0168269},
{"id":"101","value":0.0102163},
{"id":"102","value":0.0108173},
{"id":"103","value":0.0126202},
{"id":"104","value":0.89363},
{"id":"105","value":0.0552885},
{"id":"106","value":0.0270433},
{"id":"107","value":0.0264423},
{"id":"108","value":0.0192308},
{"id":"109","value":0.0534856},
{"id":"110","value":0.0240385},
{"id":"111","value":0.0258413},
{"id":"112","value":0.015024},
{"id":"113","value":0.0186298}
]}