{
"vertices":[
{"id":"0","name":"wall","Leaves":[{"name":"wall","frequency":0.243422 }],"frequency":0.995192},
{"id":"1","name":"floor","Leaves":[],"frequency":0.998798},
{"id":"2","name":"shower","Leaves":[{"name":"shower","frequency":0.970588 }],"frequency":0.535457},
{"id":"3","name":"sink","Leaves":[{"name":"sink","frequency":0.922012 }],"frequency":0.760216},
{"id":"4","name":"ceiling","Leaves":[],"frequency":0.992788},
{"id":"5","name":"chandelier","Leaves":[{"name":"chandelier","frequency":0.81686 }],"frequency":0.33774},
{"id":"6","name":"toilet","Leaves":[{"name":"toilet","frequency":0.795769 }],"frequency":0.58774},
{"id":"7","name":"mirror","Leaves":[{"name":"mirror","frequency":0.844298 }],"frequency":0.23137},
{"id":"8","name":"towel_rack","Leaves":[{"name":"towel_rack","frequency":0.891892 }],"frequency":0.257813},
{"id":"9","name":"curtain","Leaves":[{"name":"curtain","frequency":0.831169 }],"frequency":0.115385},
{"id":"10","name":"hanger","Leaves":[{"name":"hanger","frequency":0.754386 }],"frequency":0.129207},
{"id":"11","name":"wall_lamp","Leaves":[{"name":"wall_lamp","frequency":0.61244 }],"frequency":0.0769231},
{"id":"12","name":"switch","Leaves":[{"name":"switch","frequency":0.75 }],"frequency":0.0576923},
{"id":"13","name":"arch","Leaves":[],"frequency":0.0216346},
{"id":"14","name":"wall","Leaves":[{"name":"wall","frequency":0.243422 }],"frequency":8.11352e-43},
{"id":"15","name":"wall","Leaves":[{"name":"wall","frequency":0.243422 }],"frequency":0},
{"id":"16","name":"wall","Leaves":[{"name":"wall","frequency":0.243422 }],"frequency":0}
],
"rules":[
{"id":"0","source":"0","target":"1","factor":"Horizontal-Support"},
{"id":"1","source":"3","target":"0","factor":"proximity"},
{"id":"2","source":"2","target":"0","factor":"proximity"},
{"id":"3","source":"6","target":"0","factor":"proximity"},
{"id":"4","source":"1","target":"0","factor":"proximity"},
{"id":"5","source":"4","target":"0","factor":"proximity"},
{"id":"6","source":"1","target":"0","factor":"orientation_parallel"},
{"id":"7","source":"4","target":"0","factor":"orientation_parallel"},
{"id":"8","source":"3","target":"0","factor":"orientation_parallel"},
{"id":"9","source":"8","target":"0","factor":"orientation_parallel"},
{"id":"10","source":"6","target":"0","factor":"orientation_parallel"},
{"id":"11","source":"7","target":"0","factor":"orientation_parallel"},
{"id":"12","source":"2","target":"0","factor":"orientation_parallel"},
{"id":"13","source":"9","target":"0","factor":"orientation_parallel"},
{"id":"14","source":"5","target":"0","factor":"orientation_parallel"},
{"id":"15","source":"10","target":"0","factor":"orientation_parallel"},
{"id":"16","source":"3","target":"0","factor":"orientation_perpendicular"},
{"id":"17","source":"1","target":"0","factor":"orientation_perpendicular"},
{"id":"18","source":"4","target":"0","factor":"orientation_perpendicular"},
{"id":"19","source":"8","target":"0","factor":"orientation_perpendicular"},
{"id":"20","source":"2","target":"0","factor":"orientation_perpendicular"},
{"id":"21","source":"0","target":"6","factor":"orientation_perpendicular"},
{"id":"22","source":"0","target":"7","factor":"orientation_perpendicular"},
{"id":"23","source":"5","target":"0","factor":"orientation_perpendicular"},
{"id":"24","source":"11","target":"0","factor":"orientation_perpendicular"},
{"id":"25","source":"9","target":"0","factor":"orientation_perpendicular"},
{"id":"26","source":"6","target":"0","factor":"orientation_perpendicular"},
{"id":"27","source":"0","target":"5","factor":"orientation_perpendicular"},
{"id":"28","source":"0","target":"11","factor":"orientation_perpendicular"},
{"id":"29","source":"7","target":"0","factor":"orientation_perpendicular"},
{"id":"30","source":"12","target":"0","factor":"orientation_perpendicular"},
{"id":"31","source":"10","target":"0","factor":"orientation_perpendicular"},
{"id":"32","source":"13","target":"0","factor":"orientation_perpendicular"},
{"id":"33","source":"0","target":"14","factor":"proximity"},
{"id":"34","source":"0","target":"14","factor":"orientation_parallel"},
{"id":"35","source":"0","target":"14","factor":"orientation_perpendicular"},
{"id":"36","source":"0","target":"14","factor":"symmetry"},
{"id":"37","source":"14","target":"1","factor":"Horizontal-Support"},
{"id":"38","source":"3","target":"14","factor":"proximity"},
{"id":"39","source":"2","target":"14","factor":"proximity"},
{"id":"40","source":"6","target":"14","factor":"proximity"},
{"id":"41","source":"1","target":"14","factor":"proximity"},
{"id":"42","source":"4","target":"14","factor":"proximity"},
{"id":"43","source":"1","target":"14","factor":"orientation_parallel"},
{"id":"44","source":"4","target":"14","factor":"orientation_parallel"},
{"id":"45","source":"3","target":"14","factor":"orientation_parallel"},
{"id":"46","source":"8","target":"14","factor":"orientation_parallel"},
{"id":"47","source":"6","target":"14","factor":"orientation_parallel"},
{"id":"48","source":"7","target":"14","factor":"orientation_parallel"},
{"id":"49","source":"2","target":"14","factor":"orientation_parallel"},
{"id":"50","source":"9","target":"14","factor":"orientation_parallel"},
{"id":"51","source":"5","target":"14","factor":"orientation_parallel"},
{"id":"52","source":"10","target":"14","factor":"orientation_parallel"},
{"id":"53","source":"3","target":"14","factor":"orientation_perpendicular"},
{"id":"54","source":"1","target":"14","factor":"orientation_perpendicular"},
{"id":"55","source":"4","target":"14","factor":"orientation_perpendicular"},
{"id":"56","source":"8","target":"14","factor":"orientation_perpendicular"},
{"id":"57","source":"2","target":"14","factor":"orientation_perpendicular"},
{"id":"58","source":"14","target":"6","factor":"orientation_perpendicular"},
{"id":"59","source":"14","target":"7","factor":"orientation_perpendicular"},
{"id":"60","source":"5","target":"14","factor":"orientation_perpendicular"},
{"id":"61","source":"11","target":"14","factor":"orientation_perpendicular"},
{"id":"62","source":"9","target":"14","factor":"orientation_perpendicular"},
{"id":"63","source":"6","target":"14","factor":"orientation_perpendicular"},
{"id":"64","source":"14","target":"5","factor":"orientation_perpendicular"},
{"id":"65","source":"14","target":"11","factor":"orientation_perpendicular"},
{"id":"66","source":"7","target":"14","factor":"orientation_perpendicular"},
{"id":"67","source":"12","target":"14","factor":"orientation_perpendicular"},
{"id":"68","source":"10","target":"14","factor":"orientation_perpendicular"},
{"id":"69","source":"13","target":"14","factor":"orientation_perpendicular"},
{"id":"70","source":"0","target":"15","factor":"proximity"},
{"id":"71","source":"14","target":"15","factor":"proximity"},
{"id":"72","source":"0","target":"15","factor":"orientation_parallel"},
{"id":"73","source":"14","target":"15","factor":"orientation_parallel"},
{"id":"74","source":"0","target":"15","factor":"orientation_perpendicular"},
{"id":"75","source":"14","target":"15","factor":"orientation_perpendicular"},
{"id":"76","source":"0","target":"15","factor":"symmetry"},
{"id":"77","source":"14","target":"15","factor":"symmetry"},
{"id":"78","source":"15","target":"1","factor":"Horizontal-Support"},
{"id":"79","source":"3","target":"15","factor":"proximity"},
{"id":"80","source":"2","target":"15","factor":"proximity"},
{"id":"81","source":"6","target":"15","factor":"proximity"},
{"id":"82","source":"1","target":"15","factor":"proximity"},
{"id":"83","source":"4","target":"15","factor":"proximity"},
{"id":"84","source":"1","target":"15","factor":"orientation_parallel"},
{"id":"85","source":"4","target":"15","factor":"orientation_parallel"},
{"id":"86","source":"3","target":"15","factor":"orientation_parallel"},
{"id":"87","source":"8","target":"15","factor":"orientation_parallel"},
{"id":"88","source":"6","target":"15","factor":"orientation_parallel"},
{"id":"89","source":"7","target":"15","factor":"orientation_parallel"},
{"id":"90","source":"2","target":"15","factor":"orientation_parallel"},
{"id":"91","source":"9","target":"15","factor":"orientation_parallel"},
{"id":"92","source":"5","target":"15","factor":"orientation_parallel"},
{"id":"93","source":"10","target":"15","factor":"orientation_parallel"},
{"id":"94","source":"3","target":"15","factor":"orientation_perpendicular"},
{"id":"95","source":"1","target":"15","factor":"orientation_perpendicular"},
{"id":"96","source":"4","target":"15","factor":"orientation_perpendicular"},
{"id":"97","source":"8","target":"15","factor":"orientation_perpendicular"},
{"id":"98","source":"2","target":"15","factor":"orientation_perpendicular"},
{"id":"99","source":"15","target":"6","factor":"orientation_perpendicular"},
{"id":"100","source":"15","target":"7","factor":"orientation_perpendicular"},
{"id":"101","source":"5","target":"15","factor":"orientation_perpendicular"},
{"id":"102","source":"11","target":"15","factor":"orientation_perpendicular"},
{"id":"103","source":"9","target":"15","factor":"orientation_perpendicular"},
{"id":"104","source":"6","target":"15","factor":"orientation_perpendicular"},
{"id":"105","source":"15","target":"5","factor":"orientation_perpendicular"},
{"id":"106","source":"15","target":"11","factor":"orientation_perpendicular"},
{"id":"107","source":"7","target":"15","factor":"orientation_perpendicular"},
{"id":"108","source":"12","target":"15","factor":"orientation_perpendicular"},
{"id":"109","source":"10","target":"15","factor":"orientation_perpendicular"},
{"id":"110","source":"13","target":"15","factor":"orientation_perpendicular"},
{"id":"111","source":"0","target":"16","factor":"proximity"},
{"id":"112","source":"14","target":"16","factor":"proximity"},
{"id":"113","source":"15","target":"16","factor":"proximity"},
{"id":"114","source":"0","target":"16","factor":"orientation_parallel"},
{"id":"115","source":"14","target":"16","factor":"orientation_parallel"},
{"id":"116","source":"15","target":"16","factor":"orientation_parallel"},
{"id":"117","source":"0","target":"16","factor":"orientation_perpendicular"},
{"id":"118","source":"14","target":"16","factor":"orientation_perpendicular"},
{"id":"119","source":"15","target":"16","factor":"orientation_perpendicular"},
{"id":"120","source":"0","target":"16","factor":"symmetry"},
{"id":"121","source":"14","target":"16","factor":"symmetry"},
{"id":"122","source":"15","target":"16","factor":"symmetry"},
{"id":"123","source":"16","target":"1","factor":"Horizontal-Support"},
{"id":"124","source":"3","target":"16","factor":"proximity"},
{"id":"125","source":"2","target":"16","factor":"proximity"},
{"id":"126","source":"6","target":"16","factor":"proximity"},
{"id":"127","source":"1","target":"16","factor":"proximity"},
{"id":"128","source":"4","target":"16","factor":"proximity"},
{"id":"129","source":"1","target":"16","factor":"orientation_parallel"},
{"id":"130","source":"4","target":"16","factor":"orientation_parallel"},
{"id":"131","source":"3","target":"16","factor":"orientation_parallel"},
{"id":"132","source":"8","target":"16","factor":"orientation_parallel"},
{"id":"133","source":"6","target":"16","factor":"orientation_parallel"},
{"id":"134","source":"7","target":"16","factor":"orientation_parallel"},
{"id":"135","source":"2","target":"16","factor":"orientation_parallel"},
{"id":"136","source":"9","target":"16","factor":"orientation_parallel"},
{"id":"137","source":"5","target":"16","factor":"orientation_parallel"},
{"id":"138","source":"10","target":"16","factor":"orientation_parallel"},
{"id":"139","source":"3","target":"16","factor":"orientation_perpendicular"},
{"id":"140","source":"1","target":"16","factor":"orientation_perpendicular"},
{"id":"141","source":"4","target":"16","factor":"orientation_perpendicular"},
{"id":"142","source":"8","target":"16","factor":"orientation_perpendicular"},
{"id":"143","source":"2","target":"16","factor":"orientation_perpendicular"},
{"id":"144","source":"16","target":"6","factor":"orientation_perpendicular"},
{"id":"145","source":"16","target":"7","factor":"orientation_perpendicular"},
{"id":"146","source":"5","target":"16","factor":"orientation_perpendicular"},
{"id":"147","source":"11","target":"16","factor":"orientation_perpendicular"},
{"id":"148","source":"9","target":"16","factor":"orientation_perpendicular"},
{"id":"149","source":"6","target":"16","factor":"orientation_perpendicular"},
{"id":"150","source":"16","target":"5","factor":"orientation_perpendicular"},
{"id":"151","source":"16","target":"11","factor":"orientation_perpendicular"},
{"id":"152","source":"7","target":"16","factor":"orientation_perpendicular"},
{"id":"153","source":"12","target":"16","factor":"orientation_perpendicular"},
{"id":"154","source":"10","target":"16","factor":"orientation_perpendicular"},
{"id":"155","source":"13","target":"16","factor":"orientation_perpendicular"},
{"id":"156","source":"1","target":"2","factor":"proximity"},
{"id":"157","source":"1","target":"3","factor":"proximity"},
{"id":"158","source":"4","target":"5","factor":"proximity"},
{"id":"159","source":"1","target":"6","factor":"proximity"},
{"id":"160","source":"1","target":"7","factor":"proximity"},
{"id":"161","source":"6","target":"6","factor":"proximity"},
{"id":"162","source":"3","target":"6","factor":"proximity"},
{"id":"163","source":"4","target":"1","factor":"proximity"},
{"id":"164","source":"7","target":"3","factor":"proximity"},
{"id":"165","source":"1","target":"4","factor":"orientation_parallel"},
{"id":"166","source":"4","target":"5","factor":"orientation_parallel"},
{"id":"167","source":"1","target":"5","factor":"orientation_parallel"},
{"id":"168","source":"3","target":"6","factor":"orientation_parallel"},
{"id":"169","source":"3","target":"7","factor":"orientation_parallel"},
{"id":"170","source":"6","target":"7","factor":"orientation_parallel"},
{"id":"171","source":"2","target":"6","factor":"orientation_parallel"},
{"id":"172","source":"1","target":"3","factor":"orientation_parallel"},
{"id":"173","source":"4","target":"3","factor":"orientation_parallel"},
{"id":"174","source":"2","target":"4","factor":"orientation_parallel"},
{"id":"175","source":"2","target":"1","factor":"orientation_parallel"},
{"id":"176","source":"2","target":"3","factor":"orientation_parallel"},
{"id":"177","source":"2","target":"5","factor":"orientation_parallel"},
{"id":"178","source":"3","target":"5","factor":"orientation_parallel"},
{"id":"179","source":"3","target":"8","factor":"orientation_parallel"},
{"id":"180","source":"4","target":"6","factor":"orientation_parallel"},
{"id":"181","source":"1","target":"6","factor":"orientation_parallel"},
{"id":"182","source":"4","target":"8","factor":"orientation_parallel"},
{"id":"183","source":"1","target":"8","factor":"orientation_parallel"},
{"id":"184","source":"5","target":"5","factor":"orientation_parallel"},
{"id":"185","source":"4","target":"7","factor":"orientation_parallel"},
{"id":"186","source":"1","target":"7","factor":"orientation_parallel"},
{"id":"187","source":"6","target":"6","factor":"orientation_parallel"},
{"id":"188","source":"6","target":"8","factor":"orientation_parallel"},
{"id":"189","source":"6","target":"5","factor":"orientation_parallel"},
{"id":"190","source":"1","target":"10","factor":"orientation_parallel"},
{"id":"191","source":"4","target":"10","factor":"orientation_parallel"},
{"id":"192","source":"2","target":"4","factor":"orientation_perpendicular"},
{"id":"193","source":"2","target":"1","factor":"orientation_perpendicular"},
{"id":"194","source":"2","target":"5","factor":"orientation_perpendicular"},
{"id":"195","source":"2","target":"8","factor":"orientation_perpendicular"},
{"id":"196","source":"4","target":"3","factor":"orientation_perpendicular"},
{"id":"197","source":"4","target":"6","factor":"orientation_perpendicular"},
{"id":"198","source":"4","target":"7","factor":"orientation_perpendicular"},
{"id":"199","source":"1","target":"3","factor":"orientation_perpendicular"},
{"id":"200","source":"1","target":"6","factor":"orientation_perpendicular"},
{"id":"201","source":"1","target":"7","factor":"orientation_perpendicular"},
{"id":"202","source":"1","target":"8","factor":"orientation_perpendicular"},
{"id":"203","source":"4","target":"8","factor":"orientation_perpendicular"},
{"id":"204","source":"3","target":"8","factor":"orientation_perpendicular"},
{"id":"205","source":"6","target":"8","factor":"orientation_perpendicular"},
{"id":"206","source":"6","target":"7","factor":"orientation_perpendicular"},
{"id":"207","source":"3","target":"9","factor":"orientation_perpendicular"},
{"id":"208","source":"3","target":"5","factor":"orientation_perpendicular"},
{"id":"209","source":"9","target":"6","factor":"orientation_perpendicular"},
{"id":"210","source":"9","target":"8","factor":"orientation_perpendicular"},
{"id":"211","source":"5","target":"8","factor":"orientation_perpendicular"},
{"id":"212","source":"1","target":"5","factor":"orientation_perpendicular"},
{"id":"213","source":"1","target":"11","factor":"orientation_perpendicular"},
{"id":"214","source":"4","target":"5","factor":"orientation_perpendicular"},
{"id":"215","source":"4","target":"11","factor":"orientation_perpendicular"},
{"id":"216","source":"2","target":"3","factor":"orientation_perpendicular"},
{"id":"217","source":"2","target":"6","factor":"orientation_perpendicular"},
{"id":"218","source":"2","target":"11","factor":"orientation_perpendicular"},
{"id":"219","source":"2","target":"7","factor":"orientation_perpendicular"},
{"id":"220","source":"6","target":"5","factor":"orientation_perpendicular"},
{"id":"221","source":"6","target":"11","factor":"orientation_perpendicular"},
{"id":"222","source":"3","target":"6","factor":"orientation_perpendicular"},
{"id":"223","source":"7","target":"5","factor":"orientation_perpendicular"},
{"id":"224","source":"3","target":"11","factor":"orientation_perpendicular"},
{"id":"225","source":"2","target":"9","factor":"orientation_perpendicular"},
{"id":"226","source":"1","target":"10","factor":"orientation_perpendicular"},
{"id":"227","source":"3","target":"10","factor":"orientation_perpendicular"},
{"id":"228","source":"4","target":"10","factor":"orientation_perpendicular"},
{"id":"229","source":"10","target":"10","factor":"orientation_perpendicular"},
{"id":"230","source":"2","target":"12","factor":"orientation_perpendicular"},
{"id":"231","source":"4","target":"12","factor":"orientation_perpendicular"},
{"id":"232","source":"1","target":"12","factor":"orientation_perpendicular"},
{"id":"233","source":"6","target":"12","factor":"orientation_perpendicular"},
{"id":"234","source":"4","target":"9","factor":"orientation_perpendicular"},
{"id":"235","source":"1","target":"9","factor":"orientation_perpendicular"},
{"id":"236","source":"9","target":"5","factor":"orientation_perpendicular"},
{"id":"237","source":"7","target":"8","factor":"orientation_perpendicular"},
{"id":"238","source":"9","target":"7","factor":"orientation_perpendicular"},
{"id":"239","source":"2","target":"10","factor":"orientation_perpendicular"},
{"id":"240","source":"6","target":"10","factor":"orientation_perpendicular"},
{"id":"241","source":"8","target":"12","factor":"orientation_perpendicular"},
{"id":"242","source":"6","target":"3","factor":"orientation_perpendicular"},
{"id":"243","source":"3","target":"7","factor":"orientation_perpendicular"},
{"id":"244","source":"11","target":"11","factor":"symmetry"},
{"id":"245","source":"5","target":"5","factor":"symmetry"},
{"id":"246","source":"9","target":"9","factor":"symmetry"},
{"id":"247","source":"6","target":"6","factor":"symmetry"},
{"id":"248","source":"12","target":"12","factor":"symmetry"},
{"id":"249","source":"3","target":"3","factor":"symmetry"},
{"id":"250","source":"10","target":"10","factor":"symmetry"},
{"id":"251","source":"7","target":"7","factor":"symmetry"},
{"id":"252","source":"8","target":"8","factor":"symmetry"},
{"id":"253","source":"2","target":"2","factor":"symmetry"}
],
"probability":[
{"id":"0","value":0.700721},
{"id":"1","value":0.0594952},
{"id":"2","value":0.0582933},
{"id":"3","value":0.0558894},
{"id":"4","value":0.0552885},
{"id":"5","value":0.0841346},
{"id":"6","value":0.283053},
{"id":"7","value":0.281851},
{"id":"8","value":0.42488},
{"id":"9","value":0.14363},
{"id":"10","value":0.315505},
{"id":"11","value":0.144832},
{"id":"12","value":0.267428},
{"id":"13","value":0.0625},
{"id":"14","value":0.129808},
{"id":"15","value":0.0769231},
{"id":"16","value":0.616587},
{"id":"17","value":0.95613},
{"id":"18","value":0.95012},
{"id":"19","value":0.214543},
{"id":"20","value":0.409255},
{"id":"21","value":0.449519},
{"id":"22","value":0.19351},
{"id":"23","value":0.323918},
{"id":"24","value":0.0793269},
{"id":"25","value":0.0859375},
{"id":"26","value":0.217548},
{"id":"27","value":0.0132212},
{"id":"28","value":0.0114183},
{"id":"29","value":0.0757212},
{"id":"30","value":0.0498798},
{"id":"31","value":0.104567},
{"id":"32","value":0.016226},
{"id":"33","value":0.0841346},
{"id":"34","value":0.68149},
{"id":"35","value":0.977163},
{"id":"36","value":0.89363},
{"id":"37","value":0.700721},
{"id":"38","value":0.0594952},
{"id":"39","value":0.0582933},
{"id":"40","value":0.0558894},
{"id":"41","value":0.0552885},
{"id":"42","value":0.0841346},
{"id":"43","value":0.283053},
{"id":"44","value":0.281851},
{"id":"45","value":0.42488},
{"id":"46","value":0.14363},
{"id":"47","value":0.315505},
{"id":"48","value":0.144832},
{"id":"49","value":0.267428},
{"id":"50","value":0.0625},
{"id":"51","value":0.129808},
{"id":"52","value":0.0769231},
{"id":"53","value":0.616587},
{"id":"54","value":0.95613},
{"id":"55","value":0.95012},
{"id":"56","value":0.214543},
{"id":"57","value":0.409255},
{"id":"58","value":0.449519},
{"id":"59","value":0.19351},
{"id":"60","value":0.323918},
{"id":"61","value":0.0793269},
{"id":"62","value":0.0859375},
{"id":"63","value":0.217548},
{"id":"64","value":0.0132212},
{"id":"65","value":0.0114183},
{"id":"66","value":0.0757212},
{"id":"67","value":0.0498798},
{"id":"68","value":0.104567},
{"id":"69","value":0.016226},
{"id":"70","value":0.0841346},
{"id":"71","value":0.0841346},
{"id":"72","value":0.68149},
{"id":"73","value":0.68149},
{"id":"74","value":0.977163},
{"id":"75","value":0.977163},
{"id":"76","value":0.89363},
{"id":"77","value":0.89363},
{"id":"78","value":0.700721},
{"id":"79","value":0.0594952},
{"id":"80","value":0.0582933},
{"id":"81","value":0.0558894},
{"id":"82","value":0.0552885},
{"id":"83","value":0.0841346},
{"id":"84","value":0.283053},
{"id":"85","value":0.281851},
{"id":"86","value":0.42488},
{"id":"87","value":0.14363},
{"id":"88","value":0.315505},
{"id":"89","value":0.144832},
{"id":"90","value":0.267428},
{"id":"91","value":0.0625},
{"id":"92","value":0.129808},
{"id":"93","value":0.0769231},
{"id":"94","value":0.616587},
{"id":"95","value":0.95613},
{"id":"96","value":0.95012},
{"id":"97","value":0.214543},
{"id":"98","value":0.409255},
{"id":"99","value":0.449519},
{"id":"100","value":0.19351},
{"id":"101","value":0.323918},
{"id":"102","value":0.0793269},
{"id":"103","value":0.0859375},
{"id":"104","value":0.217548},
{"id":"105","value":0.0132212},
{"id":"106","value":0.0114183},
{"id":"107","value":0.0757212},
{"id":"108","value":0.0498798},
{"id":"109","value":0.104567},
{"id":"110","value":0.016226},
{"id":"111","value":0.0841346},
{"id":"112","value":0.0841346},
{"id":"113","value":0.0841346},
{"id":"114","value":0.68149},
{"id":"115","value":0.68149},
{"id":"116","value":0.68149},
{"id":"117","value":0.977163},
{"id":"118","value":0.977163},
{"id":"119","value":0.977163},
{"id":"120","value":0.89363},
{"id":"121","value":0.89363},
{"id":"122","value":0.89363},
{"id":"123","value":0.700721},
{"id":"124","value":0.0594952},
{"id":"125","value":0.0582933},
{"id":"126","value":0.0558894},
{"id":"127","value":0.0552885},
{"id":"128","value":0.0841346},
{"id":"129","value":0.283053},
{"id":"130","value":0.281851},
{"id":"131","value":0.42488},
{"id":"132","value":0.14363},
{"id":"133","value":0.315505},
{"id":"134","value":0.144832},
{"id":"135","value":0.267428},
{"id":"136","value":0.0625},
{"id":"137","value":0.129808},
{"id":"138","value":0.0769231},
{"id":"139","value":0.616587},
{"id":"140","value":0.95613},
{"id":"141","value":0.95012},
{"id":"142","value":0.214543},
{"id":"143","value":0.409255},
{"id":"144","value":0.449519},
{"id":"145","value":0.19351},
{"id":"146","value":0.323918},
{"id":"147","value":0.0793269},
{"id":"148","value":0.0859375},
{"id":"149","value":0.217548},
{"id":"150","value":0.0132212},
{"id":"151","value":0.0114183},
{"id":"152","value":0.0757212},
{"id":"153","value":0.0498798},
{"id":"154","value":0.104567},
{"id":"155","value":0.016226},
{"id":"156","value":0.0594952},
{"id":"157","value":0.0594952},
{"id":"158","value":0.0588942},
{"id":"159","value":0.0582933},
{"id":"160","value":0.0570913},
{"id":"161","value":0.0558894},
{"id":"162","value":0.0540865},
{"id":"163","value":0.0510817},
{"id":"164","value":0.0973558},
{"id":"165","value":0.991587},
{"id":"166","value":0.308293},
{"id":"167","value":0.310096},
{"id":"168","value":0.144231},
{"id":"169","value":0.152644},
{"id":"170","value":0.0588942},
{"id":"171","value":0.0745192},
{"id":"172","value":0.259615},
{"id":"173","value":0.259615},
{"id":"174","value":0.18149},
{"id":"175","value":0.183293},
{"id":"176","value":0.0703125},
{"id":"177","value":0.0889423},
{"id":"178","value":0.109976},
{"id":"179","value":0.063101},
{"id":"180","value":0.169471},
{"id":"181","value":0.170072},
{"id":"182","value":0.0907452},
{"id":"183","value":0.0907452},
{"id":"184","value":0.0552885},
{"id":"185","value":0.077524},
{"id":"186","value":0.077524},
{"id":"187","value":0.124399},
{"id":"188","value":0.0558894},
{"id":"189","value":0.0564904},
{"id":"190","value":0.0528846},
{"id":"191","value":0.0528846},
{"id":"192","value":0.0901442},
{"id":"193","value":0.0901442},
{"id":"194","value":0.0414663},
{"id":"195","value":0.0372596},
{"id":"196","value":0.152644},
{"id":"197","value":0.160457},
{"id":"198","value":0.0492788},
{"id":"199","value":0.153846},
{"id":"200","value":0.160457},
{"id":"201","value":0.0492788},
{"id":"202","value":0.0576923},
{"id":"203","value":0.0576923},
{"id":"204","value":0.0594952},
{"id":"205","value":0.0516827},
{"id":"206","value":0.0252404},
{"id":"207","value":0.0342548},
{"id":"208","value":0.0492788},
{"id":"209","value":0.0342548},
{"id":"210","value":0.0108173},
{"id":"211","value":0.0234375},
{"id":"212","value":0.0174279},
{"id":"213","value":0.0216346},
{"id":"214","value":0.0174279},
{"id":"215","value":0.0216346},
{"id":"216","value":0.0901442},
{"id":"217","value":0.0985577},
{"id":"218","value":0.0168269},
{"id":"219","value":0.0366587},
{"id":"220","value":0.03125},
{"id":"221","value":0.016226},
{"id":"222","value":0.108173},
{"id":"223","value":0.0144231},
{"id":"224","value":0.0120192},
{"id":"225","value":0.0228365},
{"id":"226","value":0.0288462},
{"id":"227","value":0.0258413},
{"id":"228","value":0.0276442},
{"id":"229","value":0.0126202},
{"id":"230","value":0.0120192},
{"id":"231","value":0.0240385},
{"id":"232","value":0.0240385},
{"id":"233","value":0.0186298},
{"id":"234","value":0.016226},
{"id":"235","value":0.0168269},
{"id":"236","value":0.0192308},
{"id":"237","value":0.0114183},
{"id":"238","value":0.0102163},
{"id":"239","value":0.0228365},
{"id":"240","value":0.0168269},
{"id":"241","value":0.0102163},
{"id":"242","value":0.0108173},
{"id":"243","value":0.0126202},
{"id":"244","value":0.0438702},
{"id":"245","value":0.0552885},
{"id":"246","value":0.0114183},
{"id":"247","value":0.0264423},
{"id":"248","value":0.0192308},
{"id":"249","value":0.0534856},
{"id":"250","value":0.0240385},
{"id":"251","value":0.0258413},
{"id":"252","value":0.0186298},
{"id":"253","value":0.0120192}
]}