{
"vertices":[
{"id":"0","name":"plant","Leaves":[],"frequency":0.0703125},
{"id":"1","name":"rug","Leaves":[{"name":"rug","frequency":0.793193 }],"frequency":0.182091},
{"id":"2","name":"chandelier","Leaves":[{"name":"chandelier","frequency":0.81686 }],"frequency":0.33774},
{"id":"3","name":"wall","Leaves":[{"name":"wall","frequency":0.243422 }],"frequency":0.995192},
{"id":"4","name":"floor","Leaves":[],"frequency":0.998798},
{"id":"5","name":"wardrobe_cabinet","Leaves":[{"name":"wardrobe_cabinet","frequency":0.737662 }],"frequency":0.170673},
{"id":"6","name":"ceiling","Leaves":[],"frequency":0.992788},
{"id":"7","name":"switch","Leaves":[{"name":"switch","frequency":0.75 }],"frequency":0.0576923},
{"id":"8","name":"towel_rack","Leaves":[{"name":"towel_rack","frequency":0.891892 }],"frequency":0.257813}
],
"rules":[
{"id":"0","source":"3","target":"4","factor":"Horizontal-Support"},
{"id":"1","source":"3","target":"3","factor":"proximity"},
{"id":"2","source":"6","target":"2","factor":"proximity"},
{"id":"3","source":"4","target":"3","factor":"proximity"},
{"id":"4","source":"6","target":"4","factor":"proximity"},
{"id":"5","source":"4","target":"1","factor":"proximity"},
{"id":"6","source":"6","target":"3","factor":"proximity"},
{"id":"7","source":"4","target":"6","factor":"orientation_parallel"},
{"id":"8","source":"4","target":"3","factor":"orientation_parallel"},
{"id":"9","source":"6","target":"3","factor":"orientation_parallel"},
{"id":"10","source":"6","target":"2","factor":"orientation_parallel"},
{"id":"11","source":"4","target":"2","factor":"orientation_parallel"},
{"id":"12","source":"8","target":"3","factor":"orientation_parallel"},
{"id":"13","source":"1","target":"3","factor":"orientation_parallel"},
{"id":"14","source":"4","target":"5","factor":"orientation_parallel"},
{"id":"15","source":"6","target":"5","factor":"orientation_parallel"},
{"id":"16","source":"5","target":"3","factor":"orientation_parallel"},
{"id":"17","source":"3","target":"3","factor":"orientation_parallel"},
{"id":"18","source":"6","target":"8","factor":"orientation_parallel"},
{"id":"19","source":"4","target":"8","factor":"orientation_parallel"},
{"id":"20","source":"6","target":"1","factor":"orientation_parallel"},
{"id":"21","source":"4","target":"1","factor":"orientation_parallel"},
{"id":"22","source":"2","target":"2","factor":"orientation_parallel"},
{"id":"23","source":"2","target":"3","factor":"orientation_parallel"},
{"id":"24","source":"4","target":"3","factor":"orientation_perpendicular"},
{"id":"25","source":"6","target":"3","factor":"orientation_perpendicular"},
{"id":"26","source":"3","target":"3","factor":"orientation_perpendicular"},
{"id":"27","source":"8","target":"3","factor":"orientation_perpendicular"},
{"id":"28","source":"6","target":"1","factor":"orientation_perpendicular"},
{"id":"29","source":"4","target":"1","factor":"orientation_perpendicular"},
{"id":"30","source":"3","target":"1","factor":"orientation_perpendicular"},
{"id":"31","source":"2","target":"1","factor":"orientation_perpendicular"},
{"id":"32","source":"2","target":"3","factor":"orientation_perpendicular"},
{"id":"33","source":"8","target":"1","factor":"orientation_perpendicular"},
{"id":"34","source":"3","target":"5","factor":"orientation_perpendicular"},
{"id":"35","source":"4","target":"8","factor":"orientation_perpendicular"},
{"id":"36","source":"6","target":"8","factor":"orientation_perpendicular"},
{"id":"37","source":"5","target":"8","factor":"orientation_perpendicular"},
{"id":"38","source":"0","target":"3","factor":"orientation_perpendicular"},
{"id":"39","source":"2","target":"8","factor":"orientation_perpendicular"},
{"id":"40","source":"1","target":"3","factor":"orientation_perpendicular"},
{"id":"41","source":"4","target":"5","factor":"orientation_perpendicular"},
{"id":"42","source":"4","target":"2","factor":"orientation_perpendicular"},
{"id":"43","source":"6","target":"5","factor":"orientation_perpendicular"},
{"id":"44","source":"6","target":"2","factor":"orientation_perpendicular"},
{"id":"45","source":"3","target":"2","factor":"orientation_perpendicular"},
{"id":"46","source":"5","target":"2","factor":"orientation_perpendicular"},
{"id":"47","source":"5","target":"1","factor":"orientation_perpendicular"},
{"id":"48","source":"5","target":"3","factor":"orientation_perpendicular"},
{"id":"49","source":"7","target":"3","factor":"orientation_perpendicular"},
{"id":"50","source":"1","target":"2","factor":"orientation_perpendicular"},
{"id":"51","source":"6","target":"7","factor":"orientation_perpendicular"},
{"id":"52","source":"4","target":"7","factor":"orientation_perpendicular"},
{"id":"53","source":"0","target":"1","factor":"orientation_perpendicular"},
{"id":"54","source":"1","target":"1","factor":"orientation_perpendicular"},
{"id":"55","source":"8","target":"7","factor":"orientation_perpendicular"},
{"id":"56","source":"3","target":"3","factor":"symmetry"},
{"id":"57","source":"2","target":"2","factor":"symmetry"},
{"id":"58","source":"5","target":"5","factor":"symmetry"},
{"id":"59","source":"7","target":"7","factor":"symmetry"},
{"id":"60","source":"1","target":"1","factor":"symmetry"},
{"id":"61","source":"8","target":"8","factor":"symmetry"}
],
"probability":[
{"id":"0","value":0.700721},
{"id":"1","value":0.0841346},
{"id":"2","value":0.0588942},
{"id":"3","value":0.0552885},
{"id":"4","value":0.0510817},
{"id":"5","value":0.102163},
{"id":"6","value":0.0841346},
{"id":"7","value":0.991587},
{"id":"8","value":0.283053},
{"id":"9","value":0.281851},
{"id":"10","value":0.308293},
{"id":"11","value":0.310096},
{"id":"12","value":0.14363},
{"id":"13","value":0.0685096},
{"id":"14","value":0.0582933},
{"id":"15","value":0.0582933},
{"id":"16","value":0.10637},
{"id":"17","value":0.68149},
{"id":"18","value":0.0907452},
{"id":"19","value":0.0907452},
{"id":"20","value":0.0877404},
{"id":"21","value":0.0871394},
{"id":"22","value":0.0552885},
{"id":"23","value":0.129808},
{"id":"24","value":0.95613},
{"id":"25","value":0.95012},
{"id":"26","value":0.977163},
{"id":"27","value":0.214543},
{"id":"28","value":0.0691106},
{"id":"29","value":0.0691106},
{"id":"30","value":0.125},
{"id":"31","value":0.0414663},
{"id":"32","value":0.323918},
{"id":"33","value":0.0252404},
{"id":"34","value":0.146635},
{"id":"35","value":0.0576923},
{"id":"36","value":0.0576923},
{"id":"37","value":0.0168269},
{"id":"38","value":0.0534856},
{"id":"39","value":0.0234375},
{"id":"40","value":0.03125},
{"id":"41","value":0.0192308},
{"id":"42","value":0.0174279},
{"id":"43","value":0.0198317},
{"id":"44","value":0.0174279},
{"id":"45","value":0.0132212},
{"id":"46","value":0.0120192},
{"id":"47","value":0.0228365},
{"id":"48","value":0.0606971},
{"id":"49","value":0.0498798},
{"id":"50","value":0.0180288},
{"id":"51","value":0.0240385},
{"id":"52","value":0.0240385},
{"id":"53","value":0.0192308},
{"id":"54","value":0.0180288},
{"id":"55","value":0.0102163},
{"id":"56","value":0.89363},
{"id":"57","value":0.0552885},
{"id":"58","value":0.0360577},
{"id":"59","value":0.0192308},
{"id":"60","value":0.015024},
{"id":"61","value":0.0186298}
]}