{
"vertices":[
{"id":"0","name":"wall","Leaves":[{"name":"wall","frequency":0.243422 }],"frequency":0.995192},
{"id":"1","name":"floor","Leaves":[],"frequency":0.998798},
{"id":"2","name":"shower","Leaves":[{"name":"shower","frequency":0.970588 }],"frequency":0.535457},
{"id":"3","name":"toilet","Leaves":[{"name":"toilet","frequency":0.795769 }],"frequency":0.58774},
{"id":"4","name":"mirror","Leaves":[{"name":"mirror","frequency":0.844298 }],"frequency":0.23137},
{"id":"5","name":"rug","Leaves":[{"name":"rug","frequency":0.793193 }],"frequency":0.182091},
{"id":"6","name":"chandelier","Leaves":[{"name":"chandelier","frequency":0.81686 }],"frequency":0.33774},
{"id":"7","name":"towel_rack","Leaves":[{"name":"towel_rack","frequency":0.891892 }],"frequency":0.257813},
{"id":"8","name":"wardrobe_cabinet","Leaves":[{"name":"wardrobe_cabinet","frequency":0.737662 }],"frequency":0.170673},
{"id":"9","name":"wall","Leaves":[{"name":"wall","frequency":0.243422 }],"frequency":8.11352e-43},
{"id":"10","name":"wall","Leaves":[{"name":"wall","frequency":0.243422 }],"frequency":0},
{"id":"11","name":"wall","Leaves":[{"name":"wall","frequency":0.243422 }],"frequency":0}
],
"rules":[
{"id":"0","source":"0","target":"1","factor":"Horizontal-Support"},
{"id":"1","source":"2","target":"0","factor":"proximity"},
{"id":"2","source":"3","target":"0","factor":"proximity"},
{"id":"3","source":"1","target":"0","factor":"proximity"},
{"id":"4","source":"1","target":"0","factor":"orientation_parallel"},
{"id":"5","source":"7","target":"0","factor":"orientation_parallel"},
{"id":"6","source":"3","target":"0","factor":"orientation_parallel"},
{"id":"7","source":"4","target":"0","factor":"orientation_parallel"},
{"id":"8","source":"5","target":"0","factor":"orientation_parallel"},
{"id":"9","source":"8","target":"0","factor":"orientation_parallel"},
{"id":"10","source":"2","target":"0","factor":"orientation_parallel"},
{"id":"11","source":"6","target":"0","factor":"orientation_parallel"},
{"id":"12","source":"1","target":"0","factor":"orientation_perpendicular"},
{"id":"13","source":"7","target":"0","factor":"orientation_perpendicular"},
{"id":"14","source":"2","target":"0","factor":"orientation_perpendicular"},
{"id":"15","source":"0","target":"3","factor":"orientation_perpendicular"},
{"id":"16","source":"0","target":"4","factor":"orientation_perpendicular"},
{"id":"17","source":"0","target":"5","factor":"orientation_perpendicular"},
{"id":"18","source":"6","target":"0","factor":"orientation_perpendicular"},
{"id":"19","source":"0","target":"8","factor":"orientation_perpendicular"},
{"id":"20","source":"3","target":"0","factor":"orientation_perpendicular"},
{"id":"21","source":"5","target":"0","factor":"orientation_perpendicular"},
{"id":"22","source":"0","target":"6","factor":"orientation_perpendicular"},
{"id":"23","source":"8","target":"0","factor":"orientation_perpendicular"},
{"id":"24","source":"4","target":"0","factor":"orientation_perpendicular"},
{"id":"25","source":"0","target":"9","factor":"proximity"},
{"id":"26","source":"0","target":"9","factor":"orientation_parallel"},
{"id":"27","source":"0","target":"9","factor":"orientation_perpendicular"},
{"id":"28","source":"0","target":"9","factor":"symmetry"},
{"id":"29","source":"9","target":"1","factor":"Horizontal-Support"},
{"id":"30","source":"2","target":"9","factor":"proximity"},
{"id":"31","source":"3","target":"9","factor":"proximity"},
{"id":"32","source":"1","target":"9","factor":"proximity"},
{"id":"33","source":"1","target":"9","factor":"orientation_parallel"},
{"id":"34","source":"7","target":"9","factor":"orientation_parallel"},
{"id":"35","source":"3","target":"9","factor":"orientation_parallel"},
{"id":"36","source":"4","target":"9","factor":"orientation_parallel"},
{"id":"37","source":"5","target":"9","factor":"orientation_parallel"},
{"id":"38","source":"8","target":"9","factor":"orientation_parallel"},
{"id":"39","source":"2","target":"9","factor":"orientation_parallel"},
{"id":"40","source":"6","target":"9","factor":"orientation_parallel"},
{"id":"41","source":"1","target":"9","factor":"orientation_perpendicular"},
{"id":"42","source":"7","target":"9","factor":"orientation_perpendicular"},
{"id":"43","source":"2","target":"9","factor":"orientation_perpendicular"},
{"id":"44","source":"9","target":"3","factor":"orientation_perpendicular"},
{"id":"45","source":"9","target":"4","factor":"orientation_perpendicular"},
{"id":"46","source":"9","target":"5","factor":"orientation_perpendicular"},
{"id":"47","source":"6","target":"9","factor":"orientation_perpendicular"},
{"id":"48","source":"9","target":"8","factor":"orientation_perpendicular"},
{"id":"49","source":"3","target":"9","factor":"orientation_perpendicular"},
{"id":"50","source":"5","target":"9","factor":"orientation_perpendicular"},
{"id":"51","source":"9","target":"6","factor":"orientation_perpendicular"},
{"id":"52","source":"8","target":"9","factor":"orientation_perpendicular"},
{"id":"53","source":"4","target":"9","factor":"orientation_perpendicular"},
{"id":"54","source":"0","target":"10","factor":"proximity"},
{"id":"55","source":"9","target":"10","factor":"proximity"},
{"id":"56","source":"0","target":"10","factor":"orientation_parallel"},
{"id":"57","source":"9","target":"10","factor":"orientation_parallel"},
{"id":"58","source":"0","target":"10","factor":"orientation_perpendicular"},
{"id":"59","source":"9","target":"10","factor":"orientation_perpendicular"},
{"id":"60","source":"0","target":"10","factor":"symmetry"},
{"id":"61","source":"9","target":"10","factor":"symmetry"},
{"id":"62","source":"10","target":"1","factor":"Horizontal-Support"},
{"id":"63","source":"2","target":"10","factor":"proximity"},
{"id":"64","source":"3","target":"10","factor":"proximity"},
{"id":"65","source":"1","target":"10","factor":"proximity"},
{"id":"66","source":"1","target":"10","factor":"orientation_parallel"},
{"id":"67","source":"7","target":"10","factor":"orientation_parallel"},
{"id":"68","source":"3","target":"10","factor":"orientation_parallel"},
{"id":"69","source":"4","target":"10","factor":"orientation_parallel"},
{"id":"70","source":"5","target":"10","factor":"orientation_parallel"},
{"id":"71","source":"8","target":"10","factor":"orientation_parallel"},
{"id":"72","source":"2","target":"10","factor":"orientation_parallel"},
{"id":"73","source":"6","target":"10","factor":"orientation_parallel"},
{"id":"74","source":"1","target":"10","factor":"orientation_perpendicular"},
{"id":"75","source":"7","target":"10","factor":"orientation_perpendicular"},
{"id":"76","source":"2","target":"10","factor":"orientation_perpendicular"},
{"id":"77","source":"10","target":"3","factor":"orientation_perpendicular"},
{"id":"78","source":"10","target":"4","factor":"orientation_perpendicular"},
{"id":"79","source":"10","target":"5","factor":"orientation_perpendicular"},
{"id":"80","source":"6","target":"10","factor":"orientation_perpendicular"},
{"id":"81","source":"10","target":"8","factor":"orientation_perpendicular"},
{"id":"82","source":"3","target":"10","factor":"orientation_perpendicular"},
{"id":"83","source":"5","target":"10","factor":"orientation_perpendicular"},
{"id":"84","source":"10","target":"6","factor":"orientation_perpendicular"},
{"id":"85","source":"8","target":"10","factor":"orientation_perpendicular"},
{"id":"86","source":"4","target":"10","factor":"orientation_perpendicular"},
{"id":"87","source":"0","target":"11","factor":"proximity"},
{"id":"88","source":"9","target":"11","factor":"proximity"},
{"id":"89","source":"10","target":"11","factor":"proximity"},
{"id":"90","source":"0","target":"11","factor":"orientation_parallel"},
{"id":"91","source":"9","target":"11","factor":"orientation_parallel"},
{"id":"92","source":"10","target":"11","factor":"orientation_parallel"},
{"id":"93","source":"0","target":"11","factor":"orientation_perpendicular"},
{"id":"94","source":"9","target":"11","factor":"orientation_perpendicular"},
{"id":"95","source":"10","target":"11","factor":"orientation_perpendicular"},
{"id":"96","source":"0","target":"11","factor":"symmetry"},
{"id":"97","source":"9","target":"11","factor":"symmetry"},
{"id":"98","source":"10","target":"11","factor":"symmetry"},
{"id":"99","source":"11","target":"1","factor":"Horizontal-Support"},
{"id":"100","source":"2","target":"11","factor":"proximity"},
{"id":"101","source":"3","target":"11","factor":"proximity"},
{"id":"102","source":"1","target":"11","factor":"proximity"},
{"id":"103","source":"1","target":"11","factor":"orientation_parallel"},
{"id":"104","source":"7","target":"11","factor":"orientation_parallel"},
{"id":"105","source":"3","target":"11","factor":"orientation_parallel"},
{"id":"106","source":"4","target":"11","factor":"orientation_parallel"},
{"id":"107","source":"5","target":"11","factor":"orientation_parallel"},
{"id":"108","source":"8","target":"11","factor":"orientation_parallel"},
{"id":"109","source":"2","target":"11","factor":"orientation_parallel"},
{"id":"110","source":"6","target":"11","factor":"orientation_parallel"},
{"id":"111","source":"1","target":"11","factor":"orientation_perpendicular"},
{"id":"112","source":"7","target":"11","factor":"orientation_perpendicular"},
{"id":"113","source":"2","target":"11","factor":"orientation_perpendicular"},
{"id":"114","source":"11","target":"3","factor":"orientation_perpendicular"},
{"id":"115","source":"11","target":"4","factor":"orientation_perpendicular"},
{"id":"116","source":"11","target":"5","factor":"orientation_perpendicular"},
{"id":"117","source":"6","target":"11","factor":"orientation_perpendicular"},
{"id":"118","source":"11","target":"8","factor":"orientation_perpendicular"},
{"id":"119","source":"3","target":"11","factor":"orientation_perpendicular"},
{"id":"120","source":"5","target":"11","factor":"orientation_perpendicular"},
{"id":"121","source":"11","target":"6","factor":"orientation_perpendicular"},
{"id":"122","source":"8","target":"11","factor":"orientation_perpendicular"},
{"id":"123","source":"4","target":"11","factor":"orientation_perpendicular"},
{"id":"124","source":"1","target":"2","factor":"proximity"},
{"id":"125","source":"1","target":"3","factor":"proximity"},
{"id":"126","source":"1","target":"4","factor":"proximity"},
{"id":"127","source":"3","target":"3","factor":"proximity"},
{"id":"128","source":"1","target":"5","factor":"proximity"},
{"id":"129","source":"1","target":"6","factor":"orientation_parallel"},
{"id":"130","source":"3","target":"4","factor":"orientation_parallel"},
{"id":"131","source":"2","target":"3","factor":"orientation_parallel"},
{"id":"132","source":"1","target":"8","factor":"orientation_parallel"},
{"id":"133","source":"2","target":"1","factor":"orientation_parallel"},
{"id":"134","source":"2","target":"6","factor":"orientation_parallel"},
{"id":"135","source":"1","target":"3","factor":"orientation_parallel"},
{"id":"136","source":"1","target":"7","factor":"orientation_parallel"},
{"id":"137","source":"1","target":"5","factor":"orientation_parallel"},
{"id":"138","source":"6","target":"6","factor":"orientation_parallel"},
{"id":"139","source":"1","target":"4","factor":"orientation_parallel"},
{"id":"140","source":"3","target":"3","factor":"orientation_parallel"},
{"id":"141","source":"3","target":"7","factor":"orientation_parallel"},
{"id":"142","source":"3","target":"6","factor":"orientation_parallel"},
{"id":"143","source":"2","target":"1","factor":"orientation_perpendicular"},
{"id":"144","source":"2","target":"6","factor":"orientation_perpendicular"},
{"id":"145","source":"2","target":"7","factor":"orientation_perpendicular"},
{"id":"146","source":"1","target":"3","factor":"orientation_perpendicular"},
{"id":"147","source":"1","target":"4","factor":"orientation_perpendicular"},
{"id":"148","source":"1","target":"5","factor":"orientation_perpendicular"},
{"id":"149","source":"6","target":"5","factor":"orientation_perpendicular"},
{"id":"150","source":"7","target":"5","factor":"orientation_perpendicular"},
{"id":"151","source":"1","target":"7","factor":"orientation_perpendicular"},
{"id":"152","source":"8","target":"7","factor":"orientation_perpendicular"},
{"id":"153","source":"3","target":"7","factor":"orientation_perpendicular"},
{"id":"154","source":"3","target":"4","factor":"orientation_perpendicular"},
{"id":"155","source":"6","target":"7","factor":"orientation_perpendicular"},
{"id":"156","source":"1","target":"8","factor":"orientation_perpendicular"},
{"id":"157","source":"1","target":"6","factor":"orientation_perpendicular"},
{"id":"158","source":"2","target":"8","factor":"orientation_perpendicular"},
{"id":"159","source":"2","target":"3","factor":"orientation_perpendicular"},
{"id":"160","source":"2","target":"5","factor":"orientation_perpendicular"},
{"id":"161","source":"8","target":"6","factor":"orientation_perpendicular"},
{"id":"162","source":"8","target":"3","factor":"orientation_perpendicular"},
{"id":"163","source":"8","target":"5","factor":"orientation_perpendicular"},
{"id":"164","source":"3","target":"8","factor":"orientation_perpendicular"},
{"id":"165","source":"4","target":"5","factor":"orientation_perpendicular"},
{"id":"166","source":"2","target":"4","factor":"orientation_perpendicular"},
{"id":"167","source":"3","target":"6","factor":"orientation_perpendicular"},
{"id":"168","source":"3","target":"5","factor":"orientation_perpendicular"},
{"id":"169","source":"4","target":"6","factor":"orientation_perpendicular"},
{"id":"170","source":"5","target":"6","factor":"orientation_perpendicular"},
{"id":"171","source":"4","target":"7","factor":"orientation_perpendicular"},
{"id":"172","source":"5","target":"5","factor":"orientation_perpendicular"},
{"id":"173","source":"6","target":"6","factor":"symmetry"},
{"id":"174","source":"8","target":"8","factor":"symmetry"},
{"id":"175","source":"3","target":"3","factor":"symmetry"},
{"id":"176","source":"4","target":"4","factor":"symmetry"},
{"id":"177","source":"5","target":"5","factor":"symmetry"},
{"id":"178","source":"7","target":"7","factor":"symmetry"},
{"id":"179","source":"2","target":"2","factor":"symmetry"}
],
"probability":[
{"id":"0","value":0.700721},
{"id":"1","value":0.0582933},
{"id":"2","value":0.0558894},
{"id":"3","value":0.0552885},
{"id":"4","value":0.283053},
{"id":"5","value":0.14363},
{"id":"6","value":0.315505},
{"id":"7","value":0.144832},
{"id":"8","value":0.0685096},
{"id":"9","value":0.10637},
{"id":"10","value":0.267428},
{"id":"11","value":0.129808},
{"id":"12","value":0.95613},
{"id":"13","value":0.214543},
{"id":"14","value":0.409255},
{"id":"15","value":0.449519},
{"id":"16","value":0.19351},
{"id":"17","value":0.125},
{"id":"18","value":0.323918},
{"id":"19","value":0.146635},
{"id":"20","value":0.217548},
{"id":"21","value":0.03125},
{"id":"22","value":0.0132212},
{"id":"23","value":0.0606971},
{"id":"24","value":0.0757212},
{"id":"25","value":0.0841346},
{"id":"26","value":0.68149},
{"id":"27","value":0.977163},
{"id":"28","value":0.89363},
{"id":"29","value":0.700721},
{"id":"30","value":0.0582933},
{"id":"31","value":0.0558894},
{"id":"32","value":0.0552885},
{"id":"33","value":0.283053},
{"id":"34","value":0.14363},
{"id":"35","value":0.315505},
{"id":"36","value":0.144832},
{"id":"37","value":0.0685096},
{"id":"38","value":0.10637},
{"id":"39","value":0.267428},
{"id":"40","value":0.129808},
{"id":"41","value":0.95613},
{"id":"42","value":0.214543},
{"id":"43","value":0.409255},
{"id":"44","value":0.449519},
{"id":"45","value":0.19351},
{"id":"46","value":0.125},
{"id":"47","value":0.323918},
{"id":"48","value":0.146635},
{"id":"49","value":0.217548},
{"id":"50","value":0.03125},
{"id":"51","value":0.0132212},
{"id":"52","value":0.0606971},
{"id":"53","value":0.0757212},
{"id":"54","value":0.0841346},
{"id":"55","value":0.0841346},
{"id":"56","value":0.68149},
{"id":"57","value":0.68149},
{"id":"58","value":0.977163},
{"id":"59","value":0.977163},
{"id":"60","value":0.89363},
{"id":"61","value":0.89363},
{"id":"62","value":0.700721},
{"id":"63","value":0.0582933},
{"id":"64","value":0.0558894},
{"id":"65","value":0.0552885},
{"id":"66","value":0.283053},
{"id":"67","value":0.14363},
{"id":"68","value":0.315505},
{"id":"69","value":0.144832},
{"id":"70","value":0.0685096},
{"id":"71","value":0.10637},
{"id":"72","value":0.267428},
{"id":"73","value":0.129808},
{"id":"74","value":0.95613},
{"id":"75","value":0.214543},
{"id":"76","value":0.409255},
{"id":"77","value":0.449519},
{"id":"78","value":0.19351},
{"id":"79","value":0.125},
{"id":"80","value":0.323918},
{"id":"81","value":0.146635},
{"id":"82","value":0.217548},
{"id":"83","value":0.03125},
{"id":"84","value":0.0132212},
{"id":"85","value":0.0606971},
{"id":"86","value":0.0757212},
{"id":"87","value":0.0841346},
{"id":"88","value":0.0841346},
{"id":"89","value":0.0841346},
{"id":"90","value":0.68149},
{"id":"91","value":0.68149},
{"id":"92","value":0.68149},
{"id":"93","value":0.977163},
{"id":"94","value":0.977163},
{"id":"95","value":0.977163},
{"id":"96","value":0.89363},
{"id":"97","value":0.89363},
{"id":"98","value":0.89363},
{"id":"99","value":0.700721},
{"id":"100","value":0.0582933},
{"id":"101","value":0.0558894},
{"id":"102","value":0.0552885},
{"id":"103","value":0.283053},
{"id":"104","value":0.14363},
{"id":"105","value":0.315505},
{"id":"106","value":0.144832},
{"id":"107","value":0.0685096},
{"id":"108","value":0.10637},
{"id":"109","value":0.267428},
{"id":"110","value":0.129808},
{"id":"111","value":0.95613},
{"id":"112","value":0.214543},
{"id":"113","value":0.409255},
{"id":"114","value":0.449519},
{"id":"115","value":0.19351},
{"id":"116","value":0.125},
{"id":"117","value":0.323918},
{"id":"118","value":0.146635},
{"id":"119","value":0.217548},
{"id":"120","value":0.03125},
{"id":"121","value":0.0132212},
{"id":"122","value":0.0606971},
{"id":"123","value":0.0757212},
{"id":"124","value":0.0594952},
{"id":"125","value":0.0582933},
{"id":"126","value":0.0570913},
{"id":"127","value":0.0558894},
{"id":"128","value":0.102163},
{"id":"129","value":0.310096},
{"id":"130","value":0.0588942},
{"id":"131","value":0.0745192},
{"id":"132","value":0.0582933},
{"id":"133","value":0.183293},
{"id":"134","value":0.0889423},
{"id":"135","value":0.170072},
{"id":"136","value":0.0907452},
{"id":"137","value":0.0871394},
{"id":"138","value":0.0552885},
{"id":"139","value":0.077524},
{"id":"140","value":0.124399},
{"id":"141","value":0.0558894},
{"id":"142","value":0.0564904},
{"id":"143","value":0.0901442},
{"id":"144","value":0.0414663},
{"id":"145","value":0.0372596},
{"id":"146","value":0.160457},
{"id":"147","value":0.0492788},
{"id":"148","value":0.0691106},
{"id":"149","value":0.0414663},
{"id":"150","value":0.0252404},
{"id":"151","value":0.0576923},
{"id":"152","value":0.0168269},
{"id":"153","value":0.0516827},
{"id":"154","value":0.0252404},
{"id":"155","value":0.0234375},
{"id":"156","value":0.0192308},
{"id":"157","value":0.0174279},
{"id":"158","value":0.0264423},
{"id":"159","value":0.0985577},
{"id":"160","value":0.0330529},
{"id":"161","value":0.0120192},
{"id":"162","value":0.0402644},
{"id":"163","value":0.0228365},
{"id":"164","value":0.0120192},
{"id":"165","value":0.0246394},
{"id":"166","value":0.0366587},
{"id":"167","value":0.03125},
{"id":"168","value":0.0384615},
{"id":"169","value":0.0144231},
{"id":"170","value":0.0180288},
{"id":"171","value":0.0114183},
{"id":"172","value":0.0180288},
{"id":"173","value":0.0552885},
{"id":"174","value":0.0360577},
{"id":"175","value":0.0264423},
{"id":"176","value":0.0258413},
{"id":"177","value":0.015024},
{"id":"178","value":0.0186298},
{"id":"179","value":0.0120192}
]}