{
"vertices":[
{"id":"0","name":"partition","Leaves":[{"name":"partition","frequency":0.70922 }],"frequency":0.0600962},
{"id":"1","name":"rug","Leaves":[{"name":"rug","frequency":0.793193 }],"frequency":0.182091},
{"id":"2","name":"chandelier","Leaves":[{"name":"chandelier","frequency":0.81686 }],"frequency":0.33774},
{"id":"3","name":"sink","Leaves":[{"name":"sink","frequency":0.922012 }],"frequency":0.760216},
{"id":"4","name":"shower","Leaves":[{"name":"shower","frequency":0.970588 }],"frequency":0.535457},
{"id":"5","name":"wall","Leaves":[{"name":"wall","frequency":0.243422 }],"frequency":0.995192},
{"id":"6","name":"floor","Leaves":[],"frequency":0.998798},
{"id":"7","name":"mirror","Leaves":[{"name":"mirror","frequency":0.844298 }],"frequency":0.23137},
{"id":"8","name":"shelving","Leaves":[{"name":"shelving","frequency":0.786638 }],"frequency":0.219351},
{"id":"9","name":"wall_lamp","Leaves":[{"name":"wall_lamp","frequency":0.61244 }],"frequency":0.0769231},
{"id":"10","name":"wardrobe_cabinet","Leaves":[{"name":"wardrobe_cabinet","frequency":0.737662 }],"frequency":0.170673},
{"id":"11","name":"window","Leaves":[{"name":"window","frequency":0.847457 }],"frequency":0.480769},
{"id":"12","name":"ceiling","Leaves":[],"frequency":0.992788},
{"id":"13","name":"toilet","Leaves":[{"name":"toilet","frequency":0.795769 }],"frequency":0.58774},
{"id":"14","name":"switch","Leaves":[{"name":"switch","frequency":0.75 }],"frequency":0.0576923},
{"id":"15","name":"towel_rack","Leaves":[{"name":"towel_rack","frequency":0.891892 }],"frequency":0.257813},
{"id":"16","name":"household_appliance","Leaves":[],"frequency":0.0174279}
],
"rules":[
{"id":"0","source":"5","target":"6","factor":"Horizontal-Support"},
{"id":"1","source":"6","target":"4","factor":"proximity"},
{"id":"2","source":"3","target":"5","factor":"proximity"},
{"id":"3","source":"6","target":"3","factor":"proximity"},
{"id":"4","source":"5","target":"5","factor":"proximity"},
{"id":"5","source":"12","target":"2","factor":"proximity"},
{"id":"6","source":"4","target":"5","factor":"proximity"},
{"id":"7","source":"6","target":"13","factor":"proximity"},
{"id":"8","source":"6","target":"7","factor":"proximity"},
{"id":"9","source":"13","target":"13","factor":"proximity"},
{"id":"10","source":"13","target":"5","factor":"proximity"},
{"id":"11","source":"6","target":"5","factor":"proximity"},
{"id":"12","source":"3","target":"13","factor":"proximity"},
{"id":"13","source":"12","target":"6","factor":"proximity"},
{"id":"14","source":"6","target":"1","factor":"proximity"},
{"id":"15","source":"7","target":"3","factor":"proximity"},
{"id":"16","source":"5","target":"11","factor":"proximity"},
{"id":"17","source":"12","target":"5","factor":"proximity"},
{"id":"18","source":"8","target":"5","factor":"proximity"},
{"id":"19","source":"12","target":"11","factor":"proximity"},
{"id":"20","source":"6","target":"12","factor":"orientation_parallel"},
{"id":"21","source":"6","target":"5","factor":"orientation_parallel"},
{"id":"22","source":"12","target":"5","factor":"orientation_parallel"},
{"id":"23","source":"11","target":"5","factor":"orientation_parallel"},
{"id":"24","source":"12","target":"2","factor":"orientation_parallel"},
{"id":"25","source":"6","target":"2","factor":"orientation_parallel"},
{"id":"26","source":"3","target":"13","factor":"orientation_parallel"},
{"id":"27","source":"3","target":"7","factor":"orientation_parallel"},
{"id":"28","source":"3","target":"1","factor":"orientation_parallel"},
{"id":"29","source":"3","target":"5","factor":"orientation_parallel"},
{"id":"30","source":"8","target":"5","factor":"orientation_parallel"},
{"id":"31","source":"15","target":"5","factor":"orientation_parallel"},
{"id":"32","source":"13","target":"7","factor":"orientation_parallel"},
{"id":"33","source":"13","target":"5","factor":"orientation_parallel"},
{"id":"34","source":"7","target":"5","factor":"orientation_parallel"},
{"id":"35","source":"1","target":"5","factor":"orientation_parallel"},
{"id":"36","source":"4","target":"13","factor":"orientation_parallel"},
{"id":"37","source":"6","target":"3","factor":"orientation_parallel"},
{"id":"38","source":"6","target":"10","factor":"orientation_parallel"},
{"id":"39","source":"12","target":"3","factor":"orientation_parallel"},
{"id":"40","source":"12","target":"10","factor":"orientation_parallel"},
{"id":"41","source":"3","target":"10","factor":"orientation_parallel"},
{"id":"42","source":"10","target":"5","factor":"orientation_parallel"},
{"id":"43","source":"4","target":"12","factor":"orientation_parallel"},
{"id":"44","source":"4","target":"6","factor":"orientation_parallel"},
{"id":"45","source":"4","target":"3","factor":"orientation_parallel"},
{"id":"46","source":"4","target":"2","factor":"orientation_parallel"},
{"id":"47","source":"3","target":"2","factor":"orientation_parallel"},
{"id":"48","source":"4","target":"5","factor":"orientation_parallel"},
{"id":"49","source":"5","target":"5","factor":"orientation_parallel"},
{"id":"50","source":"3","target":"15","factor":"orientation_parallel"},
{"id":"51","source":"12","target":"13","factor":"orientation_parallel"},
{"id":"52","source":"6","target":"13","factor":"orientation_parallel"},
{"id":"53","source":"12","target":"15","factor":"orientation_parallel"},
{"id":"54","source":"6","target":"15","factor":"orientation_parallel"},
{"id":"55","source":"12","target":"1","factor":"orientation_parallel"},
{"id":"56","source":"6","target":"1","factor":"orientation_parallel"},
{"id":"57","source":"2","target":"2","factor":"orientation_parallel"},
{"id":"58","source":"12","target":"8","factor":"orientation_parallel"},
{"id":"59","source":"12","target":"7","factor":"orientation_parallel"},
{"id":"60","source":"6","target":"8","factor":"orientation_parallel"},
{"id":"61","source":"6","target":"7","factor":"orientation_parallel"},
{"id":"62","source":"12","target":"11","factor":"orientation_parallel"},
{"id":"63","source":"6","target":"11","factor":"orientation_parallel"},
{"id":"64","source":"3","target":"8","factor":"orientation_parallel"},
{"id":"65","source":"2","target":"5","factor":"orientation_parallel"},
{"id":"66","source":"13","target":"13","factor":"orientation_parallel"},
{"id":"67","source":"13","target":"15","factor":"orientation_parallel"},
{"id":"68","source":"4","target":"11","factor":"orientation_parallel"},
{"id":"69","source":"13","target":"2","factor":"orientation_parallel"},
{"id":"70","source":"3","target":"5","factor":"orientation_perpendicular"},
{"id":"71","source":"6","target":"5","factor":"orientation_perpendicular"},
{"id":"72","source":"12","target":"5","factor":"orientation_perpendicular"},
{"id":"73","source":"5","target":"5","factor":"orientation_perpendicular"},
{"id":"74","source":"15","target":"5","factor":"orientation_perpendicular"},
{"id":"75","source":"4","target":"12","factor":"orientation_perpendicular"},
{"id":"76","source":"4","target":"6","factor":"orientation_perpendicular"},
{"id":"77","source":"4","target":"5","factor":"orientation_perpendicular"},
{"id":"78","source":"4","target":"8","factor":"orientation_perpendicular"},
{"id":"79","source":"4","target":"2","factor":"orientation_perpendicular"},
{"id":"80","source":"4","target":"15","factor":"orientation_perpendicular"},
{"id":"81","source":"11","target":"5","factor":"orientation_perpendicular"},
{"id":"82","source":"11","target":"8","factor":"orientation_perpendicular"},
{"id":"83","source":"11","target":"2","factor":"orientation_perpendicular"},
{"id":"84","source":"11","target":"15","factor":"orientation_perpendicular"},
{"id":"85","source":"12","target":"3","factor":"orientation_perpendicular"},
{"id":"86","source":"12","target":"13","factor":"orientation_perpendicular"},
{"id":"87","source":"12","target":"7","factor":"orientation_perpendicular"},
{"id":"88","source":"12","target":"1","factor":"orientation_perpendicular"},
{"id":"89","source":"6","target":"3","factor":"orientation_perpendicular"},
{"id":"90","source":"6","target":"13","factor":"orientation_perpendicular"},
{"id":"91","source":"6","target":"7","factor":"orientation_perpendicular"},
{"id":"92","source":"6","target":"1","factor":"orientation_perpendicular"},
{"id":"93","source":"5","target":"13","factor":"orientation_perpendicular"},
{"id":"94","source":"5","target":"7","factor":"orientation_perpendicular"},
{"id":"95","source":"5","target":"1","factor":"orientation_perpendicular"},
{"id":"96","source":"8","target":"13","factor":"orientation_perpendicular"},
{"id":"97","source":"8","target":"7","factor":"orientation_perpendicular"},
{"id":"98","source":"8","target":"1","factor":"orientation_perpendicular"},
{"id":"99","source":"8","target":"5","factor":"orientation_perpendicular"},
{"id":"100","source":"2","target":"1","factor":"orientation_perpendicular"},
{"id":"101","source":"2","target":"5","factor":"orientation_perpendicular"},
{"id":"102","source":"15","target":"1","factor":"orientation_perpendicular"},
{"id":"103","source":"5","target":"10","factor":"orientation_perpendicular"},
{"id":"104","source":"6","target":"15","factor":"orientation_perpendicular"},
{"id":"105","source":"12","target":"15","factor":"orientation_perpendicular"},
{"id":"106","source":"3","target":"15","factor":"orientation_perpendicular"},
{"id":"107","source":"10","target":"15","factor":"orientation_perpendicular"},
{"id":"108","source":"13","target":"15","factor":"orientation_perpendicular"},
{"id":"109","source":"3","target":"1","factor":"orientation_perpendicular"},
{"id":"110","source":"9","target":"5","factor":"orientation_perpendicular"},
{"id":"111","source":"3","target":"8","factor":"orientation_perpendicular"},
{"id":"112","source":"6","target":"8","factor":"orientation_perpendicular"},
{"id":"113","source":"12","target":"8","factor":"orientation_perpendicular"},
{"id":"114","source":"13","target":"7","factor":"orientation_perpendicular"},
{"id":"115","source":"13","target":"5","factor":"orientation_perpendicular"},
{"id":"116","source":"3","target":"11","factor":"orientation_perpendicular"},
{"id":"117","source":"3","target":"2","factor":"orientation_perpendicular"},
{"id":"118","source":"8","target":"2","factor":"orientation_perpendicular"},
{"id":"119","source":"8","target":"15","factor":"orientation_perpendicular"},
{"id":"120","source":"2","target":"15","factor":"orientation_perpendicular"},
{"id":"121","source":"1","target":"5","factor":"orientation_perpendicular"},
{"id":"122","source":"6","target":"10","factor":"orientation_perpendicular"},
{"id":"123","source":"6","target":"2","factor":"orientation_perpendicular"},
{"id":"124","source":"6","target":"9","factor":"orientation_perpendicular"},
{"id":"125","source":"12","target":"10","factor":"orientation_perpendicular"},
{"id":"126","source":"12","target":"2","factor":"orientation_perpendicular"},
{"id":"127","source":"12","target":"9","factor":"orientation_perpendicular"},
{"id":"128","source":"4","target":"3","factor":"orientation_perpendicular"},
{"id":"129","source":"4","target":"10","factor":"orientation_perpendicular"},
{"id":"130","source":"4","target":"13","factor":"orientation_perpendicular"},
{"id":"131","source":"4","target":"9","factor":"orientation_perpendicular"},
{"id":"132","source":"4","target":"1","factor":"orientation_perpendicular"},
{"id":"133","source":"5","target":"2","factor":"orientation_perpendicular"},
{"id":"134","source":"10","target":"2","factor":"orientation_perpendicular"},
{"id":"135","source":"10","target":"13","factor":"orientation_perpendicular"},
{"id":"136","source":"10","target":"1","factor":"orientation_perpendicular"},
{"id":"137","source":"10","target":"5","factor":"orientation_perpendicular"},
{"id":"138","source":"13","target":"10","factor":"orientation_perpendicular"},
{"id":"139","source":"7","target":"1","factor":"orientation_perpendicular"},
{"id":"140","source":"4","target":"7","factor":"orientation_perpendicular"},
{"id":"141","source":"13","target":"2","factor":"orientation_perpendicular"},
{"id":"142","source":"13","target":"1","factor":"orientation_perpendicular"},
{"id":"143","source":"13","target":"9","factor":"orientation_perpendicular"},
{"id":"144","source":"11","target":"13","factor":"orientation_perpendicular"},
{"id":"145","source":"5","target":"9","factor":"orientation_perpendicular"},
{"id":"146","source":"4","target":"11","factor":"orientation_perpendicular"},
{"id":"147","source":"11","target":"10","factor":"orientation_perpendicular"},
{"id":"148","source":"11","target":"1","factor":"orientation_perpendicular"},
{"id":"149","source":"7","target":"5","factor":"orientation_perpendicular"},
{"id":"150","source":"8","target":"8","factor":"orientation_perpendicular"},
{"id":"151","source":"5","target":"8","factor":"orientation_perpendicular"},
{"id":"152","source":"3","target":"13","factor":"orientation_perpendicular"},
{"id":"153","source":"14","target":"5","factor":"orientation_perpendicular"},
{"id":"154","source":"12","target":"11","factor":"orientation_perpendicular"},
{"id":"155","source":"6","target":"11","factor":"orientation_perpendicular"},
{"id":"156","source":"7","target":"2","factor":"orientation_perpendicular"},
{"id":"157","source":"11","target":"11","factor":"orientation_perpendicular"},
{"id":"158","source":"11","target":"7","factor":"orientation_perpendicular"},
{"id":"159","source":"11","target":"9","factor":"orientation_perpendicular"},
{"id":"160","source":"3","target":"9","factor":"orientation_perpendicular"},
{"id":"161","source":"1","target":"2","factor":"orientation_perpendicular"},
{"id":"162","source":"3","target":"10","factor":"orientation_perpendicular"},
{"id":"163","source":"4","target":"14","factor":"orientation_perpendicular"},
{"id":"164","source":"12","target":"14","factor":"orientation_perpendicular"},
{"id":"165","source":"6","target":"14","factor":"orientation_perpendicular"},
{"id":"166","source":"13","target":"14","factor":"orientation_perpendicular"},
{"id":"167","source":"8","target":"14","factor":"orientation_perpendicular"},
{"id":"168","source":"12","target":"0","factor":"orientation_perpendicular"},
{"id":"169","source":"6","target":"0","factor":"orientation_perpendicular"},
{"id":"170","source":"3","target":"0","factor":"orientation_perpendicular"},
{"id":"171","source":"13","target":"0","factor":"orientation_perpendicular"},
{"id":"172","source":"11","target":"0","factor":"orientation_perpendicular"},
{"id":"173","source":"4","target":"0","factor":"orientation_perpendicular"},
{"id":"174","source":"0","target":"5","factor":"orientation_perpendicular"},
{"id":"175","source":"7","target":"15","factor":"orientation_perpendicular"},
{"id":"176","source":"1","target":"1","factor":"orientation_perpendicular"},
{"id":"177","source":"16","target":"5","factor":"orientation_perpendicular"},
{"id":"178","source":"15","target":"14","factor":"orientation_perpendicular"},
{"id":"179","source":"13","target":"3","factor":"orientation_perpendicular"},
{"id":"180","source":"10","target":"8","factor":"orientation_perpendicular"},
{"id":"181","source":"3","target":"7","factor":"orientation_perpendicular"},
{"id":"182","source":"5","target":"5","factor":"symmetry"},
{"id":"183","source":"8","target":"8","factor":"symmetry"},
{"id":"184","source":"9","target":"9","factor":"symmetry"},
{"id":"185","source":"2","target":"2","factor":"symmetry"},
{"id":"186","source":"11","target":"11","factor":"symmetry"},
{"id":"187","source":"10","target":"10","factor":"symmetry"},
{"id":"188","source":"13","target":"13","factor":"symmetry"},
{"id":"189","source":"14","target":"14","factor":"symmetry"},
{"id":"190","source":"3","target":"3","factor":"symmetry"},
{"id":"191","source":"7","target":"7","factor":"symmetry"},
{"id":"192","source":"1","target":"1","factor":"symmetry"},
{"id":"193","source":"15","target":"15","factor":"symmetry"},
{"id":"194","source":"4","target":"4","factor":"symmetry"}
],
"probability":[
{"id":"0","value":0.700721},
{"id":"1","value":0.0594952},
{"id":"2","value":0.0594952},
{"id":"3","value":0.0594952},
{"id":"4","value":0.0841346},
{"id":"5","value":0.0588942},
{"id":"6","value":0.0582933},
{"id":"7","value":0.0582933},
{"id":"8","value":0.0570913},
{"id":"9","value":0.0558894},
{"id":"10","value":0.0558894},
{"id":"11","value":0.0552885},
{"id":"12","value":0.0540865},
{"id":"13","value":0.0510817},
{"id":"14","value":0.102163},
{"id":"15","value":0.0973558},
{"id":"16","value":0.0961538},
{"id":"17","value":0.0841346},
{"id":"18","value":0.063101},
{"id":"19","value":0.0600962},
{"id":"20","value":0.991587},
{"id":"21","value":0.283053},
{"id":"22","value":0.281851},
{"id":"23","value":0.299279},
{"id":"24","value":0.308293},
{"id":"25","value":0.310096},
{"id":"26","value":0.144231},
{"id":"27","value":0.152644},
{"id":"28","value":0.0528846},
{"id":"29","value":0.42488},
{"id":"30","value":0.120793},
{"id":"31","value":0.14363},
{"id":"32","value":0.0588942},
{"id":"33","value":0.315505},
{"id":"34","value":0.144832},
{"id":"35","value":0.0685096},
{"id":"36","value":0.0745192},
{"id":"37","value":0.259615},
{"id":"38","value":0.0582933},
{"id":"39","value":0.259615},
{"id":"40","value":0.0582933},
{"id":"41","value":0.0691106},
{"id":"42","value":0.10637},
{"id":"43","value":0.18149},
{"id":"44","value":0.183293},
{"id":"45","value":0.0703125},
{"id":"46","value":0.0889423},
{"id":"47","value":0.109976},
{"id":"48","value":0.267428},
{"id":"49","value":0.68149},
{"id":"50","value":0.063101},
{"id":"51","value":0.169471},
{"id":"52","value":0.170072},
{"id":"53","value":0.0907452},
{"id":"54","value":0.0907452},
{"id":"55","value":0.0877404},
{"id":"56","value":0.0871394},
{"id":"57","value":0.0552885},
{"id":"58","value":0.078125},
{"id":"59","value":0.077524},
{"id":"60","value":0.078125},
{"id":"61","value":0.077524},
{"id":"62","value":0.123798},
{"id":"63","value":0.124399},
{"id":"64","value":0.0679087},
{"id":"65","value":0.129808},
{"id":"66","value":0.124399},
{"id":"67","value":0.0558894},
{"id":"68","value":0.0534856},
{"id":"69","value":0.0564904},
{"id":"70","value":0.616587},
{"id":"71","value":0.95613},
{"id":"72","value":0.95012},
{"id":"73","value":0.977163},
{"id":"74","value":0.214543},
{"id":"75","value":0.0901442},
{"id":"76","value":0.0901442},
{"id":"77","value":0.409255},
{"id":"78","value":0.0258413},
{"id":"79","value":0.0414663},
{"id":"80","value":0.0372596},
{"id":"81","value":0.366587},
{"id":"82","value":0.061899},
{"id":"83","value":0.0811298},
{"id":"84","value":0.0336538},
{"id":"85","value":0.152644},
{"id":"86","value":0.160457},
{"id":"87","value":0.0492788},
{"id":"88","value":0.0691106},
{"id":"89","value":0.153846},
{"id":"90","value":0.160457},
{"id":"91","value":0.0492788},
{"id":"92","value":0.0691106},
{"id":"93","value":0.449519},
{"id":"94","value":0.19351},
{"id":"95","value":0.125},
{"id":"96","value":0.0396635},
{"id":"97","value":0.015024},
{"id":"98","value":0.0246394},
{"id":"99","value":0.177284},
{"id":"100","value":0.0414663},
{"id":"101","value":0.323918},
{"id":"102","value":0.0252404},
{"id":"103","value":0.146635},
{"id":"104","value":0.0576923},
{"id":"105","value":0.0576923},
{"id":"106","value":0.0594952},
{"id":"107","value":0.0168269},
{"id":"108","value":0.0516827},
{"id":"109","value":0.0570913},
{"id":"110","value":0.0793269},
{"id":"111","value":0.0396635},
{"id":"112","value":0.0540865},
{"id":"113","value":0.0546875},
{"id":"114","value":0.0252404},
{"id":"115","value":0.217548},
{"id":"116","value":0.162861},
{"id":"117","value":0.0492788},
{"id":"118","value":0.0180288},
{"id":"119","value":0.0300481},
{"id":"120","value":0.0234375},
{"id":"121","value":0.03125},
{"id":"122","value":0.0192308},
{"id":"123","value":0.0174279},
{"id":"124","value":0.0216346},
{"id":"125","value":0.0198317},
{"id":"126","value":0.0174279},
{"id":"127","value":0.0216346},
{"id":"128","value":0.0901442},
{"id":"129","value":0.0264423},
{"id":"130","value":0.0985577},
{"id":"131","value":0.0168269},
{"id":"132","value":0.0330529},
{"id":"133","value":0.0132212},
{"id":"134","value":0.0120192},
{"id":"135","value":0.0402644},
{"id":"136","value":0.0228365},
{"id":"137","value":0.0606971},
{"id":"138","value":0.0120192},
{"id":"139","value":0.0246394},
{"id":"140","value":0.0366587},
{"id":"141","value":0.03125},
{"id":"142","value":0.0384615},
{"id":"143","value":0.016226},
{"id":"144","value":0.121394},
{"id":"145","value":0.0114183},
{"id":"146","value":0.0991587},
{"id":"147","value":0.0330529},
{"id":"148","value":0.0408654},
{"id":"149","value":0.0757212},
{"id":"150","value":0.015625},
{"id":"151","value":0.0114183},
{"id":"152","value":0.108173},
{"id":"153","value":0.0498798},
{"id":"154","value":0.134014},
{"id":"155","value":0.136418},
{"id":"156","value":0.0144231},
{"id":"157","value":0.0288462},
{"id":"158","value":0.0336538},
{"id":"159","value":0.0210337},
{"id":"160","value":0.0120192},
{"id":"161","value":0.0180288},
{"id":"162","value":0.0264423},
{"id":"163","value":0.0120192},
{"id":"164","value":0.0240385},
{"id":"165","value":0.0240385},
{"id":"166","value":0.0186298},
{"id":"167","value":0.0108173},
{"id":"168","value":0.0282452},
{"id":"169","value":0.0282452},
{"id":"170","value":0.0222356},
{"id":"171","value":0.0198317},
{"id":"172","value":0.0144231},
{"id":"173","value":0.0132212},
{"id":"174","value":0.0270433},
{"id":"175","value":0.0114183},
{"id":"176","value":0.0180288},
{"id":"177","value":0.0126202},
{"id":"178","value":0.0102163},
{"id":"179","value":0.0108173},
{"id":"180","value":0.0126202},
{"id":"181","value":0.0126202},
{"id":"182","value":0.89363},
{"id":"183","value":0.0246394},
{"id":"184","value":0.0438702},
{"id":"185","value":0.0552885},
{"id":"186","value":0.0270433},
{"id":"187","value":0.0360577},
{"id":"188","value":0.0264423},
{"id":"189","value":0.0192308},
{"id":"190","value":0.0534856},
{"id":"191","value":0.0258413},
{"id":"192","value":0.015024},
{"id":"193","value":0.0186298},
{"id":"194","value":0.0120192}
]}