{
"vertices":[
{"id":"0","name":"shower","Leaves":[{"name":"shower","frequency":0.970588 }],"frequency":0.535457},
{"id":"1","name":"wall","Leaves":[{"name":"wall","frequency":0.243422 }],"frequency":0.995192},
{"id":"2","name":"floor","Leaves":[],"frequency":0.998798},
{"id":"3","name":"person","Leaves":[],"frequency":0.0264423},
{"id":"4","name":"toilet","Leaves":[{"name":"toilet","frequency":0.795769 }],"frequency":0.58774}
],
"rules":[
{"id":"0","source":"1","target":"2","factor":"Horizontal-Support"},
{"id":"1","source":"2","target":"0","factor":"proximity"},
{"id":"2","source":"1","target":"1","factor":"proximity"},
{"id":"3","source":"0","target":"1","factor":"proximity"},
{"id":"4","source":"2","target":"4","factor":"proximity"},
{"id":"5","source":"4","target":"4","factor":"proximity"},
{"id":"6","source":"4","target":"1","factor":"proximity"},
{"id":"7","source":"2","target":"1","factor":"proximity"},
{"id":"8","source":"2","target":"1","factor":"orientation_parallel"},
{"id":"9","source":"4","target":"1","factor":"orientation_parallel"},
{"id":"10","source":"0","target":"4","factor":"orientation_parallel"},
{"id":"11","source":"0","target":"2","factor":"orientation_parallel"},
{"id":"12","source":"0","target":"1","factor":"orientation_parallel"},
{"id":"13","source":"1","target":"1","factor":"orientation_parallel"},
{"id":"14","source":"2","target":"4","factor":"orientation_parallel"},
{"id":"15","source":"4","target":"4","factor":"orientation_parallel"},
{"id":"16","source":"2","target":"1","factor":"orientation_perpendicular"},
{"id":"17","source":"1","target":"1","factor":"orientation_perpendicular"},
{"id":"18","source":"0","target":"2","factor":"orientation_perpendicular"},
{"id":"19","source":"0","target":"1","factor":"orientation_perpendicular"},
{"id":"20","source":"2","target":"4","factor":"orientation_perpendicular"},
{"id":"21","source":"1","target":"4","factor":"orientation_perpendicular"},
{"id":"22","source":"3","target":"1","factor":"orientation_perpendicular"},
{"id":"23","source":"4","target":"1","factor":"orientation_perpendicular"},
{"id":"24","source":"0","target":"4","factor":"orientation_perpendicular"},
{"id":"25","source":"1","target":"1","factor":"symmetry"},
{"id":"26","source":"4","target":"4","factor":"symmetry"},
{"id":"27","source":"0","target":"0","factor":"symmetry"}
],
"probability":[
{"id":"0","value":0.700721},
{"id":"1","value":0.0594952},
{"id":"2","value":0.0841346},
{"id":"3","value":0.0582933},
{"id":"4","value":0.0582933},
{"id":"5","value":0.0558894},
{"id":"6","value":0.0558894},
{"id":"7","value":0.0552885},
{"id":"8","value":0.283053},
{"id":"9","value":0.315505},
{"id":"10","value":0.0745192},
{"id":"11","value":0.183293},
{"id":"12","value":0.267428},
{"id":"13","value":0.68149},
{"id":"14","value":0.170072},
{"id":"15","value":0.124399},
{"id":"16","value":0.95613},
{"id":"17","value":0.977163},
{"id":"18","value":0.0901442},
{"id":"19","value":0.409255},
{"id":"20","value":0.160457},
{"id":"21","value":0.449519},
{"id":"22","value":0.0186298},
{"id":"23","value":0.217548},
{"id":"24","value":0.0985577},
{"id":"25","value":0.89363},
{"id":"26","value":0.0264423},
{"id":"27","value":0.0120192}
]}