{
"vertices":[
{"id":"0","name":"wall","Leaves":[{"name":"wall","frequency":0.243422 }],"frequency":0.995192},
{"id":"1","name":"floor","Leaves":[],"frequency":0.998798},
{"id":"2","name":"shower","Leaves":[{"name":"shower","frequency":0.970588 }],"frequency":0.535457},
{"id":"3","name":"ceiling","Leaves":[],"frequency":0.992788},
{"id":"4","name":"wall","Leaves":[{"name":"wall","frequency":0.243422 }],"frequency":0},
{"id":"5","name":"wall","Leaves":[{"name":"wall","frequency":0.243422 }],"frequency":0}
],
"rules":[
{"id":"0","source":"0","target":"1","factor":"Horizontal-Support"},
{"id":"1","source":"2","target":"0","factor":"proximity"},
{"id":"2","source":"1","target":"0","factor":"proximity"},
{"id":"3","source":"3","target":"0","factor":"proximity"},
{"id":"4","source":"1","target":"0","factor":"orientation_parallel"},
{"id":"5","source":"3","target":"0","factor":"orientation_parallel"},
{"id":"6","source":"2","target":"0","factor":"orientation_parallel"},
{"id":"7","source":"1","target":"0","factor":"orientation_perpendicular"},
{"id":"8","source":"3","target":"0","factor":"orientation_perpendicular"},
{"id":"9","source":"2","target":"0","factor":"orientation_perpendicular"},
{"id":"10","source":"0","target":"4","factor":"proximity"},
{"id":"11","source":"0","target":"4","factor":"orientation_parallel"},
{"id":"12","source":"0","target":"4","factor":"orientation_perpendicular"},
{"id":"13","source":"0","target":"4","factor":"symmetry"},
{"id":"14","source":"4","target":"1","factor":"Horizontal-Support"},
{"id":"15","source":"2","target":"4","factor":"proximity"},
{"id":"16","source":"1","target":"4","factor":"proximity"},
{"id":"17","source":"3","target":"4","factor":"proximity"},
{"id":"18","source":"1","target":"4","factor":"orientation_parallel"},
{"id":"19","source":"3","target":"4","factor":"orientation_parallel"},
{"id":"20","source":"2","target":"4","factor":"orientation_parallel"},
{"id":"21","source":"1","target":"4","factor":"orientation_perpendicular"},
{"id":"22","source":"3","target":"4","factor":"orientation_perpendicular"},
{"id":"23","source":"2","target":"4","factor":"orientation_perpendicular"},
{"id":"24","source":"0","target":"5","factor":"proximity"},
{"id":"25","source":"4","target":"5","factor":"proximity"},
{"id":"26","source":"0","target":"5","factor":"orientation_parallel"},
{"id":"27","source":"4","target":"5","factor":"orientation_parallel"},
{"id":"28","source":"0","target":"5","factor":"orientation_perpendicular"},
{"id":"29","source":"4","target":"5","factor":"orientation_perpendicular"},
{"id":"30","source":"0","target":"5","factor":"symmetry"},
{"id":"31","source":"4","target":"5","factor":"symmetry"},
{"id":"32","source":"5","target":"1","factor":"Horizontal-Support"},
{"id":"33","source":"2","target":"5","factor":"proximity"},
{"id":"34","source":"1","target":"5","factor":"proximity"},
{"id":"35","source":"3","target":"5","factor":"proximity"},
{"id":"36","source":"1","target":"5","factor":"orientation_parallel"},
{"id":"37","source":"3","target":"5","factor":"orientation_parallel"},
{"id":"38","source":"2","target":"5","factor":"orientation_parallel"},
{"id":"39","source":"1","target":"5","factor":"orientation_perpendicular"},
{"id":"40","source":"3","target":"5","factor":"orientation_perpendicular"},
{"id":"41","source":"2","target":"5","factor":"orientation_perpendicular"},
{"id":"42","source":"1","target":"2","factor":"proximity"},
{"id":"43","source":"3","target":"1","factor":"proximity"},
{"id":"44","source":"1","target":"3","factor":"orientation_parallel"},
{"id":"45","source":"2","target":"3","factor":"orientation_parallel"},
{"id":"46","source":"2","target":"1","factor":"orientation_parallel"},
{"id":"47","source":"2","target":"3","factor":"orientation_perpendicular"},
{"id":"48","source":"2","target":"1","factor":"orientation_perpendicular"},
{"id":"49","source":"2","target":"2","factor":"symmetry"}
],
"probability":[
{"id":"0","value":0.700721},
{"id":"1","value":0.0582933},
{"id":"2","value":0.0552885},
{"id":"3","value":0.0841346},
{"id":"4","value":0.283053},
{"id":"5","value":0.281851},
{"id":"6","value":0.267428},
{"id":"7","value":0.95613},
{"id":"8","value":0.95012},
{"id":"9","value":0.409255},
{"id":"10","value":0.0841346},
{"id":"11","value":0.68149},
{"id":"12","value":0.977163},
{"id":"13","value":0.89363},
{"id":"14","value":0.700721},
{"id":"15","value":0.0582933},
{"id":"16","value":0.0552885},
{"id":"17","value":0.0841346},
{"id":"18","value":0.283053},
{"id":"19","value":0.281851},
{"id":"20","value":0.267428},
{"id":"21","value":0.95613},
{"id":"22","value":0.95012},
{"id":"23","value":0.409255},
{"id":"24","value":0.0841346},
{"id":"25","value":0.0841346},
{"id":"26","value":0.68149},
{"id":"27","value":0.68149},
{"id":"28","value":0.977163},
{"id":"29","value":0.977163},
{"id":"30","value":0.89363},
{"id":"31","value":0.89363},
{"id":"32","value":0.700721},
{"id":"33","value":0.0582933},
{"id":"34","value":0.0552885},
{"id":"35","value":0.0841346},
{"id":"36","value":0.283053},
{"id":"37","value":0.281851},
{"id":"38","value":0.267428},
{"id":"39","value":0.95613},
{"id":"40","value":0.95012},
{"id":"41","value":0.409255},
{"id":"42","value":0.0594952},
{"id":"43","value":0.0510817},
{"id":"44","value":0.991587},
{"id":"45","value":0.18149},
{"id":"46","value":0.183293},
{"id":"47","value":0.0901442},
{"id":"48","value":0.0901442},
{"id":"49","value":0.0120192}
]}