{
"vertices":[
{"id":"0","name":"wall","Leaves":[{"name":"wall","frequency":0.243422 }],"frequency":0.995192},
{"id":"1","name":"wall_lamp","Leaves":[{"name":"wall_lamp","frequency":0.61244 }],"frequency":0.0769231},
{"id":"2","name":"wall","Leaves":[{"name":"wall","frequency":0.243422 }],"frequency":0.29078},
{"id":"3","name":"wall","Leaves":[{"name":"wall","frequency":0.243422 }],"frequency":0},
{"id":"4","name":"wall","Leaves":[{"name":"wall","frequency":0.243422 }],"frequency":0}
],
"rules":[
{"id":"0","source":"1","target":"0","factor":"orientation_perpendicular"},
{"id":"1","source":"0","target":"1","factor":"orientation_perpendicular"},
{"id":"2","source":"0","target":"2","factor":"proximity"},
{"id":"3","source":"0","target":"2","factor":"orientation_parallel"},
{"id":"4","source":"0","target":"2","factor":"orientation_perpendicular"},
{"id":"5","source":"0","target":"2","factor":"symmetry"},
{"id":"6","source":"1","target":"2","factor":"orientation_perpendicular"},
{"id":"7","source":"2","target":"1","factor":"orientation_perpendicular"},
{"id":"8","source":"0","target":"3","factor":"proximity"},
{"id":"9","source":"2","target":"3","factor":"proximity"},
{"id":"10","source":"0","target":"3","factor":"orientation_parallel"},
{"id":"11","source":"2","target":"3","factor":"orientation_parallel"},
{"id":"12","source":"0","target":"3","factor":"orientation_perpendicular"},
{"id":"13","source":"2","target":"3","factor":"orientation_perpendicular"},
{"id":"14","source":"0","target":"3","factor":"symmetry"},
{"id":"15","source":"2","target":"3","factor":"symmetry"},
{"id":"16","source":"1","target":"3","factor":"orientation_perpendicular"},
{"id":"17","source":"3","target":"1","factor":"orientation_perpendicular"},
{"id":"18","source":"0","target":"4","factor":"proximity"},
{"id":"19","source":"2","target":"4","factor":"proximity"},
{"id":"20","source":"3","target":"4","factor":"proximity"},
{"id":"21","source":"0","target":"4","factor":"orientation_parallel"},
{"id":"22","source":"2","target":"4","factor":"orientation_parallel"},
{"id":"23","source":"3","target":"4","factor":"orientation_parallel"},
{"id":"24","source":"0","target":"4","factor":"orientation_perpendicular"},
{"id":"25","source":"2","target":"4","factor":"orientation_perpendicular"},
{"id":"26","source":"3","target":"4","factor":"orientation_perpendicular"},
{"id":"27","source":"0","target":"4","factor":"symmetry"},
{"id":"28","source":"2","target":"4","factor":"symmetry"},
{"id":"29","source":"3","target":"4","factor":"symmetry"},
{"id":"30","source":"1","target":"4","factor":"orientation_perpendicular"},
{"id":"31","source":"4","target":"1","factor":"orientation_perpendicular"},
{"id":"32","source":"1","target":"1","factor":"symmetry"}
],
"probability":[
{"id":"0","value":0.0793269},
{"id":"1","value":0.0114183},
{"id":"2","value":0.0841346},
{"id":"3","value":0.68149},
{"id":"4","value":0.977163},
{"id":"5","value":0.89363},
{"id":"6","value":0.0793269},
{"id":"7","value":0.0114183},
{"id":"8","value":0.0841346},
{"id":"9","value":0.0841346},
{"id":"10","value":0.68149},
{"id":"11","value":0.68149},
{"id":"12","value":0.977163},
{"id":"13","value":0.977163},
{"id":"14","value":0.89363},
{"id":"15","value":0.89363},
{"id":"16","value":0.0793269},
{"id":"17","value":0.0114183},
{"id":"18","value":0.0841346},
{"id":"19","value":0.0841346},
{"id":"20","value":0.0841346},
{"id":"21","value":0.68149},
{"id":"22","value":0.68149},
{"id":"23","value":0.68149},
{"id":"24","value":0.977163},
{"id":"25","value":0.977163},
{"id":"26","value":0.977163},
{"id":"27","value":0.89363},
{"id":"28","value":0.89363},
{"id":"29","value":0.89363},
{"id":"30","value":0.0793269},
{"id":"31","value":0.0114183},
{"id":"32","value":0.0438702}
]}