{
"vertices":[
{"id":"0","name":"wardrobe_cabinet","Leaves":[{"name":"wardrobe_cabinet","frequency":0.612035 }],"frequency":0.72243},
{"id":"1","name":"wall","Leaves":[{"name":"wall","frequency":0.239375 }],"frequency":0.99486},
{"id":"2","name":"floor","Leaves":[],"frequency":0.998131},
{"id":"3","name":"double_bed","Leaves":[],"frequency":0.657477},
{"id":"4","name":"ceiling","Leaves":[],"frequency":0.996262},
{"id":"5","name":"curtain","Leaves":[{"name":"curtain","frequency":0.769011 }],"frequency":0.378037},
{"id":"6","name":"window","Leaves":[{"name":"window","frequency":0.739849 }],"frequency":0.732243},
{"id":"7","name":"chandelier","Leaves":[{"name":"chandelier","frequency":0.63421 }],"frequency":0.33785},
{"id":"8","name":"rug","Leaves":[{"name":"rug","frequency":0.746561 }],"frequency":0.35514},
{"id":"9","name":"stand","Leaves":[{"name":"stand","frequency":0.665681 }],"frequency":0.420561},
{"id":"10","name":"table_lamp","Leaves":[{"name":"table_lamp","frequency":0.530828 }],"frequency":0.329907},
{"id":"11","name":"dresser","Leaves":[{"name":"dresser","frequency":0.871143 }],"frequency":0.224299},
{"id":"12","name":"desk","Leaves":[{"name":"desk","frequency":0.818461 }],"frequency":0.372897},
{"id":"13","name":"dressing_table","Leaves":[],"frequency":0.191589},
{"id":"14","name":"floor_lamp","Leaves":[{"name":"floor_lamp","frequency":0.836449 }],"frequency":0.16729},
{"id":"15","name":"books","Leaves":[{"name":"books","frequency":0.622951 }],"frequency":0.106542},
{"id":"16","name":"laptop","Leaves":[],"frequency":0.193925},
{"id":"17","name":"television","Leaves":[],"frequency":0.418224},
{"id":"18","name":"air_conditioner","Leaves":[],"frequency":0.110748},
{"id":"19","name":"shelving","Leaves":[{"name":"shelving","frequency":0.662379 }],"frequency":0.192523},
{"id":"20","name":"vase","Leaves":[{"name":"vase","frequency":0.793522 }],"frequency":0.0915888},
{"id":"21","name":"picture_frame","Leaves":[{"name":"picture_frame","frequency":0.603369 }],"frequency":0.184112},
{"id":"22","name":"ottoman","Leaves":[{"name":"ottoman","frequency":0.825806 }],"frequency":0.119626},
{"id":"23","name":"sofa","Leaves":[{"name":"sofa","frequency":0.828125 }],"frequency":0.0990654},
{"id":"24","name":"partition","Leaves":[],"frequency":0.0981308},
{"id":"25","name":"mirror","Leaves":[],"frequency":0.148131},
{"id":"26","name":"heater","Leaves":[],"frequency":0.0528037},
{"id":"27","name":"wall_lamp","Leaves":[{"name":"wall_lamp","frequency":0.571428 }],"frequency":0.0691589},
{"id":"28","name":"wardrobe_cabinet","Leaves":[{"name":"wardrobe_cabinet","frequency":0.612035 }],"frequency":8.11352e-43},
{"id":"29","name":"wall","Leaves":[{"name":"wall","frequency":0.239375 }],"frequency":0},
{"id":"30","name":"wall","Leaves":[{"name":"wall","frequency":0.239375 }],"frequency":0}
],
"rules":[
{"id":"0","source":"1","target":"0","factor":"proximity"},
{"id":"1","source":"4","target":"0","factor":"proximity"},
{"id":"2","source":"10","target":"0","factor":"proximity"},
{"id":"3","source":"0","target":"1","factor":"orientation_parallel"},
{"id":"4","source":"0","target":"12","factor":"orientation_parallel"},
{"id":"5","source":"0","target":"2","factor":"orientation_parallel"},
{"id":"6","source":"0","target":"4","factor":"orientation_parallel"},
{"id":"7","source":"0","target":"10","factor":"orientation_parallel"},
{"id":"8","source":"0","target":"9","factor":"orientation_parallel"},
{"id":"9","source":"0","target":"6","factor":"orientation_parallel"},
{"id":"10","source":"0","target":"5","factor":"orientation_parallel"},
{"id":"11","source":"3","target":"0","factor":"orientation_parallel"},
{"id":"12","source":"0","target":"8","factor":"orientation_parallel"},
{"id":"13","source":"0","target":"7","factor":"orientation_parallel"},
{"id":"14","source":"0","target":"17","factor":"orientation_parallel"},
{"id":"15","source":"0","target":"19","factor":"orientation_perpendicular"},
{"id":"16","source":"0","target":"1","factor":"orientation_perpendicular"},
{"id":"17","source":"0","target":"9","factor":"orientation_perpendicular"},
{"id":"18","source":"0","target":"2","factor":"orientation_perpendicular"},
{"id":"19","source":"0","target":"4","factor":"orientation_perpendicular"},
{"id":"20","source":"0","target":"12","factor":"orientation_perpendicular"},
{"id":"21","source":"0","target":"16","factor":"orientation_perpendicular"},
{"id":"22","source":"0","target":"5","factor":"orientation_perpendicular"},
{"id":"23","source":"0","target":"7","factor":"orientation_perpendicular"},
{"id":"24","source":"0","target":"8","factor":"orientation_perpendicular"},
{"id":"25","source":"0","target":"17","factor":"orientation_perpendicular"},
{"id":"26","source":"0","target":"21","factor":"orientation_perpendicular"},
{"id":"27","source":"0","target":"10","factor":"orientation_perpendicular"},
{"id":"28","source":"0","target":"15","factor":"orientation_perpendicular"},
{"id":"29","source":"3","target":"0","factor":"orientation_perpendicular"},
{"id":"30","source":"0","target":"6","factor":"orientation_perpendicular"},
{"id":"31","source":"0","target":"14","factor":"orientation_perpendicular"},
{"id":"32","source":"9","target":"0","factor":"orientation_perpendicular"},
{"id":"33","source":"8","target":"0","factor":"orientation_perpendicular"},
{"id":"34","source":"5","target":"0","factor":"orientation_perpendicular"},
{"id":"35","source":"16","target":"0","factor":"orientation_perpendicular"},
{"id":"36","source":"10","target":"0","factor":"orientation_perpendicular"},
{"id":"37","source":"1","target":"0","factor":"orientation_perpendicular"},
{"id":"38","source":"0","target":"24","factor":"orientation_perpendicular"},
{"id":"39","source":"0","target":"11","factor":"orientation_perpendicular"},
{"id":"40","source":"0","target":"20","factor":"orientation_perpendicular"},
{"id":"41","source":"0","target":"13","factor":"orientation_perpendicular"},
{"id":"42","source":"6","target":"0","factor":"orientation_perpendicular"},
{"id":"43","source":"0","target":"18","factor":"orientation_perpendicular"},
{"id":"44","source":"12","target":"0","factor":"orientation_perpendicular"},
{"id":"45","source":"0","target":"26","factor":"orientation_perpendicular"},
{"id":"46","source":"4","target":"0","factor":"orientation_perpendicular"},
{"id":"47","source":"2","target":"0","factor":"orientation_perpendicular"},
{"id":"48","source":"7","target":"0","factor":"orientation_perpendicular"},
{"id":"49","source":"24","target":"0","factor":"orientation_perpendicular"},
{"id":"50","source":"0","target":"22","factor":"orientation_perpendicular"},
{"id":"51","source":"22","target":"0","factor":"orientation_perpendicular"},
{"id":"52","source":"0","target":"25","factor":"orientation_perpendicular"},
{"id":"53","source":"0","target":"27","factor":"orientation_perpendicular"},
{"id":"54","source":"17","target":"0","factor":"orientation_perpendicular"},
{"id":"55","source":"19","target":"0","factor":"orientation_perpendicular"},
{"id":"56","source":"3","target":"0","factor":"side_to_side"},
{"id":"57","source":"0","target":"28","factor":"orientation_parallel"},
{"id":"58","source":"0","target":"28","factor":"orientation_perpendicular"},
{"id":"59","source":"0","target":"28","factor":"symmetry"},
{"id":"60","source":"1","target":"28","factor":"proximity"},
{"id":"61","source":"4","target":"28","factor":"proximity"},
{"id":"62","source":"10","target":"28","factor":"proximity"},
{"id":"63","source":"28","target":"1","factor":"orientation_parallel"},
{"id":"64","source":"28","target":"12","factor":"orientation_parallel"},
{"id":"65","source":"28","target":"2","factor":"orientation_parallel"},
{"id":"66","source":"28","target":"4","factor":"orientation_parallel"},
{"id":"67","source":"28","target":"10","factor":"orientation_parallel"},
{"id":"68","source":"28","target":"9","factor":"orientation_parallel"},
{"id":"69","source":"28","target":"6","factor":"orientation_parallel"},
{"id":"70","source":"28","target":"5","factor":"orientation_parallel"},
{"id":"71","source":"3","target":"28","factor":"orientation_parallel"},
{"id":"72","source":"28","target":"8","factor":"orientation_parallel"},
{"id":"73","source":"28","target":"7","factor":"orientation_parallel"},
{"id":"74","source":"28","target":"17","factor":"orientation_parallel"},
{"id":"75","source":"28","target":"19","factor":"orientation_perpendicular"},
{"id":"76","source":"28","target":"1","factor":"orientation_perpendicular"},
{"id":"77","source":"28","target":"9","factor":"orientation_perpendicular"},
{"id":"78","source":"28","target":"2","factor":"orientation_perpendicular"},
{"id":"79","source":"28","target":"4","factor":"orientation_perpendicular"},
{"id":"80","source":"28","target":"12","factor":"orientation_perpendicular"},
{"id":"81","source":"28","target":"16","factor":"orientation_perpendicular"},
{"id":"82","source":"28","target":"5","factor":"orientation_perpendicular"},
{"id":"83","source":"28","target":"7","factor":"orientation_perpendicular"},
{"id":"84","source":"28","target":"8","factor":"orientation_perpendicular"},
{"id":"85","source":"28","target":"17","factor":"orientation_perpendicular"},
{"id":"86","source":"28","target":"21","factor":"orientation_perpendicular"},
{"id":"87","source":"28","target":"10","factor":"orientation_perpendicular"},
{"id":"88","source":"28","target":"15","factor":"orientation_perpendicular"},
{"id":"89","source":"3","target":"28","factor":"orientation_perpendicular"},
{"id":"90","source":"28","target":"6","factor":"orientation_perpendicular"},
{"id":"91","source":"28","target":"14","factor":"orientation_perpendicular"},
{"id":"92","source":"9","target":"28","factor":"orientation_perpendicular"},
{"id":"93","source":"8","target":"28","factor":"orientation_perpendicular"},
{"id":"94","source":"5","target":"28","factor":"orientation_perpendicular"},
{"id":"95","source":"16","target":"28","factor":"orientation_perpendicular"},
{"id":"96","source":"10","target":"28","factor":"orientation_perpendicular"},
{"id":"97","source":"1","target":"28","factor":"orientation_perpendicular"},
{"id":"98","source":"28","target":"24","factor":"orientation_perpendicular"},
{"id":"99","source":"28","target":"11","factor":"orientation_perpendicular"},
{"id":"100","source":"28","target":"20","factor":"orientation_perpendicular"},
{"id":"101","source":"28","target":"13","factor":"orientation_perpendicular"},
{"id":"102","source":"6","target":"28","factor":"orientation_perpendicular"},
{"id":"103","source":"28","target":"18","factor":"orientation_perpendicular"},
{"id":"104","source":"12","target":"28","factor":"orientation_perpendicular"},
{"id":"105","source":"28","target":"26","factor":"orientation_perpendicular"},
{"id":"106","source":"4","target":"28","factor":"orientation_perpendicular"},
{"id":"107","source":"2","target":"28","factor":"orientation_perpendicular"},
{"id":"108","source":"7","target":"28","factor":"orientation_perpendicular"},
{"id":"109","source":"24","target":"28","factor":"orientation_perpendicular"},
{"id":"110","source":"28","target":"22","factor":"orientation_perpendicular"},
{"id":"111","source":"22","target":"28","factor":"orientation_perpendicular"},
{"id":"112","source":"28","target":"25","factor":"orientation_perpendicular"},
{"id":"113","source":"28","target":"27","factor":"orientation_perpendicular"},
{"id":"114","source":"17","target":"28","factor":"orientation_perpendicular"},
{"id":"115","source":"19","target":"28","factor":"orientation_perpendicular"},
{"id":"116","source":"3","target":"28","factor":"side_to_side"},
{"id":"117","source":"1","target":"2","factor":"Horizontal-Support"},
{"id":"118","source":"4","target":"1","factor":"proximity"},
{"id":"119","source":"3","target":"1","factor":"proximity"},
{"id":"120","source":"5","target":"1","factor":"proximity"},
{"id":"121","source":"1","target":"6","factor":"proximity"},
{"id":"122","source":"9","target":"1","factor":"proximity"},
{"id":"123","source":"2","target":"1","factor":"proximity"},
{"id":"124","source":"11","target":"1","factor":"proximity"},
{"id":"125","source":"12","target":"1","factor":"proximity"},
{"id":"126","source":"13","target":"1","factor":"proximity"},
{"id":"127","source":"14","target":"1","factor":"proximity"},
{"id":"128","source":"15","target":"1","factor":"proximity"},
{"id":"129","source":"13","target":"1","factor":"orientation_parallel"},
{"id":"130","source":"3","target":"1","factor":"orientation_parallel"},
{"id":"131","source":"9","target":"1","factor":"orientation_parallel"},
{"id":"132","source":"2","target":"1","factor":"orientation_parallel"},
{"id":"133","source":"4","target":"1","factor":"orientation_parallel"},
{"id":"134","source":"12","target":"1","factor":"orientation_parallel"},
{"id":"135","source":"16","target":"1","factor":"orientation_parallel"},
{"id":"136","source":"21","target":"1","factor":"orientation_parallel"},
{"id":"137","source":"11","target":"1","factor":"orientation_parallel"},
{"id":"138","source":"5","target":"1","factor":"orientation_parallel"},
{"id":"139","source":"17","target":"1","factor":"orientation_parallel"},
{"id":"140","source":"6","target":"1","factor":"orientation_parallel"},
{"id":"141","source":"23","target":"1","factor":"orientation_parallel"},
{"id":"142","source":"19","target":"1","factor":"orientation_parallel"},
{"id":"143","source":"8","target":"1","factor":"orientation_parallel"},
{"id":"144","source":"25","target":"1","factor":"orientation_parallel"},
{"id":"145","source":"22","target":"1","factor":"orientation_parallel"},
{"id":"146","source":"7","target":"1","factor":"orientation_parallel"},
{"id":"147","source":"3","target":"1","factor":"orientation_perpendicular"},
{"id":"148","source":"13","target":"1","factor":"orientation_perpendicular"},
{"id":"149","source":"23","target":"1","factor":"orientation_perpendicular"},
{"id":"150","source":"4","target":"1","factor":"orientation_perpendicular"},
{"id":"151","source":"2","target":"1","factor":"orientation_perpendicular"},
{"id":"152","source":"1","target":"6","factor":"orientation_perpendicular"},
{"id":"153","source":"1","target":"19","factor":"orientation_perpendicular"},
{"id":"154","source":"6","target":"1","factor":"orientation_perpendicular"},
{"id":"155","source":"9","target":"1","factor":"orientation_perpendicular"},
{"id":"156","source":"5","target":"1","factor":"orientation_perpendicular"},
{"id":"157","source":"12","target":"1","factor":"orientation_perpendicular"},
{"id":"158","source":"1","target":"16","factor":"orientation_perpendicular"},
{"id":"159","source":"7","target":"1","factor":"orientation_perpendicular"},
{"id":"160","source":"8","target":"1","factor":"orientation_perpendicular"},
{"id":"161","source":"17","target":"1","factor":"orientation_perpendicular"},
{"id":"162","source":"21","target":"1","factor":"orientation_perpendicular"},
{"id":"163","source":"10","target":"1","factor":"orientation_perpendicular"},
{"id":"164","source":"15","target":"1","factor":"orientation_perpendicular"},
{"id":"165","source":"11","target":"1","factor":"orientation_perpendicular"},
{"id":"166","source":"22","target":"1","factor":"orientation_perpendicular"},
{"id":"167","source":"20","target":"1","factor":"orientation_perpendicular"},
{"id":"168","source":"26","target":"1","factor":"orientation_perpendicular"},
{"id":"169","source":"18","target":"1","factor":"orientation_perpendicular"},
{"id":"170","source":"16","target":"1","factor":"orientation_perpendicular"},
{"id":"171","source":"1","target":"14","factor":"orientation_perpendicular"},
{"id":"172","source":"14","target":"1","factor":"orientation_perpendicular"},
{"id":"173","source":"19","target":"1","factor":"orientation_perpendicular"},
{"id":"174","source":"24","target":"1","factor":"orientation_perpendicular"},
{"id":"175","source":"1","target":"27","factor":"orientation_perpendicular"},
{"id":"176","source":"27","target":"1","factor":"orientation_perpendicular"},
{"id":"177","source":"1","target":"10","factor":"orientation_perpendicular"},
{"id":"178","source":"1","target":"9","factor":"orientation_perpendicular"},
{"id":"179","source":"25","target":"1","factor":"orientation_perpendicular"},
{"id":"180","source":"1","target":"7","factor":"orientation_perpendicular"},
{"id":"181","source":"1","target":"21","factor":"orientation_perpendicular"},
{"id":"182","source":"1","target":"5","factor":"orientation_perpendicular"},
{"id":"183","source":"1","target":"8","factor":"orientation_perpendicular"},
{"id":"184","source":"1","target":"29","factor":"proximity"},
{"id":"185","source":"1","target":"29","factor":"orientation_parallel"},
{"id":"186","source":"1","target":"29","factor":"orientation_perpendicular"},
{"id":"187","source":"1","target":"29","factor":"symmetry"},
{"id":"188","source":"1","target":"29","factor":"side_to_side"},
{"id":"189","source":"29","target":"2","factor":"Horizontal-Support"},
{"id":"190","source":"4","target":"29","factor":"proximity"},
{"id":"191","source":"3","target":"29","factor":"proximity"},
{"id":"192","source":"5","target":"29","factor":"proximity"},
{"id":"193","source":"29","target":"6","factor":"proximity"},
{"id":"194","source":"9","target":"29","factor":"proximity"},
{"id":"195","source":"2","target":"29","factor":"proximity"},
{"id":"196","source":"11","target":"29","factor":"proximity"},
{"id":"197","source":"12","target":"29","factor":"proximity"},
{"id":"198","source":"13","target":"29","factor":"proximity"},
{"id":"199","source":"14","target":"29","factor":"proximity"},
{"id":"200","source":"15","target":"29","factor":"proximity"},
{"id":"201","source":"13","target":"29","factor":"orientation_parallel"},
{"id":"202","source":"3","target":"29","factor":"orientation_parallel"},
{"id":"203","source":"9","target":"29","factor":"orientation_parallel"},
{"id":"204","source":"2","target":"29","factor":"orientation_parallel"},
{"id":"205","source":"4","target":"29","factor":"orientation_parallel"},
{"id":"206","source":"12","target":"29","factor":"orientation_parallel"},
{"id":"207","source":"16","target":"29","factor":"orientation_parallel"},
{"id":"208","source":"21","target":"29","factor":"orientation_parallel"},
{"id":"209","source":"11","target":"29","factor":"orientation_parallel"},
{"id":"210","source":"5","target":"29","factor":"orientation_parallel"},
{"id":"211","source":"17","target":"29","factor":"orientation_parallel"},
{"id":"212","source":"6","target":"29","factor":"orientation_parallel"},
{"id":"213","source":"23","target":"29","factor":"orientation_parallel"},
{"id":"214","source":"19","target":"29","factor":"orientation_parallel"},
{"id":"215","source":"8","target":"29","factor":"orientation_parallel"},
{"id":"216","source":"25","target":"29","factor":"orientation_parallel"},
{"id":"217","source":"22","target":"29","factor":"orientation_parallel"},
{"id":"218","source":"7","target":"29","factor":"orientation_parallel"},
{"id":"219","source":"3","target":"29","factor":"orientation_perpendicular"},
{"id":"220","source":"13","target":"29","factor":"orientation_perpendicular"},
{"id":"221","source":"23","target":"29","factor":"orientation_perpendicular"},
{"id":"222","source":"4","target":"29","factor":"orientation_perpendicular"},
{"id":"223","source":"2","target":"29","factor":"orientation_perpendicular"},
{"id":"224","source":"29","target":"6","factor":"orientation_perpendicular"},
{"id":"225","source":"29","target":"19","factor":"orientation_perpendicular"},
{"id":"226","source":"6","target":"29","factor":"orientation_perpendicular"},
{"id":"227","source":"9","target":"29","factor":"orientation_perpendicular"},
{"id":"228","source":"5","target":"29","factor":"orientation_perpendicular"},
{"id":"229","source":"12","target":"29","factor":"orientation_perpendicular"},
{"id":"230","source":"29","target":"16","factor":"orientation_perpendicular"},
{"id":"231","source":"7","target":"29","factor":"orientation_perpendicular"},
{"id":"232","source":"8","target":"29","factor":"orientation_perpendicular"},
{"id":"233","source":"17","target":"29","factor":"orientation_perpendicular"},
{"id":"234","source":"21","target":"29","factor":"orientation_perpendicular"},
{"id":"235","source":"10","target":"29","factor":"orientation_perpendicular"},
{"id":"236","source":"15","target":"29","factor":"orientation_perpendicular"},
{"id":"237","source":"11","target":"29","factor":"orientation_perpendicular"},
{"id":"238","source":"22","target":"29","factor":"orientation_perpendicular"},
{"id":"239","source":"20","target":"29","factor":"orientation_perpendicular"},
{"id":"240","source":"26","target":"29","factor":"orientation_perpendicular"},
{"id":"241","source":"18","target":"29","factor":"orientation_perpendicular"},
{"id":"242","source":"16","target":"29","factor":"orientation_perpendicular"},
{"id":"243","source":"29","target":"14","factor":"orientation_perpendicular"},
{"id":"244","source":"14","target":"29","factor":"orientation_perpendicular"},
{"id":"245","source":"19","target":"29","factor":"orientation_perpendicular"},
{"id":"246","source":"24","target":"29","factor":"orientation_perpendicular"},
{"id":"247","source":"29","target":"27","factor":"orientation_perpendicular"},
{"id":"248","source":"27","target":"29","factor":"orientation_perpendicular"},
{"id":"249","source":"29","target":"10","factor":"orientation_perpendicular"},
{"id":"250","source":"29","target":"9","factor":"orientation_perpendicular"},
{"id":"251","source":"25","target":"29","factor":"orientation_perpendicular"},
{"id":"252","source":"29","target":"7","factor":"orientation_perpendicular"},
{"id":"253","source":"29","target":"21","factor":"orientation_perpendicular"},
{"id":"254","source":"29","target":"5","factor":"orientation_perpendicular"},
{"id":"255","source":"29","target":"8","factor":"orientation_perpendicular"},
{"id":"256","source":"1","target":"30","factor":"proximity"},
{"id":"257","source":"29","target":"30","factor":"proximity"},
{"id":"258","source":"1","target":"30","factor":"orientation_parallel"},
{"id":"259","source":"29","target":"30","factor":"orientation_parallel"},
{"id":"260","source":"1","target":"30","factor":"orientation_perpendicular"},
{"id":"261","source":"29","target":"30","factor":"orientation_perpendicular"},
{"id":"262","source":"1","target":"30","factor":"symmetry"},
{"id":"263","source":"29","target":"30","factor":"symmetry"},
{"id":"264","source":"1","target":"30","factor":"side_to_side"},
{"id":"265","source":"29","target":"30","factor":"side_to_side"},
{"id":"266","source":"30","target":"2","factor":"Horizontal-Support"},
{"id":"267","source":"4","target":"30","factor":"proximity"},
{"id":"268","source":"3","target":"30","factor":"proximity"},
{"id":"269","source":"5","target":"30","factor":"proximity"},
{"id":"270","source":"30","target":"6","factor":"proximity"},
{"id":"271","source":"9","target":"30","factor":"proximity"},
{"id":"272","source":"2","target":"30","factor":"proximity"},
{"id":"273","source":"11","target":"30","factor":"proximity"},
{"id":"274","source":"12","target":"30","factor":"proximity"},
{"id":"275","source":"13","target":"30","factor":"proximity"},
{"id":"276","source":"14","target":"30","factor":"proximity"},
{"id":"277","source":"15","target":"30","factor":"proximity"},
{"id":"278","source":"13","target":"30","factor":"orientation_parallel"},
{"id":"279","source":"3","target":"30","factor":"orientation_parallel"},
{"id":"280","source":"9","target":"30","factor":"orientation_parallel"},
{"id":"281","source":"2","target":"30","factor":"orientation_parallel"},
{"id":"282","source":"4","target":"30","factor":"orientation_parallel"},
{"id":"283","source":"12","target":"30","factor":"orientation_parallel"},
{"id":"284","source":"16","target":"30","factor":"orientation_parallel"},
{"id":"285","source":"21","target":"30","factor":"orientation_parallel"},
{"id":"286","source":"11","target":"30","factor":"orientation_parallel"},
{"id":"287","source":"5","target":"30","factor":"orientation_parallel"},
{"id":"288","source":"17","target":"30","factor":"orientation_parallel"},
{"id":"289","source":"6","target":"30","factor":"orientation_parallel"},
{"id":"290","source":"23","target":"30","factor":"orientation_parallel"},
{"id":"291","source":"19","target":"30","factor":"orientation_parallel"},
{"id":"292","source":"8","target":"30","factor":"orientation_parallel"},
{"id":"293","source":"25","target":"30","factor":"orientation_parallel"},
{"id":"294","source":"22","target":"30","factor":"orientation_parallel"},
{"id":"295","source":"7","target":"30","factor":"orientation_parallel"},
{"id":"296","source":"3","target":"30","factor":"orientation_perpendicular"},
{"id":"297","source":"13","target":"30","factor":"orientation_perpendicular"},
{"id":"298","source":"23","target":"30","factor":"orientation_perpendicular"},
{"id":"299","source":"4","target":"30","factor":"orientation_perpendicular"},
{"id":"300","source":"2","target":"30","factor":"orientation_perpendicular"},
{"id":"301","source":"30","target":"6","factor":"orientation_perpendicular"},
{"id":"302","source":"30","target":"19","factor":"orientation_perpendicular"},
{"id":"303","source":"6","target":"30","factor":"orientation_perpendicular"},
{"id":"304","source":"9","target":"30","factor":"orientation_perpendicular"},
{"id":"305","source":"5","target":"30","factor":"orientation_perpendicular"},
{"id":"306","source":"12","target":"30","factor":"orientation_perpendicular"},
{"id":"307","source":"30","target":"16","factor":"orientation_perpendicular"},
{"id":"308","source":"7","target":"30","factor":"orientation_perpendicular"},
{"id":"309","source":"8","target":"30","factor":"orientation_perpendicular"},
{"id":"310","source":"17","target":"30","factor":"orientation_perpendicular"},
{"id":"311","source":"21","target":"30","factor":"orientation_perpendicular"},
{"id":"312","source":"10","target":"30","factor":"orientation_perpendicular"},
{"id":"313","source":"15","target":"30","factor":"orientation_perpendicular"},
{"id":"314","source":"11","target":"30","factor":"orientation_perpendicular"},
{"id":"315","source":"22","target":"30","factor":"orientation_perpendicular"},
{"id":"316","source":"20","target":"30","factor":"orientation_perpendicular"},
{"id":"317","source":"26","target":"30","factor":"orientation_perpendicular"},
{"id":"318","source":"18","target":"30","factor":"orientation_perpendicular"},
{"id":"319","source":"16","target":"30","factor":"orientation_perpendicular"},
{"id":"320","source":"30","target":"14","factor":"orientation_perpendicular"},
{"id":"321","source":"14","target":"30","factor":"orientation_perpendicular"},
{"id":"322","source":"19","target":"30","factor":"orientation_perpendicular"},
{"id":"323","source":"24","target":"30","factor":"orientation_perpendicular"},
{"id":"324","source":"30","target":"27","factor":"orientation_perpendicular"},
{"id":"325","source":"27","target":"30","factor":"orientation_perpendicular"},
{"id":"326","source":"30","target":"10","factor":"orientation_perpendicular"},
{"id":"327","source":"30","target":"9","factor":"orientation_perpendicular"},
{"id":"328","source":"25","target":"30","factor":"orientation_perpendicular"},
{"id":"329","source":"30","target":"7","factor":"orientation_perpendicular"},
{"id":"330","source":"30","target":"21","factor":"orientation_perpendicular"},
{"id":"331","source":"30","target":"5","factor":"orientation_perpendicular"},
{"id":"332","source":"30","target":"8","factor":"orientation_perpendicular"},
{"id":"333","source":"3","target":"2","factor":"proximity"},
{"id":"334","source":"5","target":"6","factor":"proximity"},
{"id":"335","source":"4","target":"7","factor":"proximity"},
{"id":"336","source":"2","target":"8","factor":"proximity"},
{"id":"337","source":"4","target":"3","factor":"proximity"},
{"id":"338","source":"4","target":"5","factor":"proximity"},
{"id":"339","source":"5","target":"3","factor":"proximity"},
{"id":"340","source":"3","target":"9","factor":"proximity"},
{"id":"341","source":"9","target":"10","factor":"proximity"},
{"id":"342","source":"4","target":"2","factor":"proximity"},
{"id":"343","source":"4","target":"12","factor":"proximity"},
{"id":"344","source":"3","target":"8","factor":"proximity"},
{"id":"345","source":"15","target":"4","factor":"proximity"},
{"id":"346","source":"3","target":"11","factor":"proximity"},
{"id":"347","source":"12","target":"16","factor":"proximity"},
{"id":"348","source":"4","target":"17","factor":"proximity"},
{"id":"349","source":"18","target":"4","factor":"proximity"},
{"id":"350","source":"5","target":"2","factor":"proximity"},
{"id":"351","source":"3","target":"10","factor":"proximity"},
{"id":"352","source":"4","target":"13","factor":"proximity"},
{"id":"353","source":"11","target":"2","factor":"proximity"},
{"id":"354","source":"3","target":"4","factor":"orientation_parallel"},
{"id":"355","source":"3","target":"2","factor":"orientation_parallel"},
{"id":"356","source":"3","target":"6","factor":"orientation_parallel"},
{"id":"357","source":"4","target":"2","factor":"orientation_parallel"},
{"id":"358","source":"4","target":"6","factor":"orientation_parallel"},
{"id":"359","source":"4","target":"19","factor":"orientation_parallel"},
{"id":"360","source":"2","target":"6","factor":"orientation_parallel"},
{"id":"361","source":"2","target":"19","factor":"orientation_parallel"},
{"id":"362","source":"6","target":"6","factor":"orientation_parallel"},
{"id":"363","source":"3","target":"9","factor":"orientation_parallel"},
{"id":"364","source":"4","target":"5","factor":"orientation_parallel"},
{"id":"365","source":"4","target":"10","factor":"orientation_parallel"},
{"id":"366","source":"4","target":"20","factor":"orientation_parallel"},
{"id":"367","source":"2","target":"5","factor":"orientation_parallel"},
{"id":"368","source":"2","target":"10","factor":"orientation_parallel"},
{"id":"369","source":"2","target":"20","factor":"orientation_parallel"},
{"id":"370","source":"6","target":"5","factor":"orientation_parallel"},
{"id":"371","source":"6","target":"10","factor":"orientation_parallel"},
{"id":"372","source":"9","target":"9","factor":"orientation_parallel"},
{"id":"373","source":"5","target":"10","factor":"orientation_parallel"},
{"id":"374","source":"10","target":"10","factor":"orientation_parallel"},
{"id":"375","source":"2","target":"12","factor":"orientation_parallel"},
{"id":"376","source":"2","target":"16","factor":"orientation_parallel"},
{"id":"377","source":"4","target":"12","factor":"orientation_parallel"},
{"id":"378","source":"4","target":"16","factor":"orientation_parallel"},
{"id":"379","source":"12","target":"16","factor":"orientation_parallel"},
{"id":"380","source":"4","target":"9","factor":"orientation_parallel"},
{"id":"381","source":"2","target":"9","factor":"orientation_parallel"},
{"id":"382","source":"2","target":"7","factor":"orientation_parallel"},
{"id":"383","source":"2","target":"8","factor":"orientation_parallel"},
{"id":"384","source":"2","target":"17","factor":"orientation_parallel"},
{"id":"385","source":"4","target":"7","factor":"orientation_parallel"},
{"id":"386","source":"4","target":"8","factor":"orientation_parallel"},
{"id":"387","source":"4","target":"17","factor":"orientation_parallel"},
{"id":"388","source":"9","target":"10","factor":"orientation_parallel"},
{"id":"389","source":"5","target":"7","factor":"orientation_parallel"},
{"id":"390","source":"5","target":"8","factor":"orientation_parallel"},
{"id":"391","source":"7","target":"7","factor":"orientation_parallel"},
{"id":"392","source":"7","target":"8","factor":"orientation_parallel"},
{"id":"393","source":"7","target":"10","factor":"orientation_parallel"},
{"id":"394","source":"8","target":"8","factor":"orientation_parallel"},
{"id":"395","source":"8","target":"10","factor":"orientation_parallel"},
{"id":"396","source":"10","target":"8","factor":"orientation_parallel"},
{"id":"397","source":"3","target":"21","factor":"orientation_parallel"},
{"id":"398","source":"3","target":"7","factor":"orientation_parallel"},
{"id":"399","source":"3","target":"10","factor":"orientation_parallel"},
{"id":"400","source":"4","target":"21","factor":"orientation_parallel"},
{"id":"401","source":"4","target":"22","factor":"orientation_parallel"},
{"id":"402","source":"2","target":"21","factor":"orientation_parallel"},
{"id":"403","source":"2","target":"22","factor":"orientation_parallel"},
{"id":"404","source":"6","target":"9","factor":"orientation_parallel"},
{"id":"405","source":"6","target":"7","factor":"orientation_parallel"},
{"id":"406","source":"2","target":"14","factor":"orientation_parallel"},
{"id":"407","source":"4","target":"14","factor":"orientation_parallel"},
{"id":"408","source":"3","target":"17","factor":"orientation_parallel"},
{"id":"409","source":"4","target":"11","factor":"orientation_parallel"},
{"id":"410","source":"2","target":"11","factor":"orientation_parallel"},
{"id":"411","source":"3","target":"8","factor":"orientation_parallel"},
{"id":"412","source":"3","target":"5","factor":"orientation_parallel"},
{"id":"413","source":"2","target":"24","factor":"orientation_parallel"},
{"id":"414","source":"4","target":"24","factor":"orientation_parallel"},
{"id":"415","source":"12","target":"24","factor":"orientation_parallel"},
{"id":"416","source":"6","target":"8","factor":"orientation_parallel"},
{"id":"417","source":"12","target":"8","factor":"orientation_parallel"},
{"id":"418","source":"12","target":"10","factor":"orientation_parallel"},
{"id":"419","source":"12","target":"7","factor":"orientation_parallel"},
{"id":"420","source":"4","target":"13","factor":"orientation_parallel"},
{"id":"421","source":"2","target":"13","factor":"orientation_parallel"},
{"id":"422","source":"4","target":"24","factor":"orientation_perpendicular"},
{"id":"423","source":"2","target":"24","factor":"orientation_perpendicular"},
{"id":"424","source":"4","target":"9","factor":"orientation_perpendicular"},
{"id":"425","source":"2","target":"9","factor":"orientation_perpendicular"},
{"id":"426","source":"6","target":"9","factor":"orientation_perpendicular"},
{"id":"427","source":"3","target":"8","factor":"orientation_perpendicular"},
{"id":"428","source":"2","target":"8","factor":"orientation_perpendicular"},
{"id":"429","source":"4","target":"8","factor":"orientation_perpendicular"},
{"id":"430","source":"12","target":"8","factor":"orientation_perpendicular"},
{"id":"431","source":"4","target":"25","factor":"orientation_perpendicular"},
{"id":"432","source":"2","target":"25","factor":"orientation_perpendicular"},
{"id":"433","source":"9","target":"25","factor":"orientation_perpendicular"},
{"id":"434","source":"17","target":"25","factor":"orientation_perpendicular"},
{"id":"435","source":"2","target":"16","factor":"orientation_perpendicular"},
{"id":"436","source":"2","target":"15","factor":"orientation_perpendicular"},
{"id":"437","source":"4","target":"16","factor":"orientation_perpendicular"},
{"id":"438","source":"4","target":"15","factor":"orientation_perpendicular"},
{"id":"439","source":"9","target":"16","factor":"orientation_perpendicular"},
{"id":"440","source":"9","target":"15","factor":"orientation_perpendicular"},
{"id":"441","source":"5","target":"16","factor":"orientation_perpendicular"},
{"id":"442","source":"5","target":"15","factor":"orientation_perpendicular"},
{"id":"443","source":"7","target":"16","factor":"orientation_perpendicular"},
{"id":"444","source":"7","target":"15","factor":"orientation_perpendicular"},
{"id":"445","source":"19","target":"16","factor":"orientation_perpendicular"},
{"id":"446","source":"19","target":"15","factor":"orientation_perpendicular"},
{"id":"447","source":"17","target":"16","factor":"orientation_perpendicular"},
{"id":"448","source":"17","target":"15","factor":"orientation_perpendicular"},
{"id":"449","source":"21","target":"21","factor":"orientation_perpendicular"},
{"id":"450","source":"21","target":"10","factor":"orientation_perpendicular"},
{"id":"451","source":"10","target":"15","factor":"orientation_perpendicular"},
{"id":"452","source":"3","target":"12","factor":"orientation_perpendicular"},
{"id":"453","source":"3","target":"16","factor":"orientation_perpendicular"},
{"id":"454","source":"4","target":"12","factor":"orientation_perpendicular"},
{"id":"455","source":"2","target":"12","factor":"orientation_perpendicular"},
{"id":"456","source":"11","target":"21","factor":"orientation_perpendicular"},
{"id":"457","source":"11","target":"22","factor":"orientation_perpendicular"},
{"id":"458","source":"11","target":"7","factor":"orientation_perpendicular"},
{"id":"459","source":"11","target":"9","factor":"orientation_perpendicular"},
{"id":"460","source":"11","target":"10","factor":"orientation_perpendicular"},
{"id":"461","source":"10","target":"16","factor":"orientation_perpendicular"},
{"id":"462","source":"4","target":"6","factor":"orientation_perpendicular"},
{"id":"463","source":"4","target":"14","factor":"orientation_perpendicular"},
{"id":"464","source":"2","target":"6","factor":"orientation_perpendicular"},
{"id":"465","source":"2","target":"14","factor":"orientation_perpendicular"},
{"id":"466","source":"11","target":"6","factor":"orientation_perpendicular"},
{"id":"467","source":"11","target":"19","factor":"orientation_perpendicular"},
{"id":"468","source":"11","target":"18","factor":"orientation_perpendicular"},
{"id":"469","source":"6","target":"14","factor":"orientation_perpendicular"},
{"id":"470","source":"7","target":"9","factor":"orientation_perpendicular"},
{"id":"471","source":"19","target":"14","factor":"orientation_perpendicular"},
{"id":"472","source":"19","target":"9","factor":"orientation_perpendicular"},
{"id":"473","source":"3","target":"6","factor":"orientation_perpendicular"},
{"id":"474","source":"3","target":"2","factor":"orientation_perpendicular"},
{"id":"475","source":"3","target":"4","factor":"orientation_perpendicular"},
{"id":"476","source":"3","target":"20","factor":"orientation_perpendicular"},
{"id":"477","source":"3","target":"7","factor":"orientation_perpendicular"},
{"id":"478","source":"3","target":"19","factor":"orientation_perpendicular"},
{"id":"479","source":"3","target":"26","factor":"orientation_perpendicular"},
{"id":"480","source":"6","target":"17","factor":"orientation_perpendicular"},
{"id":"481","source":"6","target":"16","factor":"orientation_perpendicular"},
{"id":"482","source":"6","target":"21","factor":"orientation_perpendicular"},
{"id":"483","source":"2","target":"11","factor":"orientation_perpendicular"},
{"id":"484","source":"2","target":"17","factor":"orientation_perpendicular"},
{"id":"485","source":"2","target":"21","factor":"orientation_perpendicular"},
{"id":"486","source":"4","target":"11","factor":"orientation_perpendicular"},
{"id":"487","source":"4","target":"17","factor":"orientation_perpendicular"},
{"id":"488","source":"4","target":"21","factor":"orientation_perpendicular"},
{"id":"489","source":"7","target":"17","factor":"orientation_perpendicular"},
{"id":"490","source":"7","target":"21","factor":"orientation_perpendicular"},
{"id":"491","source":"17","target":"7","factor":"orientation_perpendicular"},
{"id":"492","source":"19","target":"17","factor":"orientation_perpendicular"},
{"id":"493","source":"19","target":"21","factor":"orientation_perpendicular"},
{"id":"494","source":"9","target":"26","factor":"orientation_perpendicular"},
{"id":"495","source":"9","target":"20","factor":"orientation_perpendicular"},
{"id":"496","source":"3","target":"5","factor":"orientation_perpendicular"},
{"id":"497","source":"3","target":"10","factor":"orientation_perpendicular"},
{"id":"498","source":"3","target":"21","factor":"orientation_perpendicular"},
{"id":"499","source":"12","target":"6","factor":"orientation_perpendicular"},
{"id":"500","source":"12","target":"10","factor":"orientation_perpendicular"},
{"id":"501","source":"12","target":"21","factor":"orientation_perpendicular"},
{"id":"502","source":"9","target":"10","factor":"orientation_perpendicular"},
{"id":"503","source":"9","target":"21","factor":"orientation_perpendicular"},
{"id":"504","source":"10","target":"9","factor":"orientation_perpendicular"},
{"id":"505","source":"19","target":"7","factor":"orientation_perpendicular"},
{"id":"506","source":"19","target":"8","factor":"orientation_perpendicular"},
{"id":"507","source":"3","target":"9","factor":"orientation_perpendicular"},
{"id":"508","source":"14","target":"17","factor":"orientation_perpendicular"},
{"id":"509","source":"9","target":"6","factor":"orientation_perpendicular"},
{"id":"510","source":"3","target":"11","factor":"orientation_perpendicular"},
{"id":"511","source":"6","target":"27","factor":"orientation_perpendicular"},
{"id":"512","source":"4","target":"5","factor":"orientation_perpendicular"},
{"id":"513","source":"2","target":"5","factor":"orientation_perpendicular"},
{"id":"514","source":"5","target":"27","factor":"orientation_perpendicular"},
{"id":"515","source":"12","target":"19","factor":"orientation_perpendicular"},
{"id":"516","source":"4","target":"19","factor":"orientation_perpendicular"},
{"id":"517","source":"2","target":"19","factor":"orientation_perpendicular"},
{"id":"518","source":"6","target":"19","factor":"orientation_perpendicular"},
{"id":"519","source":"5","target":"19","factor":"orientation_perpendicular"},
{"id":"520","source":"3","target":"14","factor":"orientation_perpendicular"},
{"id":"521","source":"12","target":"11","factor":"orientation_perpendicular"},
{"id":"522","source":"12","target":"15","factor":"orientation_perpendicular"},
{"id":"523","source":"6","target":"8","factor":"orientation_perpendicular"},
{"id":"524","source":"6","target":"15","factor":"orientation_perpendicular"},
{"id":"525","source":"19","target":"10","factor":"orientation_perpendicular"},
{"id":"526","source":"5","target":"8","factor":"orientation_perpendicular"},
{"id":"527","source":"14","target":"8","factor":"orientation_perpendicular"},
{"id":"528","source":"9","target":"8","factor":"orientation_perpendicular"},
{"id":"529","source":"12","target":"9","factor":"orientation_perpendicular"},
{"id":"530","source":"5","target":"9","factor":"orientation_perpendicular"},
{"id":"531","source":"2","target":"23","factor":"orientation_perpendicular"},
{"id":"532","source":"4","target":"23","factor":"orientation_perpendicular"},
{"id":"533","source":"12","target":"17","factor":"orientation_perpendicular"},
{"id":"534","source":"12","target":"24","factor":"orientation_perpendicular"},
{"id":"535","source":"6","target":"24","factor":"orientation_perpendicular"},
{"id":"536","source":"3","target":"27","factor":"orientation_perpendicular"},
{"id":"537","source":"5","target":"17","factor":"orientation_perpendicular"},
{"id":"538","source":"3","target":"13","factor":"orientation_perpendicular"},
{"id":"539","source":"4","target":"13","factor":"orientation_perpendicular"},
{"id":"540","source":"2","target":"13","factor":"orientation_perpendicular"},
{"id":"541","source":"7","target":"6","factor":"orientation_perpendicular"},
{"id":"542","source":"4","target":"10","factor":"orientation_perpendicular"},
{"id":"543","source":"2","target":"10","factor":"orientation_perpendicular"},
{"id":"544","source":"23","target":"8","factor":"orientation_perpendicular"},
{"id":"545","source":"17","target":"8","factor":"orientation_perpendicular"},
{"id":"546","source":"17","target":"10","factor":"orientation_perpendicular"},
{"id":"547","source":"3","target":"25","factor":"orientation_perpendicular"},
{"id":"548","source":"4","target":"27","factor":"orientation_perpendicular"},
{"id":"549","source":"2","target":"27","factor":"orientation_perpendicular"},
{"id":"550","source":"12","target":"27","factor":"orientation_perpendicular"},
{"id":"551","source":"5","target":"25","factor":"orientation_perpendicular"},
{"id":"552","source":"6","target":"25","factor":"orientation_perpendicular"},
{"id":"553","source":"7","target":"25","factor":"orientation_perpendicular"},
{"id":"554","source":"9","target":"27","factor":"orientation_perpendicular"},
{"id":"555","source":"25","target":"9","factor":"orientation_perpendicular"},
{"id":"556","source":"3","target":"18","factor":"orientation_perpendicular"},
{"id":"557","source":"4","target":"18","factor":"orientation_perpendicular"},
{"id":"558","source":"2","target":"18","factor":"orientation_perpendicular"},
{"id":"559","source":"6","target":"18","factor":"orientation_perpendicular"},
{"id":"560","source":"7","target":"18","factor":"orientation_perpendicular"},
{"id":"561","source":"9","target":"18","factor":"orientation_perpendicular"},
{"id":"562","source":"18","target":"9","factor":"orientation_perpendicular"},
{"id":"563","source":"5","target":"5","factor":"orientation_perpendicular"},
{"id":"564","source":"5","target":"6","factor":"orientation_perpendicular"},
{"id":"565","source":"5","target":"10","factor":"orientation_perpendicular"},
{"id":"566","source":"6","target":"6","factor":"orientation_perpendicular"},
{"id":"567","source":"6","target":"10","factor":"orientation_perpendicular"},
{"id":"568","source":"5","target":"12","factor":"orientation_perpendicular"},
{"id":"569","source":"13","target":"6","factor":"orientation_perpendicular"},
{"id":"570","source":"13","target":"8","factor":"orientation_perpendicular"},
{"id":"571","source":"5","target":"13","factor":"orientation_perpendicular"},
{"id":"572","source":"23","target":"5","factor":"orientation_perpendicular"},
{"id":"573","source":"23","target":"6","factor":"orientation_perpendicular"},
{"id":"574","source":"8","target":"6","factor":"orientation_perpendicular"},
{"id":"575","source":"13","target":"17","factor":"orientation_perpendicular"},
{"id":"576","source":"9","target":"17","factor":"orientation_perpendicular"},
{"id":"577","source":"13","target":"7","factor":"orientation_perpendicular"},
{"id":"578","source":"13","target":"10","factor":"orientation_perpendicular"},
{"id":"579","source":"6","target":"12","factor":"orientation_perpendicular"},
{"id":"580","source":"11","target":"8","factor":"orientation_perpendicular"},
{"id":"581","source":"10","target":"8","factor":"orientation_perpendicular"},
{"id":"582","source":"3","target":"22","factor":"orientation_perpendicular"},
{"id":"583","source":"12","target":"7","factor":"orientation_perpendicular"},
{"id":"584","source":"6","target":"7","factor":"orientation_perpendicular"},
{"id":"585","source":"6","target":"22","factor":"orientation_perpendicular"},
{"id":"586","source":"5","target":"7","factor":"orientation_perpendicular"},
{"id":"587","source":"8","target":"21","factor":"orientation_perpendicular"},
{"id":"588","source":"5","target":"21","factor":"orientation_perpendicular"},
{"id":"589","source":"13","target":"21","factor":"orientation_perpendicular"},
{"id":"590","source":"10","target":"6","factor":"orientation_perpendicular"},
{"id":"591","source":"5","target":"24","factor":"orientation_perpendicular"},
{"id":"592","source":"12","target":"12","factor":"orientation_perpendicular"},
{"id":"593","source":"21","target":"9","factor":"orientation_perpendicular"},
{"id":"594","source":"5","target":"22","factor":"orientation_perpendicular"},
{"id":"595","source":"4","target":"22","factor":"orientation_perpendicular"},
{"id":"596","source":"2","target":"22","factor":"orientation_perpendicular"},
{"id":"597","source":"25","target":"8","factor":"orientation_perpendicular"},
{"id":"598","source":"25","target":"10","factor":"orientation_perpendicular"},
{"id":"599","source":"8","target":"9","factor":"orientation_perpendicular"},
{"id":"600","source":"13","target":"18","factor":"orientation_perpendicular"},
{"id":"601","source":"13","target":"9","factor":"orientation_perpendicular"},
{"id":"602","source":"21","target":"19","factor":"orientation_perpendicular"},
{"id":"603","source":"19","target":"19","factor":"orientation_perpendicular"},
{"id":"604","source":"3","target":"15","factor":"orientation_perpendicular"},
{"id":"605","source":"17","target":"6","factor":"orientation_perpendicular"},
{"id":"606","source":"7","target":"8","factor":"orientation_perpendicular"},
{"id":"607","source":"4","target":"26","factor":"orientation_perpendicular"},
{"id":"608","source":"2","target":"26","factor":"orientation_perpendicular"},
{"id":"609","source":"6","target":"26","factor":"orientation_perpendicular"},
{"id":"610","source":"5","target":"11","factor":"orientation_perpendicular"},
{"id":"611","source":"11","target":"17","factor":"orientation_perpendicular"},
{"id":"612","source":"5","target":"18","factor":"orientation_perpendicular"},
{"id":"613","source":"11","target":"16","factor":"orientation_perpendicular"},
{"id":"614","source":"17","target":"21","factor":"orientation_perpendicular"},
{"id":"615","source":"23","target":"17","factor":"orientation_perpendicular"},
{"id":"616","source":"18","target":"8","factor":"orientation_perpendicular"},
{"id":"617","source":"18","target":"16","factor":"orientation_perpendicular"},
{"id":"618","source":"23","target":"7","factor":"orientation_perpendicular"},
{"id":"619","source":"23","target":"14","factor":"orientation_perpendicular"},
{"id":"620","source":"6","target":"20","factor":"orientation_perpendicular"},
{"id":"621","source":"25","target":"21","factor":"orientation_perpendicular"},
{"id":"622","source":"5","target":"20","factor":"orientation_perpendicular"},
{"id":"623","source":"17","target":"27","factor":"orientation_perpendicular"},
{"id":"624","source":"13","target":"22","factor":"orientation_perpendicular"},
{"id":"625","source":"23","target":"25","factor":"orientation_perpendicular"},
{"id":"626","source":"22","target":"8","factor":"orientation_perpendicular"},
{"id":"627","source":"13","target":"19","factor":"orientation_perpendicular"},
{"id":"628","source":"12","target":"13","factor":"orientation_perpendicular"},
{"id":"629","source":"6","target":"6","factor":"symmetry"},
{"id":"630","source":"19","target":"19","factor":"symmetry"},
{"id":"631","source":"9","target":"9","factor":"symmetry"},
{"id":"632","source":"5","target":"5","factor":"symmetry"},
{"id":"633","source":"10","target":"10","factor":"symmetry"},
{"id":"634","source":"7","target":"7","factor":"symmetry"},
{"id":"635","source":"21","target":"21","factor":"symmetry"},
{"id":"636","source":"15","target":"15","factor":"symmetry"},
{"id":"637","source":"14","target":"14","factor":"symmetry"},
{"id":"638","source":"27","target":"27","factor":"symmetry"},
{"id":"639","source":"11","target":"11","factor":"symmetry"},
{"id":"640","source":"22","target":"22","factor":"symmetry"},
{"id":"641","source":"8","target":"8","factor":"symmetry"},
{"id":"642","source":"23","target":"23","factor":"symmetry"},
{"id":"643","source":"20","target":"20","factor":"symmetry"}
],
"probability":[
{"id":"0","value":0.304206},
{"id":"1","value":0.0827103},
{"id":"2","value":0.0570093},
{"id":"3","value":0.473832},
{"id":"4","value":0.113551},
{"id":"5","value":0.231776},
{"id":"6","value":0.232243},
{"id":"7","value":0.0939252},
{"id":"8","value":0.0663551},
{"id":"9","value":0.0845794},
{"id":"10","value":0.0542056},
{"id":"11","value":0.120093},
{"id":"12","value":0.109813},
{"id":"13","value":0.0897196},
{"id":"14","value":0.0523364},
{"id":"15","value":0.0626168},
{"id":"16","value":0.56028},
{"id":"17","value":0.0995327},
{"id":"18","value":0.229439},
{"id":"19","value":0.229439},
{"id":"20","value":0.142523},
{"id":"21","value":0.0420561},
{"id":"22","value":0.138785},
{"id":"23","value":0.116355},
{"id":"24","value":0.130841},
{"id":"25","value":0.100467},
{"id":"26","value":0.0457944},
{"id":"27","value":0.120093},
{"id":"28","value":0.0238318},
{"id":"29","value":0.143925},
{"id":"30","value":0.251869},
{"id":"31","value":0.0369159},
{"id":"32","value":0.0191589},
{"id":"33","value":0.0140187},
{"id":"34","value":0.0658879},
{"id":"35","value":0.0130841},
{"id":"36","value":0.021028},
{"id":"37","value":0.0616822},
{"id":"38","value":0.0406542},
{"id":"39","value":0.0392523},
{"id":"40","value":0.0196262},
{"id":"41","value":0.0392523},
{"id":"42","value":0.0827103},
{"id":"43","value":0.0252336},
{"id":"44","value":0.0668224},
{"id":"45","value":0.0140187},
{"id":"46","value":0.0392523},
{"id":"47","value":0.0392523},
{"id":"48","value":0.0163551},
{"id":"49","value":0.0196262},
{"id":"50","value":0.0397196},
{"id":"51","value":0.0121495},
{"id":"52","value":0.028972},
{"id":"53","value":0.0149533},
{"id":"54","value":0.0186916},
{"id":"55","value":0.0140187},
{"id":"56","value":0.0504673},
{"id":"57","value":0.153271},
{"id":"58","value":0.0920561},
{"id":"59","value":0.133645},
{"id":"60","value":0.304206},
{"id":"61","value":0.0827103},
{"id":"62","value":0.0570093},
{"id":"63","value":0.473832},
{"id":"64","value":0.113551},
{"id":"65","value":0.231776},
{"id":"66","value":0.232243},
{"id":"67","value":0.0939252},
{"id":"68","value":0.0663551},
{"id":"69","value":0.0845794},
{"id":"70","value":0.0542056},
{"id":"71","value":0.120093},
{"id":"72","value":0.109813},
{"id":"73","value":0.0897196},
{"id":"74","value":0.0523364},
{"id":"75","value":0.0626168},
{"id":"76","value":0.56028},
{"id":"77","value":0.0995327},
{"id":"78","value":0.229439},
{"id":"79","value":0.229439},
{"id":"80","value":0.142523},
{"id":"81","value":0.0420561},
{"id":"82","value":0.138785},
{"id":"83","value":0.116355},
{"id":"84","value":0.130841},
{"id":"85","value":0.100467},
{"id":"86","value":0.0457944},
{"id":"87","value":0.120093},
{"id":"88","value":0.0238318},
{"id":"89","value":0.143925},
{"id":"90","value":0.251869},
{"id":"91","value":0.0369159},
{"id":"92","value":0.0191589},
{"id":"93","value":0.0140187},
{"id":"94","value":0.0658879},
{"id":"95","value":0.0130841},
{"id":"96","value":0.021028},
{"id":"97","value":0.0616822},
{"id":"98","value":0.0406542},
{"id":"99","value":0.0392523},
{"id":"100","value":0.0196262},
{"id":"101","value":0.0392523},
{"id":"102","value":0.0827103},
{"id":"103","value":0.0252336},
{"id":"104","value":0.0668224},
{"id":"105","value":0.0140187},
{"id":"106","value":0.0392523},
{"id":"107","value":0.0392523},
{"id":"108","value":0.0163551},
{"id":"109","value":0.0196262},
{"id":"110","value":0.0397196},
{"id":"111","value":0.0121495},
{"id":"112","value":0.028972},
{"id":"113","value":0.0149533},
{"id":"114","value":0.0186916},
{"id":"115","value":0.0140187},
{"id":"116","value":0.0504673},
{"id":"117","value":0.646729},
{"id":"118","value":0.362617},
{"id":"119","value":0.283645},
{"id":"120","value":0.211215},
{"id":"121","value":0.196262},
{"id":"122","value":0.138785},
{"id":"123","value":0.116822},
{"id":"124","value":0.1},
{"id":"125","value":0.0929907},
{"id":"126","value":0.0771028},
{"id":"127","value":0.0691589},
{"id":"128","value":0.0514019},
{"id":"129","value":0.120093},
{"id":"130","value":0.371028},
{"id":"131","value":0.261215},
{"id":"132","value":0.28785},
{"id":"133","value":0.286916},
{"id":"134","value":0.204673},
{"id":"135","value":0.0556075},
{"id":"136","value":0.111215},
{"id":"137","value":0.129439},
{"id":"138","value":0.213084},
{"id":"139","value":0.250935},
{"id":"140","value":0.390654},
{"id":"141","value":0.0514019},
{"id":"142","value":0.0915888},
{"id":"143","value":0.102804},
{"id":"144","value":0.0686916},
{"id":"145","value":0.05},
{"id":"146","value":0.0588785},
{"id":"147","value":0.504206},
{"id":"148","value":0.142523},
{"id":"149","value":0.0696262},
{"id":"150","value":0.940654},
{"id":"151","value":0.942056},
{"id":"152","value":0.633178},
{"id":"153","value":0.180374},
{"id":"154","value":0.257944},
{"id":"155","value":0.347196},
{"id":"156","value":0.333178},
{"id":"157","value":0.287383},
{"id":"158","value":0.123832},
{"id":"159","value":0.315888},
{"id":"160","value":0.306542},
{"id":"161","value":0.333178},
{"id":"162","value":0.166822},
{"id":"163","value":0.285514},
{"id":"164","value":0.0915888},
{"id":"165","value":0.175701},
{"id":"166","value":0.0850467},
{"id":"167","value":0.0654206},
{"id":"168","value":0.0364486},
{"id":"169","value":0.0827103},
{"id":"170","value":0.0275701},
{"id":"171","value":0.135981},
{"id":"172","value":0.0313084},
{"id":"173","value":0.0672897},
{"id":"174","value":0.0859813},
{"id":"175","value":0.0570093},
{"id":"176","value":0.0308411},
{"id":"177","value":0.0233645},
{"id":"178","value":0.0280374},
{"id":"179","value":0.119626},
{"id":"180","value":0.035514},
{"id":"181","value":0.0219626},
{"id":"182","value":0.0186916},
{"id":"183","value":0.0182243},
{"id":"184","value":0.192523},
{"id":"185","value":0.635514},
{"id":"186","value":0.957477},
{"id":"187","value":0.78972},
{"id":"188","value":0.107477},
{"id":"189","value":0.646729},
{"id":"190","value":0.362617},
{"id":"191","value":0.283645},
{"id":"192","value":0.211215},
{"id":"193","value":0.196262},
{"id":"194","value":0.138785},
{"id":"195","value":0.116822},
{"id":"196","value":0.1},
{"id":"197","value":0.0929907},
{"id":"198","value":0.0771028},
{"id":"199","value":0.0691589},
{"id":"200","value":0.0514019},
{"id":"201","value":0.120093},
{"id":"202","value":0.371028},
{"id":"203","value":0.261215},
{"id":"204","value":0.28785},
{"id":"205","value":0.286916},
{"id":"206","value":0.204673},
{"id":"207","value":0.0556075},
{"id":"208","value":0.111215},
{"id":"209","value":0.129439},
{"id":"210","value":0.213084},
{"id":"211","value":0.250935},
{"id":"212","value":0.390654},
{"id":"213","value":0.0514019},
{"id":"214","value":0.0915888},
{"id":"215","value":0.102804},
{"id":"216","value":0.0686916},
{"id":"217","value":0.05},
{"id":"218","value":0.0588785},
{"id":"219","value":0.504206},
{"id":"220","value":0.142523},
{"id":"221","value":0.0696262},
{"id":"222","value":0.940654},
{"id":"223","value":0.942056},
{"id":"224","value":0.633178},
{"id":"225","value":0.180374},
{"id":"226","value":0.257944},
{"id":"227","value":0.347196},
{"id":"228","value":0.333178},
{"id":"229","value":0.287383},
{"id":"230","value":0.123832},
{"id":"231","value":0.315888},
{"id":"232","value":0.306542},
{"id":"233","value":0.333178},
{"id":"234","value":0.166822},
{"id":"235","value":0.285514},
{"id":"236","value":0.0915888},
{"id":"237","value":0.175701},
{"id":"238","value":0.0850467},
{"id":"239","value":0.0654206},
{"id":"240","value":0.0364486},
{"id":"241","value":0.0827103},
{"id":"242","value":0.0275701},
{"id":"243","value":0.135981},
{"id":"244","value":0.0313084},
{"id":"245","value":0.0672897},
{"id":"246","value":0.0859813},
{"id":"247","value":0.0570093},
{"id":"248","value":0.0308411},
{"id":"249","value":0.0233645},
{"id":"250","value":0.0280374},
{"id":"251","value":0.119626},
{"id":"252","value":0.035514},
{"id":"253","value":0.0219626},
{"id":"254","value":0.0186916},
{"id":"255","value":0.0182243},
{"id":"256","value":0.192523},
{"id":"257","value":0.192523},
{"id":"258","value":0.635514},
{"id":"259","value":0.635514},
{"id":"260","value":0.957477},
{"id":"261","value":0.957477},
{"id":"262","value":0.78972},
{"id":"263","value":0.78972},
{"id":"264","value":0.107477},
{"id":"265","value":0.107477},
{"id":"266","value":0.646729},
{"id":"267","value":0.362617},
{"id":"268","value":0.283645},
{"id":"269","value":0.211215},
{"id":"270","value":0.196262},
{"id":"271","value":0.138785},
{"id":"272","value":0.116822},
{"id":"273","value":0.1},
{"id":"274","value":0.0929907},
{"id":"275","value":0.0771028},
{"id":"276","value":0.0691589},
{"id":"277","value":0.0514019},
{"id":"278","value":0.120093},
{"id":"279","value":0.371028},
{"id":"280","value":0.261215},
{"id":"281","value":0.28785},
{"id":"282","value":0.286916},
{"id":"283","value":0.204673},
{"id":"284","value":0.0556075},
{"id":"285","value":0.111215},
{"id":"286","value":0.129439},
{"id":"287","value":0.213084},
{"id":"288","value":0.250935},
{"id":"289","value":0.390654},
{"id":"290","value":0.0514019},
{"id":"291","value":0.0915888},
{"id":"292","value":0.102804},
{"id":"293","value":0.0686916},
{"id":"294","value":0.05},
{"id":"295","value":0.0588785},
{"id":"296","value":0.504206},
{"id":"297","value":0.142523},
{"id":"298","value":0.0696262},
{"id":"299","value":0.940654},
{"id":"300","value":0.942056},
{"id":"301","value":0.633178},
{"id":"302","value":0.180374},
{"id":"303","value":0.257944},
{"id":"304","value":0.347196},
{"id":"305","value":0.333178},
{"id":"306","value":0.287383},
{"id":"307","value":0.123832},
{"id":"308","value":0.315888},
{"id":"309","value":0.306542},
{"id":"310","value":0.333178},
{"id":"311","value":0.166822},
{"id":"312","value":0.285514},
{"id":"313","value":0.0915888},
{"id":"314","value":0.175701},
{"id":"315","value":0.0850467},
{"id":"316","value":0.0654206},
{"id":"317","value":0.0364486},
{"id":"318","value":0.0827103},
{"id":"319","value":0.0275701},
{"id":"320","value":0.135981},
{"id":"321","value":0.0313084},
{"id":"322","value":0.0672897},
{"id":"323","value":0.0859813},
{"id":"324","value":0.0570093},
{"id":"325","value":0.0308411},
{"id":"326","value":0.0233645},
{"id":"327","value":0.0280374},
{"id":"328","value":0.119626},
{"id":"329","value":0.035514},
{"id":"330","value":0.0219626},
{"id":"331","value":0.0186916},
{"id":"332","value":0.0182243},
{"id":"333","value":0.369159},
{"id":"334","value":0.280374},
{"id":"335","value":0.257944},
{"id":"336","value":0.207944},
{"id":"337","value":0.195327},
{"id":"338","value":0.178037},
{"id":"339","value":0.133178},
{"id":"340","value":0.130374},
{"id":"341","value":0.125701},
{"id":"342","value":0.100467},
{"id":"343","value":0.0672897},
{"id":"344","value":0.0649533},
{"id":"345","value":0.0635514},
{"id":"346","value":0.0621495},
{"id":"347","value":0.0602804},
{"id":"348","value":0.0584112},
{"id":"349","value":0.0542056},
{"id":"350","value":0.0537383},
{"id":"351","value":0.0518692},
{"id":"352","value":0.0509346},
{"id":"353","value":0.05},
{"id":"354","value":0.233178},
{"id":"355","value":0.234112},
{"id":"356","value":0.138318},
{"id":"357","value":0.995327},
{"id":"358","value":0.270561},
{"id":"359","value":0.0766355},
{"id":"360","value":0.271028},
{"id":"361","value":0.0771028},
{"id":"362","value":0.0883178},
{"id":"363","value":0.203271},
{"id":"364","value":0.13972},
{"id":"365","value":0.264953},
{"id":"366","value":0.0869159},
{"id":"367","value":0.141121},
{"id":"368","value":0.266822},
{"id":"369","value":0.0869159},
{"id":"370","value":0.258878},
{"id":"371","value":0.0920561},
{"id":"372","value":0.197196},
{"id":"373","value":0.0714953},
{"id":"374","value":0.177103},
{"id":"375","value":0.0827103},
{"id":"376","value":0.0602804},
{"id":"377","value":0.0827103},
{"id":"378","value":0.0593458},
{"id":"379","value":0.0537383},
{"id":"380","value":0.149533},
{"id":"381","value":0.150467},
{"id":"382","value":0.314953},
{"id":"383","value":0.225234},
{"id":"384","value":0.106075},
{"id":"385","value":0.314019},
{"id":"386","value":0.222897},
{"id":"387","value":0.106075},
{"id":"388","value":0.0686916},
{"id":"389","value":0.0640187},
{"id":"390","value":0.0579439},
{"id":"391","value":0.0850467},
{"id":"392","value":0.143925},
{"id":"393","value":0.148131},
{"id":"394","value":0.0953271},
{"id":"395","value":0.117757},
{"id":"396","value":0.0733645},
{"id":"397","value":0.0551402},
{"id":"398","value":0.0841122},
{"id":"399","value":0.0841122},
{"id":"400","value":0.0654206},
{"id":"401","value":0.0757009},
{"id":"402","value":0.064486},
{"id":"403","value":0.0771028},
{"id":"404","value":0.0747664},
{"id":"405","value":0.0939252},
{"id":"406","value":0.134112},
{"id":"407","value":0.134112},
{"id":"408","value":0.0504673},
{"id":"409","value":0.0733645},
{"id":"410","value":0.0733645},
{"id":"411","value":0.0775701},
{"id":"412","value":0.0579439},
{"id":"413","value":0.0546729},
{"id":"414","value":0.0546729},
{"id":"415","value":0.0738318},
{"id":"416","value":0.0766355},
{"id":"417","value":0.0738318},
{"id":"418","value":0.0630841},
{"id":"419","value":0.0570093},
{"id":"420","value":0.0556075},
{"id":"421","value":0.0556075},
{"id":"422","value":0.0126168},
{"id":"423","value":0.0126168},
{"id":"424","value":0.101869},
{"id":"425","value":0.101869},
{"id":"426","value":0.116355},
{"id":"427","value":0.0598131},
{"id":"428","value":0.104206},
{"id":"429","value":0.104673},
{"id":"430","value":0.0799065},
{"id":"431","value":0.0327103},
{"id":"432","value":0.0327103},
{"id":"433","value":0.0154206},
{"id":"434","value":0.0224299},
{"id":"435","value":0.0453271},
{"id":"436","value":0.0242991},
{"id":"437","value":0.0453271},
{"id":"438","value":0.0238318},
{"id":"439","value":0.0280374},
{"id":"440","value":0.0233645},
{"id":"441","value":0.0135514},
{"id":"442","value":0.0186916},
{"id":"443","value":0.0121495},
{"id":"444","value":0.0126168},
{"id":"445","value":0.014486},
{"id":"446","value":0.011215},
{"id":"447","value":0.0135514},
{"id":"448","value":0.0126168},
{"id":"449","value":0.0140187},
{"id":"450","value":0.021028},
{"id":"451","value":0.0126168},
{"id":"452","value":0.0485981},
{"id":"453","value":0.0149533},
{"id":"454","value":0.088785},
{"id":"455","value":0.088785},
{"id":"456","value":0.0191589},
{"id":"457","value":0.0154206},
{"id":"458","value":0.011215},
{"id":"459","value":0.0228972},
{"id":"460","value":0.0116822},
{"id":"461","value":0.0266355},
{"id":"462","value":0.191589},
{"id":"463","value":0.0102804},
{"id":"464","value":0.191589},
{"id":"465","value":0.0102804},
{"id":"466","value":0.0523364},
{"id":"467","value":0.0163551},
{"id":"468","value":0.0102804},
{"id":"469","value":0.0247664},
{"id":"470","value":0.0317757},
{"id":"471","value":0.0126168},
{"id":"472","value":0.0462617},
{"id":"473","value":0.172897},
{"id":"474","value":0.131776},
{"id":"475","value":0.131776},
{"id":"476","value":0.0200935},
{"id":"477","value":0.0392523},
{"id":"478","value":0.0317757},
{"id":"479","value":0.0130841},
{"id":"480","value":0.103271},
{"id":"481","value":0.0420561},
{"id":"482","value":0.0668224},
{"id":"483","value":0.0504673},
{"id":"484","value":0.0766355},
{"id":"485","value":0.0574766},
{"id":"486","value":0.05},
{"id":"487","value":0.0775701},
{"id":"488","value":0.0570093},
{"id":"489","value":0.0219626},
{"id":"490","value":0.035514},
{"id":"491","value":0.0107477},
{"id":"492","value":0.0299065},
{"id":"493","value":0.0252336},
{"id":"494","value":0.014486},
{"id":"495","value":0.0116822},
{"id":"496","value":0.0929907},
{"id":"497","value":0.046729},
{"id":"498","value":0.032243},
{"id":"499","value":0.11215},
{"id":"500","value":0.0742991},
{"id":"501","value":0.0191589},
{"id":"502","value":0.0518692},
{"id":"503","value":0.0369159},
{"id":"504","value":0.0205607},
{"id":"505","value":0.0154206},
{"id":"506","value":0.0238318},
{"id":"507","value":0.0392523},
{"id":"508","value":0.0135514},
{"id":"509","value":0.0126168},
{"id":"510","value":0.0257009},
{"id":"511","value":0.0200935},
{"id":"512","value":0.0813084},
{"id":"513","value":0.0813084},
{"id":"514","value":0.0186916},
{"id":"515","value":0.0285047},
{"id":"516","value":0.0514019},
{"id":"517","value":0.0518692},
{"id":"518","value":0.0560748},
{"id":"519","value":0.0443925},
{"id":"520","value":0.0228972},
{"id":"521","value":0.0303738},
{"id":"522","value":0.0121495},
{"id":"523","value":0.130374},
{"id":"524","value":0.0266355},
{"id":"525","value":0.0205607},
{"id":"526","value":0.100467},
{"id":"527","value":0.0191589},
{"id":"528","value":0.0429907},
{"id":"529","value":0.0439252},
{"id":"530","value":0.0714953},
{"id":"531","value":0.0219626},
{"id":"532","value":0.0219626},
{"id":"533","value":0.0397196},
{"id":"534","value":0.0556075},
{"id":"535","value":0.0401869},
{"id":"536","value":0.0182243},
{"id":"537","value":0.0476636},
{"id":"538","value":0.0448598},
{"id":"539","value":0.0303738},
{"id":"540","value":0.0303738},
{"id":"541","value":0.0116822},
{"id":"542","value":0.0219626},
{"id":"543","value":0.0219626},
{"id":"544","value":0.0107477},
{"id":"545","value":0.0228972},
{"id":"546","value":0.0158879},
{"id":"547","value":0.0294393},
{"id":"548","value":0.0247664},
{"id":"549","value":0.0247664},
{"id":"550","value":0.0116822},
{"id":"551","value":0.0205607},
{"id":"552","value":0.0317757},
{"id":"553","value":0.0238318},
{"id":"554","value":0.0154206},
{"id":"555","value":0.0140187},
{"id":"556","value":0.0186916},
{"id":"557","value":0.0313084},
{"id":"558","value":0.032243},
{"id":"559","value":0.0280374},
{"id":"560","value":0.0140187},
{"id":"561","value":0.0158879},
{"id":"562","value":0.0121495},
{"id":"563","value":0.0285047},
{"id":"564","value":0.0560748},
{"id":"565","value":0.0733645},
{"id":"566","value":0.0934579},
{"id":"567","value":0.0901869},
{"id":"568","value":0.0514019},
{"id":"569","value":0.032243},
{"id":"570","value":0.0238318},
{"id":"571","value":0.0261682},
{"id":"572","value":0.011215},
{"id":"573","value":0.0247664},
{"id":"574","value":0.014486},
{"id":"575","value":0.0266355},
{"id":"576","value":0.0247664},
{"id":"577","value":0.0154206},
{"id":"578","value":0.0228972},
{"id":"579","value":0.0191589},
{"id":"580","value":0.0238318},
{"id":"581","value":0.0107477},
{"id":"582","value":0.0163551},
{"id":"583","value":0.0728972},
{"id":"584","value":0.0785047},
{"id":"585","value":0.0331776},
{"id":"586","value":0.0635514},
{"id":"587","value":0.0285047},
{"id":"588","value":0.0485981},
{"id":"589","value":0.011215},
{"id":"590","value":0.0130841},
{"id":"591","value":0.0373832},
{"id":"592","value":0.0514019},
{"id":"593","value":0.0158879},
{"id":"594","value":0.0247664},
{"id":"595","value":0.0303738},
{"id":"596","value":0.032243},
{"id":"597","value":0.0233645},
{"id":"598","value":0.0130841},
{"id":"599","value":0.0219626},
{"id":"600","value":0.0130841},
{"id":"601","value":0.0214953},
{"id":"602","value":0.0102804},
{"id":"603","value":0.0130841},
{"id":"604","value":0.0191589},
{"id":"605","value":0.0135514},
{"id":"606","value":0.038785},
{"id":"607","value":0.0158879},
{"id":"608","value":0.0158879},
{"id":"609","value":0.014486},
{"id":"610","value":0.0126168},
{"id":"611","value":0.0158879},
{"id":"612","value":0.0135514},
{"id":"613","value":0.0107477},
{"id":"614","value":0.0168224},
{"id":"615","value":0.014486},
{"id":"616","value":0.0126168},
{"id":"617","value":0.0126168},
{"id":"618","value":0.011215},
{"id":"619","value":0.0107477},
{"id":"620","value":0.0233645},
{"id":"621","value":0.0135514},
{"id":"622","value":0.0140187},
{"id":"623","value":0.0149533},
{"id":"624","value":0.0130841},
{"id":"625","value":0.0102804},
{"id":"626","value":0.0126168},
{"id":"627","value":0.0107477},
{"id":"628","value":0.0102804},
{"id":"629","value":0.0738318},
{"id":"630","value":0.0429907},
{"id":"631","value":0.206542},
{"id":"632","value":0.0383178},
{"id":"633","value":0.179439},
{"id":"634","value":0.0761682},
{"id":"635","value":0.0401869},
{"id":"636","value":0.0275701},
{"id":"637","value":0.0271028},
{"id":"638","value":0.0364486},
{"id":"639","value":0.0214953},
{"id":"640","value":0.0191589},
{"id":"641","value":0.0817757},
{"id":"642","value":0.014486},
{"id":"643","value":0.0154206}
]}