{
"vertices":[
{"id":"0","name":"wardrobe_cabinet","Leaves":[{"name":"wardrobe_cabinet","frequency":0.612035 }],"frequency":0.72243},
{"id":"1","name":"wall","Leaves":[{"name":"wall","frequency":0.239375 }],"frequency":0.99486},
{"id":"2","name":"floor","Leaves":[],"frequency":0.998131},
{"id":"3","name":"ceiling","Leaves":[],"frequency":0.996262},
{"id":"4","name":"door","Leaves":[{"name":"door","frequency":0.891034 }],"frequency":0.603738},
{"id":"5","name":"curtain","Leaves":[{"name":"curtain","frequency":0.769011 }],"frequency":0.378037},
{"id":"6","name":"window","Leaves":[{"name":"window","frequency":0.739849 }],"frequency":0.732243},
{"id":"7","name":"rug","Leaves":[{"name":"rug","frequency":0.746561 }],"frequency":0.35514},
{"id":"8","name":"stand","Leaves":[{"name":"stand","frequency":0.665681 }],"frequency":0.420561},
{"id":"9","name":"table_lamp","Leaves":[{"name":"table_lamp","frequency":0.530828 }],"frequency":0.329907},
{"id":"10","name":"chair","Leaves":[{"name":"chair","frequency":0.790497 }],"frequency":0.171028},
{"id":"11","name":"desk","Leaves":[{"name":"desk","frequency":0.818461 }],"frequency":0.372897},
{"id":"12","name":"floor_lamp","Leaves":[{"name":"floor_lamp","frequency":0.836449 }],"frequency":0.16729},
{"id":"13","name":"books","Leaves":[{"name":"books","frequency":0.622951 }],"frequency":0.106542},
{"id":"14","name":"plant","Leaves":[{"name":"plant","frequency":0.751012 }],"frequency":0.173364},
{"id":"15","name":"television","Leaves":[],"frequency":0.418224},
{"id":"16","name":"shelving","Leaves":[{"name":"shelving","frequency":0.662379 }],"frequency":0.192523},
{"id":"17","name":"ottoman","Leaves":[{"name":"ottoman","frequency":0.825806 }],"frequency":0.119626},
{"id":"18","name":"wall_lamp","Leaves":[{"name":"wall_lamp","frequency":0.571428 }],"frequency":0.0691589},
{"id":"19","name":"wardrobe_cabinet","Leaves":[{"name":"wardrobe_cabinet","frequency":0.612035 }],"frequency":0},
{"id":"20","name":"wardrobe_cabinet","Leaves":[{"name":"wardrobe_cabinet","frequency":0.612035 }],"frequency":0},
{"id":"21","name":"curtain","Leaves":[{"name":"curtain","frequency":0.769011 }],"frequency":0},
{"id":"22","name":"wall","Leaves":[{"name":"wall","frequency":0.239375 }],"frequency":0},
{"id":"23","name":"wall","Leaves":[{"name":"wall","frequency":0.239375 }],"frequency":0},
{"id":"24","name":"wall","Leaves":[{"name":"wall","frequency":0.239375 }],"frequency":0},
{"id":"25","name":"books","Leaves":[{"name":"books","frequency":0.622951 }],"frequency":0}
],
"rules":[
{"id":"0","source":"1","target":"0","factor":"proximity"},
{"id":"1","source":"3","target":"0","factor":"proximity"},
{"id":"2","source":"4","target":"0","factor":"proximity"},
{"id":"3","source":"9","target":"0","factor":"proximity"},
{"id":"4","source":"0","target":"1","factor":"orientation_parallel"},
{"id":"5","source":"0","target":"11","factor":"orientation_parallel"},
{"id":"6","source":"0","target":"2","factor":"orientation_parallel"},
{"id":"7","source":"0","target":"3","factor":"orientation_parallel"},
{"id":"8","source":"0","target":"9","factor":"orientation_parallel"},
{"id":"9","source":"0","target":"8","factor":"orientation_parallel"},
{"id":"10","source":"0","target":"6","factor":"orientation_parallel"},
{"id":"11","source":"0","target":"5","factor":"orientation_parallel"},
{"id":"12","source":"0","target":"7","factor":"orientation_parallel"},
{"id":"13","source":"0","target":"15","factor":"orientation_parallel"},
{"id":"14","source":"4","target":"0","factor":"orientation_parallel"},
{"id":"15","source":"0","target":"10","factor":"orientation_perpendicular"},
{"id":"16","source":"0","target":"16","factor":"orientation_perpendicular"},
{"id":"17","source":"0","target":"1","factor":"orientation_perpendicular"},
{"id":"18","source":"0","target":"4","factor":"orientation_perpendicular"},
{"id":"19","source":"0","target":"8","factor":"orientation_perpendicular"},
{"id":"20","source":"0","target":"2","factor":"orientation_perpendicular"},
{"id":"21","source":"0","target":"3","factor":"orientation_perpendicular"},
{"id":"22","source":"0","target":"11","factor":"orientation_perpendicular"},
{"id":"23","source":"0","target":"5","factor":"orientation_perpendicular"},
{"id":"24","source":"0","target":"7","factor":"orientation_perpendicular"},
{"id":"25","source":"0","target":"15","factor":"orientation_perpendicular"},
{"id":"26","source":"0","target":"9","factor":"orientation_perpendicular"},
{"id":"27","source":"0","target":"13","factor":"orientation_perpendicular"},
{"id":"28","source":"0","target":"6","factor":"orientation_perpendicular"},
{"id":"29","source":"0","target":"12","factor":"orientation_perpendicular"},
{"id":"30","source":"0","target":"14","factor":"orientation_perpendicular"},
{"id":"31","source":"4","target":"0","factor":"orientation_perpendicular"},
{"id":"32","source":"8","target":"0","factor":"orientation_perpendicular"},
{"id":"33","source":"7","target":"0","factor":"orientation_perpendicular"},
{"id":"34","source":"5","target":"0","factor":"orientation_perpendicular"},
{"id":"35","source":"9","target":"0","factor":"orientation_perpendicular"},
{"id":"36","source":"1","target":"0","factor":"orientation_perpendicular"},
{"id":"37","source":"6","target":"0","factor":"orientation_perpendicular"},
{"id":"38","source":"11","target":"0","factor":"orientation_perpendicular"},
{"id":"39","source":"3","target":"0","factor":"orientation_perpendicular"},
{"id":"40","source":"2","target":"0","factor":"orientation_perpendicular"},
{"id":"41","source":"14","target":"0","factor":"orientation_perpendicular"},
{"id":"42","source":"0","target":"17","factor":"orientation_perpendicular"},
{"id":"43","source":"17","target":"0","factor":"orientation_perpendicular"},
{"id":"44","source":"0","target":"18","factor":"orientation_perpendicular"},
{"id":"45","source":"15","target":"0","factor":"orientation_perpendicular"},
{"id":"46","source":"16","target":"0","factor":"orientation_perpendicular"},
{"id":"47","source":"0","target":"19","factor":"orientation_parallel"},
{"id":"48","source":"0","target":"19","factor":"orientation_perpendicular"},
{"id":"49","source":"0","target":"19","factor":"symmetry"},
{"id":"50","source":"1","target":"19","factor":"proximity"},
{"id":"51","source":"3","target":"19","factor":"proximity"},
{"id":"52","source":"4","target":"19","factor":"proximity"},
{"id":"53","source":"9","target":"19","factor":"proximity"},
{"id":"54","source":"19","target":"1","factor":"orientation_parallel"},
{"id":"55","source":"19","target":"11","factor":"orientation_parallel"},
{"id":"56","source":"19","target":"2","factor":"orientation_parallel"},
{"id":"57","source":"19","target":"3","factor":"orientation_parallel"},
{"id":"58","source":"19","target":"9","factor":"orientation_parallel"},
{"id":"59","source":"19","target":"8","factor":"orientation_parallel"},
{"id":"60","source":"19","target":"6","factor":"orientation_parallel"},
{"id":"61","source":"19","target":"5","factor":"orientation_parallel"},
{"id":"62","source":"19","target":"7","factor":"orientation_parallel"},
{"id":"63","source":"19","target":"15","factor":"orientation_parallel"},
{"id":"64","source":"4","target":"19","factor":"orientation_parallel"},
{"id":"65","source":"19","target":"10","factor":"orientation_perpendicular"},
{"id":"66","source":"19","target":"16","factor":"orientation_perpendicular"},
{"id":"67","source":"19","target":"1","factor":"orientation_perpendicular"},
{"id":"68","source":"19","target":"4","factor":"orientation_perpendicular"},
{"id":"69","source":"19","target":"8","factor":"orientation_perpendicular"},
{"id":"70","source":"19","target":"2","factor":"orientation_perpendicular"},
{"id":"71","source":"19","target":"3","factor":"orientation_perpendicular"},
{"id":"72","source":"19","target":"11","factor":"orientation_perpendicular"},
{"id":"73","source":"19","target":"5","factor":"orientation_perpendicular"},
{"id":"74","source":"19","target":"7","factor":"orientation_perpendicular"},
{"id":"75","source":"19","target":"15","factor":"orientation_perpendicular"},
{"id":"76","source":"19","target":"9","factor":"orientation_perpendicular"},
{"id":"77","source":"19","target":"13","factor":"orientation_perpendicular"},
{"id":"78","source":"19","target":"6","factor":"orientation_perpendicular"},
{"id":"79","source":"19","target":"12","factor":"orientation_perpendicular"},
{"id":"80","source":"19","target":"14","factor":"orientation_perpendicular"},
{"id":"81","source":"4","target":"19","factor":"orientation_perpendicular"},
{"id":"82","source":"8","target":"19","factor":"orientation_perpendicular"},
{"id":"83","source":"7","target":"19","factor":"orientation_perpendicular"},
{"id":"84","source":"5","target":"19","factor":"orientation_perpendicular"},
{"id":"85","source":"9","target":"19","factor":"orientation_perpendicular"},
{"id":"86","source":"1","target":"19","factor":"orientation_perpendicular"},
{"id":"87","source":"6","target":"19","factor":"orientation_perpendicular"},
{"id":"88","source":"11","target":"19","factor":"orientation_perpendicular"},
{"id":"89","source":"3","target":"19","factor":"orientation_perpendicular"},
{"id":"90","source":"2","target":"19","factor":"orientation_perpendicular"},
{"id":"91","source":"14","target":"19","factor":"orientation_perpendicular"},
{"id":"92","source":"19","target":"17","factor":"orientation_perpendicular"},
{"id":"93","source":"17","target":"19","factor":"orientation_perpendicular"},
{"id":"94","source":"19","target":"18","factor":"orientation_perpendicular"},
{"id":"95","source":"15","target":"19","factor":"orientation_perpendicular"},
{"id":"96","source":"16","target":"19","factor":"orientation_perpendicular"},
{"id":"97","source":"0","target":"20","factor":"orientation_parallel"},
{"id":"98","source":"19","target":"20","factor":"orientation_parallel"},
{"id":"99","source":"0","target":"20","factor":"orientation_perpendicular"},
{"id":"100","source":"19","target":"20","factor":"orientation_perpendicular"},
{"id":"101","source":"0","target":"20","factor":"symmetry"},
{"id":"102","source":"19","target":"20","factor":"symmetry"},
{"id":"103","source":"1","target":"20","factor":"proximity"},
{"id":"104","source":"3","target":"20","factor":"proximity"},
{"id":"105","source":"4","target":"20","factor":"proximity"},
{"id":"106","source":"9","target":"20","factor":"proximity"},
{"id":"107","source":"20","target":"1","factor":"orientation_parallel"},
{"id":"108","source":"20","target":"11","factor":"orientation_parallel"},
{"id":"109","source":"20","target":"2","factor":"orientation_parallel"},
{"id":"110","source":"20","target":"3","factor":"orientation_parallel"},
{"id":"111","source":"20","target":"9","factor":"orientation_parallel"},
{"id":"112","source":"20","target":"8","factor":"orientation_parallel"},
{"id":"113","source":"20","target":"6","factor":"orientation_parallel"},
{"id":"114","source":"20","target":"5","factor":"orientation_parallel"},
{"id":"115","source":"20","target":"7","factor":"orientation_parallel"},
{"id":"116","source":"20","target":"15","factor":"orientation_parallel"},
{"id":"117","source":"4","target":"20","factor":"orientation_parallel"},
{"id":"118","source":"20","target":"10","factor":"orientation_perpendicular"},
{"id":"119","source":"20","target":"16","factor":"orientation_perpendicular"},
{"id":"120","source":"20","target":"1","factor":"orientation_perpendicular"},
{"id":"121","source":"20","target":"4","factor":"orientation_perpendicular"},
{"id":"122","source":"20","target":"8","factor":"orientation_perpendicular"},
{"id":"123","source":"20","target":"2","factor":"orientation_perpendicular"},
{"id":"124","source":"20","target":"3","factor":"orientation_perpendicular"},
{"id":"125","source":"20","target":"11","factor":"orientation_perpendicular"},
{"id":"126","source":"20","target":"5","factor":"orientation_perpendicular"},
{"id":"127","source":"20","target":"7","factor":"orientation_perpendicular"},
{"id":"128","source":"20","target":"15","factor":"orientation_perpendicular"},
{"id":"129","source":"20","target":"9","factor":"orientation_perpendicular"},
{"id":"130","source":"20","target":"13","factor":"orientation_perpendicular"},
{"id":"131","source":"20","target":"6","factor":"orientation_perpendicular"},
{"id":"132","source":"20","target":"12","factor":"orientation_perpendicular"},
{"id":"133","source":"20","target":"14","factor":"orientation_perpendicular"},
{"id":"134","source":"4","target":"20","factor":"orientation_perpendicular"},
{"id":"135","source":"8","target":"20","factor":"orientation_perpendicular"},
{"id":"136","source":"7","target":"20","factor":"orientation_perpendicular"},
{"id":"137","source":"5","target":"20","factor":"orientation_perpendicular"},
{"id":"138","source":"9","target":"20","factor":"orientation_perpendicular"},
{"id":"139","source":"1","target":"20","factor":"orientation_perpendicular"},
{"id":"140","source":"6","target":"20","factor":"orientation_perpendicular"},
{"id":"141","source":"11","target":"20","factor":"orientation_perpendicular"},
{"id":"142","source":"3","target":"20","factor":"orientation_perpendicular"},
{"id":"143","source":"2","target":"20","factor":"orientation_perpendicular"},
{"id":"144","source":"14","target":"20","factor":"orientation_perpendicular"},
{"id":"145","source":"20","target":"17","factor":"orientation_perpendicular"},
{"id":"146","source":"17","target":"20","factor":"orientation_perpendicular"},
{"id":"147","source":"20","target":"18","factor":"orientation_perpendicular"},
{"id":"148","source":"15","target":"20","factor":"orientation_perpendicular"},
{"id":"149","source":"16","target":"20","factor":"orientation_perpendicular"},
{"id":"150","source":"5","target":"6","factor":"proximity"},
{"id":"151","source":"5","target":"1","factor":"proximity"},
{"id":"152","source":"3","target":"5","factor":"proximity"},
{"id":"153","source":"5","target":"14","factor":"proximity"},
{"id":"154","source":"5","target":"2","factor":"proximity"},
{"id":"155","source":"3","target":"5","factor":"orientation_parallel"},
{"id":"156","source":"2","target":"5","factor":"orientation_parallel"},
{"id":"157","source":"6","target":"5","factor":"orientation_parallel"},
{"id":"158","source":"5","target":"9","factor":"orientation_parallel"},
{"id":"159","source":"5","target":"7","factor":"orientation_parallel"},
{"id":"160","source":"5","target":"1","factor":"orientation_parallel"},
{"id":"161","source":"4","target":"5","factor":"orientation_parallel"},
{"id":"162","source":"5","target":"1","factor":"orientation_perpendicular"},
{"id":"163","source":"5","target":"13","factor":"orientation_perpendicular"},
{"id":"164","source":"5","target":"10","factor":"orientation_perpendicular"},
{"id":"165","source":"3","target":"5","factor":"orientation_perpendicular"},
{"id":"166","source":"2","target":"5","factor":"orientation_perpendicular"},
{"id":"167","source":"5","target":"18","factor":"orientation_perpendicular"},
{"id":"168","source":"4","target":"5","factor":"orientation_perpendicular"},
{"id":"169","source":"5","target":"16","factor":"orientation_perpendicular"},
{"id":"170","source":"5","target":"7","factor":"orientation_perpendicular"},
{"id":"171","source":"5","target":"8","factor":"orientation_perpendicular"},
{"id":"172","source":"5","target":"15","factor":"orientation_perpendicular"},
{"id":"173","source":"5","target":"6","factor":"orientation_perpendicular"},
{"id":"174","source":"5","target":"9","factor":"orientation_perpendicular"},
{"id":"175","source":"5","target":"14","factor":"orientation_perpendicular"},
{"id":"176","source":"5","target":"11","factor":"orientation_perpendicular"},
{"id":"177","source":"1","target":"5","factor":"orientation_perpendicular"},
{"id":"178","source":"5","target":"17","factor":"orientation_perpendicular"},
{"id":"179","source":"5","target":"21","factor":"orientation_perpendicular"},
{"id":"180","source":"5","target":"21","factor":"symmetry"},
{"id":"181","source":"21","target":"6","factor":"proximity"},
{"id":"182","source":"21","target":"1","factor":"proximity"},
{"id":"183","source":"3","target":"21","factor":"proximity"},
{"id":"184","source":"21","target":"14","factor":"proximity"},
{"id":"185","source":"21","target":"2","factor":"proximity"},
{"id":"186","source":"3","target":"21","factor":"orientation_parallel"},
{"id":"187","source":"2","target":"21","factor":"orientation_parallel"},
{"id":"188","source":"6","target":"21","factor":"orientation_parallel"},
{"id":"189","source":"21","target":"9","factor":"orientation_parallel"},
{"id":"190","source":"21","target":"7","factor":"orientation_parallel"},
{"id":"191","source":"21","target":"1","factor":"orientation_parallel"},
{"id":"192","source":"4","target":"21","factor":"orientation_parallel"},
{"id":"193","source":"21","target":"1","factor":"orientation_perpendicular"},
{"id":"194","source":"21","target":"13","factor":"orientation_perpendicular"},
{"id":"195","source":"21","target":"10","factor":"orientation_perpendicular"},
{"id":"196","source":"3","target":"21","factor":"orientation_perpendicular"},
{"id":"197","source":"2","target":"21","factor":"orientation_perpendicular"},
{"id":"198","source":"21","target":"18","factor":"orientation_perpendicular"},
{"id":"199","source":"4","target":"21","factor":"orientation_perpendicular"},
{"id":"200","source":"21","target":"16","factor":"orientation_perpendicular"},
{"id":"201","source":"21","target":"7","factor":"orientation_perpendicular"},
{"id":"202","source":"21","target":"8","factor":"orientation_perpendicular"},
{"id":"203","source":"21","target":"15","factor":"orientation_perpendicular"},
{"id":"204","source":"21","target":"6","factor":"orientation_perpendicular"},
{"id":"205","source":"21","target":"9","factor":"orientation_perpendicular"},
{"id":"206","source":"21","target":"14","factor":"orientation_perpendicular"},
{"id":"207","source":"21","target":"11","factor":"orientation_perpendicular"},
{"id":"208","source":"1","target":"21","factor":"orientation_perpendicular"},
{"id":"209","source":"21","target":"17","factor":"orientation_perpendicular"},
{"id":"210","source":"1","target":"2","factor":"Horizontal-Support"},
{"id":"211","source":"3","target":"1","factor":"proximity"},
{"id":"212","source":"4","target":"1","factor":"proximity"},
{"id":"213","source":"1","target":"6","factor":"proximity"},
{"id":"214","source":"8","target":"1","factor":"proximity"},
{"id":"215","source":"2","target":"1","factor":"proximity"},
{"id":"216","source":"11","target":"1","factor":"proximity"},
{"id":"217","source":"12","target":"1","factor":"proximity"},
{"id":"218","source":"10","target":"1","factor":"proximity"},
{"id":"219","source":"13","target":"1","factor":"proximity"},
{"id":"220","source":"4","target":"1","factor":"orientation_parallel"},
{"id":"221","source":"8","target":"1","factor":"orientation_parallel"},
{"id":"222","source":"2","target":"1","factor":"orientation_parallel"},
{"id":"223","source":"3","target":"1","factor":"orientation_parallel"},
{"id":"224","source":"11","target":"1","factor":"orientation_parallel"},
{"id":"225","source":"15","target":"1","factor":"orientation_parallel"},
{"id":"226","source":"6","target":"1","factor":"orientation_parallel"},
{"id":"227","source":"16","target":"1","factor":"orientation_parallel"},
{"id":"228","source":"7","target":"1","factor":"orientation_parallel"},
{"id":"229","source":"17","target":"1","factor":"orientation_parallel"},
{"id":"230","source":"4","target":"1","factor":"orientation_perpendicular"},
{"id":"231","source":"3","target":"1","factor":"orientation_perpendicular"},
{"id":"232","source":"2","target":"1","factor":"orientation_perpendicular"},
{"id":"233","source":"1","target":"6","factor":"orientation_perpendicular"},
{"id":"234","source":"1","target":"10","factor":"orientation_perpendicular"},
{"id":"235","source":"1","target":"16","factor":"orientation_perpendicular"},
{"id":"236","source":"6","target":"1","factor":"orientation_perpendicular"},
{"id":"237","source":"14","target":"1","factor":"orientation_perpendicular"},
{"id":"238","source":"8","target":"1","factor":"orientation_perpendicular"},
{"id":"239","source":"11","target":"1","factor":"orientation_perpendicular"},
{"id":"240","source":"7","target":"1","factor":"orientation_perpendicular"},
{"id":"241","source":"15","target":"1","factor":"orientation_perpendicular"},
{"id":"242","source":"9","target":"1","factor":"orientation_perpendicular"},
{"id":"243","source":"13","target":"1","factor":"orientation_perpendicular"},
{"id":"244","source":"17","target":"1","factor":"orientation_perpendicular"},
{"id":"245","source":"10","target":"1","factor":"orientation_perpendicular"},
{"id":"246","source":"1","target":"12","factor":"orientation_perpendicular"},
{"id":"247","source":"12","target":"1","factor":"orientation_perpendicular"},
{"id":"248","source":"16","target":"1","factor":"orientation_perpendicular"},
{"id":"249","source":"1","target":"18","factor":"orientation_perpendicular"},
{"id":"250","source":"18","target":"1","factor":"orientation_perpendicular"},
{"id":"251","source":"1","target":"9","factor":"orientation_perpendicular"},
{"id":"252","source":"1","target":"8","factor":"orientation_perpendicular"},
{"id":"253","source":"1","target":"7","factor":"orientation_perpendicular"},
{"id":"254","source":"1","target":"22","factor":"proximity"},
{"id":"255","source":"1","target":"22","factor":"orientation_parallel"},
{"id":"256","source":"1","target":"22","factor":"orientation_perpendicular"},
{"id":"257","source":"1","target":"22","factor":"symmetry"},
{"id":"258","source":"1","target":"22","factor":"side_to_side"},
{"id":"259","source":"22","target":"2","factor":"Horizontal-Support"},
{"id":"260","source":"3","target":"22","factor":"proximity"},
{"id":"261","source":"4","target":"22","factor":"proximity"},
{"id":"262","source":"22","target":"6","factor":"proximity"},
{"id":"263","source":"8","target":"22","factor":"proximity"},
{"id":"264","source":"2","target":"22","factor":"proximity"},
{"id":"265","source":"11","target":"22","factor":"proximity"},
{"id":"266","source":"12","target":"22","factor":"proximity"},
{"id":"267","source":"10","target":"22","factor":"proximity"},
{"id":"268","source":"13","target":"22","factor":"proximity"},
{"id":"269","source":"4","target":"22","factor":"orientation_parallel"},
{"id":"270","source":"8","target":"22","factor":"orientation_parallel"},
{"id":"271","source":"2","target":"22","factor":"orientation_parallel"},
{"id":"272","source":"3","target":"22","factor":"orientation_parallel"},
{"id":"273","source":"11","target":"22","factor":"orientation_parallel"},
{"id":"274","source":"15","target":"22","factor":"orientation_parallel"},
{"id":"275","source":"6","target":"22","factor":"orientation_parallel"},
{"id":"276","source":"16","target":"22","factor":"orientation_parallel"},
{"id":"277","source":"7","target":"22","factor":"orientation_parallel"},
{"id":"278","source":"17","target":"22","factor":"orientation_parallel"},
{"id":"279","source":"4","target":"22","factor":"orientation_perpendicular"},
{"id":"280","source":"3","target":"22","factor":"orientation_perpendicular"},
{"id":"281","source":"2","target":"22","factor":"orientation_perpendicular"},
{"id":"282","source":"22","target":"6","factor":"orientation_perpendicular"},
{"id":"283","source":"22","target":"10","factor":"orientation_perpendicular"},
{"id":"284","source":"22","target":"16","factor":"orientation_perpendicular"},
{"id":"285","source":"6","target":"22","factor":"orientation_perpendicular"},
{"id":"286","source":"14","target":"22","factor":"orientation_perpendicular"},
{"id":"287","source":"8","target":"22","factor":"orientation_perpendicular"},
{"id":"288","source":"11","target":"22","factor":"orientation_perpendicular"},
{"id":"289","source":"7","target":"22","factor":"orientation_perpendicular"},
{"id":"290","source":"15","target":"22","factor":"orientation_perpendicular"},
{"id":"291","source":"9","target":"22","factor":"orientation_perpendicular"},
{"id":"292","source":"13","target":"22","factor":"orientation_perpendicular"},
{"id":"293","source":"17","target":"22","factor":"orientation_perpendicular"},
{"id":"294","source":"10","target":"22","factor":"orientation_perpendicular"},
{"id":"295","source":"22","target":"12","factor":"orientation_perpendicular"},
{"id":"296","source":"12","target":"22","factor":"orientation_perpendicular"},
{"id":"297","source":"16","target":"22","factor":"orientation_perpendicular"},
{"id":"298","source":"22","target":"18","factor":"orientation_perpendicular"},
{"id":"299","source":"18","target":"22","factor":"orientation_perpendicular"},
{"id":"300","source":"22","target":"9","factor":"orientation_perpendicular"},
{"id":"301","source":"22","target":"8","factor":"orientation_perpendicular"},
{"id":"302","source":"22","target":"7","factor":"orientation_perpendicular"},
{"id":"303","source":"1","target":"23","factor":"proximity"},
{"id":"304","source":"22","target":"23","factor":"proximity"},
{"id":"305","source":"1","target":"23","factor":"orientation_parallel"},
{"id":"306","source":"22","target":"23","factor":"orientation_parallel"},
{"id":"307","source":"1","target":"23","factor":"orientation_perpendicular"},
{"id":"308","source":"22","target":"23","factor":"orientation_perpendicular"},
{"id":"309","source":"1","target":"23","factor":"symmetry"},
{"id":"310","source":"22","target":"23","factor":"symmetry"},
{"id":"311","source":"1","target":"23","factor":"side_to_side"},
{"id":"312","source":"22","target":"23","factor":"side_to_side"},
{"id":"313","source":"23","target":"2","factor":"Horizontal-Support"},
{"id":"314","source":"3","target":"23","factor":"proximity"},
{"id":"315","source":"4","target":"23","factor":"proximity"},
{"id":"316","source":"23","target":"6","factor":"proximity"},
{"id":"317","source":"8","target":"23","factor":"proximity"},
{"id":"318","source":"2","target":"23","factor":"proximity"},
{"id":"319","source":"11","target":"23","factor":"proximity"},
{"id":"320","source":"12","target":"23","factor":"proximity"},
{"id":"321","source":"10","target":"23","factor":"proximity"},
{"id":"322","source":"13","target":"23","factor":"proximity"},
{"id":"323","source":"4","target":"23","factor":"orientation_parallel"},
{"id":"324","source":"8","target":"23","factor":"orientation_parallel"},
{"id":"325","source":"2","target":"23","factor":"orientation_parallel"},
{"id":"326","source":"3","target":"23","factor":"orientation_parallel"},
{"id":"327","source":"11","target":"23","factor":"orientation_parallel"},
{"id":"328","source":"15","target":"23","factor":"orientation_parallel"},
{"id":"329","source":"6","target":"23","factor":"orientation_parallel"},
{"id":"330","source":"16","target":"23","factor":"orientation_parallel"},
{"id":"331","source":"7","target":"23","factor":"orientation_parallel"},
{"id":"332","source":"17","target":"23","factor":"orientation_parallel"},
{"id":"333","source":"4","target":"23","factor":"orientation_perpendicular"},
{"id":"334","source":"3","target":"23","factor":"orientation_perpendicular"},
{"id":"335","source":"2","target":"23","factor":"orientation_perpendicular"},
{"id":"336","source":"23","target":"6","factor":"orientation_perpendicular"},
{"id":"337","source":"23","target":"10","factor":"orientation_perpendicular"},
{"id":"338","source":"23","target":"16","factor":"orientation_perpendicular"},
{"id":"339","source":"6","target":"23","factor":"orientation_perpendicular"},
{"id":"340","source":"14","target":"23","factor":"orientation_perpendicular"},
{"id":"341","source":"8","target":"23","factor":"orientation_perpendicular"},
{"id":"342","source":"11","target":"23","factor":"orientation_perpendicular"},
{"id":"343","source":"7","target":"23","factor":"orientation_perpendicular"},
{"id":"344","source":"15","target":"23","factor":"orientation_perpendicular"},
{"id":"345","source":"9","target":"23","factor":"orientation_perpendicular"},
{"id":"346","source":"13","target":"23","factor":"orientation_perpendicular"},
{"id":"347","source":"17","target":"23","factor":"orientation_perpendicular"},
{"id":"348","source":"10","target":"23","factor":"orientation_perpendicular"},
{"id":"349","source":"23","target":"12","factor":"orientation_perpendicular"},
{"id":"350","source":"12","target":"23","factor":"orientation_perpendicular"},
{"id":"351","source":"16","target":"23","factor":"orientation_perpendicular"},
{"id":"352","source":"23","target":"18","factor":"orientation_perpendicular"},
{"id":"353","source":"18","target":"23","factor":"orientation_perpendicular"},
{"id":"354","source":"23","target":"9","factor":"orientation_perpendicular"},
{"id":"355","source":"23","target":"8","factor":"orientation_perpendicular"},
{"id":"356","source":"23","target":"7","factor":"orientation_perpendicular"},
{"id":"357","source":"1","target":"24","factor":"proximity"},
{"id":"358","source":"22","target":"24","factor":"proximity"},
{"id":"359","source":"23","target":"24","factor":"proximity"},
{"id":"360","source":"1","target":"24","factor":"orientation_parallel"},
{"id":"361","source":"22","target":"24","factor":"orientation_parallel"},
{"id":"362","source":"23","target":"24","factor":"orientation_parallel"},
{"id":"363","source":"1","target":"24","factor":"orientation_perpendicular"},
{"id":"364","source":"22","target":"24","factor":"orientation_perpendicular"},
{"id":"365","source":"23","target":"24","factor":"orientation_perpendicular"},
{"id":"366","source":"1","target":"24","factor":"symmetry"},
{"id":"367","source":"22","target":"24","factor":"symmetry"},
{"id":"368","source":"23","target":"24","factor":"symmetry"},
{"id":"369","source":"1","target":"24","factor":"side_to_side"},
{"id":"370","source":"22","target":"24","factor":"side_to_side"},
{"id":"371","source":"23","target":"24","factor":"side_to_side"},
{"id":"372","source":"24","target":"2","factor":"Horizontal-Support"},
{"id":"373","source":"3","target":"24","factor":"proximity"},
{"id":"374","source":"4","target":"24","factor":"proximity"},
{"id":"375","source":"24","target":"6","factor":"proximity"},
{"id":"376","source":"8","target":"24","factor":"proximity"},
{"id":"377","source":"2","target":"24","factor":"proximity"},
{"id":"378","source":"11","target":"24","factor":"proximity"},
{"id":"379","source":"12","target":"24","factor":"proximity"},
{"id":"380","source":"10","target":"24","factor":"proximity"},
{"id":"381","source":"13","target":"24","factor":"proximity"},
{"id":"382","source":"4","target":"24","factor":"orientation_parallel"},
{"id":"383","source":"8","target":"24","factor":"orientation_parallel"},
{"id":"384","source":"2","target":"24","factor":"orientation_parallel"},
{"id":"385","source":"3","target":"24","factor":"orientation_parallel"},
{"id":"386","source":"11","target":"24","factor":"orientation_parallel"},
{"id":"387","source":"15","target":"24","factor":"orientation_parallel"},
{"id":"388","source":"6","target":"24","factor":"orientation_parallel"},
{"id":"389","source":"16","target":"24","factor":"orientation_parallel"},
{"id":"390","source":"7","target":"24","factor":"orientation_parallel"},
{"id":"391","source":"17","target":"24","factor":"orientation_parallel"},
{"id":"392","source":"4","target":"24","factor":"orientation_perpendicular"},
{"id":"393","source":"3","target":"24","factor":"orientation_perpendicular"},
{"id":"394","source":"2","target":"24","factor":"orientation_perpendicular"},
{"id":"395","source":"24","target":"6","factor":"orientation_perpendicular"},
{"id":"396","source":"24","target":"10","factor":"orientation_perpendicular"},
{"id":"397","source":"24","target":"16","factor":"orientation_perpendicular"},
{"id":"398","source":"6","target":"24","factor":"orientation_perpendicular"},
{"id":"399","source":"14","target":"24","factor":"orientation_perpendicular"},
{"id":"400","source":"8","target":"24","factor":"orientation_perpendicular"},
{"id":"401","source":"11","target":"24","factor":"orientation_perpendicular"},
{"id":"402","source":"7","target":"24","factor":"orientation_perpendicular"},
{"id":"403","source":"15","target":"24","factor":"orientation_perpendicular"},
{"id":"404","source":"9","target":"24","factor":"orientation_perpendicular"},
{"id":"405","source":"13","target":"24","factor":"orientation_perpendicular"},
{"id":"406","source":"17","target":"24","factor":"orientation_perpendicular"},
{"id":"407","source":"10","target":"24","factor":"orientation_perpendicular"},
{"id":"408","source":"24","target":"12","factor":"orientation_perpendicular"},
{"id":"409","source":"12","target":"24","factor":"orientation_perpendicular"},
{"id":"410","source":"16","target":"24","factor":"orientation_perpendicular"},
{"id":"411","source":"24","target":"18","factor":"orientation_perpendicular"},
{"id":"412","source":"18","target":"24","factor":"orientation_perpendicular"},
{"id":"413","source":"24","target":"9","factor":"orientation_perpendicular"},
{"id":"414","source":"24","target":"8","factor":"orientation_perpendicular"},
{"id":"415","source":"24","target":"7","factor":"orientation_perpendicular"},
{"id":"416","source":"13","target":"3","factor":"proximity"},
{"id":"417","source":"2","target":"13","factor":"orientation_perpendicular"},
{"id":"418","source":"3","target":"13","factor":"orientation_perpendicular"},
{"id":"419","source":"4","target":"13","factor":"orientation_perpendicular"},
{"id":"420","source":"8","target":"13","factor":"orientation_perpendicular"},
{"id":"421","source":"16","target":"13","factor":"orientation_perpendicular"},
{"id":"422","source":"15","target":"13","factor":"orientation_perpendicular"},
{"id":"423","source":"9","target":"13","factor":"orientation_perpendicular"},
{"id":"424","source":"11","target":"13","factor":"orientation_perpendicular"},
{"id":"425","source":"6","target":"13","factor":"orientation_perpendicular"},
{"id":"426","source":"13","target":"25","factor":"symmetry"},
{"id":"427","source":"25","target":"3","factor":"proximity"},
{"id":"428","source":"2","target":"25","factor":"orientation_perpendicular"},
{"id":"429","source":"3","target":"25","factor":"orientation_perpendicular"},
{"id":"430","source":"4","target":"25","factor":"orientation_perpendicular"},
{"id":"431","source":"8","target":"25","factor":"orientation_perpendicular"},
{"id":"432","source":"16","target":"25","factor":"orientation_perpendicular"},
{"id":"433","source":"15","target":"25","factor":"orientation_perpendicular"},
{"id":"434","source":"9","target":"25","factor":"orientation_perpendicular"},
{"id":"435","source":"11","target":"25","factor":"orientation_perpendicular"},
{"id":"436","source":"6","target":"25","factor":"orientation_perpendicular"},
{"id":"437","source":"3","target":"4","factor":"proximity"},
{"id":"438","source":"2","target":"7","factor":"proximity"},
{"id":"439","source":"8","target":"9","factor":"proximity"},
{"id":"440","source":"10","target":"11","factor":"proximity"},
{"id":"441","source":"3","target":"2","factor":"proximity"},
{"id":"442","source":"3","target":"10","factor":"proximity"},
{"id":"443","source":"4","target":"2","factor":"proximity"},
{"id":"444","source":"3","target":"11","factor":"proximity"},
{"id":"445","source":"11","target":"4","factor":"proximity"},
{"id":"446","source":"3","target":"15","factor":"proximity"},
{"id":"447","source":"3","target":"2","factor":"orientation_parallel"},
{"id":"448","source":"3","target":"6","factor":"orientation_parallel"},
{"id":"449","source":"3","target":"10","factor":"orientation_parallel"},
{"id":"450","source":"3","target":"16","factor":"orientation_parallel"},
{"id":"451","source":"2","target":"6","factor":"orientation_parallel"},
{"id":"452","source":"2","target":"10","factor":"orientation_parallel"},
{"id":"453","source":"2","target":"16","factor":"orientation_parallel"},
{"id":"454","source":"6","target":"6","factor":"orientation_parallel"},
{"id":"455","source":"3","target":"14","factor":"orientation_parallel"},
{"id":"456","source":"3","target":"9","factor":"orientation_parallel"},
{"id":"457","source":"2","target":"14","factor":"orientation_parallel"},
{"id":"458","source":"2","target":"9","factor":"orientation_parallel"},
{"id":"459","source":"6","target":"9","factor":"orientation_parallel"},
{"id":"460","source":"14","target":"9","factor":"orientation_parallel"},
{"id":"461","source":"8","target":"8","factor":"orientation_parallel"},
{"id":"462","source":"9","target":"9","factor":"orientation_parallel"},
{"id":"463","source":"2","target":"11","factor":"orientation_parallel"},
{"id":"464","source":"3","target":"11","factor":"orientation_parallel"},
{"id":"465","source":"3","target":"8","factor":"orientation_parallel"},
{"id":"466","source":"2","target":"8","factor":"orientation_parallel"},
{"id":"467","source":"2","target":"7","factor":"orientation_parallel"},
{"id":"468","source":"2","target":"15","factor":"orientation_parallel"},
{"id":"469","source":"3","target":"7","factor":"orientation_parallel"},
{"id":"470","source":"3","target":"15","factor":"orientation_parallel"},
{"id":"471","source":"8","target":"9","factor":"orientation_parallel"},
{"id":"472","source":"7","target":"7","factor":"orientation_parallel"},
{"id":"473","source":"7","target":"9","factor":"orientation_parallel"},
{"id":"474","source":"9","target":"7","factor":"orientation_parallel"},
{"id":"475","source":"3","target":"17","factor":"orientation_parallel"},
{"id":"476","source":"2","target":"17","factor":"orientation_parallel"},
{"id":"477","source":"6","target":"8","factor":"orientation_parallel"},
{"id":"478","source":"2","target":"12","factor":"orientation_parallel"},
{"id":"479","source":"3","target":"12","factor":"orientation_parallel"},
{"id":"480","source":"14","target":"7","factor":"orientation_parallel"},
{"id":"481","source":"6","target":"7","factor":"orientation_parallel"},
{"id":"482","source":"11","target":"7","factor":"orientation_parallel"},
{"id":"483","source":"11","target":"9","factor":"orientation_parallel"},
{"id":"484","source":"4","target":"6","factor":"orientation_parallel"},
{"id":"485","source":"4","target":"3","factor":"orientation_parallel"},
{"id":"486","source":"4","target":"2","factor":"orientation_parallel"},
{"id":"487","source":"4","target":"7","factor":"orientation_parallel"},
{"id":"488","source":"4","target":"9","factor":"orientation_parallel"},
{"id":"489","source":"3","target":"4","factor":"orientation_perpendicular"},
{"id":"490","source":"3","target":"8","factor":"orientation_perpendicular"},
{"id":"491","source":"2","target":"4","factor":"orientation_perpendicular"},
{"id":"492","source":"2","target":"8","factor":"orientation_perpendicular"},
{"id":"493","source":"6","target":"8","factor":"orientation_perpendicular"},
{"id":"494","source":"14","target":"8","factor":"orientation_perpendicular"},
{"id":"495","source":"2","target":"7","factor":"orientation_perpendicular"},
{"id":"496","source":"3","target":"7","factor":"orientation_perpendicular"},
{"id":"497","source":"11","target":"7","factor":"orientation_perpendicular"},
{"id":"498","source":"10","target":"10","factor":"orientation_perpendicular"},
{"id":"499","source":"3","target":"11","factor":"orientation_perpendicular"},
{"id":"500","source":"2","target":"11","factor":"orientation_perpendicular"},
{"id":"501","source":"10","target":"8","factor":"orientation_perpendicular"},
{"id":"502","source":"10","target":"9","factor":"orientation_perpendicular"},
{"id":"503","source":"3","target":"6","factor":"orientation_perpendicular"},
{"id":"504","source":"3","target":"12","factor":"orientation_perpendicular"},
{"id":"505","source":"2","target":"6","factor":"orientation_perpendicular"},
{"id":"506","source":"2","target":"12","factor":"orientation_perpendicular"},
{"id":"507","source":"6","target":"12","factor":"orientation_perpendicular"},
{"id":"508","source":"16","target":"12","factor":"orientation_perpendicular"},
{"id":"509","source":"16","target":"8","factor":"orientation_perpendicular"},
{"id":"510","source":"6","target":"15","factor":"orientation_perpendicular"},
{"id":"511","source":"2","target":"15","factor":"orientation_perpendicular"},
{"id":"512","source":"3","target":"15","factor":"orientation_perpendicular"},
{"id":"513","source":"14","target":"15","factor":"orientation_perpendicular"},
{"id":"514","source":"16","target":"15","factor":"orientation_perpendicular"},
{"id":"515","source":"2","target":"10","factor":"orientation_perpendicular"},
{"id":"516","source":"3","target":"10","factor":"orientation_perpendicular"},
{"id":"517","source":"11","target":"6","factor":"orientation_perpendicular"},
{"id":"518","source":"11","target":"9","factor":"orientation_perpendicular"},
{"id":"519","source":"6","target":"10","factor":"orientation_perpendicular"},
{"id":"520","source":"8","target":"9","factor":"orientation_perpendicular"},
{"id":"521","source":"9","target":"8","factor":"orientation_perpendicular"},
{"id":"522","source":"16","target":"7","factor":"orientation_perpendicular"},
{"id":"523","source":"12","target":"15","factor":"orientation_perpendicular"},
{"id":"524","source":"4","target":"6","factor":"orientation_perpendicular"},
{"id":"525","source":"4","target":"10","factor":"orientation_perpendicular"},
{"id":"526","source":"4","target":"12","factor":"orientation_perpendicular"},
{"id":"527","source":"4","target":"9","factor":"orientation_perpendicular"},
{"id":"528","source":"4","target":"15","factor":"orientation_perpendicular"},
{"id":"529","source":"8","target":"6","factor":"orientation_perpendicular"},
{"id":"530","source":"10","target":"15","factor":"orientation_perpendicular"},
{"id":"531","source":"6","target":"18","factor":"orientation_perpendicular"},
{"id":"532","source":"4","target":"11","factor":"orientation_perpendicular"},
{"id":"533","source":"11","target":"16","factor":"orientation_perpendicular"},
{"id":"534","source":"3","target":"16","factor":"orientation_perpendicular"},
{"id":"535","source":"2","target":"16","factor":"orientation_perpendicular"},
{"id":"536","source":"6","target":"16","factor":"orientation_perpendicular"},
{"id":"537","source":"6","target":"7","factor":"orientation_perpendicular"},
{"id":"538","source":"16","target":"9","factor":"orientation_perpendicular"},
{"id":"539","source":"12","target":"7","factor":"orientation_perpendicular"},
{"id":"540","source":"4","target":"8","factor":"orientation_perpendicular"},
{"id":"541","source":"8","target":"7","factor":"orientation_perpendicular"},
{"id":"542","source":"4","target":"16","factor":"orientation_perpendicular"},
{"id":"543","source":"11","target":"8","factor":"orientation_perpendicular"},
{"id":"544","source":"4","target":"7","factor":"orientation_perpendicular"},
{"id":"545","source":"11","target":"15","factor":"orientation_perpendicular"},
{"id":"546","source":"14","target":"6","factor":"orientation_perpendicular"},
{"id":"547","source":"3","target":"9","factor":"orientation_perpendicular"},
{"id":"548","source":"2","target":"9","factor":"orientation_perpendicular"},
{"id":"549","source":"15","target":"7","factor":"orientation_perpendicular"},
{"id":"550","source":"15","target":"9","factor":"orientation_perpendicular"},
{"id":"551","source":"4","target":"18","factor":"orientation_perpendicular"},
{"id":"552","source":"3","target":"18","factor":"orientation_perpendicular"},
{"id":"553","source":"2","target":"18","factor":"orientation_perpendicular"},
{"id":"554","source":"11","target":"10","factor":"orientation_perpendicular"},
{"id":"555","source":"11","target":"18","factor":"orientation_perpendicular"},
{"id":"556","source":"8","target":"18","factor":"orientation_perpendicular"},
{"id":"557","source":"6","target":"6","factor":"orientation_perpendicular"},
{"id":"558","source":"6","target":"9","factor":"orientation_perpendicular"},
{"id":"559","source":"7","target":"6","factor":"orientation_perpendicular"},
{"id":"560","source":"8","target":"15","factor":"orientation_perpendicular"},
{"id":"561","source":"6","target":"11","factor":"orientation_perpendicular"},
{"id":"562","source":"4","target":"4","factor":"orientation_perpendicular"},
{"id":"563","source":"9","target":"7","factor":"orientation_perpendicular"},
{"id":"564","source":"6","target":"17","factor":"orientation_perpendicular"},
{"id":"565","source":"9","target":"6","factor":"orientation_perpendicular"},
{"id":"566","source":"14","target":"10","factor":"orientation_perpendicular"},
{"id":"567","source":"11","target":"11","factor":"orientation_perpendicular"},
{"id":"568","source":"4","target":"17","factor":"orientation_perpendicular"},
{"id":"569","source":"3","target":"17","factor":"orientation_perpendicular"},
{"id":"570","source":"2","target":"17","factor":"orientation_perpendicular"},
{"id":"571","source":"7","target":"8","factor":"orientation_perpendicular"},
{"id":"572","source":"16","target":"16","factor":"orientation_perpendicular"},
{"id":"573","source":"15","target":"6","factor":"orientation_perpendicular"},
{"id":"574","source":"14","target":"7","factor":"orientation_perpendicular"},
{"id":"575","source":"6","target":"14","factor":"orientation_perpendicular"},
{"id":"576","source":"15","target":"18","factor":"orientation_perpendicular"},
{"id":"577","source":"17","target":"7","factor":"orientation_perpendicular"},
{"id":"578","source":"6","target":"6","factor":"symmetry"},
{"id":"579","source":"16","target":"16","factor":"symmetry"},
{"id":"580","source":"8","target":"8","factor":"symmetry"},
{"id":"581","source":"9","target":"9","factor":"symmetry"},
{"id":"582","source":"12","target":"12","factor":"symmetry"},
{"id":"583","source":"18","target":"18","factor":"symmetry"},
{"id":"584","source":"14","target":"14","factor":"symmetry"},
{"id":"585","source":"10","target":"10","factor":"symmetry"},
{"id":"586","source":"17","target":"17","factor":"symmetry"},
{"id":"587","source":"7","target":"7","factor":"symmetry"},
{"id":"588","source":"4","target":"4","factor":"symmetry"}
],
"probability":[
{"id":"0","value":0.304206},
{"id":"1","value":0.0827103},
{"id":"2","value":0.0579439},
{"id":"3","value":0.0570093},
{"id":"4","value":0.473832},
{"id":"5","value":0.113551},
{"id":"6","value":0.231776},
{"id":"7","value":0.232243},
{"id":"8","value":0.0939252},
{"id":"9","value":0.0663551},
{"id":"10","value":0.0845794},
{"id":"11","value":0.0542056},
{"id":"12","value":0.109813},
{"id":"13","value":0.0523364},
{"id":"14","value":0.0869159},
{"id":"15","value":0.0364486},
{"id":"16","value":0.0626168},
{"id":"17","value":0.56028},
{"id":"18","value":0.171028},
{"id":"19","value":0.0995327},
{"id":"20","value":0.229439},
{"id":"21","value":0.229439},
{"id":"22","value":0.142523},
{"id":"23","value":0.138785},
{"id":"24","value":0.130841},
{"id":"25","value":0.100467},
{"id":"26","value":0.120093},
{"id":"27","value":0.0238318},
{"id":"28","value":0.251869},
{"id":"29","value":0.0369159},
{"id":"30","value":0.0700935},
{"id":"31","value":0.035514},
{"id":"32","value":0.0191589},
{"id":"33","value":0.0140187},
{"id":"34","value":0.0658879},
{"id":"35","value":0.021028},
{"id":"36","value":0.0616822},
{"id":"37","value":0.0827103},
{"id":"38","value":0.0668224},
{"id":"39","value":0.0392523},
{"id":"40","value":0.0392523},
{"id":"41","value":0.0238318},
{"id":"42","value":0.0397196},
{"id":"43","value":0.0121495},
{"id":"44","value":0.0149533},
{"id":"45","value":0.0186916},
{"id":"46","value":0.0140187},
{"id":"47","value":0.153271},
{"id":"48","value":0.0920561},
{"id":"49","value":0.133645},
{"id":"50","value":0.304206},
{"id":"51","value":0.0827103},
{"id":"52","value":0.0579439},
{"id":"53","value":0.0570093},
{"id":"54","value":0.473832},
{"id":"55","value":0.113551},
{"id":"56","value":0.231776},
{"id":"57","value":0.232243},
{"id":"58","value":0.0939252},
{"id":"59","value":0.0663551},
{"id":"60","value":0.0845794},
{"id":"61","value":0.0542056},
{"id":"62","value":0.109813},
{"id":"63","value":0.0523364},
{"id":"64","value":0.0869159},
{"id":"65","value":0.0364486},
{"id":"66","value":0.0626168},
{"id":"67","value":0.56028},
{"id":"68","value":0.171028},
{"id":"69","value":0.0995327},
{"id":"70","value":0.229439},
{"id":"71","value":0.229439},
{"id":"72","value":0.142523},
{"id":"73","value":0.138785},
{"id":"74","value":0.130841},
{"id":"75","value":0.100467},
{"id":"76","value":0.120093},
{"id":"77","value":0.0238318},
{"id":"78","value":0.251869},
{"id":"79","value":0.0369159},
{"id":"80","value":0.0700935},
{"id":"81","value":0.035514},
{"id":"82","value":0.0191589},
{"id":"83","value":0.0140187},
{"id":"84","value":0.0658879},
{"id":"85","value":0.021028},
{"id":"86","value":0.0616822},
{"id":"87","value":0.0827103},
{"id":"88","value":0.0668224},
{"id":"89","value":0.0392523},
{"id":"90","value":0.0392523},
{"id":"91","value":0.0238318},
{"id":"92","value":0.0397196},
{"id":"93","value":0.0121495},
{"id":"94","value":0.0149533},
{"id":"95","value":0.0186916},
{"id":"96","value":0.0140187},
{"id":"97","value":0.153271},
{"id":"98","value":0.153271},
{"id":"99","value":0.0920561},
{"id":"100","value":0.0920561},
{"id":"101","value":0.133645},
{"id":"102","value":0.133645},
{"id":"103","value":0.304206},
{"id":"104","value":0.0827103},
{"id":"105","value":0.0579439},
{"id":"106","value":0.0570093},
{"id":"107","value":0.473832},
{"id":"108","value":0.113551},
{"id":"109","value":0.231776},
{"id":"110","value":0.232243},
{"id":"111","value":0.0939252},
{"id":"112","value":0.0663551},
{"id":"113","value":0.0845794},
{"id":"114","value":0.0542056},
{"id":"115","value":0.109813},
{"id":"116","value":0.0523364},
{"id":"117","value":0.0869159},
{"id":"118","value":0.0364486},
{"id":"119","value":0.0626168},
{"id":"120","value":0.56028},
{"id":"121","value":0.171028},
{"id":"122","value":0.0995327},
{"id":"123","value":0.229439},
{"id":"124","value":0.229439},
{"id":"125","value":0.142523},
{"id":"126","value":0.138785},
{"id":"127","value":0.130841},
{"id":"128","value":0.100467},
{"id":"129","value":0.120093},
{"id":"130","value":0.0238318},
{"id":"131","value":0.251869},
{"id":"132","value":0.0369159},
{"id":"133","value":0.0700935},
{"id":"134","value":0.035514},
{"id":"135","value":0.0191589},
{"id":"136","value":0.0140187},
{"id":"137","value":0.0658879},
{"id":"138","value":0.021028},
{"id":"139","value":0.0616822},
{"id":"140","value":0.0827103},
{"id":"141","value":0.0668224},
{"id":"142","value":0.0392523},
{"id":"143","value":0.0392523},
{"id":"144","value":0.0238318},
{"id":"145","value":0.0397196},
{"id":"146","value":0.0121495},
{"id":"147","value":0.0149533},
{"id":"148","value":0.0186916},
{"id":"149","value":0.0140187},
{"id":"150","value":0.280374},
{"id":"151","value":0.211215},
{"id":"152","value":0.178037},
{"id":"153","value":0.0621495},
{"id":"154","value":0.0537383},
{"id":"155","value":0.13972},
{"id":"156","value":0.141121},
{"id":"157","value":0.258878},
{"id":"158","value":0.0714953},
{"id":"159","value":0.0579439},
{"id":"160","value":0.213084},
{"id":"161","value":0.0514019},
{"id":"162","value":0.333178},
{"id":"163","value":0.0186916},
{"id":"164","value":0.0397196},
{"id":"165","value":0.0813084},
{"id":"166","value":0.0813084},
{"id":"167","value":0.0186916},
{"id":"168","value":0.0803738},
{"id":"169","value":0.0443925},
{"id":"170","value":0.100467},
{"id":"171","value":0.0714953},
{"id":"172","value":0.0476636},
{"id":"173","value":0.0560748},
{"id":"174","value":0.0733645},
{"id":"175","value":0.0425234},
{"id":"176","value":0.0514019},
{"id":"177","value":0.0186916},
{"id":"178","value":0.0247664},
{"id":"179","value":0.0285047},
{"id":"180","value":0.0383178},
{"id":"181","value":0.280374},
{"id":"182","value":0.211215},
{"id":"183","value":0.178037},
{"id":"184","value":0.0621495},
{"id":"185","value":0.0537383},
{"id":"186","value":0.13972},
{"id":"187","value":0.141121},
{"id":"188","value":0.258878},
{"id":"189","value":0.0714953},
{"id":"190","value":0.0579439},
{"id":"191","value":0.213084},
{"id":"192","value":0.0514019},
{"id":"193","value":0.333178},
{"id":"194","value":0.0186916},
{"id":"195","value":0.0397196},
{"id":"196","value":0.0813084},
{"id":"197","value":0.0813084},
{"id":"198","value":0.0186916},
{"id":"199","value":0.0803738},
{"id":"200","value":0.0443925},
{"id":"201","value":0.100467},
{"id":"202","value":0.0714953},
{"id":"203","value":0.0476636},
{"id":"204","value":0.0560748},
{"id":"205","value":0.0733645},
{"id":"206","value":0.0425234},
{"id":"207","value":0.0514019},
{"id":"208","value":0.0186916},
{"id":"209","value":0.0247664},
{"id":"210","value":0.646729},
{"id":"211","value":0.362617},
{"id":"212","value":0.301402},
{"id":"213","value":0.196262},
{"id":"214","value":0.138785},
{"id":"215","value":0.116822},
{"id":"216","value":0.0929907},
{"id":"217","value":0.0691589},
{"id":"218","value":0.0626168},
{"id":"219","value":0.0514019},
{"id":"220","value":0.234112},
{"id":"221","value":0.261215},
{"id":"222","value":0.28785},
{"id":"223","value":0.286916},
{"id":"224","value":0.204673},
{"id":"225","value":0.250935},
{"id":"226","value":0.390654},
{"id":"227","value":0.0915888},
{"id":"228","value":0.102804},
{"id":"229","value":0.05},
{"id":"230","value":0.485047},
{"id":"231","value":0.940654},
{"id":"232","value":0.942056},
{"id":"233","value":0.633178},
{"id":"234","value":0.0934579},
{"id":"235","value":0.180374},
{"id":"236","value":0.257944},
{"id":"237","value":0.157477},
{"id":"238","value":0.347196},
{"id":"239","value":0.287383},
{"id":"240","value":0.306542},
{"id":"241","value":0.333178},
{"id":"242","value":0.285514},
{"id":"243","value":0.0915888},
{"id":"244","value":0.0850467},
{"id":"245","value":0.0359813},
{"id":"246","value":0.135981},
{"id":"247","value":0.0313084},
{"id":"248","value":0.0672897},
{"id":"249","value":0.0570093},
{"id":"250","value":0.0308411},
{"id":"251","value":0.0233645},
{"id":"252","value":0.0280374},
{"id":"253","value":0.0182243},
{"id":"254","value":0.192523},
{"id":"255","value":0.635514},
{"id":"256","value":0.957477},
{"id":"257","value":0.78972},
{"id":"258","value":0.107477},
{"id":"259","value":0.646729},
{"id":"260","value":0.362617},
{"id":"261","value":0.301402},
{"id":"262","value":0.196262},
{"id":"263","value":0.138785},
{"id":"264","value":0.116822},
{"id":"265","value":0.0929907},
{"id":"266","value":0.0691589},
{"id":"267","value":0.0626168},
{"id":"268","value":0.0514019},
{"id":"269","value":0.234112},
{"id":"270","value":0.261215},
{"id":"271","value":0.28785},
{"id":"272","value":0.286916},
{"id":"273","value":0.204673},
{"id":"274","value":0.250935},
{"id":"275","value":0.390654},
{"id":"276","value":0.0915888},
{"id":"277","value":0.102804},
{"id":"278","value":0.05},
{"id":"279","value":0.485047},
{"id":"280","value":0.940654},
{"id":"281","value":0.942056},
{"id":"282","value":0.633178},
{"id":"283","value":0.0934579},
{"id":"284","value":0.180374},
{"id":"285","value":0.257944},
{"id":"286","value":0.157477},
{"id":"287","value":0.347196},
{"id":"288","value":0.287383},
{"id":"289","value":0.306542},
{"id":"290","value":0.333178},
{"id":"291","value":0.285514},
{"id":"292","value":0.0915888},
{"id":"293","value":0.0850467},
{"id":"294","value":0.0359813},
{"id":"295","value":0.135981},
{"id":"296","value":0.0313084},
{"id":"297","value":0.0672897},
{"id":"298","value":0.0570093},
{"id":"299","value":0.0308411},
{"id":"300","value":0.0233645},
{"id":"301","value":0.0280374},
{"id":"302","value":0.0182243},
{"id":"303","value":0.192523},
{"id":"304","value":0.192523},
{"id":"305","value":0.635514},
{"id":"306","value":0.635514},
{"id":"307","value":0.957477},
{"id":"308","value":0.957477},
{"id":"309","value":0.78972},
{"id":"310","value":0.78972},
{"id":"311","value":0.107477},
{"id":"312","value":0.107477},
{"id":"313","value":0.646729},
{"id":"314","value":0.362617},
{"id":"315","value":0.301402},
{"id":"316","value":0.196262},
{"id":"317","value":0.138785},
{"id":"318","value":0.116822},
{"id":"319","value":0.0929907},
{"id":"320","value":0.0691589},
{"id":"321","value":0.0626168},
{"id":"322","value":0.0514019},
{"id":"323","value":0.234112},
{"id":"324","value":0.261215},
{"id":"325","value":0.28785},
{"id":"326","value":0.286916},
{"id":"327","value":0.204673},
{"id":"328","value":0.250935},
{"id":"329","value":0.390654},
{"id":"330","value":0.0915888},
{"id":"331","value":0.102804},
{"id":"332","value":0.05},
{"id":"333","value":0.485047},
{"id":"334","value":0.940654},
{"id":"335","value":0.942056},
{"id":"336","value":0.633178},
{"id":"337","value":0.0934579},
{"id":"338","value":0.180374},
{"id":"339","value":0.257944},
{"id":"340","value":0.157477},
{"id":"341","value":0.347196},
{"id":"342","value":0.287383},
{"id":"343","value":0.306542},
{"id":"344","value":0.333178},
{"id":"345","value":0.285514},
{"id":"346","value":0.0915888},
{"id":"347","value":0.0850467},
{"id":"348","value":0.0359813},
{"id":"349","value":0.135981},
{"id":"350","value":0.0313084},
{"id":"351","value":0.0672897},
{"id":"352","value":0.0570093},
{"id":"353","value":0.0308411},
{"id":"354","value":0.0233645},
{"id":"355","value":0.0280374},
{"id":"356","value":0.0182243},
{"id":"357","value":0.192523},
{"id":"358","value":0.192523},
{"id":"359","value":0.192523},
{"id":"360","value":0.635514},
{"id":"361","value":0.635514},
{"id":"362","value":0.635514},
{"id":"363","value":0.957477},
{"id":"364","value":0.957477},
{"id":"365","value":0.957477},
{"id":"366","value":0.78972},
{"id":"367","value":0.78972},
{"id":"368","value":0.78972},
{"id":"369","value":0.107477},
{"id":"370","value":0.107477},
{"id":"371","value":0.107477},
{"id":"372","value":0.646729},
{"id":"373","value":0.362617},
{"id":"374","value":0.301402},
{"id":"375","value":0.196262},
{"id":"376","value":0.138785},
{"id":"377","value":0.116822},
{"id":"378","value":0.0929907},
{"id":"379","value":0.0691589},
{"id":"380","value":0.0626168},
{"id":"381","value":0.0514019},
{"id":"382","value":0.234112},
{"id":"383","value":0.261215},
{"id":"384","value":0.28785},
{"id":"385","value":0.286916},
{"id":"386","value":0.204673},
{"id":"387","value":0.250935},
{"id":"388","value":0.390654},
{"id":"389","value":0.0915888},
{"id":"390","value":0.102804},
{"id":"391","value":0.05},
{"id":"392","value":0.485047},
{"id":"393","value":0.940654},
{"id":"394","value":0.942056},
{"id":"395","value":0.633178},
{"id":"396","value":0.0934579},
{"id":"397","value":0.180374},
{"id":"398","value":0.257944},
{"id":"399","value":0.157477},
{"id":"400","value":0.347196},
{"id":"401","value":0.287383},
{"id":"402","value":0.306542},
{"id":"403","value":0.333178},
{"id":"404","value":0.285514},
{"id":"405","value":0.0915888},
{"id":"406","value":0.0850467},
{"id":"407","value":0.0359813},
{"id":"408","value":0.135981},
{"id":"409","value":0.0313084},
{"id":"410","value":0.0672897},
{"id":"411","value":0.0570093},
{"id":"412","value":0.0308411},
{"id":"413","value":0.0233645},
{"id":"414","value":0.0280374},
{"id":"415","value":0.0182243},
{"id":"416","value":0.0635514},
{"id":"417","value":0.0242991},
{"id":"418","value":0.0238318},
{"id":"419","value":0.0242991},
{"id":"420","value":0.0233645},
{"id":"421","value":0.011215},
{"id":"422","value":0.0126168},
{"id":"423","value":0.0126168},
{"id":"424","value":0.0121495},
{"id":"425","value":0.0266355},
{"id":"426","value":0.0275701},
{"id":"427","value":0.0635514},
{"id":"428","value":0.0242991},
{"id":"429","value":0.0238318},
{"id":"430","value":0.0242991},
{"id":"431","value":0.0233645},
{"id":"432","value":0.011215},
{"id":"433","value":0.0126168},
{"id":"434","value":0.0126168},
{"id":"435","value":0.0121495},
{"id":"436","value":0.0266355},
{"id":"437","value":0.27757},
{"id":"438","value":0.207944},
{"id":"439","value":0.125701},
{"id":"440","value":0.115421},
{"id":"441","value":0.100467},
{"id":"442","value":0.0934579},
{"id":"443","value":0.078972},
{"id":"444","value":0.0672897},
{"id":"445","value":0.0672897},
{"id":"446","value":0.0584112},
{"id":"447","value":0.995327},
{"id":"448","value":0.270561},
{"id":"449","value":0.0551402},
{"id":"450","value":0.0766355},
{"id":"451","value":0.271028},
{"id":"452","value":0.0556075},
{"id":"453","value":0.0771028},
{"id":"454","value":0.0883178},
{"id":"455","value":0.147664},
{"id":"456","value":0.264953},
{"id":"457","value":0.149065},
{"id":"458","value":0.266822},
{"id":"459","value":0.0920561},
{"id":"460","value":0.100935},
{"id":"461","value":0.197196},
{"id":"462","value":0.177103},
{"id":"463","value":0.0827103},
{"id":"464","value":0.0827103},
{"id":"465","value":0.149533},
{"id":"466","value":0.150467},
{"id":"467","value":0.225234},
{"id":"468","value":0.106075},
{"id":"469","value":0.222897},
{"id":"470","value":0.106075},
{"id":"471","value":0.0686916},
{"id":"472","value":0.0953271},
{"id":"473","value":0.117757},
{"id":"474","value":0.0733645},
{"id":"475","value":0.0757009},
{"id":"476","value":0.0771028},
{"id":"477","value":0.0747664},
{"id":"478","value":0.134112},
{"id":"479","value":0.134112},
{"id":"480","value":0.0892523},
{"id":"481","value":0.0766355},
{"id":"482","value":0.0738318},
{"id":"483","value":0.0630841},
{"id":"484","value":0.11729},
{"id":"485","value":0.125234},
{"id":"486","value":0.126168},
{"id":"487","value":0.0714953},
{"id":"488","value":0.0747664},
{"id":"489","value":0.157009},
{"id":"490","value":0.101869},
{"id":"491","value":0.157009},
{"id":"492","value":0.101869},
{"id":"493","value":0.116355},
{"id":"494","value":0.0102804},
{"id":"495","value":0.104206},
{"id":"496","value":0.104673},
{"id":"497","value":0.0799065},
{"id":"498","value":0.011215},
{"id":"499","value":0.088785},
{"id":"500","value":0.088785},
{"id":"501","value":0.0196262},
{"id":"502","value":0.0116822},
{"id":"503","value":0.191589},
{"id":"504","value":0.0102804},
{"id":"505","value":0.191589},
{"id":"506","value":0.0102804},
{"id":"507","value":0.0247664},
{"id":"508","value":0.0126168},
{"id":"509","value":0.0462617},
{"id":"510","value":0.103271},
{"id":"511","value":0.0766355},
{"id":"512","value":0.0775701},
{"id":"513","value":0.011215},
{"id":"514","value":0.0299065},
{"id":"515","value":0.0696262},
{"id":"516","value":0.0691589},
{"id":"517","value":0.11215},
{"id":"518","value":0.0742991},
{"id":"519","value":0.0514019},
{"id":"520","value":0.0518692},
{"id":"521","value":0.0205607},
{"id":"522","value":0.0238318},
{"id":"523","value":0.0135514},
{"id":"524","value":0.12757},
{"id":"525","value":0.0696262},
{"id":"526","value":0.038785},
{"id":"527","value":0.0593458},
{"id":"528","value":0.0588785},
{"id":"529","value":0.0126168},
{"id":"530","value":0.0163551},
{"id":"531","value":0.0200935},
{"id":"532","value":0.0602804},
{"id":"533","value":0.0285047},
{"id":"534","value":0.0514019},
{"id":"535","value":0.0518692},
{"id":"536","value":0.0560748},
{"id":"537","value":0.130374},
{"id":"538","value":0.0205607},
{"id":"539","value":0.0191589},
{"id":"540","value":0.0602804},
{"id":"541","value":0.0429907},
{"id":"542","value":0.0457944},
{"id":"543","value":0.0439252},
{"id":"544","value":0.0457944},
{"id":"545","value":0.0397196},
{"id":"546","value":0.0453271},
{"id":"547","value":0.0219626},
{"id":"548","value":0.0219626},
{"id":"549","value":0.0228972},
{"id":"550","value":0.0158879},
{"id":"551","value":0.0191589},
{"id":"552","value":0.0247664},
{"id":"553","value":0.0247664},
{"id":"554","value":0.0640187},
{"id":"555","value":0.0116822},
{"id":"556","value":0.0154206},
{"id":"557","value":0.0934579},
{"id":"558","value":0.0901869},
{"id":"559","value":0.014486},
{"id":"560","value":0.0247664},
{"id":"561","value":0.0191589},
{"id":"562","value":0.0154206},
{"id":"563","value":0.0107477},
{"id":"564","value":0.0331776},
{"id":"565","value":0.0130841},
{"id":"566","value":0.053271},
{"id":"567","value":0.0514019},
{"id":"568","value":0.0200935},
{"id":"569","value":0.0303738},
{"id":"570","value":0.032243},
{"id":"571","value":0.0219626},
{"id":"572","value":0.0130841},
{"id":"573","value":0.0135514},
{"id":"574","value":0.0168224},
{"id":"575","value":0.0116822},
{"id":"576","value":0.0149533},
{"id":"577","value":0.0126168},
{"id":"578","value":0.0738318},
{"id":"579","value":0.0429907},
{"id":"580","value":0.206542},
{"id":"581","value":0.179439},
{"id":"582","value":0.0271028},
{"id":"583","value":0.0364486},
{"id":"584","value":0.0205607},
{"id":"585","value":0.0257009},
{"id":"586","value":0.0191589},
{"id":"587","value":0.0817757},
{"id":"588","value":0.0140187}
]}