{
"vertices":[
{"id":"0","name":"tv_stand","Leaves":[],"frequency":1},
{"id":"1","name":"vase","Leaves":[],"frequency":1},
{"id":"2","name":"vase","Leaves":[],"frequency":1},
{"id":"3","name":"stand","Leaves":[],"frequency":1},
{"id":"4","name":"pillow","Leaves":[],"frequency":1},
{"id":"5","name":"pillow","Leaves":[],"frequency":1},
{"id":"6","name":"shelving","Leaves":[],"frequency":1},
{"id":"7","name":"dining_table","Leaves":[],"frequency":1},
{"id":"8","name":"table_lamp","Leaves":[],"frequency":1},
{"id":"9","name":"clock","Leaves":[],"frequency":1},
{"id":"10","name":"clock","Leaves":[],"frequency":1},
{"id":"11","name":"television","Leaves":[],"frequency":1},
{"id":"12","name":"table_lamp","Leaves":[],"frequency":1},
{"id":"13","name":"table_lamp","Leaves":[],"frequency":1},
{"id":"14","name":"picture_frame","Leaves":[],"frequency":1},
{"id":"15","name":"chair","Leaves":[],"frequency":1},
{"id":"16","name":"chair","Leaves":[],"frequency":1},
{"id":"17","name":"chair","Leaves":[],"frequency":1},
{"id":"18","name":"person","Leaves":[],"frequency":1},
{"id":"19","name":"book","Leaves":[],"frequency":1},
{"id":"20","name":"book","Leaves":[],"frequency":1},
{"id":"21","name":"chandelier","Leaves":[],"frequency":1},
{"id":"22","name":"window","Leaves":[],"frequency":1},
{"id":"23","name":"window","Leaves":[],"frequency":1},
{"id":"24","name":"window","Leaves":[],"frequency":1},
{"id":"25","name":"window","Leaves":[],"frequency":1},
{"id":"26","name":"window","Leaves":[],"frequency":1},
{"id":"27","name":"plant","Leaves":[],"frequency":1},
{"id":"28","name":"laptop","Leaves":[],"frequency":1},
{"id":"29","name":"floor","Leaves":[],"frequency":1},
{"id":"30","name":"toy","Leaves":[],"frequency":1},
{"id":"31","name":"mirror","Leaves":[],"frequency":1},
{"id":"32","name":"picture_frame","Leaves":[],"frequency":1},
{"id":"33","name":"floor_lamp","Leaves":[],"frequency":1},
{"id":"34","name":"books","Leaves":[],"frequency":1},
{"id":"35","name":"switch","Leaves":[],"frequency":1},
{"id":"36","name":"desk","Leaves":[],"frequency":1},
{"id":"37","name":"dresser","Leaves":[],"frequency":1},
{"id":"38","name":"rug","Leaves":[],"frequency":1},
{"id":"39","name":"shoes","Leaves":[],"frequency":1},
{"id":"40","name":"shoes","Leaves":[],"frequency":1},
{"id":"41","name":"stand","Leaves":[],"frequency":1},
{"id":"42","name":"stand","Leaves":[],"frequency":1},
{"id":"43","name":"wall_lamp","Leaves":[],"frequency":1},
{"id":"44","name":"wall_lamp","Leaves":[],"frequency":1},
{"id":"45","name":"hanger","Leaves":[],"frequency":1},
{"id":"46","name":"hanger","Leaves":[],"frequency":1},
{"id":"47","name":"double_bed","Leaves":[],"frequency":1},
{"id":"48","name":"playstation","Leaves":[],"frequency":1},
{"id":"49","name":"playstation","Leaves":[],"frequency":1},
{"id":"50","name":"playstation","Leaves":[],"frequency":1},
{"id":"51","name":"playstation","Leaves":[],"frequency":1},
{"id":"52","name":"switch","Leaves":[],"frequency":1},
{"id":"53","name":"curtain","Leaves":[],"frequency":1},
{"id":"54","name":"wall_lamp","Leaves":[],"frequency":1},
{"id":"55","name":"wall_lamp","Leaves":[],"frequency":1},
{"id":"56","name":"wall_lamp","Leaves":[],"frequency":1},
{"id":"57","name":"coffee_table","Leaves":[],"frequency":1},
{"id":"58","name":"vase","Leaves":[],"frequency":1},
{"id":"59","name":"vase","Leaves":[],"frequency":1},
{"id":"60","name":"shelving","Leaves":[],"frequency":1},
{"id":"61","name":"computer","Leaves":[],"frequency":1},
{"id":"62","name":"computer","Leaves":[],"frequency":1},
{"id":"63","name":"computer","Leaves":[],"frequency":1},
{"id":"64","name":"computer","Leaves":[],"frequency":1},
{"id":"65","name":"books","Leaves":[],"frequency":1},
{"id":"66","name":"ottoman","Leaves":[],"frequency":1},
{"id":"67","name":"ottoman","Leaves":[],"frequency":1},
{"id":"68","name":"ottoman","Leaves":[],"frequency":1},
{"id":"69","name":"picture_frame","Leaves":[],"frequency":1},
{"id":"70","name":"picture_frame","Leaves":[],"frequency":1},
{"id":"71","name":"fishbowl","Leaves":[],"frequency":1},
{"id":"72","name":"stairs","Leaves":[],"frequency":1},
{"id":"73","name":"shelving","Leaves":[],"frequency":1},
{"id":"74","name":"loudspeaker","Leaves":[],"frequency":1},
{"id":"75","name":"loudspeaker","Leaves":[],"frequency":1},
{"id":"76","name":"loudspeaker","Leaves":[],"frequency":1},
{"id":"77","name":"picture_frame","Leaves":[],"frequency":1},
{"id":"78","name":"stereo_set","Leaves":[],"frequency":1},
{"id":"79","name":"rug","Leaves":[],"frequency":1},
{"id":"80","name":"trinket","Leaves":[],"frequency":1},
{"id":"81","name":"cup","Leaves":[],"frequency":1},
{"id":"82","name":"door","Leaves":[],"frequency":1},
{"id":"83","name":"switch","Leaves":[],"frequency":1},
{"id":"84","name":"switch","Leaves":[],"frequency":1},
{"id":"85","name":"switch","Leaves":[],"frequency":1},
{"id":"86","name":"office_chair","Leaves":[],"frequency":1},
{"id":"87","name":"office_chair","Leaves":[],"frequency":1},
{"id":"88","name":"armchair","Leaves":[],"frequency":1},
{"id":"89","name":"ceiling_fan","Leaves":[],"frequency":1},
{"id":"90","name":"plant","Leaves":[],"frequency":1},
{"id":"91","name":"plant","Leaves":[],"frequency":1},
{"id":"92","name":"plant","Leaves":[],"frequency":1},
{"id":"93","name":"plant","Leaves":[],"frequency":1},
{"id":"94","name":"plant","Leaves":[],"frequency":1},
{"id":"95","name":"books","Leaves":[],"frequency":1},
{"id":"96","name":"wall_lamp","Leaves":[],"frequency":1},
{"id":"97","name":"wall_lamp","Leaves":[],"frequency":1},
{"id":"98","name":"telephone","Leaves":[],"frequency":1},
{"id":"99","name":"rug","Leaves":[],"frequency":1},
{"id":"100","name":"rug","Leaves":[],"frequency":1},
{"id":"101","name":"clock","Leaves":[],"frequency":1},
{"id":"102","name":"wall","Leaves":[],"frequency":1},
{"id":"103","name":"microwave","Leaves":[],"frequency":1},
{"id":"104","name":"whiteboard","Leaves":[],"frequency":1},
{"id":"105","name":"stereo_set","Leaves":[],"frequency":1},
{"id":"106","name":"door","Leaves":[],"frequency":1},
{"id":"107","name":"chandelier","Leaves":[],"frequency":1},
{"id":"108","name":"chandelier","Leaves":[],"frequency":1},
{"id":"109","name":"chandelier","Leaves":[],"frequency":1},
{"id":"110","name":"chandelier","Leaves":[],"frequency":1},
{"id":"111","name":"fireplace","Leaves":[],"frequency":1},
{"id":"112","name":"desk","Leaves":[],"frequency":1},
{"id":"113","name":"sofa","Leaves":[],"frequency":1},
{"id":"114","name":"sofa","Leaves":[],"frequency":1},
{"id":"115","name":"sofa","Leaves":[],"frequency":1},
{"id":"116","name":"pet","Leaves":[],"frequency":1},
{"id":"117","name":"wardrobe_cabinet","Leaves":[],"frequency":1},
{"id":"118","name":"wardrobe_cabinet","Leaves":[],"frequency":1},
{"id":"119","name":"wardrobe_cabinet","Leaves":[],"frequency":1},
{"id":"120","name":"wardrobe_cabinet","Leaves":[],"frequency":1},
{"id":"121","name":"wardrobe_cabinet","Leaves":[],"frequency":1},
{"id":"122","name":"wardrobe_cabinet","Leaves":[],"frequency":1},
{"id":"123","name":"wardrobe_cabinet","Leaves":[],"frequency":1},
{"id":"124","name":"wardrobe_cabinet","Leaves":[],"frequency":1},
{"id":"125","name":"pet","Leaves":[],"frequency":1},
{"id":"126","name":"armchair","Leaves":[],"frequency":1},
{"id":"127","name":"coffee_table","Leaves":[],"frequency":1},
{"id":"128","name":"tv_stand","Leaves":[],"frequency":1},
{"id":"129","name":"ottoman","Leaves":[],"frequency":1},
{"id":"130","name":"laptop","Leaves":[],"frequency":1},
{"id":"131","name":"heater","Leaves":[],"frequency":1},
{"id":"132","name":"candle","Leaves":[],"frequency":1},
{"id":"133","name":"single_bed","Leaves":[],"frequency":1},
{"id":"134","name":"clock","Leaves":[],"frequency":1},
{"id":"135","name":"chessboard","Leaves":[],"frequency":1},
{"id":"136","name":"pet","Leaves":[],"frequency":1},
{"id":"137","name":"pet","Leaves":[],"frequency":1},
{"id":"138","name":"xbox","Leaves":[],"frequency":1},
{"id":"139","name":"mirror","Leaves":[],"frequency":1},
{"id":"140","name":"mirror","Leaves":[],"frequency":1},
{"id":"141","name":"toy","Leaves":[],"frequency":1},
{"id":"142","name":"camera","Leaves":[],"frequency":1},
{"id":"143","name":"magazines","Leaves":[],"frequency":1},
{"id":"144","name":"toy","Leaves":[],"frequency":1},
{"id":"145","name":"picture_frame","Leaves":[],"frequency":1},
{"id":"146","name":"picture_frame","Leaves":[],"frequency":1},
{"id":"147","name":"picture_frame","Leaves":[],"frequency":1},
{"id":"148","name":"picture_frame","Leaves":[],"frequency":1},
{"id":"149","name":"picture_frame","Leaves":[],"frequency":1},
{"id":"150","name":"picture_frame","Leaves":[],"frequency":1},
{"id":"151","name":"picture_frame","Leaves":[],"frequency":1},
{"id":"152","name":"switch","Leaves":[],"frequency":1},
{"id":"153","name":"books","Leaves":[],"frequency":1},
{"id":"154","name":"books","Leaves":[],"frequency":1},
{"id":"155","name":"books","Leaves":[],"frequency":1},
{"id":"156","name":"range_hood","Leaves":[],"frequency":1},
{"id":"157","name":"television","Leaves":[],"frequency":1},
{"id":"158","name":"television","Leaves":[],"frequency":1},
{"id":"159","name":"plates","Leaves":[],"frequency":1},
{"id":"160","name":"kettle","Leaves":[],"frequency":1},
{"id":"161","name":"hanging_kitchen_cabinet","Leaves":[],"frequency":1},
{"id":"162","name":"wall_lamp","Leaves":[],"frequency":1},
{"id":"163","name":"kettle","Leaves":[],"frequency":1},
{"id":"164","name":"cup","Leaves":[],"frequency":1},
{"id":"165","name":"book","Leaves":[],"frequency":1},
{"id":"166","name":"workplace","Leaves":[],"frequency":1},
{"id":"167","name":"fireplace","Leaves":[],"frequency":1},
{"id":"168","name":"dresser","Leaves":[],"frequency":1},
{"id":"169","name":"kitchen_cabinet","Leaves":[],"frequency":1},
{"id":"170","name":"double_bed","Leaves":[],"frequency":1},
{"id":"171","name":"dresser","Leaves":[],"frequency":1},
{"id":"172","name":"toy","Leaves":[],"frequency":1},
{"id":"173","name":"toy","Leaves":[],"frequency":1},
{"id":"174","name":"toy","Leaves":[],"frequency":1},
{"id":"175","name":"toy","Leaves":[],"frequency":1},
{"id":"176","name":"toy","Leaves":[],"frequency":1},
{"id":"177","name":"toy","Leaves":[],"frequency":1},
{"id":"178","name":"toy","Leaves":[],"frequency":1},
{"id":"179","name":"arch","Leaves":[],"frequency":1},
{"id":"180","name":"car","Leaves":[],"frequency":1},
{"id":"181","name":"dressing_table","Leaves":[],"frequency":1},
{"id":"182","name":"headphones_on_stand","Leaves":[],"frequency":1},
{"id":"183","name":"gym_equipment","Leaves":[],"frequency":1},
{"id":"184","name":"gym_equipment","Leaves":[],"frequency":1},
{"id":"185","name":"book","Leaves":[],"frequency":1},
{"id":"186","name":"book","Leaves":[],"frequency":1},
{"id":"187","name":"piano","Leaves":[],"frequency":1},
{"id":"188","name":"sink","Leaves":[],"frequency":1},
{"id":"189","name":"sink","Leaves":[],"frequency":1},
{"id":"190","name":"kitchen_cabinet","Leaves":[],"frequency":1},
{"id":"191","name":"kitchen_cabinet","Leaves":[],"frequency":1},
{"id":"192","name":"candle","Leaves":[],"frequency":1},
{"id":"193","name":"utensil_holder","Leaves":[],"frequency":1},
{"id":"194","name":"cutting_board","Leaves":[],"frequency":1},
{"id":"195","name":"magazines","Leaves":[],"frequency":1},
{"id":"196","name":"magazines","Leaves":[],"frequency":1},
{"id":"197","name":"magazines","Leaves":[],"frequency":1},
{"id":"198","name":"magazines","Leaves":[],"frequency":1},
{"id":"199","name":"magazines","Leaves":[],"frequency":1},
{"id":"200","name":"food_processor","Leaves":[],"frequency":1},
{"id":"201","name":"heater","Leaves":[],"frequency":1},
{"id":"202","name":"coffee_table","Leaves":[],"frequency":1},
{"id":"203","name":"laptop","Leaves":[],"frequency":1},
{"id":"204","name":"pedestal_fan","Leaves":[],"frequency":1},
{"id":"205","name":"baby_bed","Leaves":[],"frequency":1},
{"id":"206","name":"hanging_kitchen_cabinet","Leaves":[],"frequency":1},
{"id":"207","name":"hanging_kitchen_cabinet","Leaves":[],"frequency":1},
{"id":"208","name":"ladder","Leaves":[],"frequency":1},
{"id":"209","name":"bookshelf","Leaves":[],"frequency":1},
{"id":"210","name":"trinket","Leaves":[],"frequency":1},
{"id":"211","name":"fruit_bowl","Leaves":[],"frequency":1},
{"id":"212","name":"bookshelf","Leaves":[],"frequency":1},
{"id":"213","name":"bookshelf","Leaves":[],"frequency":1},
{"id":"214","name":"bookshelf","Leaves":[],"frequency":1},
{"id":"215","name":"decoration","Leaves":[],"frequency":1},
{"id":"216","name":"guitar","Leaves":[],"frequency":1},
{"id":"217","name":"guitar","Leaves":[],"frequency":1},
{"id":"218","name":"ipad","Leaves":[],"frequency":1},
{"id":"219","name":"baby_bed","Leaves":[],"frequency":1},
{"id":"220","name":"beer","Leaves":[],"frequency":1},
{"id":"221","name":"beer","Leaves":[],"frequency":1},
{"id":"222","name":"beer","Leaves":[],"frequency":1},
{"id":"223","name":"beer","Leaves":[],"frequency":1},
{"id":"224","name":"beer","Leaves":[],"frequency":1},
{"id":"225","name":"beer","Leaves":[],"frequency":1},
{"id":"226","name":"glass","Leaves":[],"frequency":1},
{"id":"227","name":"knife_rack","Leaves":[],"frequency":1},
{"id":"228","name":"towel_rack","Leaves":[],"frequency":1},
{"id":"229","name":"hanging_kitchen_cabinet","Leaves":[],"frequency":1},
{"id":"230","name":"hanging_kitchen_cabinet","Leaves":[],"frequency":1},
{"id":"231","name":"floor_lamp","Leaves":[],"frequency":1},
{"id":"232","name":"person","Leaves":[],"frequency":1},
{"id":"233","name":"household_appliance","Leaves":[],"frequency":1},
{"id":"234","name":"armchair","Leaves":[],"frequency":1},
{"id":"235","name":"armchair","Leaves":[],"frequency":1},
{"id":"236","name":"toilet","Leaves":[],"frequency":1},
{"id":"237","name":"toilet","Leaves":[],"frequency":1},
{"id":"238","name":"motorcycle","Leaves":[],"frequency":1},
{"id":"239","name":"plant","Leaves":[],"frequency":1},
{"id":"240","name":"plant","Leaves":[],"frequency":1},
{"id":"241","name":"plant","Leaves":[],"frequency":1},
{"id":"242","name":"plant","Leaves":[],"frequency":1},
{"id":"243","name":"plant","Leaves":[],"frequency":1},
{"id":"244","name":"plant","Leaves":[],"frequency":1},
{"id":"245","name":"plant","Leaves":[],"frequency":1},
{"id":"246","name":"plant","Leaves":[],"frequency":1},
{"id":"247","name":"plant","Leaves":[],"frequency":1},
{"id":"248","name":"plant","Leaves":[],"frequency":1},
{"id":"249","name":"plant","Leaves":[],"frequency":1},
{"id":"250","name":"plant","Leaves":[],"frequency":1},
{"id":"251","name":"plant","Leaves":[],"frequency":1},
{"id":"252","name":"plant","Leaves":[],"frequency":1},
{"id":"253","name":"plant","Leaves":[],"frequency":1},
{"id":"254","name":"plant","Leaves":[],"frequency":1},
{"id":"255","name":"plant","Leaves":[],"frequency":1},
{"id":"256","name":"plant","Leaves":[],"frequency":1},
{"id":"257","name":"plant","Leaves":[],"frequency":1},
{"id":"258","name":"plant","Leaves":[],"frequency":1},
{"id":"259","name":"plant","Leaves":[],"frequency":1},
{"id":"260","name":"plant","Leaves":[],"frequency":1},
{"id":"261","name":"plant","Leaves":[],"frequency":1},
{"id":"262","name":"wood_board","Leaves":[],"frequency":1},
{"id":"263","name":"safe","Leaves":[],"frequency":1},
{"id":"264","name":"glass","Leaves":[],"frequency":1},
{"id":"265","name":"bottle","Leaves":[],"frequency":1},
{"id":"266","name":"bottle","Leaves":[],"frequency":1},
{"id":"267","name":"floor_lamp","Leaves":[],"frequency":1},
{"id":"268","name":"floor_lamp","Leaves":[],"frequency":1},
{"id":"269","name":"outdoor_lamp","Leaves":[],"frequency":1},
{"id":"270","name":"outdoor_lamp","Leaves":[],"frequency":1},
{"id":"271","name":"coffee_kettle","Leaves":[],"frequency":1},
{"id":"272","name":"range_oven","Leaves":[],"frequency":1},
{"id":"273","name":"coffee_machine","Leaves":[],"frequency":1},
{"id":"274","name":"car","Leaves":[],"frequency":1},
{"id":"275","name":"car","Leaves":[],"frequency":1},
{"id":"276","name":"cloth","Leaves":[],"frequency":1},
{"id":"277","name":"fence","Leaves":[],"frequency":1},
{"id":"278","name":"glass","Leaves":[],"frequency":1},
{"id":"279","name":"ceiling_fan","Leaves":[],"frequency":1},
{"id":"280","name":"food_tray","Leaves":[],"frequency":1},
{"id":"281","name":"ironing_board","Leaves":[],"frequency":1},
{"id":"282","name":"helmet","Leaves":[],"frequency":1},
{"id":"283","name":"bread","Leaves":[],"frequency":1},
{"id":"284","name":"food","Leaves":[],"frequency":1},
{"id":"285","name":"safe","Leaves":[],"frequency":1},
{"id":"286","name":"outdoor_seating","Leaves":[],"frequency":1},
{"id":"287","name":"double_bed","Leaves":[],"frequency":1},
{"id":"288","name":"stand","Leaves":[],"frequency":1},
{"id":"289","name":"dresser","Leaves":[],"frequency":1},
{"id":"290","name":"dresser","Leaves":[],"frequency":1},
{"id":"291","name":"dresser","Leaves":[],"frequency":1},
{"id":"292","name":"tv_stand","Leaves":[],"frequency":1},
{"id":"293","name":"wall_lamp","Leaves":[],"frequency":1},
{"id":"294","name":"wall_lamp","Leaves":[],"frequency":1},
{"id":"295","name":"wall_lamp","Leaves":[],"frequency":1},
{"id":"296","name":"bench_chair","Leaves":[],"frequency":1},
{"id":"297","name":"teapot","Leaves":[],"frequency":1},
{"id":"298","name":"container","Leaves":[],"frequency":1},
{"id":"299","name":"jug","Leaves":[],"frequency":1},
{"id":"300","name":"ladder","Leaves":[],"frequency":1},
{"id":"301","name":"plant","Leaves":[],"frequency":1},
{"id":"302","name":"plant","Leaves":[],"frequency":1},
{"id":"303","name":"amplifier","Leaves":[],"frequency":1},
{"id":"304","name":"tricycle","Leaves":[],"frequency":1},
{"id":"305","name":"chandelier","Leaves":[],"frequency":1},
{"id":"306","name":"chandelier","Leaves":[],"frequency":1},
{"id":"307","name":"range_hood_with_cabinet","Leaves":[],"frequency":1},
{"id":"308","name":"stationary_container","Leaves":[],"frequency":1}
],
"rules":[
{"id":"0","source":"3","target":"12","factor":"vertical"},
{"id":"1","source":"3","target":"13","factor":"vertical"},
{"id":"2","source":"14","target":"16","factor":"vertical"},
{"id":"3","source":"14","target":"17","factor":"vertical"},
{"id":"4","source":"21","target":"25","factor":"vertical"},
{"id":"5","source":"21","target":"26","factor":"vertical"},
{"id":"6","source":"38","target":"40","factor":"vertical"},
{"id":"7","source":"31","target":"41","factor":"vertical"},
{"id":"8","source":"14","target":"46","factor":"vertical"},
{"id":"9","source":"47","target":"50","factor":"vertical"},
{"id":"10","source":"53","target":"54","factor":"vertical"},
{"id":"11","source":"57","target":"58","factor":"vertical"},
{"id":"12","source":"57","target":"59","factor":"vertical"},
{"id":"13","source":"47","target":"63","factor":"vertical"},
{"id":"14","source":"47","target":"64","factor":"vertical"},
{"id":"15","source":"36","target":"51","factor":"vertical"},
{"id":"16","source":"61","target":"75","factor":"vertical"},
{"id":"17","source":"61","target":"76","factor":"vertical"},
{"id":"18","source":"18","target":"66","factor":"vertical"},
{"id":"19","source":"21","target":"77","factor":"vertical"},
{"id":"20","source":"14","target":"7","factor":"vertical"},
{"id":"21","source":"14","target":"85","factor":"vertical"},
{"id":"22","source":"14","target":"94","factor":"vertical"},
{"id":"23","source":"22","target":"99","factor":"vertical"},
{"id":"24","source":"22","target":"100","factor":"vertical"},
{"id":"25","source":"29","target":"14","factor":"vertical"},
{"id":"26","source":"102","target":"103","factor":"vertical"},
{"id":"27","source":"0","target":"105","factor":"vertical"},
{"id":"28","source":"53","target":"106","factor":"vertical"},
{"id":"29","source":"53","target":"107","factor":"vertical"},
{"id":"30","source":"6","target":"108","factor":"vertical"},
{"id":"31","source":"6","target":"109","factor":"vertical"},
{"id":"32","source":"6","target":"110","factor":"vertical"},
{"id":"33","source":"3","target":"1","factor":"vertical"},
{"id":"34","source":"14","target":"113","factor":"vertical"},
{"id":"35","source":"14","target":"114","factor":"vertical"},
{"id":"36","source":"14","target":"115","factor":"vertical"},
{"id":"37","source":"14","target":"119","factor":"vertical"},
{"id":"38","source":"14","target":"120","factor":"vertical"},
{"id":"39","source":"14","target":"121","factor":"vertical"},
{"id":"40","source":"14","target":"122","factor":"vertical"},
{"id":"41","source":"14","target":"123","factor":"vertical"},
{"id":"42","source":"14","target":"124","factor":"vertical"},
{"id":"43","source":"14","target":"88","factor":"vertical"},
{"id":"44","source":"31","target":"57","factor":"vertical"},
{"id":"45","source":"31","target":"127","factor":"vertical"},
{"id":"46","source":"53","target":"0","factor":"vertical"},
{"id":"47","source":"22","target":"129","factor":"vertical"},
{"id":"48","source":"27","target":"28","factor":"vertical"},
{"id":"49","source":"131","target":"8","factor":"vertical"},
{"id":"50","source":"132","target":"92","factor":"vertical"},
{"id":"51","source":"78","target":"65","factor":"vertical"},
{"id":"52","source":"22","target":"101","factor":"vertical"},
{"id":"53","source":"22","target":"134","factor":"vertical"},
{"id":"54","source":"27","target":"21","factor":"vertical"},
{"id":"55","source":"22","target":"136","factor":"vertical"},
{"id":"56","source":"22","target":"137","factor":"vertical"},
{"id":"57","source":"22","target":"29","factor":"vertical"},
{"id":"58","source":"53","target":"140","factor":"vertical"},
{"id":"59","source":"57","target":"138","factor":"vertical"},
{"id":"60","source":"3","target":"30","factor":"vertical"},
{"id":"61","source":"6","target":"84","factor":"vertical"},
{"id":"62","source":"22","target":"27","factor":"vertical"},
{"id":"63","source":"53","target":"141","factor":"vertical"},
{"id":"64","source":"6","target":"69","factor":"vertical"},
{"id":"65","source":"6","target":"70","factor":"vertical"},
{"id":"66","source":"6","target":"145","factor":"vertical"},
{"id":"67","source":"6","target":"146","factor":"vertical"},
{"id":"68","source":"6","target":"147","factor":"vertical"},
{"id":"69","source":"6","target":"148","factor":"vertical"},
{"id":"70","source":"6","target":"149","factor":"vertical"},
{"id":"71","source":"6","target":"150","factor":"vertical"},
{"id":"72","source":"6","target":"151","factor":"vertical"},
{"id":"73","source":"102","target":"32","factor":"vertical"},
{"id":"74","source":"22","target":"152","factor":"vertical"},
{"id":"75","source":"14","target":"153","factor":"vertical"},
{"id":"76","source":"14","target":"154","factor":"vertical"},
{"id":"77","source":"14","target":"155","factor":"vertical"},
{"id":"78","source":"6","target":"156","factor":"vertical"},
{"id":"79","source":"57","target":"158","factor":"vertical"},
{"id":"80","source":"27","target":"34","factor":"vertical"},
{"id":"81","source":"133","target":"48","factor":"vertical"},
{"id":"82","source":"53","target":"68","factor":"vertical"},
{"id":"83","source":"53","target":"23","factor":"vertical"},
{"id":"84","source":"53","target":"24","factor":"vertical"},
{"id":"85","source":"21","target":"55","factor":"vertical"},
{"id":"86","source":"21","target":"56","factor":"vertical"},
{"id":"87","source":"21","target":"96","factor":"vertical"},
{"id":"88","source":"21","target":"97","factor":"vertical"},
{"id":"89","source":"21","target":"162","factor":"vertical"},
{"id":"90","source":"6","target":"163","factor":"vertical"},
{"id":"91","source":"6","target":"164","factor":"vertical"},
{"id":"92","source":"37","target":"139","factor":"vertical"},
{"id":"93","source":"57","target":"91","factor":"vertical"},
{"id":"94","source":"53","target":"112","factor":"vertical"},
{"id":"95","source":"14","target":"111","factor":"vertical"},
{"id":"96","source":"14","target":"167","factor":"vertical"},
{"id":"97","source":"22","target":"47","factor":"vertical"},
{"id":"98","source":"27","target":"171","factor":"vertical"},
{"id":"99","source":"57","target":"4","factor":"vertical"},
{"id":"100","source":"57","target":"5","factor":"vertical"},
{"id":"101","source":"6","target":"42","factor":"vertical"},
{"id":"102","source":"27","target":"11","factor":"vertical"},
{"id":"103","source":"6","target":"157","factor":"vertical"},
{"id":"104","source":"132","target":"172","factor":"vertical"},
{"id":"105","source":"132","target":"173","factor":"vertical"},
{"id":"106","source":"14","target":"170","factor":"vertical"},
{"id":"107","source":"18","target":"128","factor":"vertical"},
{"id":"108","source":"61","target":"3","factor":"vertical"},
{"id":"109","source":"6","target":"90","factor":"vertical"},
{"id":"110","source":"6","target":"174","factor":"vertical"},
{"id":"111","source":"6","target":"175","factor":"vertical"},
{"id":"112","source":"6","target":"176","factor":"vertical"},
{"id":"113","source":"6","target":"177","factor":"vertical"},
{"id":"114","source":"6","target":"178","factor":"vertical"},
{"id":"115","source":"179","target":"102","factor":"vertical"},
{"id":"116","source":"14","target":"181","factor":"vertical"},
{"id":"117","source":"14","target":"37","factor":"vertical"},
{"id":"118","source":"14","target":"168","factor":"vertical"},
{"id":"119","source":"53","target":"15","factor":"vertical"},
{"id":"120","source":"14","target":"184","factor":"vertical"},
{"id":"121","source":"6","target":"185","factor":"vertical"},
{"id":"122","source":"6","target":"186","factor":"vertical"},
{"id":"123","source":"6","target":"131","factor":"vertical"},
{"id":"124","source":"38","target":"189","factor":"vertical"},
{"id":"125","source":"0","target":"142","factor":"vertical"},
{"id":"126","source":"14","target":"190","factor":"vertical"},
{"id":"127","source":"14","target":"191","factor":"vertical"},
{"id":"128","source":"6","target":"192","factor":"vertical"},
{"id":"129","source":"31","target":"9","factor":"vertical"},
{"id":"130","source":"53","target":"193","factor":"vertical"},
{"id":"131","source":"161","target":"194","factor":"vertical"},
{"id":"132","source":"14","target":"195","factor":"vertical"},
{"id":"133","source":"14","target":"196","factor":"vertical"},
{"id":"134","source":"14","target":"197","factor":"vertical"},
{"id":"135","source":"14","target":"198","factor":"vertical"},
{"id":"136","source":"14","target":"199","factor":"vertical"},
{"id":"137","source":"29","target":"200","factor":"vertical"},
{"id":"138","source":"14","target":"125","factor":"vertical"},
{"id":"139","source":"161","target":"73","factor":"vertical"},
{"id":"140","source":"169","target":"95","factor":"vertical"},
{"id":"141","source":"18","target":"81","factor":"vertical"},
{"id":"142","source":"14","target":"201","factor":"vertical"},
{"id":"143","source":"47","target":"67","factor":"vertical"},
{"id":"144","source":"19","target":"144","factor":"vertical"},
{"id":"145","source":"14","target":"210","factor":"vertical"},
{"id":"146","source":"28","target":"52","factor":"vertical"},
{"id":"147","source":"18","target":"211","factor":"vertical"},
{"id":"148","source":"22","target":"133","factor":"vertical"},
{"id":"149","source":"53","target":"10","factor":"vertical"},
{"id":"150","source":"14","target":"209","factor":"vertical"},
{"id":"151","source":"14","target":"212","factor":"vertical"},
{"id":"152","source":"14","target":"213","factor":"vertical"},
{"id":"153","source":"14","target":"214","factor":"vertical"},
{"id":"154","source":"57","target":"80","factor":"vertical"},
{"id":"155","source":"3","target":"19","factor":"vertical"},
{"id":"156","source":"102","target":"22","factor":"vertical"},
{"id":"157","source":"133","target":"79","factor":"vertical"},
{"id":"158","source":"37","target":"215","factor":"vertical"},
{"id":"159","source":"14","target":"217","factor":"vertical"},
{"id":"160","source":"14","target":"205","factor":"vertical"},
{"id":"161","source":"14","target":"219","factor":"vertical"},
{"id":"162","source":"18","target":"220","factor":"vertical"},
{"id":"163","source":"18","target":"221","factor":"vertical"},
{"id":"164","source":"18","target":"222","factor":"vertical"},
{"id":"165","source":"18","target":"223","factor":"vertical"},
{"id":"166","source":"18","target":"224","factor":"vertical"},
{"id":"167","source":"18","target":"225","factor":"vertical"},
{"id":"168","source":"31","target":"183","factor":"vertical"},
{"id":"169","source":"133","target":"116","factor":"vertical"},
{"id":"170","source":"3","target":"130","factor":"vertical"},
{"id":"171","source":"3","target":"203","factor":"vertical"},
{"id":"172","source":"72","target":"117","factor":"vertical"},
{"id":"173","source":"169","target":"229","factor":"vertical"},
{"id":"174","source":"169","target":"230","factor":"vertical"},
{"id":"175","source":"27","target":"231","factor":"vertical"},
{"id":"176","source":"132","target":"20","factor":"vertical"},
{"id":"177","source":"14","target":"206","factor":"vertical"},
{"id":"178","source":"14","target":"207","factor":"vertical"},
{"id":"179","source":"38","target":"143","factor":"vertical"},
{"id":"180","source":"27","target":"187","factor":"vertical"},
{"id":"181","source":"22","target":"169","factor":"vertical"},
{"id":"182","source":"169","target":"233","factor":"vertical"},
{"id":"183","source":"31","target":"165","factor":"vertical"},
{"id":"184","source":"31","target":"126","factor":"vertical"},
{"id":"185","source":"31","target":"234","factor":"vertical"},
{"id":"186","source":"31","target":"235","factor":"vertical"},
{"id":"187","source":"38","target":"236","factor":"vertical"},
{"id":"188","source":"38","target":"237","factor":"vertical"},
{"id":"189","source":"45","target":"36","factor":"vertical"},
{"id":"190","source":"22","target":"202","factor":"vertical"},
{"id":"191","source":"30","target":"93","factor":"vertical"},
{"id":"192","source":"30","target":"239","factor":"vertical"},
{"id":"193","source":"30","target":"240","factor":"vertical"},
{"id":"194","source":"30","target":"241","factor":"vertical"},
{"id":"195","source":"30","target":"242","factor":"vertical"},
{"id":"196","source":"30","target":"243","factor":"vertical"},
{"id":"197","source":"30","target":"244","factor":"vertical"},
{"id":"198","source":"30","target":"245","factor":"vertical"},
{"id":"199","source":"30","target":"246","factor":"vertical"},
{"id":"200","source":"30","target":"247","factor":"vertical"},
{"id":"201","source":"30","target":"248","factor":"vertical"},
{"id":"202","source":"30","target":"249","factor":"vertical"},
{"id":"203","source":"30","target":"250","factor":"vertical"},
{"id":"204","source":"30","target":"251","factor":"vertical"},
{"id":"205","source":"30","target":"252","factor":"vertical"},
{"id":"206","source":"30","target":"253","factor":"vertical"},
{"id":"207","source":"30","target":"254","factor":"vertical"},
{"id":"208","source":"30","target":"255","factor":"vertical"},
{"id":"209","source":"30","target":"256","factor":"vertical"},
{"id":"210","source":"30","target":"257","factor":"vertical"},
{"id":"211","source":"30","target":"258","factor":"vertical"},
{"id":"212","source":"30","target":"259","factor":"vertical"},
{"id":"213","source":"30","target":"260","factor":"vertical"},
{"id":"214","source":"30","target":"261","factor":"vertical"},
{"id":"215","source":"45","target":"31","factor":"vertical"},
{"id":"216","source":"29","target":"18","factor":"vertical"},
{"id":"217","source":"27","target":"104","factor":"vertical"},
{"id":"218","source":"102","target":"82","factor":"vertical"},
{"id":"219","source":"6","target":"74","factor":"vertical"},
{"id":"220","source":"82","target":"45","factor":"vertical"},
{"id":"221","source":"82","target":"72","factor":"vertical"},
{"id":"222","source":"133","target":"208","factor":"vertical"},
{"id":"223","source":"47","target":"132","factor":"vertical"},
{"id":"224","source":"27","target":"49","factor":"vertical"},
{"id":"225","source":"14","target":"266","factor":"vertical"},
{"id":"226","source":"169","target":"60","factor":"vertical"},
{"id":"227","source":"29","target":"263","factor":"vertical"},
{"id":"228","source":"6","target":"33","factor":"vertical"},
{"id":"229","source":"6","target":"267","factor":"vertical"},
{"id":"230","source":"6","target":"268","factor":"vertical"},
{"id":"231","source":"53","target":"269","factor":"vertical"},
{"id":"232","source":"53","target":"270","factor":"vertical"},
{"id":"233","source":"53","target":"204","factor":"vertical"},
{"id":"234","source":"36","target":"273","factor":"vertical"},
{"id":"235","source":"38","target":"180","factor":"vertical"},
{"id":"236","source":"38","target":"274","factor":"vertical"},
{"id":"237","source":"38","target":"275","factor":"vertical"},
{"id":"238","source":"102","target":"38","factor":"vertical"},
{"id":"239","source":"21","target":"228","factor":"vertical"},
{"id":"240","source":"169","target":"159","factor":"vertical"},
{"id":"241","source":"29","target":"182","factor":"vertical"},
{"id":"242","source":"276","target":"39","factor":"vertical"},
{"id":"243","source":"22","target":"86","factor":"vertical"},
{"id":"244","source":"22","target":"87","factor":"vertical"},
{"id":"245","source":"38","target":"278","factor":"vertical"},
{"id":"246","source":"80","target":"218","factor":"vertical"},
{"id":"247","source":"133","target":"276","factor":"vertical"},
{"id":"248","source":"169","target":"89","factor":"vertical"},
{"id":"249","source":"169","target":"279","factor":"vertical"},
{"id":"250","source":"74","target":"35","factor":"vertical"},
{"id":"251","source":"82","target":"160","factor":"vertical"},
{"id":"252","source":"11","target":"135","factor":"vertical"},
{"id":"253","source":"205","target":"232","factor":"vertical"},
{"id":"254","source":"14","target":"188","factor":"vertical"},
{"id":"255","source":"14","target":"280","factor":"vertical"},
{"id":"256","source":"36","target":"78","factor":"vertical"},
{"id":"257","source":"53","target":"272","factor":"vertical"},
{"id":"258","source":"22","target":"281","factor":"vertical"},
{"id":"259","source":"47","target":"98","factor":"vertical"},
{"id":"260","source":"30","target":"44","factor":"vertical"},
{"id":"261","source":"53","target":"216","factor":"vertical"},
{"id":"262","source":"57","target":"284","factor":"vertical"},
{"id":"263","source":"21","target":"285","factor":"vertical"},
{"id":"264","source":"14","target":"166","factor":"vertical"},
{"id":"265","source":"14","target":"286","factor":"vertical"},
{"id":"266","source":"38","target":"161","factor":"vertical"},
{"id":"267","source":"102","target":"119","factor":"horizontal"},
{"id":"268","source":"53","target":"69","factor":"horizontal"},
{"id":"269","source":"31","target":"58","factor":"horizontal"},
{"id":"270","source":"4","target":"107","factor":"horizontal"},
{"id":"271","source":"47","target":"168","factor":"horizontal"},
{"id":"272","source":"14","target":"287","factor":"horizontal"},
{"id":"273","source":"6","target":"146","factor":"horizontal"},
{"id":"274","source":"6","target":"148","factor":"horizontal"},
{"id":"275","source":"6","target":"150","factor":"horizontal"},
{"id":"276","source":"6","target":"151","factor":"horizontal"},
{"id":"277","source":"14","target":"42","factor":"horizontal"},
{"id":"278","source":"14","target":"288","factor":"horizontal"},
{"id":"279","source":"102","target":"106","factor":"horizontal"},
{"id":"280","source":"22","target":"92","factor":"horizontal"},
{"id":"281","source":"22","target":"243","factor":"horizontal"},
{"id":"282","source":"14","target":"171","factor":"horizontal"},
{"id":"283","source":"14","target":"289","factor":"horizontal"},
{"id":"284","source":"14","target":"290","factor":"horizontal"},
{"id":"285","source":"14","target":"291","factor":"horizontal"},
{"id":"286","source":"6","target":"113","factor":"horizontal"},
{"id":"287","source":"14","target":"152","factor":"horizontal"},
{"id":"288","source":"21","target":"52","factor":"horizontal"},
{"id":"289","source":"102","target":"201","factor":"horizontal"},
{"id":"290","source":"53","target":"292","factor":"horizontal"},
{"id":"291","source":"21","target":"24","factor":"horizontal"},
{"id":"292","source":"21","target":"25","factor":"horizontal"},
{"id":"293","source":"21","target":"70","factor":"horizontal"},
{"id":"294","source":"21","target":"149","factor":"horizontal"},
{"id":"295","source":"36","target":"87","factor":"horizontal"},
{"id":"296","source":"47","target":"231","factor":"horizontal"},
{"id":"297","source":"0","target":"147","factor":"horizontal"},
{"id":"298","source":"38","target":"44","factor":"horizontal"},
{"id":"299","source":"102","target":"26","factor":"horizontal"},
{"id":"300","source":"22","target":"54","factor":"horizontal"},
{"id":"301","source":"33","target":"0","factor":"horizontal"},
{"id":"302","source":"22","target":"114","factor":"horizontal"},
{"id":"303","source":"22","target":"115","factor":"horizontal"},
{"id":"304","source":"6","target":"68","factor":"horizontal"},
{"id":"305","source":"6","target":"129","factor":"horizontal"},
{"id":"306","source":"31","target":"14","factor":"horizontal"},
{"id":"307","source":"27","target":"66","factor":"horizontal"},
{"id":"308","source":"27","target":"67","factor":"horizontal"},
{"id":"309","source":"22","target":"181","factor":"horizontal"},
{"id":"310","source":"22","target":"121","factor":"horizontal"},
{"id":"311","source":"22","target":"123","factor":"horizontal"},
{"id":"312","source":"14","target":"56","factor":"horizontal"},
{"id":"313","source":"14","target":"97","factor":"horizontal"},
{"id":"314","source":"14","target":"162","factor":"horizontal"},
{"id":"315","source":"14","target":"293","factor":"horizontal"},
{"id":"316","source":"14","target":"294","factor":"horizontal"},
{"id":"317","source":"14","target":"295","factor":"horizontal"},
{"id":"318","source":"82","target":"22","factor":"horizontal"},
{"id":"319","source":"36","target":"41","factor":"horizontal"},
{"id":"320","source":"74","target":"11","factor":"horizontal"},
{"id":"321","source":"14","target":"165","factor":"horizontal"},
{"id":"322","source":"14","target":"118","factor":"horizontal"},
{"id":"323","source":"86","target":"62","factor":"horizontal"},
{"id":"324","source":"31","target":"9","factor":"horizontal"},
{"id":"325","source":"133","target":"202","factor":"horizontal"},
{"id":"326","source":"36","target":"83","factor":"horizontal"},
{"id":"327","source":"179","target":"102","factor":"horizontal"},
{"id":"328","source":"74","target":"34","factor":"horizontal"},
{"id":"329","source":"57","target":"281","factor":"horizontal"},
{"id":"330","source":"6","target":"15","factor":"horizontal"},
{"id":"331","source":"209","target":"117","factor":"horizontal"},
{"id":"332","source":"14","target":"169","factor":"horizontal"},
{"id":"333","source":"14","target":"191","factor":"horizontal"},
{"id":"334","source":"6","target":"153","factor":"horizontal"},
{"id":"335","source":"6","target":"155","factor":"horizontal"},
{"id":"336","source":"53","target":"282","factor":"horizontal"},
{"id":"337","source":"53","target":"268","factor":"horizontal"},
{"id":"338","source":"22","target":"100","factor":"horizontal"},
{"id":"339","source":"6","target":"31","factor":"horizontal"},
{"id":"340","source":"6","target":"140","factor":"horizontal"},
{"id":"341","source":"179","target":"60","factor":"horizontal"},
{"id":"342","source":"27","target":"85","factor":"horizontal"},
{"id":"343","source":"14","target":"210","factor":"horizontal"},
{"id":"344","source":"31","target":"12","factor":"horizontal"},
{"id":"345","source":"31","target":"13","factor":"horizontal"},
{"id":"346","source":"104","target":"82","factor":"horizontal"},
{"id":"347","source":"37","target":"267","factor":"horizontal"},
{"id":"348","source":"21","target":"154","factor":"horizontal"},
{"id":"349","source":"21","target":"17","factor":"horizontal"},
{"id":"350","source":"22","target":"157","factor":"horizontal"},
{"id":"351","source":"22","target":"158","factor":"horizontal"},
{"id":"352","source":"37","target":"35","factor":"horizontal"},
{"id":"353","source":"6","target":"108","factor":"horizontal"},
{"id":"354","source":"6","target":"110","factor":"horizontal"},
{"id":"355","source":"14","target":"209","factor":"horizontal"},
{"id":"356","source":"6","target":"185","factor":"horizontal"},
{"id":"357","source":"14","target":"286","factor":"horizontal"},
{"id":"358","source":"4","target":"144","factor":"horizontal"},
{"id":"359","source":"6","target":"101","factor":"horizontal"},
{"id":"360","source":"6","target":"134","factor":"horizontal"},
{"id":"361","source":"27","target":"88","factor":"horizontal"},
{"id":"362","source":"22","target":"20","factor":"horizontal"},
{"id":"363","source":"82","target":"47","factor":"horizontal"},
{"id":"364","source":"43","target":"2","factor":"horizontal"},
{"id":"365","source":"30","target":"99","factor":"horizontal"},
{"id":"366","source":"14","target":"172","factor":"horizontal"},
{"id":"367","source":"53","target":"104","factor":"horizontal"},
{"id":"368","source":"57","target":"38","factor":"horizontal"},
{"id":"369","source":"209","target":"36","factor":"horizontal"},
{"id":"370","source":"193","target":"160","factor":"horizontal"},
{"id":"371","source":"53","target":"219","factor":"horizontal"},
{"id":"372","source":"72","target":"23","factor":"horizontal"},
{"id":"373","source":"74","target":"179","factor":"horizontal"},
{"id":"374","source":"22","target":"206","factor":"horizontal"},
{"id":"375","source":"22","target":"207","factor":"horizontal"},
{"id":"376","source":"6","target":"132","factor":"horizontal"},
{"id":"377","source":"53","target":"55","factor":"horizontal"},
{"id":"378","source":"53","target":"84","factor":"horizontal"},
{"id":"379","source":"53","target":"5","factor":"horizontal"},
{"id":"380","source":"102","target":"270","factor":"horizontal"},
{"id":"381","source":"133","target":"128","factor":"horizontal"},
{"id":"382","source":"0","target":"21","factor":"horizontal"},
{"id":"383","source":"297","target":"298","factor":"horizontal"},
{"id":"384","source":"193","target":"227","factor":"horizontal"},
{"id":"385","source":"18","target":"33","factor":"horizontal"},
{"id":"386","source":"53","target":"166","factor":"horizontal"},
{"id":"387","source":"133","target":"18","factor":"horizontal"},
{"id":"388","source":"3","target":"141","factor":"horizontal"},
{"id":"389","source":"27","target":"48","factor":"horizontal"},
{"id":"390","source":"21","target":"43","factor":"horizontal"},
{"id":"391","source":"21","target":"96","factor":"horizontal"},
{"id":"392","source":"27","target":"269","factor":"horizontal"},
{"id":"393","source":"169","target":"6","factor":"horizontal"},
{"id":"394","source":"169","target":"73","factor":"horizontal"},
{"id":"395","source":"37","target":"215","factor":"horizontal"},
{"id":"396","source":"11","target":"86","factor":"horizontal"},
{"id":"397","source":"22","target":"75","factor":"horizontal"},
{"id":"398","source":"81","target":"53","factor":"horizontal"},
{"id":"399","source":"133","target":"300","factor":"horizontal"},
{"id":"400","source":"169","target":"57","factor":"horizontal"},
{"id":"401","source":"86","target":"3","factor":"horizontal"},
{"id":"402","source":"30","target":"240","factor":"horizontal"},
{"id":"403","source":"30","target":"241","factor":"horizontal"},
{"id":"404","source":"30","target":"242","factor":"horizontal"},
{"id":"405","source":"30","target":"244","factor":"horizontal"},
{"id":"406","source":"30","target":"245","factor":"horizontal"},
{"id":"407","source":"30","target":"246","factor":"horizontal"},
{"id":"408","source":"30","target":"247","factor":"horizontal"},
{"id":"409","source":"30","target":"248","factor":"horizontal"},
{"id":"410","source":"30","target":"249","factor":"horizontal"},
{"id":"411","source":"30","target":"250","factor":"horizontal"},
{"id":"412","source":"30","target":"251","factor":"horizontal"},
{"id":"413","source":"30","target":"252","factor":"horizontal"},
{"id":"414","source":"30","target":"253","factor":"horizontal"},
{"id":"415","source":"30","target":"254","factor":"horizontal"},
{"id":"416","source":"30","target":"255","factor":"horizontal"},
{"id":"417","source":"30","target":"256","factor":"horizontal"},
{"id":"418","source":"30","target":"257","factor":"horizontal"},
{"id":"419","source":"30","target":"258","factor":"horizontal"},
{"id":"420","source":"30","target":"259","factor":"horizontal"},
{"id":"421","source":"30","target":"260","factor":"horizontal"},
{"id":"422","source":"30","target":"261","factor":"horizontal"},
{"id":"423","source":"30","target":"301","factor":"horizontal"},
{"id":"424","source":"30","target":"302","factor":"horizontal"},
{"id":"425","source":"29","target":"277","factor":"horizontal"},
{"id":"426","source":"31","target":"263","factor":"horizontal"},
{"id":"427","source":"31","target":"285","factor":"horizontal"},
{"id":"428","source":"22","target":"236","factor":"horizontal"},
{"id":"429","source":"22","target":"237","factor":"horizontal"},
{"id":"430","source":"169","target":"103","factor":"horizontal"},
{"id":"431","source":"169","target":"220","factor":"horizontal"},
{"id":"432","source":"169","target":"221","factor":"horizontal"},
{"id":"433","source":"169","target":"222","factor":"horizontal"},
{"id":"434","source":"209","target":"133","factor":"horizontal"},
{"id":"435","source":"31","target":"16","factor":"horizontal"},
{"id":"436","source":"36","target":"190","factor":"horizontal"},
{"id":"437","source":"216","target":"303","factor":"horizontal"},
{"id":"438","source":"72","target":"262","factor":"horizontal"},
{"id":"439","source":"61","target":"142","factor":"horizontal"},
{"id":"440","source":"205","target":"61","factor":"horizontal"},
{"id":"441","source":"179","target":"45","factor":"horizontal"},
{"id":"442","source":"111","target":"37","factor":"horizontal"},
{"id":"443","source":"36","target":"49","factor":"horizontal"},
{"id":"444","source":"72","target":"127","factor":"horizontal"},
{"id":"445","source":"47","target":"111","factor":"horizontal"},
{"id":"446","source":"38","target":"39","factor":"horizontal"},
{"id":"447","source":"37","target":"304","factor":"horizontal"},
{"id":"448","source":"47","target":"78","factor":"horizontal"},
{"id":"449","source":"18","target":"7","factor":"horizontal"},
{"id":"450","source":"71","target":"238","factor":"horizontal"},
{"id":"451","source":"272","target":"27","factor":"horizontal"},
{"id":"452","source":"28","target":"143","factor":"horizontal"},
{"id":"453","source":"0","target":"30","factor":"horizontal"},
{"id":"454","source":"215","target":"305","factor":"horizontal"},
{"id":"455","source":"215","target":"306","factor":"horizontal"},
{"id":"456","source":"161","target":"307","factor":"horizontal"},
{"id":"457","source":"187","target":"131","factor":"horizontal"},
{"id":"458","source":"21","target":"308","factor":"horizontal"},
{"id":"459","source":"31","target":"89","factor":"horizontal"},
{"id":"460","source":"132","target":"93","factor":"horizontal"},
{"id":"461","source":"169","target":"116","factor":"horizontal"},
{"id":"462","source":"57","target":"71","factor":"horizontal"},
{"id":"463","source":"38","target":"180","factor":"horizontal"},
{"id":"464","source":"133","target":"296","factor":"horizontal"},
{"id":"465","source":"57","target":"265","factor":"horizontal"},
{"id":"466","source":"57","target":"266","factor":"horizontal"},
{"id":"467","source":"14","target":"216","factor":"horizontal"},
{"id":"468","source":"133","target":"187","factor":"horizontal"},
{"id":"469","source":"33","target":"76","factor":"horizontal"},
{"id":"470","source":"53","target":"218","factor":"horizontal"},
{"id":"471","source":"7","target":"72","factor":"horizontal"},
{"id":"472","source":"37","target":"105","factor":"horizontal"},
{"id":"473","source":"31","target":"276","factor":"horizontal"},
{"id":"474","source":"28","target":"81","factor":"horizontal"},
{"id":"475","source":"22","target":"233","factor":"horizontal"},
{"id":"476","source":"194","target":"271","factor":"horizontal"},
{"id":"477","source":"193","target":"297","factor":"horizontal"},
{"id":"478","source":"194","target":"226","factor":"horizontal"},
{"id":"479","source":"194","target":"264","factor":"horizontal"},
{"id":"480","source":"53","target":"280","factor":"horizontal"},
{"id":"481","source":"298","target":"283","factor":"horizontal"},
{"id":"482","source":"298","target":"299","factor":"horizontal"},
{"id":"483","source":"132","target":"135","factor":"horizontal"},
{"id":"484","source":"53","target":"272","factor":"horizontal"}
],
"probability":[
{"id":"0","value":0.999218},
{"id":"1","value":1},
{"id":"2","value":0.995781},
{"id":"3","value":1},
{"id":"4","value":0.997845},
{"id":"5","value":1},
{"id":"6","value":1},
{"id":"7","value":0.977273},
{"id":"8","value":1},
{"id":"9","value":0.992537},
{"id":"10","value":0.976923},
{"id":"11","value":0.962667},
{"id":"12","value":1},
{"id":"13","value":0.999093},
{"id":"14","value":1},
{"id":"15","value":1},
{"id":"16","value":0.99763},
{"id":"17","value":1},
{"id":"18","value":0.986301},
{"id":"19","value":1},
{"id":"20","value":0.00155481},
{"id":"21","value":1},
{"id":"22","value":1},
{"id":"23","value":0.953846},
{"id":"24","value":1},
{"id":"25","value":0.00111833},
{"id":"26","value":0.00666667},
{"id":"27","value":1},
{"id":"28","value":1},
{"id":"29","value":0.981328},
{"id":"30","value":0.954469},
{"id":"31","value":0.978078},
{"id":"32","value":1},
{"id":"33","value":0.994253},
{"id":"34","value":0.970149},
{"id":"35","value":0.985075},
{"id":"36","value":1},
{"id":"37","value":0.949131},
{"id":"38","value":0.960298},
{"id":"39","value":0.970223},
{"id":"40","value":0.980149},
{"id":"41","value":0.990074},
{"id":"42","value":1},
{"id":"43","value":0.993789},
{"id":"44","value":0.00206766},
{"id":"45","value":1},
{"id":"46","value":0.000865105},
{"id":"47","value":1},
{"id":"48","value":0.00440228},
{"id":"49","value":1},
{"id":"50","value":1},
{"id":"51","value":1},
{"id":"52","value":0.979167},
{"id":"53","value":1},
{"id":"54","value":0.000543971},
{"id":"55","value":0.997487},
{"id":"56","value":1},
{"id":"57","value":0.000940312},
{"id":"58","value":1},
{"id":"59","value":0.0181027},
{"id":"60","value":0.00550268},
{"id":"61","value":1},
{"id":"62","value":0.00212459},
{"id":"63","value":0.918367},
{"id":"64","value":0.916556},
{"id":"65","value":0.956291},
{"id":"66","value":0.968212},
{"id":"67","value":0.97351},
{"id":"68","value":0.978808},
{"id":"69","value":0.984106},
{"id":"70","value":0.989404},
{"id":"71","value":0.994702},
{"id":"72","value":1},
{"id":"73","value":1},
{"id":"74","value":1},
{"id":"75","value":0.993994},
{"id":"76","value":0.998498},
{"id":"77","value":1},
{"id":"78","value":0.00240964},
{"id":"79","value":1},
{"id":"80","value":0.956204},
{"id":"81","value":0.0470921},
{"id":"82","value":1},
{"id":"83","value":0.927273},
{"id":"84","value":0.969697},
{"id":"85","value":0.937063},
{"id":"86","value":0.965035},
{"id":"87","value":0.979021},
{"id":"88","value":0.993007},
{"id":"89","value":1},
{"id":"90","value":1},
{"id":"91","value":1},
{"id":"92","value":1},
{"id":"93","value":0.980769},
{"id":"94","value":1},
{"id":"95","value":0.00408401},
{"id":"96","value":1},
{"id":"97","value":0.000202742},
{"id":"98","value":1},
{"id":"99","value":0.0179211},
{"id":"100","value":0.956522},
{"id":"101","value":1},
{"id":"102","value":0.00126469},
{"id":"103","value":1},
{"id":"104","value":0.941176},
{"id":"105","value":1},
{"id":"106","value":1},
{"id":"107","value":1},
{"id":"108","value":0.00123003},
{"id":"109","value":0.955357},
{"id":"110","value":0.938462},
{"id":"111","value":0.953846},
{"id":"112","value":0.969231},
{"id":"113","value":0.984615},
{"id":"114","value":1},
{"id":"115","value":0.000637175},
{"id":"116","value":1},
{"id":"117","value":0.00393416},
{"id":"118","value":1},
{"id":"119","value":1},
{"id":"120","value":1},
{"id":"121","value":0.993939},
{"id":"122","value":1},
{"id":"123","value":0.000507228},
{"id":"124","value":1},
{"id":"125","value":0.00616016},
{"id":"126","value":0.96875},
{"id":"127","value":1},
{"id":"128","value":1},
{"id":"129","value":0.00131579},
{"id":"130","value":0.002457},
{"id":"131","value":0.023753},
{"id":"132","value":0.714286},
{"id":"133","value":0.785714},
{"id":"134","value":0.857143},
{"id":"135","value":0.928571},
{"id":"136","value":1},
{"id":"137","value":0.00454545},
{"id":"138","value":1},
{"id":"139","value":0.969697},
{"id":"140","value":1},
{"id":"141","value":0.0318701},
{"id":"142","value":1},
{"id":"143","value":1},
{"id":"144","value":1},
{"id":"145","value":1},
{"id":"146","value":1},
{"id":"147","value":0.00567644},
{"id":"148","value":0.000642473},
{"id":"149","value":1},
{"id":"150","value":0.00830078},
{"id":"151","value":0.866667},
{"id":"152","value":0.933333},
{"id":"153","value":1},
{"id":"154","value":0.00831601},
{"id":"155","value":0.00341366},
{"id":"156","value":0.000577582},
{"id":"157","value":1},
{"id":"158","value":0.00909091},
{"id":"159","value":1},
{"id":"160","value":0.00624705},
{"id":"161","value":1},
{"id":"162","value":0.7},
{"id":"163","value":0.8},
{"id":"164","value":0.85},
{"id":"165","value":0.9},
{"id":"166","value":0.95},
{"id":"167","value":1},
{"id":"168","value":0.0103139},
{"id":"169","value":0.00545541},
{"id":"170","value":0.9625},
{"id":"171","value":1},
{"id":"172","value":1},
{"id":"173","value":0.914894},
{"id":"174","value":1},
{"id":"175","value":1},
{"id":"176","value":1},
{"id":"177","value":0.875},
{"id":"178","value":1},
{"id":"179","value":0.00273973},
{"id":"180","value":0.00513761},
{"id":"181","value":0.00814387},
{"id":"182","value":0.00324675},
{"id":"183","value":1},
{"id":"184","value":0.966667},
{"id":"185","value":0.983333},
{"id":"186","value":1},
{"id":"187","value":0.0321361},
{"id":"188","value":1},
{"id":"189","value":9.08e-05},
{"id":"190","value":1},
{"id":"191","value":0.5},
{"id":"192","value":0.541667},
{"id":"193","value":0.5625},
{"id":"194","value":0.583333},
{"id":"195","value":0.604167},
{"id":"196","value":0.625},
{"id":"197","value":0.645833},
{"id":"198","value":0.666667},
{"id":"199","value":0.6875},
{"id":"200","value":0.708333},
{"id":"201","value":0.729167},
{"id":"202","value":0.75},
{"id":"203","value":0.770833},
{"id":"204","value":0.791667},
{"id":"205","value":0.8125},
{"id":"206","value":0.833333},
{"id":"207","value":0.854167},
{"id":"208","value":0.875},
{"id":"209","value":0.895833},
{"id":"210","value":0.916667},
{"id":"211","value":0.9375},
{"id":"212","value":0.958333},
{"id":"213","value":0.979167},
{"id":"214","value":1},
{"id":"215","value":0.000264081},
{"id":"216","value":0.00128975},
{"id":"217","value":0.00554156},
{"id":"218","value":0.000300711},
{"id":"219","value":0.00406967},
{"id":"220","value":6.75e-05},
{"id":"221","value":0.00110497},
{"id":"222","value":0.0481928},
{"id":"223","value":0.00520607},
{"id":"224","value":1},
{"id":"225","value":1},
{"id":"226","value":1},
{"id":"227","value":0.0526316},
{"id":"228","value":0.000728957},
{"id":"229","value":0.95},
{"id":"230","value":1},
{"id":"231","value":0.7},
{"id":"232","value":1},
{"id":"233","value":0.00024426},
{"id":"234","value":0.00554529},
{"id":"235","value":0.00487805},
{"id":"236","value":0.666667},
{"id":"237","value":1},
{"id":"238","value":0.000122534},
{"id":"239","value":0.0139535},
{"id":"240","value":0.00215983},
{"id":"241","value":0.00204918},
{"id":"242","value":0.011583},
{"id":"243","value":0.000349406},
{"id":"244","value":1},
{"id":"245","value":1},
{"id":"246","value":0.016158},
{"id":"247","value":0.0158103},
{"id":"248","value":0.000262743},
{"id":"249","value":1},
{"id":"250","value":0.00100094},
{"id":"251","value":0.00147929},
{"id":"252","value":0.00451467},
{"id":"253","value":1},
{"id":"254","value":0.00232739},
{"id":"255","value":0.00520833},
{"id":"256","value":0.000926539},
{"id":"257","value":0.00332226},
{"id":"258","value":0.000956938},
{"id":"259","value":0.00706714},
{"id":"260","value":1},
{"id":"261","value":0.00483092},
{"id":"262","value":0.0909091},
{"id":"263","value":1},
{"id":"264","value":0.00120579},
{"id":"265","value":0.00207039},
{"id":"266","value":0.00085034},
{"id":"267","value":1},
{"id":"268","value":1},
{"id":"269","value":1},
{"id":"270","value":1},
{"id":"271","value":1},
{"id":"272","value":1},
{"id":"273","value":0.970213},
{"id":"274","value":0.984397},
{"id":"275","value":0.987234},
{"id":"276","value":0.988652},
{"id":"277","value":0.989389},
{"id":"278","value":1},
{"id":"279","value":0.998034},
{"id":"280","value":0.982438},
{"id":"281","value":1},
{"id":"282","value":0.967302},
{"id":"283","value":0.978202},
{"id":"284","value":0.989101},
{"id":"285","value":1},
{"id":"286","value":0.946565},
{"id":"287","value":1},
{"id":"288","value":0.883817},
{"id":"289","value":1},
{"id":"290","value":1},
{"id":"291","value":0.99547},
{"id":"292","value":0.997735},
{"id":"293","value":0.988679},
{"id":"294","value":1},
{"id":"295","value":1},
{"id":"296","value":1},
{"id":"297","value":1},
{"id":"298","value":1},
{"id":"299","value":0.999234},
{"id":"300","value":0.985885},
{"id":"301","value":0.000926899},
{"id":"302","value":0.998979},
{"id":"303","value":1},
{"id":"304","value":0.994845},
{"id":"305","value":1},
{"id":"306","value":0.00585792},
{"id":"307","value":0.979167},
{"id":"308","value":1},
{"id":"309","value":1},
{"id":"310","value":0.999003},
{"id":"311","value":1},
{"id":"312","value":0.962134},
{"id":"313","value":0.986231},
{"id":"314","value":0.991394},
{"id":"315","value":0.996558},
{"id":"316","value":0.998279},
{"id":"317","value":1},
{"id":"318","value":0.0032754},
{"id":"319","value":1},
{"id":"320","value":0.00276497},
{"id":"321","value":0.977099},
{"id":"322","value":0.988057},
{"id":"323","value":1},
{"id":"324","value":0.0115602},
{"id":"325","value":1},
{"id":"326","value":0.998062},
{"id":"327","value":0.000829933},
{"id":"328","value":0.888889},
{"id":"329","value":0.00143541},
{"id":"330","value":0.964646},
{"id":"331","value":0.992366},
{"id":"332","value":0.0264676},
{"id":"333","value":0.989899},
{"id":"334","value":0.959322},
{"id":"335","value":0.979661},
{"id":"336","value":0.0192308},
{"id":"337","value":1},
{"id":"338","value":0.992135},
{"id":"339","value":0.00596069},
{"id":"340","value":0.99422},
{"id":"341","value":0.912281},
{"id":"342","value":1},
{"id":"343","value":1},
{"id":"344","value":0.983051},
{"id":"345","value":0.991525},
{"id":"346","value":7.29e-05},
{"id":"347","value":1},
{"id":"348","value":0.991051},
{"id":"349","value":0.989111},
{"id":"350","value":0.994012},
{"id":"351","value":0.997006},
{"id":"352","value":0.0198422},
{"id":"353","value":0.995058},
{"id":"354","value":0.998353},
{"id":"355","value":0.0195313},
{"id":"356","value":1},
{"id":"357","value":0.0351967},
{"id":"358","value":1},
{"id":"359","value":0.955224},
{"id":"360","value":1},
{"id":"361","value":1},
{"id":"362","value":1},
{"id":"363","value":0.00102216},
{"id":"364","value":1},
{"id":"365","value":1},
{"id":"366","value":1},
{"id":"367","value":0.0256927},
{"id":"368","value":0.00159294},
{"id":"369","value":0.00074494},
{"id":"370","value":0.00295858},
{"id":"371","value":1},
{"id":"372","value":0.988636},
{"id":"373","value":0.0017188},
{"id":"374","value":0.916667},
{"id":"375","value":0.979167},
{"id":"376","value":0.0104121},
{"id":"377","value":0.996795},
{"id":"378","value":1},
{"id":"379","value":1},
{"id":"380","value":0.818182},
{"id":"381","value":1},
{"id":"382","value":0.00268963},
{"id":"383","value":0.0689655},
{"id":"384","value":0.0428212},
{"id":"385","value":0.00124351},
{"id":"386","value":0.0104502},
{"id":"387","value":0.000400267},
{"id":"388","value":1},
{"id":"389","value":0.00105957},
{"id":"390","value":0.00929198},
{"id":"391","value":0.981043},
{"id":"392","value":1},
{"id":"393","value":0.00272161},
{"id":"394","value":0.962121},
{"id":"395","value":0.0363636},
{"id":"396","value":0.00177391},
{"id":"397","value":1},
{"id":"398","value":8.65e-05},
{"id":"399","value":1},
{"id":"400","value":0.000463442},
{"id":"401","value":0.000143304},
{"id":"402","value":0.675676},
{"id":"403","value":0.689189},
{"id":"404","value":0.702703},
{"id":"405","value":0.72973},
{"id":"406","value":0.743243},
{"id":"407","value":0.756757},
{"id":"408","value":0.77027},
{"id":"409","value":0.783784},
{"id":"410","value":0.797297},
{"id":"411","value":0.810811},
{"id":"412","value":0.824324},
{"id":"413","value":0.837838},
{"id":"414","value":0.851351},
{"id":"415","value":0.864865},
{"id":"416","value":0.878378},
{"id":"417","value":0.891892},
{"id":"418","value":0.905405},
{"id":"419","value":0.918919},
{"id":"420","value":0.932432},
{"id":"421","value":0.945946},
{"id":"422","value":0.959459},
{"id":"423","value":0.972973},
{"id":"424","value":0.986486},
{"id":"425","value":0.0198511},
{"id":"426","value":0.0526316},
{"id":"427","value":0.833333},
{"id":"428","value":0.00850662},
{"id":"429","value":1},
{"id":"430","value":0.0166667},
{"id":"431","value":0.75},
{"id":"432","value":0.875},
{"id":"433","value":1},
{"id":"434","value":0.000311502},
{"id":"435","value":0.90625},
{"id":"436","value":1},
{"id":"437","value":0.0285714},
{"id":"438","value":0.0449438},
{"id":"439","value":0.0143737},
{"id":"440","value":0.000108707},
{"id":"441","value":0.000404858},
{"id":"442","value":0.000217223},
{"id":"443","value":1},
{"id":"444","value":1},
{"id":"445","value":0.00116686},
{"id":"446","value":0.0289575},
{"id":"447","value":0.0372671},
{"id":"448","value":0.0010589},
{"id":"449","value":0.00129567},
{"id":"450","value":0.00381679},
{"id":"451","value":8.5e-05},
{"id":"452","value":0.00410959},
{"id":"453","value":0.00208209},
{"id":"454","value":0.944444},
{"id":"455","value":1},
{"id":"456","value":0.428571},
{"id":"457","value":8.45e-05},
{"id":"458","value":1},
{"id":"459","value":0.00210194},
{"id":"460","value":0.8},
{"id":"461","value":0.000474383},
{"id":"462","value":0.000344947},
{"id":"463","value":0.0146341},
{"id":"464","value":0.00420168},
{"id":"465","value":0.888889},
{"id":"466","value":1},
{"id":"467","value":0.0144928},
{"id":"468","value":0.00220183},
{"id":"469","value":1},
{"id":"470","value":0.00718133},
{"id":"471","value":0.00276243},
{"id":"472","value":1},
{"id":"473","value":0.00395257},
{"id":"474","value":0.00120265},
{"id":"475","value":0.00324675},
{"id":"476","value":0.0192308},
{"id":"477","value":0.0217391},
{"id":"478","value":0.00143885},
{"id":"479","value":1},
{"id":"480","value":0.0104167},
{"id":"481","value":0.153846},
{"id":"482","value":0.0444444},
{"id":"483","value":0.000451467},
{"id":"484","value":0.00332226}
]}