{
"vertices":[
{"id":"0","name":"wall","Leaves":[{"name":"wall","frequency":0.239375 }],"frequency":0.99486},
{"id":"1","name":"floor","Leaves":[],"frequency":0.998131},
{"id":"2","name":"double_bed","Leaves":[],"frequency":0.657477},
{"id":"3","name":"ceiling","Leaves":[],"frequency":0.996262},
{"id":"4","name":"door","Leaves":[{"name":"door","frequency":0.891034 }],"frequency":0.603738},
{"id":"5","name":"rug","Leaves":[{"name":"rug","frequency":0.746561 }],"frequency":0.35514},
{"id":"6","name":"single_bed","Leaves":[{"name":"single_bed","frequency":0.8633 }],"frequency":0.32757},
{"id":"7","name":"table_lamp","Leaves":[{"name":"table_lamp","frequency":0.530828 }],"frequency":0.329907},
{"id":"8","name":"kitchen_cabinet","Leaves":[{"name":"kitchen_cabinet","frequency":0.565789 }],"frequency":0.0200935},
{"id":"9","name":"wall","Leaves":[{"name":"wall","frequency":0.239375 }],"frequency":0},
{"id":"10","name":"wall","Leaves":[{"name":"wall","frequency":0.239375 }],"frequency":0}
],
"rules":[
{"id":"0","source":"0","target":"1","factor":"Horizontal-Support"},
{"id":"1","source":"3","target":"0","factor":"proximity"},
{"id":"2","source":"4","target":"0","factor":"proximity"},
{"id":"3","source":"2","target":"0","factor":"proximity"},
{"id":"4","source":"1","target":"0","factor":"proximity"},
{"id":"5","source":"6","target":"0","factor":"proximity"},
{"id":"6","source":"4","target":"0","factor":"orientation_parallel"},
{"id":"7","source":"2","target":"0","factor":"orientation_parallel"},
{"id":"8","source":"1","target":"0","factor":"orientation_parallel"},
{"id":"9","source":"3","target":"0","factor":"orientation_parallel"},
{"id":"10","source":"6","target":"0","factor":"orientation_parallel"},
{"id":"11","source":"5","target":"0","factor":"orientation_parallel"},
{"id":"12","source":"2","target":"0","factor":"orientation_perpendicular"},
{"id":"13","source":"4","target":"0","factor":"orientation_perpendicular"},
{"id":"14","source":"3","target":"0","factor":"orientation_perpendicular"},
{"id":"15","source":"1","target":"0","factor":"orientation_perpendicular"},
{"id":"16","source":"6","target":"0","factor":"orientation_perpendicular"},
{"id":"17","source":"5","target":"0","factor":"orientation_perpendicular"},
{"id":"18","source":"7","target":"0","factor":"orientation_perpendicular"},
{"id":"19","source":"8","target":"0","factor":"orientation_perpendicular"},
{"id":"20","source":"0","target":"7","factor":"orientation_perpendicular"},
{"id":"21","source":"0","target":"5","factor":"orientation_perpendicular"},
{"id":"22","source":"0","target":"9","factor":"proximity"},
{"id":"23","source":"0","target":"9","factor":"orientation_parallel"},
{"id":"24","source":"0","target":"9","factor":"orientation_perpendicular"},
{"id":"25","source":"0","target":"9","factor":"symmetry"},
{"id":"26","source":"0","target":"9","factor":"side_to_side"},
{"id":"27","source":"9","target":"1","factor":"Horizontal-Support"},
{"id":"28","source":"3","target":"9","factor":"proximity"},
{"id":"29","source":"4","target":"9","factor":"proximity"},
{"id":"30","source":"2","target":"9","factor":"proximity"},
{"id":"31","source":"1","target":"9","factor":"proximity"},
{"id":"32","source":"6","target":"9","factor":"proximity"},
{"id":"33","source":"4","target":"9","factor":"orientation_parallel"},
{"id":"34","source":"2","target":"9","factor":"orientation_parallel"},
{"id":"35","source":"1","target":"9","factor":"orientation_parallel"},
{"id":"36","source":"3","target":"9","factor":"orientation_parallel"},
{"id":"37","source":"6","target":"9","factor":"orientation_parallel"},
{"id":"38","source":"5","target":"9","factor":"orientation_parallel"},
{"id":"39","source":"2","target":"9","factor":"orientation_perpendicular"},
{"id":"40","source":"4","target":"9","factor":"orientation_perpendicular"},
{"id":"41","source":"3","target":"9","factor":"orientation_perpendicular"},
{"id":"42","source":"1","target":"9","factor":"orientation_perpendicular"},
{"id":"43","source":"6","target":"9","factor":"orientation_perpendicular"},
{"id":"44","source":"5","target":"9","factor":"orientation_perpendicular"},
{"id":"45","source":"7","target":"9","factor":"orientation_perpendicular"},
{"id":"46","source":"8","target":"9","factor":"orientation_perpendicular"},
{"id":"47","source":"9","target":"7","factor":"orientation_perpendicular"},
{"id":"48","source":"9","target":"5","factor":"orientation_perpendicular"},
{"id":"49","source":"0","target":"10","factor":"proximity"},
{"id":"50","source":"9","target":"10","factor":"proximity"},
{"id":"51","source":"0","target":"10","factor":"orientation_parallel"},
{"id":"52","source":"9","target":"10","factor":"orientation_parallel"},
{"id":"53","source":"0","target":"10","factor":"orientation_perpendicular"},
{"id":"54","source":"9","target":"10","factor":"orientation_perpendicular"},
{"id":"55","source":"0","target":"10","factor":"symmetry"},
{"id":"56","source":"9","target":"10","factor":"symmetry"},
{"id":"57","source":"0","target":"10","factor":"side_to_side"},
{"id":"58","source":"9","target":"10","factor":"side_to_side"},
{"id":"59","source":"10","target":"1","factor":"Horizontal-Support"},
{"id":"60","source":"3","target":"10","factor":"proximity"},
{"id":"61","source":"4","target":"10","factor":"proximity"},
{"id":"62","source":"2","target":"10","factor":"proximity"},
{"id":"63","source":"1","target":"10","factor":"proximity"},
{"id":"64","source":"6","target":"10","factor":"proximity"},
{"id":"65","source":"4","target":"10","factor":"orientation_parallel"},
{"id":"66","source":"2","target":"10","factor":"orientation_parallel"},
{"id":"67","source":"1","target":"10","factor":"orientation_parallel"},
{"id":"68","source":"3","target":"10","factor":"orientation_parallel"},
{"id":"69","source":"6","target":"10","factor":"orientation_parallel"},
{"id":"70","source":"5","target":"10","factor":"orientation_parallel"},
{"id":"71","source":"2","target":"10","factor":"orientation_perpendicular"},
{"id":"72","source":"4","target":"10","factor":"orientation_perpendicular"},
{"id":"73","source":"3","target":"10","factor":"orientation_perpendicular"},
{"id":"74","source":"1","target":"10","factor":"orientation_perpendicular"},
{"id":"75","source":"6","target":"10","factor":"orientation_perpendicular"},
{"id":"76","source":"5","target":"10","factor":"orientation_perpendicular"},
{"id":"77","source":"7","target":"10","factor":"orientation_perpendicular"},
{"id":"78","source":"8","target":"10","factor":"orientation_perpendicular"},
{"id":"79","source":"10","target":"7","factor":"orientation_perpendicular"},
{"id":"80","source":"10","target":"5","factor":"orientation_perpendicular"},
{"id":"81","source":"2","target":"1","factor":"proximity"},
{"id":"82","source":"3","target":"4","factor":"proximity"},
{"id":"83","source":"1","target":"5","factor":"proximity"},
{"id":"84","source":"3","target":"2","factor":"proximity"},
{"id":"85","source":"1","target":"6","factor":"proximity"},
{"id":"86","source":"3","target":"1","factor":"proximity"},
{"id":"87","source":"4","target":"2","factor":"proximity"},
{"id":"88","source":"4","target":"1","factor":"proximity"},
{"id":"89","source":"2","target":"5","factor":"proximity"},
{"id":"90","source":"2","target":"7","factor":"proximity"},
{"id":"91","source":"2","target":"3","factor":"orientation_parallel"},
{"id":"92","source":"2","target":"1","factor":"orientation_parallel"},
{"id":"93","source":"3","target":"1","factor":"orientation_parallel"},
{"id":"94","source":"2","target":"4","factor":"orientation_parallel"},
{"id":"95","source":"3","target":"7","factor":"orientation_parallel"},
{"id":"96","source":"1","target":"7","factor":"orientation_parallel"},
{"id":"97","source":"7","target":"7","factor":"orientation_parallel"},
{"id":"98","source":"6","target":"3","factor":"orientation_parallel"},
{"id":"99","source":"6","target":"1","factor":"orientation_parallel"},
{"id":"100","source":"1","target":"5","factor":"orientation_parallel"},
{"id":"101","source":"3","target":"5","factor":"orientation_parallel"},
{"id":"102","source":"5","target":"5","factor":"orientation_parallel"},
{"id":"103","source":"5","target":"7","factor":"orientation_parallel"},
{"id":"104","source":"7","target":"5","factor":"orientation_parallel"},
{"id":"105","source":"2","target":"7","factor":"orientation_parallel"},
{"id":"106","source":"2","target":"5","factor":"orientation_parallel"},
{"id":"107","source":"4","target":"3","factor":"orientation_parallel"},
{"id":"108","source":"4","target":"1","factor":"orientation_parallel"},
{"id":"109","source":"4","target":"5","factor":"orientation_parallel"},
{"id":"110","source":"4","target":"7","factor":"orientation_parallel"},
{"id":"111","source":"3","target":"4","factor":"orientation_perpendicular"},
{"id":"112","source":"1","target":"4","factor":"orientation_perpendicular"},
{"id":"113","source":"2","target":"4","factor":"orientation_perpendicular"},
{"id":"114","source":"2","target":"5","factor":"orientation_perpendicular"},
{"id":"115","source":"1","target":"5","factor":"orientation_perpendicular"},
{"id":"116","source":"3","target":"5","factor":"orientation_perpendicular"},
{"id":"117","source":"2","target":"1","factor":"orientation_perpendicular"},
{"id":"118","source":"2","target":"3","factor":"orientation_perpendicular"},
{"id":"119","source":"2","target":"7","factor":"orientation_perpendicular"},
{"id":"120","source":"4","target":"7","factor":"orientation_perpendicular"},
{"id":"121","source":"6","target":"5","factor":"orientation_perpendicular"},
{"id":"122","source":"4","target":"5","factor":"orientation_perpendicular"},
{"id":"123","source":"3","target":"7","factor":"orientation_perpendicular"},
{"id":"124","source":"1","target":"7","factor":"orientation_perpendicular"},
{"id":"125","source":"8","target":"8","factor":"orientation_perpendicular"},
{"id":"126","source":"4","target":"4","factor":"orientation_perpendicular"},
{"id":"127","source":"6","target":"1","factor":"orientation_perpendicular"},
{"id":"128","source":"6","target":"3","factor":"orientation_perpendicular"},
{"id":"129","source":"6","target":"7","factor":"orientation_perpendicular"},
{"id":"130","source":"7","target":"5","factor":"orientation_perpendicular"},
{"id":"131","source":"6","target":"4","factor":"orientation_perpendicular"},
{"id":"132","source":"7","target":"7","factor":"symmetry"},
{"id":"133","source":"6","target":"6","factor":"symmetry"},
{"id":"134","source":"5","target":"5","factor":"symmetry"},
{"id":"135","source":"4","target":"4","factor":"symmetry"}
],
"probability":[
{"id":"0","value":0.646729},
{"id":"1","value":0.362617},
{"id":"2","value":0.301402},
{"id":"3","value":0.283645},
{"id":"4","value":0.116822},
{"id":"5","value":0.0752336},
{"id":"6","value":0.234112},
{"id":"7","value":0.371028},
{"id":"8","value":0.28785},
{"id":"9","value":0.286916},
{"id":"10","value":0.176168},
{"id":"11","value":0.102804},
{"id":"12","value":0.504206},
{"id":"13","value":0.485047},
{"id":"14","value":0.940654},
{"id":"15","value":0.942056},
{"id":"16","value":0.265421},
{"id":"17","value":0.306542},
{"id":"18","value":0.285514},
{"id":"19","value":0.0172897},
{"id":"20","value":0.0233645},
{"id":"21","value":0.0182243},
{"id":"22","value":0.192523},
{"id":"23","value":0.635514},
{"id":"24","value":0.957477},
{"id":"25","value":0.78972},
{"id":"26","value":0.107477},
{"id":"27","value":0.646729},
{"id":"28","value":0.362617},
{"id":"29","value":0.301402},
{"id":"30","value":0.283645},
{"id":"31","value":0.116822},
{"id":"32","value":0.0752336},
{"id":"33","value":0.234112},
{"id":"34","value":0.371028},
{"id":"35","value":0.28785},
{"id":"36","value":0.286916},
{"id":"37","value":0.176168},
{"id":"38","value":0.102804},
{"id":"39","value":0.504206},
{"id":"40","value":0.485047},
{"id":"41","value":0.940654},
{"id":"42","value":0.942056},
{"id":"43","value":0.265421},
{"id":"44","value":0.306542},
{"id":"45","value":0.285514},
{"id":"46","value":0.0172897},
{"id":"47","value":0.0233645},
{"id":"48","value":0.0182243},
{"id":"49","value":0.192523},
{"id":"50","value":0.192523},
{"id":"51","value":0.635514},
{"id":"52","value":0.635514},
{"id":"53","value":0.957477},
{"id":"54","value":0.957477},
{"id":"55","value":0.78972},
{"id":"56","value":0.78972},
{"id":"57","value":0.107477},
{"id":"58","value":0.107477},
{"id":"59","value":0.646729},
{"id":"60","value":0.362617},
{"id":"61","value":0.301402},
{"id":"62","value":0.283645},
{"id":"63","value":0.116822},
{"id":"64","value":0.0752336},
{"id":"65","value":0.234112},
{"id":"66","value":0.371028},
{"id":"67","value":0.28785},
{"id":"68","value":0.286916},
{"id":"69","value":0.176168},
{"id":"70","value":0.102804},
{"id":"71","value":0.504206},
{"id":"72","value":0.485047},
{"id":"73","value":0.940654},
{"id":"74","value":0.942056},
{"id":"75","value":0.265421},
{"id":"76","value":0.306542},
{"id":"77","value":0.285514},
{"id":"78","value":0.0172897},
{"id":"79","value":0.0233645},
{"id":"80","value":0.0182243},
{"id":"81","value":0.369159},
{"id":"82","value":0.27757},
{"id":"83","value":0.207944},
{"id":"84","value":0.195327},
{"id":"85","value":0.111215},
{"id":"86","value":0.100467},
{"id":"87","value":0.0892523},
{"id":"88","value":0.078972},
{"id":"89","value":0.0649533},
{"id":"90","value":0.0518692},
{"id":"91","value":0.233178},
{"id":"92","value":0.234112},
{"id":"93","value":0.995327},
{"id":"94","value":0.103271},
{"id":"95","value":0.264953},
{"id":"96","value":0.266822},
{"id":"97","value":0.177103},
{"id":"98","value":0.117757},
{"id":"99","value":0.117757},
{"id":"100","value":0.225234},
{"id":"101","value":0.222897},
{"id":"102","value":0.0953271},
{"id":"103","value":0.117757},
{"id":"104","value":0.0733645},
{"id":"105","value":0.0841122},
{"id":"106","value":0.0775701},
{"id":"107","value":0.125234},
{"id":"108","value":0.126168},
{"id":"109","value":0.0714953},
{"id":"110","value":0.0747664},
{"id":"111","value":0.157009},
{"id":"112","value":0.157009},
{"id":"113","value":0.082243},
{"id":"114","value":0.0598131},
{"id":"115","value":0.104206},
{"id":"116","value":0.104673},
{"id":"117","value":0.131776},
{"id":"118","value":0.131776},
{"id":"119","value":0.046729},
{"id":"120","value":0.0593458},
{"id":"121","value":0.0668224},
{"id":"122","value":0.0457944},
{"id":"123","value":0.0219626},
{"id":"124","value":0.0219626},
{"id":"125","value":0.0130841},
{"id":"126","value":0.0154206},
{"id":"127","value":0.0864486},
{"id":"128","value":0.0864486},
{"id":"129","value":0.0471963},
{"id":"130","value":0.0107477},
{"id":"131","value":0.0439252},
{"id":"132","value":0.179439},
{"id":"133","value":0.0443925},
{"id":"134","value":0.0817757},
{"id":"135","value":0.0140187}
]}