{
"vertices":[
{"id":"0","name":"picture_frame","Leaves":[{"name":"picture_frame","frequency":0.603369 }],"frequency":0.184112},
{"id":"1","name":"wall","Leaves":[{"name":"wall","frequency":0.239375 }],"frequency":0.99486},
{"id":"2","name":"floor","Leaves":[],"frequency":0.998131},
{"id":"3","name":"double_bed","Leaves":[],"frequency":0.657477},
{"id":"4","name":"ceiling","Leaves":[],"frequency":0.996262},
{"id":"5","name":"wardrobe_cabinet","Leaves":[{"name":"wardrobe_cabinet","frequency":0.612035 }],"frequency":0.72243},
{"id":"6","name":"door","Leaves":[{"name":"door","frequency":0.891034 }],"frequency":0.603738},
{"id":"7","name":"chandelier","Leaves":[{"name":"chandelier","frequency":0.63421 }],"frequency":0.33785},
{"id":"8","name":"rug","Leaves":[{"name":"rug","frequency":0.746561 }],"frequency":0.35514},
{"id":"9","name":"window","Leaves":[{"name":"window","frequency":0.739849 }],"frequency":0.732243},
{"id":"10","name":"stand","Leaves":[{"name":"stand","frequency":0.665681 }],"frequency":0.420561},
{"id":"11","name":"table_lamp","Leaves":[{"name":"table_lamp","frequency":0.530828 }],"frequency":0.329907},
{"id":"12","name":"chair","Leaves":[{"name":"chair","frequency":0.790497 }],"frequency":0.171028},
{"id":"13","name":"desk","Leaves":[{"name":"desk","frequency":0.818461 }],"frequency":0.372897},
{"id":"14","name":"television","Leaves":[],"frequency":0.418224},
{"id":"15","name":"tv_stand","Leaves":[],"frequency":0.161682},
{"id":"16","name":"dresser","Leaves":[{"name":"dresser","frequency":0.871143 }],"frequency":0.224299},
{"id":"17","name":"floor_lamp","Leaves":[{"name":"floor_lamp","frequency":0.836449 }],"frequency":0.16729},
{"id":"18","name":"computer","Leaves":[],"frequency":0.123364},
{"id":"19","name":"laptop","Leaves":[],"frequency":0.193925},
{"id":"20","name":"shelving","Leaves":[{"name":"shelving","frequency":0.662379 }],"frequency":0.192523},
{"id":"21","name":"plant","Leaves":[{"name":"plant","frequency":0.751012 }],"frequency":0.173364},
{"id":"22","name":"ottoman","Leaves":[{"name":"ottoman","frequency":0.825806 }],"frequency":0.119626},
{"id":"23","name":"mirror","Leaves":[],"frequency":0.148131},
{"id":"24","name":"picture_frame","Leaves":[{"name":"picture_frame","frequency":0.603369 }],"frequency":2.52259e-18},
{"id":"25","name":"chandelier","Leaves":[{"name":"chandelier","frequency":0.63421 }],"frequency":6.71305e+22}
],
"rules":[
{"id":"0","source":"0","target":"1","factor":"orientation_parallel"},
{"id":"1","source":"3","target":"0","factor":"orientation_parallel"},
{"id":"2","source":"4","target":"0","factor":"orientation_parallel"},
{"id":"3","source":"2","target":"0","factor":"orientation_parallel"},
{"id":"4","source":"5","target":"0","factor":"orientation_perpendicular"},
{"id":"5","source":"0","target":"11","factor":"orientation_perpendicular"},
{"id":"6","source":"0","target":"1","factor":"orientation_perpendicular"},
{"id":"7","source":"16","target":"0","factor":"orientation_perpendicular"},
{"id":"8","source":"9","target":"0","factor":"orientation_perpendicular"},
{"id":"9","source":"2","target":"0","factor":"orientation_perpendicular"},
{"id":"10","source":"4","target":"0","factor":"orientation_perpendicular"},
{"id":"11","source":"21","target":"0","factor":"orientation_perpendicular"},
{"id":"12","source":"7","target":"0","factor":"orientation_perpendicular"},
{"id":"13","source":"20","target":"0","factor":"orientation_perpendicular"},
{"id":"14","source":"3","target":"0","factor":"orientation_perpendicular"},
{"id":"15","source":"13","target":"0","factor":"orientation_perpendicular"},
{"id":"16","source":"10","target":"0","factor":"orientation_perpendicular"},
{"id":"17","source":"6","target":"0","factor":"orientation_perpendicular"},
{"id":"18","source":"8","target":"0","factor":"orientation_perpendicular"},
{"id":"19","source":"1","target":"0","factor":"orientation_perpendicular"},
{"id":"20","source":"0","target":"10","factor":"orientation_perpendicular"},
{"id":"21","source":"0","target":"20","factor":"orientation_perpendicular"},
{"id":"22","source":"14","target":"0","factor":"orientation_perpendicular"},
{"id":"23","source":"23","target":"0","factor":"orientation_perpendicular"},
{"id":"24","source":"0","target":"24","factor":"orientation_perpendicular"},
{"id":"25","source":"0","target":"24","factor":"symmetry"},
{"id":"26","source":"24","target":"1","factor":"orientation_parallel"},
{"id":"27","source":"3","target":"24","factor":"orientation_parallel"},
{"id":"28","source":"4","target":"24","factor":"orientation_parallel"},
{"id":"29","source":"2","target":"24","factor":"orientation_parallel"},
{"id":"30","source":"5","target":"24","factor":"orientation_perpendicular"},
{"id":"31","source":"24","target":"11","factor":"orientation_perpendicular"},
{"id":"32","source":"24","target":"1","factor":"orientation_perpendicular"},
{"id":"33","source":"16","target":"24","factor":"orientation_perpendicular"},
{"id":"34","source":"9","target":"24","factor":"orientation_perpendicular"},
{"id":"35","source":"2","target":"24","factor":"orientation_perpendicular"},
{"id":"36","source":"4","target":"24","factor":"orientation_perpendicular"},
{"id":"37","source":"21","target":"24","factor":"orientation_perpendicular"},
{"id":"38","source":"7","target":"24","factor":"orientation_perpendicular"},
{"id":"39","source":"20","target":"24","factor":"orientation_perpendicular"},
{"id":"40","source":"3","target":"24","factor":"orientation_perpendicular"},
{"id":"41","source":"13","target":"24","factor":"orientation_perpendicular"},
{"id":"42","source":"10","target":"24","factor":"orientation_perpendicular"},
{"id":"43","source":"6","target":"24","factor":"orientation_perpendicular"},
{"id":"44","source":"8","target":"24","factor":"orientation_perpendicular"},
{"id":"45","source":"1","target":"24","factor":"orientation_perpendicular"},
{"id":"46","source":"24","target":"10","factor":"orientation_perpendicular"},
{"id":"47","source":"24","target":"20","factor":"orientation_perpendicular"},
{"id":"48","source":"14","target":"24","factor":"orientation_perpendicular"},
{"id":"49","source":"23","target":"24","factor":"orientation_perpendicular"},
{"id":"50","source":"4","target":"7","factor":"proximity"},
{"id":"51","source":"2","target":"7","factor":"orientation_parallel"},
{"id":"52","source":"4","target":"7","factor":"orientation_parallel"},
{"id":"53","source":"7","target":"8","factor":"orientation_parallel"},
{"id":"54","source":"7","target":"11","factor":"orientation_parallel"},
{"id":"55","source":"3","target":"7","factor":"orientation_parallel"},
{"id":"56","source":"21","target":"7","factor":"orientation_parallel"},
{"id":"57","source":"9","target":"7","factor":"orientation_parallel"},
{"id":"58","source":"13","target":"7","factor":"orientation_parallel"},
{"id":"59","source":"5","target":"7","factor":"orientation_parallel"},
{"id":"60","source":"7","target":"1","factor":"orientation_parallel"},
{"id":"61","source":"6","target":"7","factor":"orientation_parallel"},
{"id":"62","source":"5","target":"7","factor":"orientation_perpendicular"},
{"id":"63","source":"7","target":"19","factor":"orientation_perpendicular"},
{"id":"64","source":"7","target":"1","factor":"orientation_perpendicular"},
{"id":"65","source":"16","target":"7","factor":"orientation_perpendicular"},
{"id":"66","source":"7","target":"10","factor":"orientation_perpendicular"},
{"id":"67","source":"3","target":"7","factor":"orientation_perpendicular"},
{"id":"68","source":"7","target":"14","factor":"orientation_perpendicular"},
{"id":"69","source":"14","target":"7","factor":"orientation_perpendicular"},
{"id":"70","source":"20","target":"7","factor":"orientation_perpendicular"},
{"id":"71","source":"6","target":"7","factor":"orientation_perpendicular"},
{"id":"72","source":"7","target":"9","factor":"orientation_perpendicular"},
{"id":"73","source":"7","target":"23","factor":"orientation_perpendicular"},
{"id":"74","source":"15","target":"7","factor":"orientation_perpendicular"},
{"id":"75","source":"7","target":"5","factor":"orientation_perpendicular"},
{"id":"76","source":"13","target":"7","factor":"orientation_perpendicular"},
{"id":"77","source":"9","target":"7","factor":"orientation_perpendicular"},
{"id":"78","source":"1","target":"7","factor":"orientation_perpendicular"},
{"id":"79","source":"7","target":"8","factor":"orientation_perpendicular"},
{"id":"80","source":"7","target":"25","factor":"orientation_parallel"},
{"id":"81","source":"7","target":"25","factor":"symmetry"},
{"id":"82","source":"4","target":"25","factor":"proximity"},
{"id":"83","source":"2","target":"25","factor":"orientation_parallel"},
{"id":"84","source":"4","target":"25","factor":"orientation_parallel"},
{"id":"85","source":"25","target":"8","factor":"orientation_parallel"},
{"id":"86","source":"25","target":"11","factor":"orientation_parallel"},
{"id":"87","source":"3","target":"25","factor":"orientation_parallel"},
{"id":"88","source":"21","target":"25","factor":"orientation_parallel"},
{"id":"89","source":"9","target":"25","factor":"orientation_parallel"},
{"id":"90","source":"13","target":"25","factor":"orientation_parallel"},
{"id":"91","source":"5","target":"25","factor":"orientation_parallel"},
{"id":"92","source":"25","target":"1","factor":"orientation_parallel"},
{"id":"93","source":"6","target":"25","factor":"orientation_parallel"},
{"id":"94","source":"5","target":"25","factor":"orientation_perpendicular"},
{"id":"95","source":"25","target":"19","factor":"orientation_perpendicular"},
{"id":"96","source":"25","target":"1","factor":"orientation_perpendicular"},
{"id":"97","source":"16","target":"25","factor":"orientation_perpendicular"},
{"id":"98","source":"25","target":"10","factor":"orientation_perpendicular"},
{"id":"99","source":"3","target":"25","factor":"orientation_perpendicular"},
{"id":"100","source":"25","target":"14","factor":"orientation_perpendicular"},
{"id":"101","source":"14","target":"25","factor":"orientation_perpendicular"},
{"id":"102","source":"20","target":"25","factor":"orientation_perpendicular"},
{"id":"103","source":"6","target":"25","factor":"orientation_perpendicular"},
{"id":"104","source":"25","target":"9","factor":"orientation_perpendicular"},
{"id":"105","source":"25","target":"23","factor":"orientation_perpendicular"},
{"id":"106","source":"15","target":"25","factor":"orientation_perpendicular"},
{"id":"107","source":"25","target":"5","factor":"orientation_perpendicular"},
{"id":"108","source":"13","target":"25","factor":"orientation_perpendicular"},
{"id":"109","source":"9","target":"25","factor":"orientation_perpendicular"},
{"id":"110","source":"1","target":"25","factor":"orientation_perpendicular"},
{"id":"111","source":"25","target":"8","factor":"orientation_perpendicular"},
{"id":"112","source":"1","target":"2","factor":"Horizontal-Support"},
{"id":"113","source":"3","target":"2","factor":"proximity"},
{"id":"114","source":"4","target":"1","factor":"proximity"},
{"id":"115","source":"1","target":"5","factor":"proximity"},
{"id":"116","source":"6","target":"1","factor":"proximity"},
{"id":"117","source":"3","target":"1","factor":"proximity"},
{"id":"118","source":"4","target":"6","factor":"proximity"},
{"id":"119","source":"2","target":"8","factor":"proximity"},
{"id":"120","source":"1","target":"9","factor":"proximity"},
{"id":"121","source":"4","target":"3","factor":"proximity"},
{"id":"122","source":"1","target":"1","factor":"proximity"},
{"id":"123","source":"10","target":"1","factor":"proximity"},
{"id":"124","source":"3","target":"10","factor":"proximity"},
{"id":"125","source":"10","target":"11","factor":"proximity"},
{"id":"126","source":"2","target":"1","factor":"proximity"},
{"id":"127","source":"12","target":"13","factor":"proximity"},
{"id":"128","source":"14","target":"15","factor":"proximity"},
{"id":"129","source":"4","target":"2","factor":"proximity"},
{"id":"130","source":"16","target":"1","factor":"proximity"},
{"id":"131","source":"4","target":"12","factor":"proximity"},
{"id":"132","source":"13","target":"1","factor":"proximity"},
{"id":"133","source":"6","target":"3","factor":"proximity"},
{"id":"134","source":"4","target":"5","factor":"proximity"},
{"id":"135","source":"6","target":"2","factor":"proximity"},
{"id":"136","source":"17","target":"1","factor":"proximity"},
{"id":"137","source":"4","target":"13","factor":"proximity"},
{"id":"138","source":"13","target":"6","factor":"proximity"},
{"id":"139","source":"3","target":"8","factor":"proximity"},
{"id":"140","source":"18","target":"13","factor":"proximity"},
{"id":"141","source":"12","target":"1","factor":"proximity"},
{"id":"142","source":"3","target":"16","factor":"proximity"},
{"id":"143","source":"13","target":"19","factor":"proximity"},
{"id":"144","source":"4","target":"14","factor":"proximity"},
{"id":"145","source":"6","target":"5","factor":"proximity"},
{"id":"146","source":"11","target":"5","factor":"proximity"},
{"id":"147","source":"3","target":"11","factor":"proximity"},
{"id":"148","source":"16","target":"2","factor":"proximity"},
{"id":"149","source":"3","target":"4","factor":"orientation_parallel"},
{"id":"150","source":"3","target":"2","factor":"orientation_parallel"},
{"id":"151","source":"3","target":"9","factor":"orientation_parallel"},
{"id":"152","source":"6","target":"1","factor":"orientation_parallel"},
{"id":"153","source":"4","target":"2","factor":"orientation_parallel"},
{"id":"154","source":"4","target":"9","factor":"orientation_parallel"},
{"id":"155","source":"4","target":"12","factor":"orientation_parallel"},
{"id":"156","source":"4","target":"20","factor":"orientation_parallel"},
{"id":"157","source":"2","target":"9","factor":"orientation_parallel"},
{"id":"158","source":"2","target":"12","factor":"orientation_parallel"},
{"id":"159","source":"2","target":"20","factor":"orientation_parallel"},
{"id":"160","source":"9","target":"9","factor":"orientation_parallel"},
{"id":"161","source":"3","target":"6","factor":"orientation_parallel"},
{"id":"162","source":"3","target":"10","factor":"orientation_parallel"},
{"id":"163","source":"3","target":"1","factor":"orientation_parallel"},
{"id":"164","source":"5","target":"1","factor":"orientation_parallel"},
{"id":"165","source":"4","target":"21","factor":"orientation_parallel"},
{"id":"166","source":"4","target":"11","factor":"orientation_parallel"},
{"id":"167","source":"2","target":"21","factor":"orientation_parallel"},
{"id":"168","source":"2","target":"11","factor":"orientation_parallel"},
{"id":"169","source":"9","target":"11","factor":"orientation_parallel"},
{"id":"170","source":"21","target":"11","factor":"orientation_parallel"},
{"id":"171","source":"10","target":"10","factor":"orientation_parallel"},
{"id":"172","source":"10","target":"1","factor":"orientation_parallel"},
{"id":"173","source":"11","target":"11","factor":"orientation_parallel"},
{"id":"174","source":"2","target":"13","factor":"orientation_parallel"},
{"id":"175","source":"2","target":"19","factor":"orientation_parallel"},
{"id":"176","source":"2","target":"1","factor":"orientation_parallel"},
{"id":"177","source":"4","target":"13","factor":"orientation_parallel"},
{"id":"178","source":"4","target":"19","factor":"orientation_parallel"},
{"id":"179","source":"4","target":"1","factor":"orientation_parallel"},
{"id":"180","source":"13","target":"19","factor":"orientation_parallel"},
{"id":"181","source":"13","target":"1","factor":"orientation_parallel"},
{"id":"182","source":"19","target":"1","factor":"orientation_parallel"},
{"id":"183","source":"15","target":"14","factor":"orientation_parallel"},
{"id":"184","source":"4","target":"10","factor":"orientation_parallel"},
{"id":"185","source":"2","target":"10","factor":"orientation_parallel"},
{"id":"186","source":"2","target":"8","factor":"orientation_parallel"},
{"id":"187","source":"2","target":"14","factor":"orientation_parallel"},
{"id":"188","source":"4","target":"8","factor":"orientation_parallel"},
{"id":"189","source":"4","target":"14","factor":"orientation_parallel"},
{"id":"190","source":"10","target":"11","factor":"orientation_parallel"},
{"id":"191","source":"8","target":"8","factor":"orientation_parallel"},
{"id":"192","source":"8","target":"11","factor":"orientation_parallel"},
{"id":"193","source":"11","target":"8","factor":"orientation_parallel"},
{"id":"194","source":"1","target":"1","factor":"orientation_parallel"},
{"id":"195","source":"3","target":"11","factor":"orientation_parallel"},
{"id":"196","source":"5","target":"13","factor":"orientation_parallel"},
{"id":"197","source":"4","target":"22","factor":"orientation_parallel"},
{"id":"198","source":"2","target":"22","factor":"orientation_parallel"},
{"id":"199","source":"16","target":"1","factor":"orientation_parallel"},
{"id":"200","source":"14","target":"1","factor":"orientation_parallel"},
{"id":"201","source":"9","target":"10","factor":"orientation_parallel"},
{"id":"202","source":"9","target":"1","factor":"orientation_parallel"},
{"id":"203","source":"5","target":"2","factor":"orientation_parallel"},
{"id":"204","source":"5","target":"4","factor":"orientation_parallel"},
{"id":"205","source":"5","target":"11","factor":"orientation_parallel"},
{"id":"206","source":"2","target":"17","factor":"orientation_parallel"},
{"id":"207","source":"4","target":"17","factor":"orientation_parallel"},
{"id":"208","source":"3","target":"14","factor":"orientation_parallel"},
{"id":"209","source":"4","target":"16","factor":"orientation_parallel"},
{"id":"210","source":"2","target":"16","factor":"orientation_parallel"},
{"id":"211","source":"5","target":"10","factor":"orientation_parallel"},
{"id":"212","source":"5","target":"9","factor":"orientation_parallel"},
{"id":"213","source":"3","target":"5","factor":"orientation_parallel"},
{"id":"214","source":"20","target":"1","factor":"orientation_parallel"},
{"id":"215","source":"8","target":"1","factor":"orientation_parallel"},
{"id":"216","source":"5","target":"8","factor":"orientation_parallel"},
{"id":"217","source":"3","target":"8","factor":"orientation_parallel"},
{"id":"218","source":"5","target":"5","factor":"orientation_parallel"},
{"id":"219","source":"15","target":"1","factor":"orientation_parallel"},
{"id":"220","source":"21","target":"8","factor":"orientation_parallel"},
{"id":"221","source":"9","target":"8","factor":"orientation_parallel"},
{"id":"222","source":"13","target":"8","factor":"orientation_parallel"},
{"id":"223","source":"13","target":"11","factor":"orientation_parallel"},
{"id":"224","source":"6","target":"9","factor":"orientation_parallel"},
{"id":"225","source":"23","target":"1","factor":"orientation_parallel"},
{"id":"226","source":"6","target":"4","factor":"orientation_parallel"},
{"id":"227","source":"6","target":"2","factor":"orientation_parallel"},
{"id":"228","source":"22","target":"1","factor":"orientation_parallel"},
{"id":"229","source":"5","target":"14","factor":"orientation_parallel"},
{"id":"230","source":"6","target":"8","factor":"orientation_parallel"},
{"id":"231","source":"6","target":"11","factor":"orientation_parallel"},
{"id":"232","source":"6","target":"5","factor":"orientation_parallel"},
{"id":"233","source":"3","target":"1","factor":"orientation_perpendicular"},
{"id":"234","source":"6","target":"1","factor":"orientation_perpendicular"},
{"id":"235","source":"1","target":"1","factor":"orientation_perpendicular"},
{"id":"236","source":"4","target":"1","factor":"orientation_perpendicular"},
{"id":"237","source":"2","target":"1","factor":"orientation_perpendicular"},
{"id":"238","source":"1","target":"9","factor":"orientation_perpendicular"},
{"id":"239","source":"1","target":"12","factor":"orientation_perpendicular"},
{"id":"240","source":"1","target":"20","factor":"orientation_perpendicular"},
{"id":"241","source":"9","target":"1","factor":"orientation_perpendicular"},
{"id":"242","source":"5","target":"12","factor":"orientation_perpendicular"},
{"id":"243","source":"5","target":"20","factor":"orientation_perpendicular"},
{"id":"244","source":"5","target":"1","factor":"orientation_perpendicular"},
{"id":"245","source":"5","target":"6","factor":"orientation_perpendicular"},
{"id":"246","source":"5","target":"10","factor":"orientation_perpendicular"},
{"id":"247","source":"4","target":"6","factor":"orientation_perpendicular"},
{"id":"248","source":"4","target":"10","factor":"orientation_perpendicular"},
{"id":"249","source":"2","target":"6","factor":"orientation_perpendicular"},
{"id":"250","source":"2","target":"10","factor":"orientation_perpendicular"},
{"id":"251","source":"9","target":"10","factor":"orientation_perpendicular"},
{"id":"252","source":"21","target":"10","factor":"orientation_perpendicular"},
{"id":"253","source":"21","target":"1","factor":"orientation_perpendicular"},
{"id":"254","source":"10","target":"1","factor":"orientation_perpendicular"},
{"id":"255","source":"15","target":"10","factor":"orientation_perpendicular"},
{"id":"256","source":"15","target":"1","factor":"orientation_perpendicular"},
{"id":"257","source":"3","target":"6","factor":"orientation_perpendicular"},
{"id":"258","source":"3","target":"8","factor":"orientation_perpendicular"},
{"id":"259","source":"5","target":"2","factor":"orientation_perpendicular"},
{"id":"260","source":"5","target":"4","factor":"orientation_perpendicular"},
{"id":"261","source":"5","target":"13","factor":"orientation_perpendicular"},
{"id":"262","source":"5","target":"19","factor":"orientation_perpendicular"},
{"id":"263","source":"2","target":"8","factor":"orientation_perpendicular"},
{"id":"264","source":"4","target":"8","factor":"orientation_perpendicular"},
{"id":"265","source":"13","target":"1","factor":"orientation_perpendicular"},
{"id":"266","source":"13","target":"8","factor":"orientation_perpendicular"},
{"id":"267","source":"1","target":"19","factor":"orientation_perpendicular"},
{"id":"268","source":"15","target":"23","factor":"orientation_perpendicular"},
{"id":"269","source":"4","target":"23","factor":"orientation_perpendicular"},
{"id":"270","source":"2","target":"23","factor":"orientation_perpendicular"},
{"id":"271","source":"10","target":"23","factor":"orientation_perpendicular"},
{"id":"272","source":"14","target":"23","factor":"orientation_perpendicular"},
{"id":"273","source":"5","target":"8","factor":"orientation_perpendicular"},
{"id":"274","source":"5","target":"14","factor":"orientation_perpendicular"},
{"id":"275","source":"5","target":"11","factor":"orientation_perpendicular"},
{"id":"276","source":"2","target":"19","factor":"orientation_perpendicular"},
{"id":"277","source":"4","target":"19","factor":"orientation_perpendicular"},
{"id":"278","source":"12","target":"12","factor":"orientation_perpendicular"},
{"id":"279","source":"6","target":"19","factor":"orientation_perpendicular"},
{"id":"280","source":"10","target":"19","factor":"orientation_perpendicular"},
{"id":"281","source":"8","target":"1","factor":"orientation_perpendicular"},
{"id":"282","source":"20","target":"19","factor":"orientation_perpendicular"},
{"id":"283","source":"14","target":"19","factor":"orientation_perpendicular"},
{"id":"284","source":"14","target":"1","factor":"orientation_perpendicular"},
{"id":"285","source":"11","target":"1","factor":"orientation_perpendicular"},
{"id":"286","source":"3","target":"5","factor":"orientation_perpendicular"},
{"id":"287","source":"3","target":"13","factor":"orientation_perpendicular"},
{"id":"288","source":"3","target":"19","factor":"orientation_perpendicular"},
{"id":"289","source":"4","target":"13","factor":"orientation_perpendicular"},
{"id":"290","source":"2","target":"13","factor":"orientation_perpendicular"},
{"id":"291","source":"16","target":"22","factor":"orientation_perpendicular"},
{"id":"292","source":"16","target":"10","factor":"orientation_perpendicular"},
{"id":"293","source":"16","target":"11","factor":"orientation_perpendicular"},
{"id":"294","source":"16","target":"1","factor":"orientation_perpendicular"},
{"id":"295","source":"22","target":"1","factor":"orientation_perpendicular"},
{"id":"296","source":"12","target":"10","factor":"orientation_perpendicular"},
{"id":"297","source":"12","target":"11","factor":"orientation_perpendicular"},
{"id":"298","source":"12","target":"1","factor":"orientation_perpendicular"},
{"id":"299","source":"11","target":"19","factor":"orientation_perpendicular"},
{"id":"300","source":"4","target":"9","factor":"orientation_perpendicular"},
{"id":"301","source":"4","target":"17","factor":"orientation_perpendicular"},
{"id":"302","source":"2","target":"9","factor":"orientation_perpendicular"},
{"id":"303","source":"2","target":"17","factor":"orientation_perpendicular"},
{"id":"304","source":"16","target":"9","factor":"orientation_perpendicular"},
{"id":"305","source":"16","target":"20","factor":"orientation_perpendicular"},
{"id":"306","source":"9","target":"17","factor":"orientation_perpendicular"},
{"id":"307","source":"20","target":"17","factor":"orientation_perpendicular"},
{"id":"308","source":"20","target":"10","factor":"orientation_perpendicular"},
{"id":"309","source":"19","target":"1","factor":"orientation_perpendicular"},
{"id":"310","source":"3","target":"9","factor":"orientation_perpendicular"},
{"id":"311","source":"3","target":"2","factor":"orientation_perpendicular"},
{"id":"312","source":"3","target":"4","factor":"orientation_perpendicular"},
{"id":"313","source":"3","target":"21","factor":"orientation_perpendicular"},
{"id":"314","source":"3","target":"20","factor":"orientation_perpendicular"},
{"id":"315","source":"9","target":"14","factor":"orientation_perpendicular"},
{"id":"316","source":"9","target":"19","factor":"orientation_perpendicular"},
{"id":"317","source":"2","target":"16","factor":"orientation_perpendicular"},
{"id":"318","source":"2","target":"14","factor":"orientation_perpendicular"},
{"id":"319","source":"4","target":"16","factor":"orientation_perpendicular"},
{"id":"320","source":"4","target":"14","factor":"orientation_perpendicular"},
{"id":"321","source":"21","target":"14","factor":"orientation_perpendicular"},
{"id":"322","source":"20","target":"14","factor":"orientation_perpendicular"},
{"id":"323","source":"3","target":"11","factor":"orientation_perpendicular"},
{"id":"324","source":"2","target":"12","factor":"orientation_perpendicular"},
{"id":"325","source":"4","target":"12","factor":"orientation_perpendicular"},
{"id":"326","source":"13","target":"9","factor":"orientation_perpendicular"},
{"id":"327","source":"13","target":"11","factor":"orientation_perpendicular"},
{"id":"328","source":"9","target":"12","factor":"orientation_perpendicular"},
{"id":"329","source":"10","target":"11","factor":"orientation_perpendicular"},
{"id":"330","source":"11","target":"10","factor":"orientation_perpendicular"},
{"id":"331","source":"1","target":"17","factor":"orientation_perpendicular"},
{"id":"332","source":"20","target":"8","factor":"orientation_perpendicular"},
{"id":"333","source":"3","target":"10","factor":"orientation_perpendicular"},
{"id":"334","source":"17","target":"14","factor":"orientation_perpendicular"},
{"id":"335","source":"17","target":"1","factor":"orientation_perpendicular"},
{"id":"336","source":"6","target":"9","factor":"orientation_perpendicular"},
{"id":"337","source":"6","target":"12","factor":"orientation_perpendicular"},
{"id":"338","source":"6","target":"16","factor":"orientation_perpendicular"},
{"id":"339","source":"6","target":"17","factor":"orientation_perpendicular"},
{"id":"340","source":"6","target":"11","factor":"orientation_perpendicular"},
{"id":"341","source":"6","target":"14","factor":"orientation_perpendicular"},
{"id":"342","source":"10","target":"9","factor":"orientation_perpendicular"},
{"id":"343","source":"12","target":"14","factor":"orientation_perpendicular"},
{"id":"344","source":"3","target":"16","factor":"orientation_perpendicular"},
{"id":"345","source":"6","target":"13","factor":"orientation_perpendicular"},
{"id":"346","source":"13","target":"20","factor":"orientation_perpendicular"},
{"id":"347","source":"4","target":"20","factor":"orientation_perpendicular"},
{"id":"348","source":"2","target":"20","factor":"orientation_perpendicular"},
{"id":"349","source":"9","target":"20","factor":"orientation_perpendicular"},
{"id":"350","source":"3","target":"18","factor":"orientation_perpendicular"},
{"id":"351","source":"3","target":"17","factor":"orientation_perpendicular"},
{"id":"352","source":"5","target":"9","factor":"orientation_perpendicular"},
{"id":"353","source":"5","target":"18","factor":"orientation_perpendicular"},
{"id":"354","source":"5","target":"17","factor":"orientation_perpendicular"},
{"id":"355","source":"5","target":"21","factor":"orientation_perpendicular"},
{"id":"356","source":"6","target":"18","factor":"orientation_perpendicular"},
{"id":"357","source":"13","target":"16","factor":"orientation_perpendicular"},
{"id":"358","source":"9","target":"8","factor":"orientation_perpendicular"},
{"id":"359","source":"20","target":"11","factor":"orientation_perpendicular"},
{"id":"360","source":"20","target":"1","factor":"orientation_perpendicular"},
{"id":"361","source":"18","target":"8","factor":"orientation_perpendicular"},
{"id":"362","source":"18","target":"1","factor":"orientation_perpendicular"},
{"id":"363","source":"17","target":"8","factor":"orientation_perpendicular"},
{"id":"364","source":"6","target":"10","factor":"orientation_perpendicular"},
{"id":"365","source":"10","target":"8","factor":"orientation_perpendicular"},
{"id":"366","source":"6","target":"5","factor":"orientation_perpendicular"},
{"id":"367","source":"5","target":"5","factor":"orientation_perpendicular"},
{"id":"368","source":"10","target":"5","factor":"orientation_perpendicular"},
{"id":"369","source":"8","target":"5","factor":"orientation_perpendicular"},
{"id":"370","source":"19","target":"5","factor":"orientation_perpendicular"},
{"id":"371","source":"11","target":"5","factor":"orientation_perpendicular"},
{"id":"372","source":"1","target":"5","factor":"orientation_perpendicular"},
{"id":"373","source":"6","target":"20","factor":"orientation_perpendicular"},
{"id":"374","source":"13","target":"10","factor":"orientation_perpendicular"},
{"id":"375","source":"6","target":"8","factor":"orientation_perpendicular"},
{"id":"376","source":"13","target":"14","factor":"orientation_perpendicular"},
{"id":"377","source":"5","target":"16","factor":"orientation_perpendicular"},
{"id":"378","source":"21","target":"9","factor":"orientation_perpendicular"},
{"id":"379","source":"4","target":"11","factor":"orientation_perpendicular"},
{"id":"380","source":"2","target":"11","factor":"orientation_perpendicular"},
{"id":"381","source":"18","target":"11","factor":"orientation_perpendicular"},
{"id":"382","source":"14","target":"8","factor":"orientation_perpendicular"},
{"id":"383","source":"14","target":"11","factor":"orientation_perpendicular"},
{"id":"384","source":"9","target":"5","factor":"orientation_perpendicular"},
{"id":"385","source":"3","target":"23","factor":"orientation_perpendicular"},
{"id":"386","source":"3","target":"12","factor":"orientation_perpendicular"},
{"id":"387","source":"6","target":"23","factor":"orientation_perpendicular"},
{"id":"388","source":"13","target":"12","factor":"orientation_perpendicular"},
{"id":"389","source":"9","target":"23","factor":"orientation_perpendicular"},
{"id":"390","source":"23","target":"10","factor":"orientation_perpendicular"},
{"id":"391","source":"6","target":"15","factor":"orientation_perpendicular"},
{"id":"392","source":"5","target":"15","factor":"orientation_perpendicular"},
{"id":"393","source":"9","target":"9","factor":"orientation_perpendicular"},
{"id":"394","source":"9","target":"11","factor":"orientation_perpendicular"},
{"id":"395","source":"1","target":"11","factor":"orientation_perpendicular"},
{"id":"396","source":"13","target":"5","factor":"orientation_perpendicular"},
{"id":"397","source":"2","target":"15","factor":"orientation_perpendicular"},
{"id":"398","source":"4","target":"15","factor":"orientation_perpendicular"},
{"id":"399","source":"8","target":"9","factor":"orientation_perpendicular"},
{"id":"400","source":"15","target":"11","factor":"orientation_perpendicular"},
{"id":"401","source":"10","target":"14","factor":"orientation_perpendicular"},
{"id":"402","source":"9","target":"13","factor":"orientation_perpendicular"},
{"id":"403","source":"6","target":"6","factor":"orientation_perpendicular"},
{"id":"404","source":"16","target":"8","factor":"orientation_perpendicular"},
{"id":"405","source":"11","target":"8","factor":"orientation_perpendicular"},
{"id":"406","source":"3","target":"22","factor":"orientation_perpendicular"},
{"id":"407","source":"1","target":"10","factor":"orientation_perpendicular"},
{"id":"408","source":"4","target":"5","factor":"orientation_perpendicular"},
{"id":"409","source":"2","target":"5","factor":"orientation_perpendicular"},
{"id":"410","source":"9","target":"22","factor":"orientation_perpendicular"},
{"id":"411","source":"23","target":"1","factor":"orientation_perpendicular"},
{"id":"412","source":"11","target":"9","factor":"orientation_perpendicular"},
{"id":"413","source":"21","target":"12","factor":"orientation_perpendicular"},
{"id":"414","source":"21","target":"5","factor":"orientation_perpendicular"},
{"id":"415","source":"13","target":"13","factor":"orientation_perpendicular"},
{"id":"416","source":"5","target":"22","factor":"orientation_perpendicular"},
{"id":"417","source":"22","target":"5","factor":"orientation_perpendicular"},
{"id":"418","source":"6","target":"22","factor":"orientation_perpendicular"},
{"id":"419","source":"4","target":"22","factor":"orientation_perpendicular"},
{"id":"420","source":"2","target":"22","factor":"orientation_perpendicular"},
{"id":"421","source":"5","target":"23","factor":"orientation_perpendicular"},
{"id":"422","source":"1","target":"8","factor":"orientation_perpendicular"},
{"id":"423","source":"23","target":"8","factor":"orientation_perpendicular"},
{"id":"424","source":"23","target":"11","factor":"orientation_perpendicular"},
{"id":"425","source":"8","target":"10","factor":"orientation_perpendicular"},
{"id":"426","source":"20","target":"20","factor":"orientation_perpendicular"},
{"id":"427","source":"9","target":"18","factor":"orientation_perpendicular"},
{"id":"428","source":"18","target":"10","factor":"orientation_perpendicular"},
{"id":"429","source":"14","target":"9","factor":"orientation_perpendicular"},
{"id":"430","source":"15","target":"8","factor":"orientation_perpendicular"},
{"id":"431","source":"21","target":"8","factor":"orientation_perpendicular"},
{"id":"432","source":"18","target":"14","factor":"orientation_perpendicular"},
{"id":"433","source":"16","target":"14","factor":"orientation_perpendicular"},
{"id":"434","source":"16","target":"19","factor":"orientation_perpendicular"},
{"id":"435","source":"9","target":"15","factor":"orientation_perpendicular"},
{"id":"436","source":"4","target":"18","factor":"orientation_perpendicular"},
{"id":"437","source":"2","target":"18","factor":"orientation_perpendicular"},
{"id":"438","source":"9","target":"21","factor":"orientation_perpendicular"},
{"id":"439","source":"14","target":"5","factor":"orientation_perpendicular"},
{"id":"440","source":"20","target":"5","factor":"orientation_perpendicular"},
{"id":"441","source":"15","target":"18","factor":"orientation_perpendicular"},
{"id":"442","source":"22","target":"8","factor":"orientation_perpendicular"},
{"id":"443","source":"9","target":"9","factor":"symmetry"},
{"id":"444","source":"20","target":"20","factor":"symmetry"},
{"id":"445","source":"10","target":"10","factor":"symmetry"},
{"id":"446","source":"1","target":"1","factor":"symmetry"},
{"id":"447","source":"11","target":"11","factor":"symmetry"},
{"id":"448","source":"17","target":"17","factor":"symmetry"},
{"id":"449","source":"16","target":"16","factor":"symmetry"},
{"id":"450","source":"21","target":"21","factor":"symmetry"},
{"id":"451","source":"5","target":"5","factor":"symmetry"},
{"id":"452","source":"12","target":"12","factor":"symmetry"},
{"id":"453","source":"22","target":"22","factor":"symmetry"},
{"id":"454","source":"8","target":"8","factor":"symmetry"},
{"id":"455","source":"6","target":"6","factor":"symmetry"},
{"id":"456","source":"1","target":"1","factor":"side_to_side"},
{"id":"457","source":"3","target":"5","factor":"side_to_side"}
],
"probability":[
{"id":"0","value":0.111215},
{"id":"1","value":0.0551402},
{"id":"2","value":0.0654206},
{"id":"3","value":0.064486},
{"id":"4","value":0.0457944},
{"id":"5","value":0.021028},
{"id":"6","value":0.166822},
{"id":"7","value":0.0191589},
{"id":"8","value":0.0668224},
{"id":"9","value":0.0574766},
{"id":"10","value":0.0570093},
{"id":"11","value":0.014486},
{"id":"12","value":0.035514},
{"id":"13","value":0.0252336},
{"id":"14","value":0.032243},
{"id":"15","value":0.0191589},
{"id":"16","value":0.0369159},
{"id":"17","value":0.0462617},
{"id":"18","value":0.0285047},
{"id":"19","value":0.0219626},
{"id":"20","value":0.0158879},
{"id":"21","value":0.0102804},
{"id":"22","value":0.0168224},
{"id":"23","value":0.0135514},
{"id":"24","value":0.0140187},
{"id":"25","value":0.0401869},
{"id":"26","value":0.111215},
{"id":"27","value":0.0551402},
{"id":"28","value":0.0654206},
{"id":"29","value":0.064486},
{"id":"30","value":0.0457944},
{"id":"31","value":0.021028},
{"id":"32","value":0.166822},
{"id":"33","value":0.0191589},
{"id":"34","value":0.0668224},
{"id":"35","value":0.0574766},
{"id":"36","value":0.0570093},
{"id":"37","value":0.014486},
{"id":"38","value":0.035514},
{"id":"39","value":0.0252336},
{"id":"40","value":0.032243},
{"id":"41","value":0.0191589},
{"id":"42","value":0.0369159},
{"id":"43","value":0.0462617},
{"id":"44","value":0.0285047},
{"id":"45","value":0.0219626},
{"id":"46","value":0.0158879},
{"id":"47","value":0.0102804},
{"id":"48","value":0.0168224},
{"id":"49","value":0.0135514},
{"id":"50","value":0.257944},
{"id":"51","value":0.314953},
{"id":"52","value":0.314019},
{"id":"53","value":0.143925},
{"id":"54","value":0.148131},
{"id":"55","value":0.0841122},
{"id":"56","value":0.113551},
{"id":"57","value":0.0939252},
{"id":"58","value":0.0570093},
{"id":"59","value":0.0897196},
{"id":"60","value":0.0588785},
{"id":"61","value":0.0714953},
{"id":"62","value":0.116355},
{"id":"63","value":0.0121495},
{"id":"64","value":0.315888},
{"id":"65","value":0.011215},
{"id":"66","value":0.0317757},
{"id":"67","value":0.0392523},
{"id":"68","value":0.0219626},
{"id":"69","value":0.0107477},
{"id":"70","value":0.0154206},
{"id":"71","value":0.0369159},
{"id":"72","value":0.0785047},
{"id":"73","value":0.0238318},
{"id":"74","value":0.0154206},
{"id":"75","value":0.0163551},
{"id":"76","value":0.0728972},
{"id":"77","value":0.0785047},
{"id":"78","value":0.035514},
{"id":"79","value":0.038785},
{"id":"80","value":0.0850467},
{"id":"81","value":0.0761682},
{"id":"82","value":0.257944},
{"id":"83","value":0.314953},
{"id":"84","value":0.314019},
{"id":"85","value":0.143925},
{"id":"86","value":0.148131},
{"id":"87","value":0.0841122},
{"id":"88","value":0.113551},
{"id":"89","value":0.0939252},
{"id":"90","value":0.0570093},
{"id":"91","value":0.0897196},
{"id":"92","value":0.0588785},
{"id":"93","value":0.0714953},
{"id":"94","value":0.116355},
{"id":"95","value":0.0121495},
{"id":"96","value":0.315888},
{"id":"97","value":0.011215},
{"id":"98","value":0.0317757},
{"id":"99","value":0.0392523},
{"id":"100","value":0.0219626},
{"id":"101","value":0.0107477},
{"id":"102","value":0.0154206},
{"id":"103","value":0.0369159},
{"id":"104","value":0.0116822},
{"id":"105","value":0.0238318},
{"id":"106","value":0.0154206},
{"id":"107","value":0.0163551},
{"id":"108","value":0.0728972},
{"id":"109","value":0.0785047},
{"id":"110","value":0.035514},
{"id":"111","value":0.038785},
{"id":"112","value":0.646729},
{"id":"113","value":0.369159},
{"id":"114","value":0.362617},
{"id":"115","value":0.304206},
{"id":"116","value":0.301402},
{"id":"117","value":0.283645},
{"id":"118","value":0.27757},
{"id":"119","value":0.207944},
{"id":"120","value":0.196262},
{"id":"121","value":0.195327},
{"id":"122","value":0.192523},
{"id":"123","value":0.138785},
{"id":"124","value":0.130374},
{"id":"125","value":0.125701},
{"id":"126","value":0.116822},
{"id":"127","value":0.115421},
{"id":"128","value":0.104206},
{"id":"129","value":0.100467},
{"id":"130","value":0.1},
{"id":"131","value":0.0934579},
{"id":"132","value":0.0929907},
{"id":"133","value":0.0892523},
{"id":"134","value":0.0827103},
{"id":"135","value":0.078972},
{"id":"136","value":0.0691589},
{"id":"137","value":0.0672897},
{"id":"138","value":0.0672897},
{"id":"139","value":0.0649533},
{"id":"140","value":0.0630841},
{"id":"141","value":0.0626168},
{"id":"142","value":0.0621495},
{"id":"143","value":0.0602804},
{"id":"144","value":0.0584112},
{"id":"145","value":0.0579439},
{"id":"146","value":0.0570093},
{"id":"147","value":0.0518692},
{"id":"148","value":0.05},
{"id":"149","value":0.233178},
{"id":"150","value":0.234112},
{"id":"151","value":0.138318},
{"id":"152","value":0.234112},
{"id":"153","value":0.995327},
{"id":"154","value":0.270561},
{"id":"155","value":0.0551402},
{"id":"156","value":0.0766355},
{"id":"157","value":0.271028},
{"id":"158","value":0.0556075},
{"id":"159","value":0.0771028},
{"id":"160","value":0.0883178},
{"id":"161","value":0.103271},
{"id":"162","value":0.203271},
{"id":"163","value":0.371028},
{"id":"164","value":0.473832},
{"id":"165","value":0.147664},
{"id":"166","value":0.264953},
{"id":"167","value":0.149065},
{"id":"168","value":0.266822},
{"id":"169","value":0.0920561},
{"id":"170","value":0.100935},
{"id":"171","value":0.197196},
{"id":"172","value":0.261215},
{"id":"173","value":0.177103},
{"id":"174","value":0.0827103},
{"id":"175","value":0.0602804},
{"id":"176","value":0.28785},
{"id":"177","value":0.0827103},
{"id":"178","value":0.0593458},
{"id":"179","value":0.286916},
{"id":"180","value":0.0537383},
{"id":"181","value":0.204673},
{"id":"182","value":0.0556075},
{"id":"183","value":0.0892523},
{"id":"184","value":0.149533},
{"id":"185","value":0.150467},
{"id":"186","value":0.225234},
{"id":"187","value":0.106075},
{"id":"188","value":0.222897},
{"id":"189","value":0.106075},
{"id":"190","value":0.0686916},
{"id":"191","value":0.0953271},
{"id":"192","value":0.117757},
{"id":"193","value":0.0733645},
{"id":"194","value":0.635514},
{"id":"195","value":0.0841122},
{"id":"196","value":0.113551},
{"id":"197","value":0.0757009},
{"id":"198","value":0.0771028},
{"id":"199","value":0.129439},
{"id":"200","value":0.250935},
{"id":"201","value":0.0747664},
{"id":"202","value":0.390654},
{"id":"203","value":0.231776},
{"id":"204","value":0.232243},
{"id":"205","value":0.0939252},
{"id":"206","value":0.134112},
{"id":"207","value":0.134112},
{"id":"208","value":0.0504673},
{"id":"209","value":0.0733645},
{"id":"210","value":0.0733645},
{"id":"211","value":0.0663551},
{"id":"212","value":0.0845794},
{"id":"213","value":0.120093},
{"id":"214","value":0.0915888},
{"id":"215","value":0.102804},
{"id":"216","value":0.109813},
{"id":"217","value":0.0775701},
{"id":"218","value":0.153271},
{"id":"219","value":0.106542},
{"id":"220","value":0.0892523},
{"id":"221","value":0.0766355},
{"id":"222","value":0.0738318},
{"id":"223","value":0.0630841},
{"id":"224","value":0.11729},
{"id":"225","value":0.0686916},
{"id":"226","value":0.125234},
{"id":"227","value":0.126168},
{"id":"228","value":0.05},
{"id":"229","value":0.0523364},
{"id":"230","value":0.0714953},
{"id":"231","value":0.0747664},
{"id":"232","value":0.0869159},
{"id":"233","value":0.504206},
{"id":"234","value":0.485047},
{"id":"235","value":0.957477},
{"id":"236","value":0.940654},
{"id":"237","value":0.942056},
{"id":"238","value":0.633178},
{"id":"239","value":0.0934579},
{"id":"240","value":0.180374},
{"id":"241","value":0.257944},
{"id":"242","value":0.0364486},
{"id":"243","value":0.0626168},
{"id":"244","value":0.56028},
{"id":"245","value":0.171028},
{"id":"246","value":0.0995327},
{"id":"247","value":0.157009},
{"id":"248","value":0.101869},
{"id":"249","value":0.157009},
{"id":"250","value":0.101869},
{"id":"251","value":0.116355},
{"id":"252","value":0.0102804},
{"id":"253","value":0.157477},
{"id":"254","value":0.347196},
{"id":"255","value":0.0163551},
{"id":"256","value":0.133178},
{"id":"257","value":0.082243},
{"id":"258","value":0.0598131},
{"id":"259","value":0.229439},
{"id":"260","value":0.229439},
{"id":"261","value":0.142523},
{"id":"262","value":0.0420561},
{"id":"263","value":0.104206},
{"id":"264","value":0.104673},
{"id":"265","value":0.287383},
{"id":"266","value":0.0799065},
{"id":"267","value":0.123832},
{"id":"268","value":0.0102804},
{"id":"269","value":0.0327103},
{"id":"270","value":0.0327103},
{"id":"271","value":0.0154206},
{"id":"272","value":0.0224299},
{"id":"273","value":0.130841},
{"id":"274","value":0.100467},
{"id":"275","value":0.120093},
{"id":"276","value":0.0453271},
{"id":"277","value":0.0453271},
{"id":"278","value":0.011215},
{"id":"279","value":0.0186916},
{"id":"280","value":0.0280374},
{"id":"281","value":0.306542},
{"id":"282","value":0.014486},
{"id":"283","value":0.0135514},
{"id":"284","value":0.333178},
{"id":"285","value":0.285514},
{"id":"286","value":0.143925},
{"id":"287","value":0.0485981},
{"id":"288","value":0.0149533},
{"id":"289","value":0.088785},
{"id":"290","value":0.088785},
{"id":"291","value":0.0154206},
{"id":"292","value":0.0228972},
{"id":"293","value":0.0116822},
{"id":"294","value":0.175701},
{"id":"295","value":0.0850467},
{"id":"296","value":0.0196262},
{"id":"297","value":0.0116822},
{"id":"298","value":0.0359813},
{"id":"299","value":0.0266355},
{"id":"300","value":0.191589},
{"id":"301","value":0.0102804},
{"id":"302","value":0.191589},
{"id":"303","value":0.0102804},
{"id":"304","value":0.0523364},
{"id":"305","value":0.0163551},
{"id":"306","value":0.0247664},
{"id":"307","value":0.0126168},
{"id":"308","value":0.0462617},
{"id":"309","value":0.0275701},
{"id":"310","value":0.172897},
{"id":"311","value":0.131776},
{"id":"312","value":0.131776},
{"id":"313","value":0.0219626},
{"id":"314","value":0.0317757},
{"id":"315","value":0.103271},
{"id":"316","value":0.0420561},
{"id":"317","value":0.0504673},
{"id":"318","value":0.0766355},
{"id":"319","value":0.05},
{"id":"320","value":0.0775701},
{"id":"321","value":0.011215},
{"id":"322","value":0.0299065},
{"id":"323","value":0.046729},
{"id":"324","value":0.0696262},
{"id":"325","value":0.0691589},
{"id":"326","value":0.11215},
{"id":"327","value":0.0742991},
{"id":"328","value":0.0514019},
{"id":"329","value":0.0518692},
{"id":"330","value":0.0205607},
{"id":"331","value":0.135981},
{"id":"332","value":0.0238318},
{"id":"333","value":0.0392523},
{"id":"334","value":0.0135514},
{"id":"335","value":0.0313084},
{"id":"336","value":0.12757},
{"id":"337","value":0.0696262},
{"id":"338","value":0.046729},
{"id":"339","value":0.038785},
{"id":"340","value":0.0593458},
{"id":"341","value":0.0588785},
{"id":"342","value":0.0126168},
{"id":"343","value":0.0163551},
{"id":"344","value":0.0257009},
{"id":"345","value":0.0602804},
{"id":"346","value":0.0285047},
{"id":"347","value":0.0514019},
{"id":"348","value":0.0518692},
{"id":"349","value":0.0560748},
{"id":"350","value":0.0182243},
{"id":"351","value":0.0228972},
{"id":"352","value":0.251869},
{"id":"353","value":0.0168224},
{"id":"354","value":0.0369159},
{"id":"355","value":0.0700935},
{"id":"356","value":0.0126168},
{"id":"357","value":0.0303738},
{"id":"358","value":0.130374},
{"id":"359","value":0.0205607},
{"id":"360","value":0.0672897},
{"id":"361","value":0.0130841},
{"id":"362","value":0.0742991},
{"id":"363","value":0.0191589},
{"id":"364","value":0.0602804},
{"id":"365","value":0.0429907},
{"id":"366","value":0.035514},
{"id":"367","value":0.0920561},
{"id":"368","value":0.0191589},
{"id":"369","value":0.0140187},
{"id":"370","value":0.0130841},
{"id":"371","value":0.021028},
{"id":"372","value":0.0616822},
{"id":"373","value":0.0457944},
{"id":"374","value":0.0439252},
{"id":"375","value":0.0457944},
{"id":"376","value":0.0397196},
{"id":"377","value":0.0392523},
{"id":"378","value":0.0453271},
{"id":"379","value":0.0219626},
{"id":"380","value":0.0219626},
{"id":"381","value":0.0107477},
{"id":"382","value":0.0228972},
{"id":"383","value":0.0158879},
{"id":"384","value":0.0827103},
{"id":"385","value":0.0294393},
{"id":"386","value":0.0448598},
{"id":"387","value":0.0172897},
{"id":"388","value":0.0640187},
{"id":"389","value":0.0317757},
{"id":"390","value":0.0140187},
{"id":"391","value":0.0294393},
{"id":"392","value":0.0275701},
{"id":"393","value":0.0934579},
{"id":"394","value":0.0901869},
{"id":"395","value":0.0233645},
{"id":"396","value":0.0668224},
{"id":"397","value":0.028972},
{"id":"398","value":0.0285047},
{"id":"399","value":0.014486},
{"id":"400","value":0.0116822},
{"id":"401","value":0.0247664},
{"id":"402","value":0.0191589},
{"id":"403","value":0.0154206},
{"id":"404","value":0.0238318},
{"id":"405","value":0.0107477},
{"id":"406","value":0.0163551},
{"id":"407","value":0.0280374},
{"id":"408","value":0.0392523},
{"id":"409","value":0.0392523},
{"id":"410","value":0.0331776},
{"id":"411","value":0.119626},
{"id":"412","value":0.0130841},
{"id":"413","value":0.053271},
{"id":"414","value":0.0238318},
{"id":"415","value":0.0514019},
{"id":"416","value":0.0397196},
{"id":"417","value":0.0121495},
{"id":"418","value":0.0200935},
{"id":"419","value":0.0303738},
{"id":"420","value":0.032243},
{"id":"421","value":0.028972},
{"id":"422","value":0.0182243},
{"id":"423","value":0.0233645},
{"id":"424","value":0.0130841},
{"id":"425","value":0.0219626},
{"id":"426","value":0.0130841},
{"id":"427","value":0.0191589},
{"id":"428","value":0.0107477},
{"id":"429","value":0.0135514},
{"id":"430","value":0.0158879},
{"id":"431","value":0.0168224},
{"id":"432","value":0.0154206},
{"id":"433","value":0.0158879},
{"id":"434","value":0.0107477},
{"id":"435","value":0.038785},
{"id":"436","value":0.0219626},
{"id":"437","value":0.0219626},
{"id":"438","value":0.0116822},
{"id":"439","value":0.0186916},
{"id":"440","value":0.0140187},
{"id":"441","value":0.0149533},
{"id":"442","value":0.0126168},
{"id":"443","value":0.0738318},
{"id":"444","value":0.0429907},
{"id":"445","value":0.206542},
{"id":"446","value":0.78972},
{"id":"447","value":0.179439},
{"id":"448","value":0.0271028},
{"id":"449","value":0.0214953},
{"id":"450","value":0.0205607},
{"id":"451","value":0.133645},
{"id":"452","value":0.0257009},
{"id":"453","value":0.0191589},
{"id":"454","value":0.0817757},
{"id":"455","value":0.0140187},
{"id":"456","value":0.107477},
{"id":"457","value":0.0504673}
]}