{
"vertices":[
{"id":"0","name":"window","Leaves":[{"name":"window","frequency":0.739849 }],"frequency":0.732243},
{"id":"1","name":"wall","Leaves":[{"name":"wall","frequency":0.239375 }],"frequency":0.99486},
{"id":"2","name":"floor","Leaves":[],"frequency":0.998131},
{"id":"3","name":"ceiling","Leaves":[],"frequency":0.996262},
{"id":"4","name":"wardrobe_cabinet","Leaves":[{"name":"wardrobe_cabinet","frequency":0.612035 }],"frequency":0.72243},
{"id":"5","name":"door","Leaves":[{"name":"door","frequency":0.891034 }],"frequency":0.603738},
{"id":"6","name":"desk","Leaves":[{"name":"desk","frequency":0.818461 }],"frequency":0.372897},
{"id":"7","name":"floor_lamp","Leaves":[{"name":"floor_lamp","frequency":0.836449 }],"frequency":0.16729},
{"id":"8","name":"books","Leaves":[{"name":"books","frequency":0.622951 }],"frequency":0.106542},
{"id":"9","name":"television","Leaves":[],"frequency":0.418224},
{"id":"10","name":"table_lamp","Leaves":[{"name":"table_lamp","frequency":0.530828 }],"frequency":0.329907},
{"id":"11","name":"shelving","Leaves":[{"name":"shelving","frequency":0.662379 }],"frequency":0.192523},
{"id":"12","name":"picture_frame","Leaves":[{"name":"picture_frame","frequency":0.603369 }],"frequency":0.184112},
{"id":"13","name":"fishbowl","Leaves":[],"frequency":0.021028},
{"id":"14","name":"window","Leaves":[{"name":"window","frequency":0.739849 }],"frequency":3.77714e-08},
{"id":"15","name":"wardrobe_cabinet","Leaves":[{"name":"wardrobe_cabinet","frequency":0.612035 }],"frequency":8.11352e-43},
{"id":"16","name":"wardrobe_cabinet","Leaves":[{"name":"wardrobe_cabinet","frequency":0.612035 }],"frequency":0},
{"id":"17","name":"wall","Leaves":[{"name":"wall","frequency":0.239375 }],"frequency":1.9146e+23},
{"id":"18","name":"wall","Leaves":[{"name":"wall","frequency":0.239375 }],"frequency":0},
{"id":"19","name":"wall","Leaves":[{"name":"wall","frequency":0.239375 }],"frequency":0},
{"id":"20","name":"books","Leaves":[{"name":"books","frequency":0.622951 }],"frequency":8.11352e-43}
],
"rules":[
{"id":"0","source":"1","target":"0","factor":"proximity"},
{"id":"1","source":"3","target":"0","factor":"orientation_parallel"},
{"id":"2","source":"2","target":"0","factor":"orientation_parallel"},
{"id":"3","source":"0","target":"10","factor":"orientation_parallel"},
{"id":"4","source":"0","target":"1","factor":"orientation_parallel"},
{"id":"5","source":"4","target":"0","factor":"orientation_parallel"},
{"id":"6","source":"5","target":"0","factor":"orientation_parallel"},
{"id":"7","source":"1","target":"0","factor":"orientation_perpendicular"},
{"id":"8","source":"0","target":"1","factor":"orientation_perpendicular"},
{"id":"9","source":"3","target":"0","factor":"orientation_perpendicular"},
{"id":"10","source":"2","target":"0","factor":"orientation_perpendicular"},
{"id":"11","source":"0","target":"7","factor":"orientation_perpendicular"},
{"id":"12","source":"0","target":"9","factor":"orientation_perpendicular"},
{"id":"13","source":"0","target":"12","factor":"orientation_perpendicular"},
{"id":"14","source":"6","target":"0","factor":"orientation_perpendicular"},
{"id":"15","source":"5","target":"0","factor":"orientation_perpendicular"},
{"id":"16","source":"0","target":"11","factor":"orientation_perpendicular"},
{"id":"17","source":"4","target":"0","factor":"orientation_perpendicular"},
{"id":"18","source":"0","target":"8","factor":"orientation_perpendicular"},
{"id":"19","source":"0","target":"4","factor":"orientation_perpendicular"},
{"id":"20","source":"0","target":"10","factor":"orientation_perpendicular"},
{"id":"21","source":"0","target":"6","factor":"orientation_perpendicular"},
{"id":"22","source":"10","target":"0","factor":"orientation_perpendicular"},
{"id":"23","source":"9","target":"0","factor":"orientation_perpendicular"},
{"id":"24","source":"0","target":"14","factor":"orientation_parallel"},
{"id":"25","source":"0","target":"14","factor":"orientation_perpendicular"},
{"id":"26","source":"0","target":"14","factor":"symmetry"},
{"id":"27","source":"1","target":"14","factor":"proximity"},
{"id":"28","source":"3","target":"14","factor":"orientation_parallel"},
{"id":"29","source":"2","target":"14","factor":"orientation_parallel"},
{"id":"30","source":"14","target":"10","factor":"orientation_parallel"},
{"id":"31","source":"14","target":"1","factor":"orientation_parallel"},
{"id":"32","source":"4","target":"14","factor":"orientation_parallel"},
{"id":"33","source":"5","target":"14","factor":"orientation_parallel"},
{"id":"34","source":"1","target":"14","factor":"orientation_perpendicular"},
{"id":"35","source":"14","target":"1","factor":"orientation_perpendicular"},
{"id":"36","source":"3","target":"14","factor":"orientation_perpendicular"},
{"id":"37","source":"2","target":"14","factor":"orientation_perpendicular"},
{"id":"38","source":"14","target":"7","factor":"orientation_perpendicular"},
{"id":"39","source":"14","target":"9","factor":"orientation_perpendicular"},
{"id":"40","source":"14","target":"12","factor":"orientation_perpendicular"},
{"id":"41","source":"6","target":"14","factor":"orientation_perpendicular"},
{"id":"42","source":"5","target":"14","factor":"orientation_perpendicular"},
{"id":"43","source":"14","target":"11","factor":"orientation_perpendicular"},
{"id":"44","source":"4","target":"14","factor":"orientation_perpendicular"},
{"id":"45","source":"14","target":"8","factor":"orientation_perpendicular"},
{"id":"46","source":"14","target":"4","factor":"orientation_perpendicular"},
{"id":"47","source":"14","target":"10","factor":"orientation_perpendicular"},
{"id":"48","source":"14","target":"6","factor":"orientation_perpendicular"},
{"id":"49","source":"10","target":"14","factor":"orientation_perpendicular"},
{"id":"50","source":"9","target":"14","factor":"orientation_perpendicular"},
{"id":"51","source":"1","target":"4","factor":"proximity"},
{"id":"52","source":"3","target":"4","factor":"proximity"},
{"id":"53","source":"5","target":"4","factor":"proximity"},
{"id":"54","source":"10","target":"4","factor":"proximity"},
{"id":"55","source":"4","target":"1","factor":"orientation_parallel"},
{"id":"56","source":"4","target":"6","factor":"orientation_parallel"},
{"id":"57","source":"4","target":"2","factor":"orientation_parallel"},
{"id":"58","source":"4","target":"3","factor":"orientation_parallel"},
{"id":"59","source":"4","target":"10","factor":"orientation_parallel"},
{"id":"60","source":"4","target":"9","factor":"orientation_parallel"},
{"id":"61","source":"5","target":"4","factor":"orientation_parallel"},
{"id":"62","source":"4","target":"11","factor":"orientation_perpendicular"},
{"id":"63","source":"4","target":"1","factor":"orientation_perpendicular"},
{"id":"64","source":"4","target":"5","factor":"orientation_perpendicular"},
{"id":"65","source":"4","target":"2","factor":"orientation_perpendicular"},
{"id":"66","source":"4","target":"3","factor":"orientation_perpendicular"},
{"id":"67","source":"4","target":"6","factor":"orientation_perpendicular"},
{"id":"68","source":"4","target":"9","factor":"orientation_perpendicular"},
{"id":"69","source":"4","target":"12","factor":"orientation_perpendicular"},
{"id":"70","source":"4","target":"10","factor":"orientation_perpendicular"},
{"id":"71","source":"4","target":"8","factor":"orientation_perpendicular"},
{"id":"72","source":"4","target":"7","factor":"orientation_perpendicular"},
{"id":"73","source":"5","target":"4","factor":"orientation_perpendicular"},
{"id":"74","source":"10","target":"4","factor":"orientation_perpendicular"},
{"id":"75","source":"1","target":"4","factor":"orientation_perpendicular"},
{"id":"76","source":"6","target":"4","factor":"orientation_perpendicular"},
{"id":"77","source":"3","target":"4","factor":"orientation_perpendicular"},
{"id":"78","source":"2","target":"4","factor":"orientation_perpendicular"},
{"id":"79","source":"9","target":"4","factor":"orientation_perpendicular"},
{"id":"80","source":"11","target":"4","factor":"orientation_perpendicular"},
{"id":"81","source":"4","target":"15","factor":"orientation_parallel"},
{"id":"82","source":"4","target":"15","factor":"orientation_perpendicular"},
{"id":"83","source":"4","target":"15","factor":"symmetry"},
{"id":"84","source":"1","target":"15","factor":"proximity"},
{"id":"85","source":"3","target":"15","factor":"proximity"},
{"id":"86","source":"5","target":"15","factor":"proximity"},
{"id":"87","source":"10","target":"15","factor":"proximity"},
{"id":"88","source":"15","target":"1","factor":"orientation_parallel"},
{"id":"89","source":"15","target":"6","factor":"orientation_parallel"},
{"id":"90","source":"15","target":"2","factor":"orientation_parallel"},
{"id":"91","source":"15","target":"3","factor":"orientation_parallel"},
{"id":"92","source":"15","target":"10","factor":"orientation_parallel"},
{"id":"93","source":"15","target":"9","factor":"orientation_parallel"},
{"id":"94","source":"5","target":"15","factor":"orientation_parallel"},
{"id":"95","source":"15","target":"11","factor":"orientation_perpendicular"},
{"id":"96","source":"15","target":"1","factor":"orientation_perpendicular"},
{"id":"97","source":"15","target":"5","factor":"orientation_perpendicular"},
{"id":"98","source":"15","target":"2","factor":"orientation_perpendicular"},
{"id":"99","source":"15","target":"3","factor":"orientation_perpendicular"},
{"id":"100","source":"15","target":"6","factor":"orientation_perpendicular"},
{"id":"101","source":"15","target":"9","factor":"orientation_perpendicular"},
{"id":"102","source":"15","target":"12","factor":"orientation_perpendicular"},
{"id":"103","source":"15","target":"10","factor":"orientation_perpendicular"},
{"id":"104","source":"15","target":"8","factor":"orientation_perpendicular"},
{"id":"105","source":"15","target":"7","factor":"orientation_perpendicular"},
{"id":"106","source":"5","target":"15","factor":"orientation_perpendicular"},
{"id":"107","source":"10","target":"15","factor":"orientation_perpendicular"},
{"id":"108","source":"1","target":"15","factor":"orientation_perpendicular"},
{"id":"109","source":"6","target":"15","factor":"orientation_perpendicular"},
{"id":"110","source":"3","target":"15","factor":"orientation_perpendicular"},
{"id":"111","source":"2","target":"15","factor":"orientation_perpendicular"},
{"id":"112","source":"9","target":"15","factor":"orientation_perpendicular"},
{"id":"113","source":"11","target":"15","factor":"orientation_perpendicular"},
{"id":"114","source":"4","target":"16","factor":"orientation_parallel"},
{"id":"115","source":"15","target":"16","factor":"orientation_parallel"},
{"id":"116","source":"4","target":"16","factor":"orientation_perpendicular"},
{"id":"117","source":"15","target":"16","factor":"orientation_perpendicular"},
{"id":"118","source":"4","target":"16","factor":"symmetry"},
{"id":"119","source":"15","target":"16","factor":"symmetry"},
{"id":"120","source":"1","target":"16","factor":"proximity"},
{"id":"121","source":"3","target":"16","factor":"proximity"},
{"id":"122","source":"5","target":"16","factor":"proximity"},
{"id":"123","source":"10","target":"16","factor":"proximity"},
{"id":"124","source":"16","target":"1","factor":"orientation_parallel"},
{"id":"125","source":"16","target":"6","factor":"orientation_parallel"},
{"id":"126","source":"16","target":"2","factor":"orientation_parallel"},
{"id":"127","source":"16","target":"3","factor":"orientation_parallel"},
{"id":"128","source":"16","target":"10","factor":"orientation_parallel"},
{"id":"129","source":"16","target":"9","factor":"orientation_parallel"},
{"id":"130","source":"5","target":"16","factor":"orientation_parallel"},
{"id":"131","source":"16","target":"11","factor":"orientation_perpendicular"},
{"id":"132","source":"16","target":"1","factor":"orientation_perpendicular"},
{"id":"133","source":"16","target":"5","factor":"orientation_perpendicular"},
{"id":"134","source":"16","target":"2","factor":"orientation_perpendicular"},
{"id":"135","source":"16","target":"3","factor":"orientation_perpendicular"},
{"id":"136","source":"16","target":"6","factor":"orientation_perpendicular"},
{"id":"137","source":"16","target":"9","factor":"orientation_perpendicular"},
{"id":"138","source":"16","target":"12","factor":"orientation_perpendicular"},
{"id":"139","source":"16","target":"10","factor":"orientation_perpendicular"},
{"id":"140","source":"16","target":"8","factor":"orientation_perpendicular"},
{"id":"141","source":"16","target":"7","factor":"orientation_perpendicular"},
{"id":"142","source":"5","target":"16","factor":"orientation_perpendicular"},
{"id":"143","source":"10","target":"16","factor":"orientation_perpendicular"},
{"id":"144","source":"1","target":"16","factor":"orientation_perpendicular"},
{"id":"145","source":"6","target":"16","factor":"orientation_perpendicular"},
{"id":"146","source":"3","target":"16","factor":"orientation_perpendicular"},
{"id":"147","source":"2","target":"16","factor":"orientation_perpendicular"},
{"id":"148","source":"9","target":"16","factor":"orientation_perpendicular"},
{"id":"149","source":"11","target":"16","factor":"orientation_perpendicular"},
{"id":"150","source":"1","target":"2","factor":"Horizontal-Support"},
{"id":"151","source":"3","target":"1","factor":"proximity"},
{"id":"152","source":"5","target":"1","factor":"proximity"},
{"id":"153","source":"2","target":"1","factor":"proximity"},
{"id":"154","source":"6","target":"1","factor":"proximity"},
{"id":"155","source":"7","target":"1","factor":"proximity"},
{"id":"156","source":"8","target":"1","factor":"proximity"},
{"id":"157","source":"5","target":"1","factor":"orientation_parallel"},
{"id":"158","source":"2","target":"1","factor":"orientation_parallel"},
{"id":"159","source":"3","target":"1","factor":"orientation_parallel"},
{"id":"160","source":"6","target":"1","factor":"orientation_parallel"},
{"id":"161","source":"12","target":"1","factor":"orientation_parallel"},
{"id":"162","source":"9","target":"1","factor":"orientation_parallel"},
{"id":"163","source":"11","target":"1","factor":"orientation_parallel"},
{"id":"164","source":"5","target":"1","factor":"orientation_perpendicular"},
{"id":"165","source":"3","target":"1","factor":"orientation_perpendicular"},
{"id":"166","source":"2","target":"1","factor":"orientation_perpendicular"},
{"id":"167","source":"1","target":"11","factor":"orientation_perpendicular"},
{"id":"168","source":"6","target":"1","factor":"orientation_perpendicular"},
{"id":"169","source":"9","target":"1","factor":"orientation_perpendicular"},
{"id":"170","source":"12","target":"1","factor":"orientation_perpendicular"},
{"id":"171","source":"10","target":"1","factor":"orientation_perpendicular"},
{"id":"172","source":"8","target":"1","factor":"orientation_perpendicular"},
{"id":"173","source":"1","target":"7","factor":"orientation_perpendicular"},
{"id":"174","source":"7","target":"1","factor":"orientation_perpendicular"},
{"id":"175","source":"11","target":"1","factor":"orientation_perpendicular"},
{"id":"176","source":"1","target":"10","factor":"orientation_perpendicular"},
{"id":"177","source":"1","target":"12","factor":"orientation_perpendicular"},
{"id":"178","source":"13","target":"1","factor":"orientation_perpendicular"},
{"id":"179","source":"1","target":"17","factor":"proximity"},
{"id":"180","source":"1","target":"17","factor":"orientation_parallel"},
{"id":"181","source":"1","target":"17","factor":"orientation_perpendicular"},
{"id":"182","source":"1","target":"17","factor":"symmetry"},
{"id":"183","source":"1","target":"17","factor":"side_to_side"},
{"id":"184","source":"17","target":"2","factor":"Horizontal-Support"},
{"id":"185","source":"3","target":"17","factor":"proximity"},
{"id":"186","source":"5","target":"17","factor":"proximity"},
{"id":"187","source":"2","target":"17","factor":"proximity"},
{"id":"188","source":"6","target":"17","factor":"proximity"},
{"id":"189","source":"7","target":"17","factor":"proximity"},
{"id":"190","source":"8","target":"17","factor":"proximity"},
{"id":"191","source":"5","target":"17","factor":"orientation_parallel"},
{"id":"192","source":"2","target":"17","factor":"orientation_parallel"},
{"id":"193","source":"3","target":"17","factor":"orientation_parallel"},
{"id":"194","source":"6","target":"17","factor":"orientation_parallel"},
{"id":"195","source":"12","target":"17","factor":"orientation_parallel"},
{"id":"196","source":"9","target":"17","factor":"orientation_parallel"},
{"id":"197","source":"11","target":"17","factor":"orientation_parallel"},
{"id":"198","source":"5","target":"17","factor":"orientation_perpendicular"},
{"id":"199","source":"3","target":"17","factor":"orientation_perpendicular"},
{"id":"200","source":"2","target":"17","factor":"orientation_perpendicular"},
{"id":"201","source":"17","target":"11","factor":"orientation_perpendicular"},
{"id":"202","source":"6","target":"17","factor":"orientation_perpendicular"},
{"id":"203","source":"9","target":"17","factor":"orientation_perpendicular"},
{"id":"204","source":"12","target":"17","factor":"orientation_perpendicular"},
{"id":"205","source":"10","target":"17","factor":"orientation_perpendicular"},
{"id":"206","source":"8","target":"17","factor":"orientation_perpendicular"},
{"id":"207","source":"17","target":"7","factor":"orientation_perpendicular"},
{"id":"208","source":"7","target":"17","factor":"orientation_perpendicular"},
{"id":"209","source":"11","target":"17","factor":"orientation_perpendicular"},
{"id":"210","source":"17","target":"10","factor":"orientation_perpendicular"},
{"id":"211","source":"17","target":"12","factor":"orientation_perpendicular"},
{"id":"212","source":"13","target":"17","factor":"orientation_perpendicular"},
{"id":"213","source":"1","target":"18","factor":"proximity"},
{"id":"214","source":"17","target":"18","factor":"proximity"},
{"id":"215","source":"1","target":"18","factor":"orientation_parallel"},
{"id":"216","source":"17","target":"18","factor":"orientation_parallel"},
{"id":"217","source":"1","target":"18","factor":"orientation_perpendicular"},
{"id":"218","source":"17","target":"18","factor":"orientation_perpendicular"},
{"id":"219","source":"1","target":"18","factor":"symmetry"},
{"id":"220","source":"17","target":"18","factor":"symmetry"},
{"id":"221","source":"1","target":"18","factor":"side_to_side"},
{"id":"222","source":"17","target":"18","factor":"side_to_side"},
{"id":"223","source":"18","target":"2","factor":"Horizontal-Support"},
{"id":"224","source":"3","target":"18","factor":"proximity"},
{"id":"225","source":"5","target":"18","factor":"proximity"},
{"id":"226","source":"2","target":"18","factor":"proximity"},
{"id":"227","source":"6","target":"18","factor":"proximity"},
{"id":"228","source":"7","target":"18","factor":"proximity"},
{"id":"229","source":"8","target":"18","factor":"proximity"},
{"id":"230","source":"5","target":"18","factor":"orientation_parallel"},
{"id":"231","source":"2","target":"18","factor":"orientation_parallel"},
{"id":"232","source":"3","target":"18","factor":"orientation_parallel"},
{"id":"233","source":"6","target":"18","factor":"orientation_parallel"},
{"id":"234","source":"12","target":"18","factor":"orientation_parallel"},
{"id":"235","source":"9","target":"18","factor":"orientation_parallel"},
{"id":"236","source":"11","target":"18","factor":"orientation_parallel"},
{"id":"237","source":"5","target":"18","factor":"orientation_perpendicular"},
{"id":"238","source":"3","target":"18","factor":"orientation_perpendicular"},
{"id":"239","source":"2","target":"18","factor":"orientation_perpendicular"},
{"id":"240","source":"18","target":"11","factor":"orientation_perpendicular"},
{"id":"241","source":"6","target":"18","factor":"orientation_perpendicular"},
{"id":"242","source":"9","target":"18","factor":"orientation_perpendicular"},
{"id":"243","source":"12","target":"18","factor":"orientation_perpendicular"},
{"id":"244","source":"10","target":"18","factor":"orientation_perpendicular"},
{"id":"245","source":"8","target":"18","factor":"orientation_perpendicular"},
{"id":"246","source":"18","target":"7","factor":"orientation_perpendicular"},
{"id":"247","source":"7","target":"18","factor":"orientation_perpendicular"},
{"id":"248","source":"11","target":"18","factor":"orientation_perpendicular"},
{"id":"249","source":"18","target":"10","factor":"orientation_perpendicular"},
{"id":"250","source":"18","target":"12","factor":"orientation_perpendicular"},
{"id":"251","source":"13","target":"18","factor":"orientation_perpendicular"},
{"id":"252","source":"1","target":"19","factor":"proximity"},
{"id":"253","source":"17","target":"19","factor":"proximity"},
{"id":"254","source":"18","target":"19","factor":"proximity"},
{"id":"255","source":"1","target":"19","factor":"orientation_parallel"},
{"id":"256","source":"17","target":"19","factor":"orientation_parallel"},
{"id":"257","source":"18","target":"19","factor":"orientation_parallel"},
{"id":"258","source":"1","target":"19","factor":"orientation_perpendicular"},
{"id":"259","source":"17","target":"19","factor":"orientation_perpendicular"},
{"id":"260","source":"18","target":"19","factor":"orientation_perpendicular"},
{"id":"261","source":"1","target":"19","factor":"symmetry"},
{"id":"262","source":"17","target":"19","factor":"symmetry"},
{"id":"263","source":"18","target":"19","factor":"symmetry"},
{"id":"264","source":"1","target":"19","factor":"side_to_side"},
{"id":"265","source":"17","target":"19","factor":"side_to_side"},
{"id":"266","source":"18","target":"19","factor":"side_to_side"},
{"id":"267","source":"19","target":"2","factor":"Horizontal-Support"},
{"id":"268","source":"3","target":"19","factor":"proximity"},
{"id":"269","source":"5","target":"19","factor":"proximity"},
{"id":"270","source":"2","target":"19","factor":"proximity"},
{"id":"271","source":"6","target":"19","factor":"proximity"},
{"id":"272","source":"7","target":"19","factor":"proximity"},
{"id":"273","source":"8","target":"19","factor":"proximity"},
{"id":"274","source":"5","target":"19","factor":"orientation_parallel"},
{"id":"275","source":"2","target":"19","factor":"orientation_parallel"},
{"id":"276","source":"3","target":"19","factor":"orientation_parallel"},
{"id":"277","source":"6","target":"19","factor":"orientation_parallel"},
{"id":"278","source":"12","target":"19","factor":"orientation_parallel"},
{"id":"279","source":"9","target":"19","factor":"orientation_parallel"},
{"id":"280","source":"11","target":"19","factor":"orientation_parallel"},
{"id":"281","source":"5","target":"19","factor":"orientation_perpendicular"},
{"id":"282","source":"3","target":"19","factor":"orientation_perpendicular"},
{"id":"283","source":"2","target":"19","factor":"orientation_perpendicular"},
{"id":"284","source":"19","target":"11","factor":"orientation_perpendicular"},
{"id":"285","source":"6","target":"19","factor":"orientation_perpendicular"},
{"id":"286","source":"9","target":"19","factor":"orientation_perpendicular"},
{"id":"287","source":"12","target":"19","factor":"orientation_perpendicular"},
{"id":"288","source":"10","target":"19","factor":"orientation_perpendicular"},
{"id":"289","source":"8","target":"19","factor":"orientation_perpendicular"},
{"id":"290","source":"19","target":"7","factor":"orientation_perpendicular"},
{"id":"291","source":"7","target":"19","factor":"orientation_perpendicular"},
{"id":"292","source":"11","target":"19","factor":"orientation_perpendicular"},
{"id":"293","source":"19","target":"10","factor":"orientation_perpendicular"},
{"id":"294","source":"19","target":"12","factor":"orientation_perpendicular"},
{"id":"295","source":"13","target":"19","factor":"orientation_perpendicular"},
{"id":"296","source":"8","target":"3","factor":"proximity"},
{"id":"297","source":"2","target":"8","factor":"orientation_perpendicular"},
{"id":"298","source":"3","target":"8","factor":"orientation_perpendicular"},
{"id":"299","source":"5","target":"8","factor":"orientation_perpendicular"},
{"id":"300","source":"11","target":"8","factor":"orientation_perpendicular"},
{"id":"301","source":"9","target":"8","factor":"orientation_perpendicular"},
{"id":"302","source":"10","target":"8","factor":"orientation_perpendicular"},
{"id":"303","source":"6","target":"8","factor":"orientation_perpendicular"},
{"id":"304","source":"8","target":"20","factor":"symmetry"},
{"id":"305","source":"20","target":"3","factor":"proximity"},
{"id":"306","source":"2","target":"20","factor":"orientation_perpendicular"},
{"id":"307","source":"3","target":"20","factor":"orientation_perpendicular"},
{"id":"308","source":"5","target":"20","factor":"orientation_perpendicular"},
{"id":"309","source":"11","target":"20","factor":"orientation_perpendicular"},
{"id":"310","source":"9","target":"20","factor":"orientation_perpendicular"},
{"id":"311","source":"10","target":"20","factor":"orientation_perpendicular"},
{"id":"312","source":"6","target":"20","factor":"orientation_perpendicular"},
{"id":"313","source":"3","target":"5","factor":"proximity"},
{"id":"314","source":"3","target":"2","factor":"proximity"},
{"id":"315","source":"5","target":"2","factor":"proximity"},
{"id":"316","source":"3","target":"6","factor":"proximity"},
{"id":"317","source":"6","target":"5","factor":"proximity"},
{"id":"318","source":"3","target":"9","factor":"proximity"},
{"id":"319","source":"3","target":"2","factor":"orientation_parallel"},
{"id":"320","source":"3","target":"11","factor":"orientation_parallel"},
{"id":"321","source":"2","target":"11","factor":"orientation_parallel"},
{"id":"322","source":"3","target":"10","factor":"orientation_parallel"},
{"id":"323","source":"2","target":"10","factor":"orientation_parallel"},
{"id":"324","source":"10","target":"10","factor":"orientation_parallel"},
{"id":"325","source":"2","target":"6","factor":"orientation_parallel"},
{"id":"326","source":"3","target":"6","factor":"orientation_parallel"},
{"id":"327","source":"2","target":"9","factor":"orientation_parallel"},
{"id":"328","source":"3","target":"9","factor":"orientation_parallel"},
{"id":"329","source":"3","target":"12","factor":"orientation_parallel"},
{"id":"330","source":"2","target":"12","factor":"orientation_parallel"},
{"id":"331","source":"2","target":"7","factor":"orientation_parallel"},
{"id":"332","source":"3","target":"7","factor":"orientation_parallel"},
{"id":"333","source":"6","target":"10","factor":"orientation_parallel"},
{"id":"334","source":"5","target":"3","factor":"orientation_parallel"},
{"id":"335","source":"5","target":"2","factor":"orientation_parallel"},
{"id":"336","source":"5","target":"10","factor":"orientation_parallel"},
{"id":"337","source":"3","target":"5","factor":"orientation_perpendicular"},
{"id":"338","source":"2","target":"5","factor":"orientation_perpendicular"},
{"id":"339","source":"12","target":"12","factor":"orientation_perpendicular"},
{"id":"340","source":"12","target":"10","factor":"orientation_perpendicular"},
{"id":"341","source":"3","target":"6","factor":"orientation_perpendicular"},
{"id":"342","source":"2","target":"6","factor":"orientation_perpendicular"},
{"id":"343","source":"3","target":"7","factor":"orientation_perpendicular"},
{"id":"344","source":"2","target":"7","factor":"orientation_perpendicular"},
{"id":"345","source":"11","target":"7","factor":"orientation_perpendicular"},
{"id":"346","source":"2","target":"9","factor":"orientation_perpendicular"},
{"id":"347","source":"2","target":"12","factor":"orientation_perpendicular"},
{"id":"348","source":"3","target":"9","factor":"orientation_perpendicular"},
{"id":"349","source":"3","target":"12","factor":"orientation_perpendicular"},
{"id":"350","source":"11","target":"9","factor":"orientation_perpendicular"},
{"id":"351","source":"11","target":"12","factor":"orientation_perpendicular"},
{"id":"352","source":"6","target":"10","factor":"orientation_perpendicular"},
{"id":"353","source":"6","target":"12","factor":"orientation_perpendicular"},
{"id":"354","source":"7","target":"9","factor":"orientation_perpendicular"},
{"id":"355","source":"5","target":"7","factor":"orientation_perpendicular"},
{"id":"356","source":"5","target":"10","factor":"orientation_perpendicular"},
{"id":"357","source":"5","target":"9","factor":"orientation_perpendicular"},
{"id":"358","source":"5","target":"6","factor":"orientation_perpendicular"},
{"id":"359","source":"6","target":"11","factor":"orientation_perpendicular"},
{"id":"360","source":"3","target":"11","factor":"orientation_perpendicular"},
{"id":"361","source":"2","target":"11","factor":"orientation_perpendicular"},
{"id":"362","source":"11","target":"10","factor":"orientation_perpendicular"},
{"id":"363","source":"5","target":"11","factor":"orientation_perpendicular"},
{"id":"364","source":"6","target":"9","factor":"orientation_perpendicular"},
{"id":"365","source":"5","target":"12","factor":"orientation_perpendicular"},
{"id":"366","source":"3","target":"10","factor":"orientation_perpendicular"},
{"id":"367","source":"2","target":"10","factor":"orientation_perpendicular"},
{"id":"368","source":"9","target":"10","factor":"orientation_perpendicular"},
{"id":"369","source":"5","target":"5","factor":"orientation_perpendicular"},
{"id":"370","source":"6","target":"6","factor":"orientation_perpendicular"},
{"id":"371","source":"12","target":"11","factor":"orientation_perpendicular"},
{"id":"372","source":"11","target":"11","factor":"orientation_perpendicular"},
{"id":"373","source":"9","target":"12","factor":"orientation_perpendicular"},
{"id":"374","source":"11","target":"11","factor":"symmetry"},
{"id":"375","source":"10","target":"10","factor":"symmetry"},
{"id":"376","source":"12","target":"12","factor":"symmetry"},
{"id":"377","source":"7","target":"7","factor":"symmetry"},
{"id":"378","source":"5","target":"5","factor":"symmetry"}
],
"probability":[
{"id":"0","value":0.196262},
{"id":"1","value":0.270561},
{"id":"2","value":0.271028},
{"id":"3","value":0.0920561},
{"id":"4","value":0.390654},
{"id":"5","value":0.0845794},
{"id":"6","value":0.11729},
{"id":"7","value":0.633178},
{"id":"8","value":0.257944},
{"id":"9","value":0.191589},
{"id":"10","value":0.191589},
{"id":"11","value":0.0247664},
{"id":"12","value":0.103271},
{"id":"13","value":0.0668224},
{"id":"14","value":0.11215},
{"id":"15","value":0.12757},
{"id":"16","value":0.0560748},
{"id":"17","value":0.251869},
{"id":"18","value":0.0266355},
{"id":"19","value":0.0827103},
{"id":"20","value":0.0901869},
{"id":"21","value":0.0191589},
{"id":"22","value":0.0130841},
{"id":"23","value":0.0135514},
{"id":"24","value":0.0883178},
{"id":"25","value":0.0934579},
{"id":"26","value":0.0738318},
{"id":"27","value":0.196262},
{"id":"28","value":0.270561},
{"id":"29","value":0.271028},
{"id":"30","value":0.0920561},
{"id":"31","value":0.390654},
{"id":"32","value":0.0845794},
{"id":"33","value":0.11729},
{"id":"34","value":0.633178},
{"id":"35","value":0.257944},
{"id":"36","value":0.191589},
{"id":"37","value":0.191589},
{"id":"38","value":0.0247664},
{"id":"39","value":0.103271},
{"id":"40","value":0.0668224},
{"id":"41","value":0.11215},
{"id":"42","value":0.12757},
{"id":"43","value":0.0560748},
{"id":"44","value":0.251869},
{"id":"45","value":0.0266355},
{"id":"46","value":0.0827103},
{"id":"47","value":0.0901869},
{"id":"48","value":0.0191589},
{"id":"49","value":0.0130841},
{"id":"50","value":0.0135514},
{"id":"51","value":0.304206},
{"id":"52","value":0.0827103},
{"id":"53","value":0.0579439},
{"id":"54","value":0.0570093},
{"id":"55","value":0.473832},
{"id":"56","value":0.113551},
{"id":"57","value":0.231776},
{"id":"58","value":0.232243},
{"id":"59","value":0.0939252},
{"id":"60","value":0.0523364},
{"id":"61","value":0.0869159},
{"id":"62","value":0.0626168},
{"id":"63","value":0.56028},
{"id":"64","value":0.171028},
{"id":"65","value":0.229439},
{"id":"66","value":0.229439},
{"id":"67","value":0.142523},
{"id":"68","value":0.100467},
{"id":"69","value":0.0457944},
{"id":"70","value":0.120093},
{"id":"71","value":0.0238318},
{"id":"72","value":0.0369159},
{"id":"73","value":0.035514},
{"id":"74","value":0.021028},
{"id":"75","value":0.0616822},
{"id":"76","value":0.0668224},
{"id":"77","value":0.0392523},
{"id":"78","value":0.0392523},
{"id":"79","value":0.0186916},
{"id":"80","value":0.0140187},
{"id":"81","value":0.153271},
{"id":"82","value":0.0920561},
{"id":"83","value":0.133645},
{"id":"84","value":0.304206},
{"id":"85","value":0.0827103},
{"id":"86","value":0.0579439},
{"id":"87","value":0.0570093},
{"id":"88","value":0.473832},
{"id":"89","value":0.113551},
{"id":"90","value":0.231776},
{"id":"91","value":0.232243},
{"id":"92","value":0.0939252},
{"id":"93","value":0.0523364},
{"id":"94","value":0.0869159},
{"id":"95","value":0.0626168},
{"id":"96","value":0.56028},
{"id":"97","value":0.171028},
{"id":"98","value":0.229439},
{"id":"99","value":0.229439},
{"id":"100","value":0.142523},
{"id":"101","value":0.100467},
{"id":"102","value":0.0457944},
{"id":"103","value":0.120093},
{"id":"104","value":0.0238318},
{"id":"105","value":0.0369159},
{"id":"106","value":0.035514},
{"id":"107","value":0.021028},
{"id":"108","value":0.0616822},
{"id":"109","value":0.0668224},
{"id":"110","value":0.0392523},
{"id":"111","value":0.0392523},
{"id":"112","value":0.0186916},
{"id":"113","value":0.0140187},
{"id":"114","value":0.153271},
{"id":"115","value":0.153271},
{"id":"116","value":0.0920561},
{"id":"117","value":0.0920561},
{"id":"118","value":0.133645},
{"id":"119","value":0.133645},
{"id":"120","value":0.304206},
{"id":"121","value":0.0827103},
{"id":"122","value":0.0579439},
{"id":"123","value":0.0570093},
{"id":"124","value":0.473832},
{"id":"125","value":0.113551},
{"id":"126","value":0.231776},
{"id":"127","value":0.232243},
{"id":"128","value":0.0939252},
{"id":"129","value":0.0523364},
{"id":"130","value":0.0869159},
{"id":"131","value":0.0626168},
{"id":"132","value":0.56028},
{"id":"133","value":0.171028},
{"id":"134","value":0.229439},
{"id":"135","value":0.229439},
{"id":"136","value":0.142523},
{"id":"137","value":0.100467},
{"id":"138","value":0.0457944},
{"id":"139","value":0.120093},
{"id":"140","value":0.0238318},
{"id":"141","value":0.0369159},
{"id":"142","value":0.035514},
{"id":"143","value":0.021028},
{"id":"144","value":0.0616822},
{"id":"145","value":0.0668224},
{"id":"146","value":0.0392523},
{"id":"147","value":0.0392523},
{"id":"148","value":0.0186916},
{"id":"149","value":0.0140187},
{"id":"150","value":0.646729},
{"id":"151","value":0.362617},
{"id":"152","value":0.301402},
{"id":"153","value":0.116822},
{"id":"154","value":0.0929907},
{"id":"155","value":0.0691589},
{"id":"156","value":0.0514019},
{"id":"157","value":0.234112},
{"id":"158","value":0.28785},
{"id":"159","value":0.286916},
{"id":"160","value":0.204673},
{"id":"161","value":0.111215},
{"id":"162","value":0.250935},
{"id":"163","value":0.0915888},
{"id":"164","value":0.485047},
{"id":"165","value":0.940654},
{"id":"166","value":0.942056},
{"id":"167","value":0.180374},
{"id":"168","value":0.287383},
{"id":"169","value":0.333178},
{"id":"170","value":0.166822},
{"id":"171","value":0.285514},
{"id":"172","value":0.0915888},
{"id":"173","value":0.135981},
{"id":"174","value":0.0313084},
{"id":"175","value":0.0672897},
{"id":"176","value":0.0233645},
{"id":"177","value":0.0219626},
{"id":"178","value":0.0102804},
{"id":"179","value":0.192523},
{"id":"180","value":0.635514},
{"id":"181","value":0.957477},
{"id":"182","value":0.78972},
{"id":"183","value":0.107477},
{"id":"184","value":0.646729},
{"id":"185","value":0.362617},
{"id":"186","value":0.301402},
{"id":"187","value":0.116822},
{"id":"188","value":0.0929907},
{"id":"189","value":0.0691589},
{"id":"190","value":0.0514019},
{"id":"191","value":0.234112},
{"id":"192","value":0.28785},
{"id":"193","value":0.286916},
{"id":"194","value":0.204673},
{"id":"195","value":0.111215},
{"id":"196","value":0.250935},
{"id":"197","value":0.0915888},
{"id":"198","value":0.485047},
{"id":"199","value":0.940654},
{"id":"200","value":0.942056},
{"id":"201","value":0.180374},
{"id":"202","value":0.287383},
{"id":"203","value":0.333178},
{"id":"204","value":0.166822},
{"id":"205","value":0.285514},
{"id":"206","value":0.0915888},
{"id":"207","value":0.135981},
{"id":"208","value":0.0313084},
{"id":"209","value":0.0672897},
{"id":"210","value":0.0233645},
{"id":"211","value":0.0219626},
{"id":"212","value":0.0102804},
{"id":"213","value":0.192523},
{"id":"214","value":0.192523},
{"id":"215","value":0.635514},
{"id":"216","value":0.635514},
{"id":"217","value":0.957477},
{"id":"218","value":0.957477},
{"id":"219","value":0.78972},
{"id":"220","value":0.78972},
{"id":"221","value":0.107477},
{"id":"222","value":0.107477},
{"id":"223","value":0.646729},
{"id":"224","value":0.362617},
{"id":"225","value":0.301402},
{"id":"226","value":0.116822},
{"id":"227","value":0.0929907},
{"id":"228","value":0.0691589},
{"id":"229","value":0.0514019},
{"id":"230","value":0.234112},
{"id":"231","value":0.28785},
{"id":"232","value":0.286916},
{"id":"233","value":0.204673},
{"id":"234","value":0.111215},
{"id":"235","value":0.250935},
{"id":"236","value":0.0915888},
{"id":"237","value":0.485047},
{"id":"238","value":0.940654},
{"id":"239","value":0.942056},
{"id":"240","value":0.180374},
{"id":"241","value":0.287383},
{"id":"242","value":0.333178},
{"id":"243","value":0.166822},
{"id":"244","value":0.285514},
{"id":"245","value":0.0915888},
{"id":"246","value":0.135981},
{"id":"247","value":0.0313084},
{"id":"248","value":0.0672897},
{"id":"249","value":0.0233645},
{"id":"250","value":0.0219626},
{"id":"251","value":0.0102804},
{"id":"252","value":0.192523},
{"id":"253","value":0.192523},
{"id":"254","value":0.192523},
{"id":"255","value":0.635514},
{"id":"256","value":0.635514},
{"id":"257","value":0.635514},
{"id":"258","value":0.957477},
{"id":"259","value":0.957477},
{"id":"260","value":0.957477},
{"id":"261","value":0.78972},
{"id":"262","value":0.78972},
{"id":"263","value":0.78972},
{"id":"264","value":0.107477},
{"id":"265","value":0.107477},
{"id":"266","value":0.107477},
{"id":"267","value":0.646729},
{"id":"268","value":0.362617},
{"id":"269","value":0.301402},
{"id":"270","value":0.116822},
{"id":"271","value":0.0929907},
{"id":"272","value":0.0691589},
{"id":"273","value":0.0514019},
{"id":"274","value":0.234112},
{"id":"275","value":0.28785},
{"id":"276","value":0.286916},
{"id":"277","value":0.204673},
{"id":"278","value":0.111215},
{"id":"279","value":0.250935},
{"id":"280","value":0.0915888},
{"id":"281","value":0.485047},
{"id":"282","value":0.940654},
{"id":"283","value":0.942056},
{"id":"284","value":0.180374},
{"id":"285","value":0.287383},
{"id":"286","value":0.333178},
{"id":"287","value":0.166822},
{"id":"288","value":0.285514},
{"id":"289","value":0.0915888},
{"id":"290","value":0.135981},
{"id":"291","value":0.0313084},
{"id":"292","value":0.0672897},
{"id":"293","value":0.0233645},
{"id":"294","value":0.0219626},
{"id":"295","value":0.0102804},
{"id":"296","value":0.0635514},
{"id":"297","value":0.0242991},
{"id":"298","value":0.0238318},
{"id":"299","value":0.0242991},
{"id":"300","value":0.011215},
{"id":"301","value":0.0126168},
{"id":"302","value":0.0126168},
{"id":"303","value":0.0121495},
{"id":"304","value":0.0275701},
{"id":"305","value":0.0635514},
{"id":"306","value":0.0242991},
{"id":"307","value":0.0238318},
{"id":"308","value":0.0242991},
{"id":"309","value":0.011215},
{"id":"310","value":0.0126168},
{"id":"311","value":0.0126168},
{"id":"312","value":0.0121495},
{"id":"313","value":0.27757},
{"id":"314","value":0.100467},
{"id":"315","value":0.078972},
{"id":"316","value":0.0672897},
{"id":"317","value":0.0672897},
{"id":"318","value":0.0584112},
{"id":"319","value":0.995327},
{"id":"320","value":0.0766355},
{"id":"321","value":0.0771028},
{"id":"322","value":0.264953},
{"id":"323","value":0.266822},
{"id":"324","value":0.177103},
{"id":"325","value":0.0827103},
{"id":"326","value":0.0827103},
{"id":"327","value":0.106075},
{"id":"328","value":0.106075},
{"id":"329","value":0.0654206},
{"id":"330","value":0.064486},
{"id":"331","value":0.134112},
{"id":"332","value":0.134112},
{"id":"333","value":0.0630841},
{"id":"334","value":0.125234},
{"id":"335","value":0.126168},
{"id":"336","value":0.0747664},
{"id":"337","value":0.157009},
{"id":"338","value":0.157009},
{"id":"339","value":0.0140187},
{"id":"340","value":0.021028},
{"id":"341","value":0.088785},
{"id":"342","value":0.088785},
{"id":"343","value":0.0102804},
{"id":"344","value":0.0102804},
{"id":"345","value":0.0126168},
{"id":"346","value":0.0766355},
{"id":"347","value":0.0574766},
{"id":"348","value":0.0775701},
{"id":"349","value":0.0570093},
{"id":"350","value":0.0299065},
{"id":"351","value":0.0252336},
{"id":"352","value":0.0742991},
{"id":"353","value":0.0191589},
{"id":"354","value":0.0135514},
{"id":"355","value":0.038785},
{"id":"356","value":0.0593458},
{"id":"357","value":0.0588785},
{"id":"358","value":0.0602804},
{"id":"359","value":0.0285047},
{"id":"360","value":0.0514019},
{"id":"361","value":0.0518692},
{"id":"362","value":0.0205607},
{"id":"363","value":0.0457944},
{"id":"364","value":0.0397196},
{"id":"365","value":0.0462617},
{"id":"366","value":0.0219626},
{"id":"367","value":0.0219626},
{"id":"368","value":0.0158879},
{"id":"369","value":0.0154206},
{"id":"370","value":0.0514019},
{"id":"371","value":0.0102804},
{"id":"372","value":0.0130841},
{"id":"373","value":0.0168224},
{"id":"374","value":0.0429907},
{"id":"375","value":0.179439},
{"id":"376","value":0.0401869},
{"id":"377","value":0.0271028},
{"id":"378","value":0.0140187}
]}