{
"vertices":[
{"id":"0","name":"wardrobe_cabinet","Leaves":[{"name":"wardrobe_cabinet","frequency":0.612035 }],"frequency":0.72243},
{"id":"1","name":"wall","Leaves":[{"name":"wall","frequency":0.239375 }],"frequency":0.99486},
{"id":"2","name":"floor","Leaves":[],"frequency":0.998131},
{"id":"3","name":"wardrobe_cabinet","Leaves":[{"name":"wardrobe_cabinet","frequency":0.612035 }],"frequency":8.11352e-43},
{"id":"4","name":"wall","Leaves":[{"name":"wall","frequency":0.239375 }],"frequency":0}
],
"rules":[
{"id":"0","source":"1","target":"0","factor":"proximity"},
{"id":"1","source":"0","target":"1","factor":"orientation_parallel"},
{"id":"2","source":"0","target":"2","factor":"orientation_parallel"},
{"id":"3","source":"0","target":"1","factor":"orientation_perpendicular"},
{"id":"4","source":"0","target":"2","factor":"orientation_perpendicular"},
{"id":"5","source":"1","target":"0","factor":"orientation_perpendicular"},
{"id":"6","source":"2","target":"0","factor":"orientation_perpendicular"},
{"id":"7","source":"0","target":"3","factor":"orientation_parallel"},
{"id":"8","source":"0","target":"3","factor":"orientation_perpendicular"},
{"id":"9","source":"0","target":"3","factor":"symmetry"},
{"id":"10","source":"1","target":"3","factor":"proximity"},
{"id":"11","source":"3","target":"1","factor":"orientation_parallel"},
{"id":"12","source":"3","target":"2","factor":"orientation_parallel"},
{"id":"13","source":"3","target":"1","factor":"orientation_perpendicular"},
{"id":"14","source":"3","target":"2","factor":"orientation_perpendicular"},
{"id":"15","source":"1","target":"3","factor":"orientation_perpendicular"},
{"id":"16","source":"2","target":"3","factor":"orientation_perpendicular"},
{"id":"17","source":"1","target":"2","factor":"Horizontal-Support"},
{"id":"18","source":"2","target":"1","factor":"proximity"},
{"id":"19","source":"2","target":"1","factor":"orientation_parallel"},
{"id":"20","source":"2","target":"1","factor":"orientation_perpendicular"},
{"id":"21","source":"1","target":"4","factor":"proximity"},
{"id":"22","source":"1","target":"4","factor":"orientation_parallel"},
{"id":"23","source":"1","target":"4","factor":"orientation_perpendicular"},
{"id":"24","source":"1","target":"4","factor":"symmetry"},
{"id":"25","source":"1","target":"4","factor":"side_to_side"},
{"id":"26","source":"4","target":"2","factor":"Horizontal-Support"},
{"id":"27","source":"2","target":"4","factor":"proximity"},
{"id":"28","source":"2","target":"4","factor":"orientation_parallel"},
{"id":"29","source":"2","target":"4","factor":"orientation_perpendicular"}
],
"probability":[
{"id":"0","value":0.304206},
{"id":"1","value":0.473832},
{"id":"2","value":0.231776},
{"id":"3","value":0.56028},
{"id":"4","value":0.229439},
{"id":"5","value":0.0616822},
{"id":"6","value":0.0392523},
{"id":"7","value":0.153271},
{"id":"8","value":0.0920561},
{"id":"9","value":0.133645},
{"id":"10","value":0.304206},
{"id":"11","value":0.473832},
{"id":"12","value":0.231776},
{"id":"13","value":0.56028},
{"id":"14","value":0.229439},
{"id":"15","value":0.0616822},
{"id":"16","value":0.0392523},
{"id":"17","value":0.646729},
{"id":"18","value":0.116822},
{"id":"19","value":0.28785},
{"id":"20","value":0.942056},
{"id":"21","value":0.192523},
{"id":"22","value":0.635514},
{"id":"23","value":0.957477},
{"id":"24","value":0.78972},
{"id":"25","value":0.107477},
{"id":"26","value":0.646729},
{"id":"27","value":0.116822},
{"id":"28","value":0.28785},
{"id":"29","value":0.942056}
]}