{
"vertices":[
{"id":"0","name":"wall","Leaves":[{"name":"wall","frequency":0.239375 }],"frequency":0.99486},
{"id":"1","name":"floor","Leaves":[],"frequency":0.998131},
{"id":"2","name":"ceiling","Leaves":[],"frequency":0.996262},
{"id":"3","name":"armchair","Leaves":[{"name":"armchair","frequency":0.796562 }],"frequency":0.129907},
{"id":"4","name":"floor_lamp","Leaves":[{"name":"floor_lamp","frequency":0.836449 }],"frequency":0.16729},
{"id":"5","name":"books","Leaves":[{"name":"books","frequency":0.622951 }],"frequency":0.106542},
{"id":"6","name":"shelving","Leaves":[{"name":"shelving","frequency":0.662379 }],"frequency":0.192523},
{"id":"7","name":"wall","Leaves":[{"name":"wall","frequency":0.239375 }],"frequency":0},
{"id":"8","name":"wall","Leaves":[{"name":"wall","frequency":0.239375 }],"frequency":0}
],
"rules":[
{"id":"0","source":"0","target":"1","factor":"Horizontal-Support"},
{"id":"1","source":"2","target":"0","factor":"proximity"},
{"id":"2","source":"1","target":"0","factor":"proximity"},
{"id":"3","source":"3","target":"0","factor":"proximity"},
{"id":"4","source":"4","target":"0","factor":"proximity"},
{"id":"5","source":"5","target":"0","factor":"proximity"},
{"id":"6","source":"1","target":"0","factor":"orientation_parallel"},
{"id":"7","source":"2","target":"0","factor":"orientation_parallel"},
{"id":"8","source":"6","target":"0","factor":"orientation_parallel"},
{"id":"9","source":"2","target":"0","factor":"orientation_perpendicular"},
{"id":"10","source":"1","target":"0","factor":"orientation_perpendicular"},
{"id":"11","source":"0","target":"6","factor":"orientation_perpendicular"},
{"id":"12","source":"5","target":"0","factor":"orientation_perpendicular"},
{"id":"13","source":"0","target":"4","factor":"orientation_perpendicular"},
{"id":"14","source":"4","target":"0","factor":"orientation_perpendicular"},
{"id":"15","source":"6","target":"0","factor":"orientation_perpendicular"},
{"id":"16","source":"3","target":"0","factor":"orientation_perpendicular"},
{"id":"17","source":"0","target":"7","factor":"proximity"},
{"id":"18","source":"0","target":"7","factor":"orientation_parallel"},
{"id":"19","source":"0","target":"7","factor":"orientation_perpendicular"},
{"id":"20","source":"0","target":"7","factor":"symmetry"},
{"id":"21","source":"0","target":"7","factor":"side_to_side"},
{"id":"22","source":"7","target":"1","factor":"Horizontal-Support"},
{"id":"23","source":"2","target":"7","factor":"proximity"},
{"id":"24","source":"1","target":"7","factor":"proximity"},
{"id":"25","source":"3","target":"7","factor":"proximity"},
{"id":"26","source":"4","target":"7","factor":"proximity"},
{"id":"27","source":"5","target":"7","factor":"proximity"},
{"id":"28","source":"1","target":"7","factor":"orientation_parallel"},
{"id":"29","source":"2","target":"7","factor":"orientation_parallel"},
{"id":"30","source":"6","target":"7","factor":"orientation_parallel"},
{"id":"31","source":"2","target":"7","factor":"orientation_perpendicular"},
{"id":"32","source":"1","target":"7","factor":"orientation_perpendicular"},
{"id":"33","source":"7","target":"6","factor":"orientation_perpendicular"},
{"id":"34","source":"5","target":"7","factor":"orientation_perpendicular"},
{"id":"35","source":"7","target":"4","factor":"orientation_perpendicular"},
{"id":"36","source":"4","target":"7","factor":"orientation_perpendicular"},
{"id":"37","source":"6","target":"7","factor":"orientation_perpendicular"},
{"id":"38","source":"3","target":"7","factor":"orientation_perpendicular"},
{"id":"39","source":"0","target":"8","factor":"proximity"},
{"id":"40","source":"7","target":"8","factor":"proximity"},
{"id":"41","source":"0","target":"8","factor":"orientation_parallel"},
{"id":"42","source":"7","target":"8","factor":"orientation_parallel"},
{"id":"43","source":"0","target":"8","factor":"orientation_perpendicular"},
{"id":"44","source":"7","target":"8","factor":"orientation_perpendicular"},
{"id":"45","source":"0","target":"8","factor":"symmetry"},
{"id":"46","source":"7","target":"8","factor":"symmetry"},
{"id":"47","source":"0","target":"8","factor":"side_to_side"},
{"id":"48","source":"7","target":"8","factor":"side_to_side"},
{"id":"49","source":"8","target":"1","factor":"Horizontal-Support"},
{"id":"50","source":"2","target":"8","factor":"proximity"},
{"id":"51","source":"1","target":"8","factor":"proximity"},
{"id":"52","source":"3","target":"8","factor":"proximity"},
{"id":"53","source":"4","target":"8","factor":"proximity"},
{"id":"54","source":"5","target":"8","factor":"proximity"},
{"id":"55","source":"1","target":"8","factor":"orientation_parallel"},
{"id":"56","source":"2","target":"8","factor":"orientation_parallel"},
{"id":"57","source":"6","target":"8","factor":"orientation_parallel"},
{"id":"58","source":"2","target":"8","factor":"orientation_perpendicular"},
{"id":"59","source":"1","target":"8","factor":"orientation_perpendicular"},
{"id":"60","source":"8","target":"6","factor":"orientation_perpendicular"},
{"id":"61","source":"5","target":"8","factor":"orientation_perpendicular"},
{"id":"62","source":"8","target":"4","factor":"orientation_perpendicular"},
{"id":"63","source":"4","target":"8","factor":"orientation_perpendicular"},
{"id":"64","source":"6","target":"8","factor":"orientation_perpendicular"},
{"id":"65","source":"3","target":"8","factor":"orientation_perpendicular"},
{"id":"66","source":"2","target":"1","factor":"proximity"},
{"id":"67","source":"3","target":"2","factor":"proximity"},
{"id":"68","source":"3","target":"1","factor":"proximity"},
{"id":"69","source":"5","target":"2","factor":"proximity"},
{"id":"70","source":"2","target":"1","factor":"orientation_parallel"},
{"id":"71","source":"2","target":"6","factor":"orientation_parallel"},
{"id":"72","source":"1","target":"6","factor":"orientation_parallel"},
{"id":"73","source":"1","target":"4","factor":"orientation_parallel"},
{"id":"74","source":"2","target":"4","factor":"orientation_parallel"},
{"id":"75","source":"1","target":"5","factor":"orientation_perpendicular"},
{"id":"76","source":"2","target":"5","factor":"orientation_perpendicular"},
{"id":"77","source":"6","target":"5","factor":"orientation_perpendicular"},
{"id":"78","source":"2","target":"4","factor":"orientation_perpendicular"},
{"id":"79","source":"1","target":"4","factor":"orientation_perpendicular"},
{"id":"80","source":"6","target":"4","factor":"orientation_perpendicular"},
{"id":"81","source":"2","target":"6","factor":"orientation_perpendicular"},
{"id":"82","source":"1","target":"6","factor":"orientation_perpendicular"},
{"id":"83","source":"1","target":"3","factor":"orientation_perpendicular"},
{"id":"84","source":"2","target":"3","factor":"orientation_perpendicular"},
{"id":"85","source":"6","target":"6","factor":"orientation_perpendicular"},
{"id":"86","source":"6","target":"6","factor":"symmetry"},
{"id":"87","source":"5","target":"5","factor":"symmetry"},
{"id":"88","source":"4","target":"4","factor":"symmetry"},
{"id":"89","source":"3","target":"3","factor":"symmetry"}
],
"probability":[
{"id":"0","value":0.646729},
{"id":"1","value":0.362617},
{"id":"2","value":0.116822},
{"id":"3","value":0.0929907},
{"id":"4","value":0.0691589},
{"id":"5","value":0.0514019},
{"id":"6","value":0.28785},
{"id":"7","value":0.286916},
{"id":"8","value":0.0915888},
{"id":"9","value":0.940654},
{"id":"10","value":0.942056},
{"id":"11","value":0.180374},
{"id":"12","value":0.0915888},
{"id":"13","value":0.135981},
{"id":"14","value":0.0313084},
{"id":"15","value":0.0672897},
{"id":"16","value":0.0574766},
{"id":"17","value":0.192523},
{"id":"18","value":0.635514},
{"id":"19","value":0.957477},
{"id":"20","value":0.78972},
{"id":"21","value":0.107477},
{"id":"22","value":0.646729},
{"id":"23","value":0.362617},
{"id":"24","value":0.116822},
{"id":"25","value":0.0929907},
{"id":"26","value":0.0691589},
{"id":"27","value":0.0514019},
{"id":"28","value":0.28785},
{"id":"29","value":0.286916},
{"id":"30","value":0.0915888},
{"id":"31","value":0.940654},
{"id":"32","value":0.942056},
{"id":"33","value":0.180374},
{"id":"34","value":0.0915888},
{"id":"35","value":0.135981},
{"id":"36","value":0.0313084},
{"id":"37","value":0.0672897},
{"id":"38","value":0.0574766},
{"id":"39","value":0.192523},
{"id":"40","value":0.192523},
{"id":"41","value":0.635514},
{"id":"42","value":0.635514},
{"id":"43","value":0.957477},
{"id":"44","value":0.957477},
{"id":"45","value":0.78972},
{"id":"46","value":0.78972},
{"id":"47","value":0.107477},
{"id":"48","value":0.107477},
{"id":"49","value":0.646729},
{"id":"50","value":0.362617},
{"id":"51","value":0.116822},
{"id":"52","value":0.0929907},
{"id":"53","value":0.0691589},
{"id":"54","value":0.0514019},
{"id":"55","value":0.28785},
{"id":"56","value":0.286916},
{"id":"57","value":0.0915888},
{"id":"58","value":0.940654},
{"id":"59","value":0.942056},
{"id":"60","value":0.180374},
{"id":"61","value":0.0915888},
{"id":"62","value":0.135981},
{"id":"63","value":0.0313084},
{"id":"64","value":0.0672897},
{"id":"65","value":0.0574766},
{"id":"66","value":0.100467},
{"id":"67","value":0.0971963},
{"id":"68","value":0.0654206},
{"id":"69","value":0.0635514},
{"id":"70","value":0.995327},
{"id":"71","value":0.0766355},
{"id":"72","value":0.0771028},
{"id":"73","value":0.134112},
{"id":"74","value":0.134112},
{"id":"75","value":0.0242991},
{"id":"76","value":0.0238318},
{"id":"77","value":0.011215},
{"id":"78","value":0.0102804},
{"id":"79","value":0.0102804},
{"id":"80","value":0.0126168},
{"id":"81","value":0.0514019},
{"id":"82","value":0.0518692},
{"id":"83","value":0.017757},
{"id":"84","value":0.0172897},
{"id":"85","value":0.0130841},
{"id":"86","value":0.0429907},
{"id":"87","value":0.0275701},
{"id":"88","value":0.0271028},
{"id":"89","value":0.0275701}
]}