{
"vertices":[
{"id":"0","name":"wall","Leaves":[{"name":"wall","frequency":0.239375 }],"frequency":0.99486},
{"id":"1","name":"floor","Leaves":[],"frequency":0.998131},
{"id":"2","name":"double_bed","Leaves":[],"frequency":0.657477},
{"id":"3","name":"ceiling","Leaves":[],"frequency":0.996262},
{"id":"4","name":"wardrobe_cabinet","Leaves":[{"name":"wardrobe_cabinet","frequency":0.612035 }],"frequency":0.72243},
{"id":"5","name":"door","Leaves":[{"name":"door","frequency":0.891034 }],"frequency":0.603738},
{"id":"6","name":"curtain","Leaves":[{"name":"curtain","frequency":0.769011 }],"frequency":0.378037},
{"id":"7","name":"window","Leaves":[{"name":"window","frequency":0.739849 }],"frequency":0.732243},
{"id":"8","name":"chandelier","Leaves":[{"name":"chandelier","frequency":0.63421 }],"frequency":0.33785},
{"id":"9","name":"rug","Leaves":[{"name":"rug","frequency":0.746561 }],"frequency":0.35514},
{"id":"10","name":"desk","Leaves":[{"name":"desk","frequency":0.818461 }],"frequency":0.372897},
{"id":"11","name":"office_chair","Leaves":[],"frequency":0.206542},
{"id":"12","name":"stand","Leaves":[{"name":"stand","frequency":0.665681 }],"frequency":0.420561},
{"id":"13","name":"table_lamp","Leaves":[{"name":"table_lamp","frequency":0.530828 }],"frequency":0.329907},
{"id":"14","name":"chair","Leaves":[{"name":"chair","frequency":0.790497 }],"frequency":0.171028},
{"id":"15","name":"television","Leaves":[],"frequency":0.418224},
{"id":"16","name":"tv_stand","Leaves":[],"frequency":0.161682},
{"id":"17","name":"dresser","Leaves":[{"name":"dresser","frequency":0.871143 }],"frequency":0.224299},
{"id":"18","name":"armchair","Leaves":[{"name":"armchair","frequency":0.796562 }],"frequency":0.129907},
{"id":"19","name":"dressing_table","Leaves":[],"frequency":0.191589},
{"id":"20","name":"floor_lamp","Leaves":[{"name":"floor_lamp","frequency":0.836449 }],"frequency":0.16729},
{"id":"21","name":"books","Leaves":[{"name":"books","frequency":0.622951 }],"frequency":0.106542},
{"id":"22","name":"computer","Leaves":[],"frequency":0.123364},
{"id":"23","name":"plant","Leaves":[{"name":"plant","frequency":0.751012 }],"frequency":0.173364},
{"id":"24","name":"laptop","Leaves":[],"frequency":0.193925},
{"id":"25","name":"shelving","Leaves":[{"name":"shelving","frequency":0.662379 }],"frequency":0.192523},
{"id":"26","name":"vase","Leaves":[{"name":"vase","frequency":0.793522 }],"frequency":0.0915888},
{"id":"27","name":"person","Leaves":[{"name":"person","frequency":0.770764 }],"frequency":0.108411},
{"id":"28","name":"picture_frame","Leaves":[{"name":"picture_frame","frequency":0.603369 }],"frequency":0.184112},
{"id":"29","name":"ottoman","Leaves":[{"name":"ottoman","frequency":0.825806 }],"frequency":0.119626},
{"id":"30","name":"hanger","Leaves":[],"frequency":0.0686916},
{"id":"31","name":"switch","Leaves":[{"name":"switch","frequency":0.453238 }],"frequency":0.0588785},
{"id":"32","name":"wall","Leaves":[{"name":"wall","frequency":0.239375 }],"frequency":0},
{"id":"33","name":"wall","Leaves":[{"name":"wall","frequency":0.239375 }],"frequency":0},
{"id":"34","name":"chandelier","Leaves":[{"name":"chandelier","frequency":0.63421 }],"frequency":0}
],
"rules":[
{"id":"0","source":"0","target":"1","factor":"Horizontal-Support"},
{"id":"1","source":"3","target":"0","factor":"proximity"},
{"id":"2","source":"0","target":"4","factor":"proximity"},
{"id":"3","source":"5","target":"0","factor":"proximity"},
{"id":"4","source":"2","target":"0","factor":"proximity"},
{"id":"5","source":"6","target":"0","factor":"proximity"},
{"id":"6","source":"0","target":"7","factor":"proximity"},
{"id":"7","source":"12","target":"0","factor":"proximity"},
{"id":"8","source":"1","target":"0","factor":"proximity"},
{"id":"9","source":"17","target":"0","factor":"proximity"},
{"id":"10","source":"10","target":"0","factor":"proximity"},
{"id":"11","source":"18","target":"0","factor":"proximity"},
{"id":"12","source":"19","target":"0","factor":"proximity"},
{"id":"13","source":"20","target":"0","factor":"proximity"},
{"id":"14","source":"14","target":"0","factor":"proximity"},
{"id":"15","source":"21","target":"0","factor":"proximity"},
{"id":"16","source":"19","target":"0","factor":"orientation_parallel"},
{"id":"17","source":"5","target":"0","factor":"orientation_parallel"},
{"id":"18","source":"2","target":"0","factor":"orientation_parallel"},
{"id":"19","source":"4","target":"0","factor":"orientation_parallel"},
{"id":"20","source":"12","target":"0","factor":"orientation_parallel"},
{"id":"21","source":"1","target":"0","factor":"orientation_parallel"},
{"id":"22","source":"3","target":"0","factor":"orientation_parallel"},
{"id":"23","source":"10","target":"0","factor":"orientation_parallel"},
{"id":"24","source":"27","target":"0","factor":"orientation_parallel"},
{"id":"25","source":"24","target":"0","factor":"orientation_parallel"},
{"id":"26","source":"28","target":"0","factor":"orientation_parallel"},
{"id":"27","source":"17","target":"0","factor":"orientation_parallel"},
{"id":"28","source":"6","target":"0","factor":"orientation_parallel"},
{"id":"29","source":"15","target":"0","factor":"orientation_parallel"},
{"id":"30","source":"7","target":"0","factor":"orientation_parallel"},
{"id":"31","source":"25","target":"0","factor":"orientation_parallel"},
{"id":"32","source":"9","target":"0","factor":"orientation_parallel"},
{"id":"33","source":"16","target":"0","factor":"orientation_parallel"},
{"id":"34","source":"11","target":"0","factor":"orientation_parallel"},
{"id":"35","source":"29","target":"0","factor":"orientation_parallel"},
{"id":"36","source":"8","target":"0","factor":"orientation_parallel"},
{"id":"37","source":"2","target":"0","factor":"orientation_perpendicular"},
{"id":"38","source":"19","target":"0","factor":"orientation_perpendicular"},
{"id":"39","source":"5","target":"0","factor":"orientation_perpendicular"},
{"id":"40","source":"3","target":"0","factor":"orientation_perpendicular"},
{"id":"41","source":"1","target":"0","factor":"orientation_perpendicular"},
{"id":"42","source":"0","target":"7","factor":"orientation_perpendicular"},
{"id":"43","source":"0","target":"14","factor":"orientation_perpendicular"},
{"id":"44","source":"0","target":"25","factor":"orientation_perpendicular"},
{"id":"45","source":"7","target":"0","factor":"orientation_perpendicular"},
{"id":"46","source":"4","target":"0","factor":"orientation_perpendicular"},
{"id":"47","source":"23","target":"0","factor":"orientation_perpendicular"},
{"id":"48","source":"12","target":"0","factor":"orientation_perpendicular"},
{"id":"49","source":"16","target":"0","factor":"orientation_perpendicular"},
{"id":"50","source":"6","target":"0","factor":"orientation_perpendicular"},
{"id":"51","source":"10","target":"0","factor":"orientation_perpendicular"},
{"id":"52","source":"27","target":"0","factor":"orientation_perpendicular"},
{"id":"53","source":"0","target":"24","factor":"orientation_perpendicular"},
{"id":"54","source":"8","target":"0","factor":"orientation_perpendicular"},
{"id":"55","source":"9","target":"0","factor":"orientation_perpendicular"},
{"id":"56","source":"15","target":"0","factor":"orientation_perpendicular"},
{"id":"57","source":"28","target":"0","factor":"orientation_perpendicular"},
{"id":"58","source":"13","target":"0","factor":"orientation_perpendicular"},
{"id":"59","source":"21","target":"0","factor":"orientation_perpendicular"},
{"id":"60","source":"17","target":"0","factor":"orientation_perpendicular"},
{"id":"61","source":"29","target":"0","factor":"orientation_perpendicular"},
{"id":"62","source":"14","target":"0","factor":"orientation_perpendicular"},
{"id":"63","source":"26","target":"0","factor":"orientation_perpendicular"},
{"id":"64","source":"24","target":"0","factor":"orientation_perpendicular"},
{"id":"65","source":"30","target":"0","factor":"orientation_perpendicular"},
{"id":"66","source":"0","target":"20","factor":"orientation_perpendicular"},
{"id":"67","source":"20","target":"0","factor":"orientation_perpendicular"},
{"id":"68","source":"11","target":"0","factor":"orientation_perpendicular"},
{"id":"69","source":"25","target":"0","factor":"orientation_perpendicular"},
{"id":"70","source":"22","target":"0","factor":"orientation_perpendicular"},
{"id":"71","source":"0","target":"4","factor":"orientation_perpendicular"},
{"id":"72","source":"0","target":"31","factor":"orientation_perpendicular"},
{"id":"73","source":"18","target":"0","factor":"orientation_perpendicular"},
{"id":"74","source":"31","target":"0","factor":"orientation_perpendicular"},
{"id":"75","source":"0","target":"13","factor":"orientation_perpendicular"},
{"id":"76","source":"0","target":"12","factor":"orientation_perpendicular"},
{"id":"77","source":"0","target":"8","factor":"orientation_perpendicular"},
{"id":"78","source":"0","target":"28","factor":"orientation_perpendicular"},
{"id":"79","source":"0","target":"6","factor":"orientation_perpendicular"},
{"id":"80","source":"0","target":"9","factor":"orientation_perpendicular"},
{"id":"81","source":"0","target":"32","factor":"proximity"},
{"id":"82","source":"0","target":"32","factor":"orientation_parallel"},
{"id":"83","source":"0","target":"32","factor":"orientation_perpendicular"},
{"id":"84","source":"0","target":"32","factor":"symmetry"},
{"id":"85","source":"0","target":"32","factor":"side_to_side"},
{"id":"86","source":"32","target":"1","factor":"Horizontal-Support"},
{"id":"87","source":"3","target":"32","factor":"proximity"},
{"id":"88","source":"32","target":"4","factor":"proximity"},
{"id":"89","source":"5","target":"32","factor":"proximity"},
{"id":"90","source":"2","target":"32","factor":"proximity"},
{"id":"91","source":"6","target":"32","factor":"proximity"},
{"id":"92","source":"32","target":"7","factor":"proximity"},
{"id":"93","source":"12","target":"32","factor":"proximity"},
{"id":"94","source":"1","target":"32","factor":"proximity"},
{"id":"95","source":"17","target":"32","factor":"proximity"},
{"id":"96","source":"10","target":"32","factor":"proximity"},
{"id":"97","source":"18","target":"32","factor":"proximity"},
{"id":"98","source":"19","target":"32","factor":"proximity"},
{"id":"99","source":"20","target":"32","factor":"proximity"},
{"id":"100","source":"14","target":"32","factor":"proximity"},
{"id":"101","source":"21","target":"32","factor":"proximity"},
{"id":"102","source":"19","target":"32","factor":"orientation_parallel"},
{"id":"103","source":"5","target":"32","factor":"orientation_parallel"},
{"id":"104","source":"2","target":"32","factor":"orientation_parallel"},
{"id":"105","source":"4","target":"32","factor":"orientation_parallel"},
{"id":"106","source":"12","target":"32","factor":"orientation_parallel"},
{"id":"107","source":"1","target":"32","factor":"orientation_parallel"},
{"id":"108","source":"3","target":"32","factor":"orientation_parallel"},
{"id":"109","source":"10","target":"32","factor":"orientation_parallel"},
{"id":"110","source":"27","target":"32","factor":"orientation_parallel"},
{"id":"111","source":"24","target":"32","factor":"orientation_parallel"},
{"id":"112","source":"28","target":"32","factor":"orientation_parallel"},
{"id":"113","source":"17","target":"32","factor":"orientation_parallel"},
{"id":"114","source":"6","target":"32","factor":"orientation_parallel"},
{"id":"115","source":"15","target":"32","factor":"orientation_parallel"},
{"id":"116","source":"7","target":"32","factor":"orientation_parallel"},
{"id":"117","source":"25","target":"32","factor":"orientation_parallel"},
{"id":"118","source":"9","target":"32","factor":"orientation_parallel"},
{"id":"119","source":"16","target":"32","factor":"orientation_parallel"},
{"id":"120","source":"11","target":"32","factor":"orientation_parallel"},
{"id":"121","source":"29","target":"32","factor":"orientation_parallel"},
{"id":"122","source":"8","target":"32","factor":"orientation_parallel"},
{"id":"123","source":"2","target":"32","factor":"orientation_perpendicular"},
{"id":"124","source":"19","target":"32","factor":"orientation_perpendicular"},
{"id":"125","source":"5","target":"32","factor":"orientation_perpendicular"},
{"id":"126","source":"3","target":"32","factor":"orientation_perpendicular"},
{"id":"127","source":"1","target":"32","factor":"orientation_perpendicular"},
{"id":"128","source":"32","target":"7","factor":"orientation_perpendicular"},
{"id":"129","source":"32","target":"14","factor":"orientation_perpendicular"},
{"id":"130","source":"32","target":"25","factor":"orientation_perpendicular"},
{"id":"131","source":"7","target":"32","factor":"orientation_perpendicular"},
{"id":"132","source":"4","target":"32","factor":"orientation_perpendicular"},
{"id":"133","source":"23","target":"32","factor":"orientation_perpendicular"},
{"id":"134","source":"12","target":"32","factor":"orientation_perpendicular"},
{"id":"135","source":"16","target":"32","factor":"orientation_perpendicular"},
{"id":"136","source":"6","target":"32","factor":"orientation_perpendicular"},
{"id":"137","source":"10","target":"32","factor":"orientation_perpendicular"},
{"id":"138","source":"27","target":"32","factor":"orientation_perpendicular"},
{"id":"139","source":"32","target":"24","factor":"orientation_perpendicular"},
{"id":"140","source":"8","target":"32","factor":"orientation_perpendicular"},
{"id":"141","source":"9","target":"32","factor":"orientation_perpendicular"},
{"id":"142","source":"15","target":"32","factor":"orientation_perpendicular"},
{"id":"143","source":"28","target":"32","factor":"orientation_perpendicular"},
{"id":"144","source":"13","target":"32","factor":"orientation_perpendicular"},
{"id":"145","source":"21","target":"32","factor":"orientation_perpendicular"},
{"id":"146","source":"17","target":"32","factor":"orientation_perpendicular"},
{"id":"147","source":"29","target":"32","factor":"orientation_perpendicular"},
{"id":"148","source":"14","target":"32","factor":"orientation_perpendicular"},
{"id":"149","source":"26","target":"32","factor":"orientation_perpendicular"},
{"id":"150","source":"24","target":"32","factor":"orientation_perpendicular"},
{"id":"151","source":"30","target":"32","factor":"orientation_perpendicular"},
{"id":"152","source":"32","target":"20","factor":"orientation_perpendicular"},
{"id":"153","source":"20","target":"32","factor":"orientation_perpendicular"},
{"id":"154","source":"11","target":"32","factor":"orientation_perpendicular"},
{"id":"155","source":"25","target":"32","factor":"orientation_perpendicular"},
{"id":"156","source":"22","target":"32","factor":"orientation_perpendicular"},
{"id":"157","source":"32","target":"4","factor":"orientation_perpendicular"},
{"id":"158","source":"32","target":"31","factor":"orientation_perpendicular"},
{"id":"159","source":"18","target":"32","factor":"orientation_perpendicular"},
{"id":"160","source":"31","target":"32","factor":"orientation_perpendicular"},
{"id":"161","source":"32","target":"13","factor":"orientation_perpendicular"},
{"id":"162","source":"32","target":"12","factor":"orientation_perpendicular"},
{"id":"163","source":"32","target":"8","factor":"orientation_perpendicular"},
{"id":"164","source":"32","target":"28","factor":"orientation_perpendicular"},
{"id":"165","source":"32","target":"6","factor":"orientation_perpendicular"},
{"id":"166","source":"32","target":"9","factor":"orientation_perpendicular"},
{"id":"167","source":"0","target":"33","factor":"proximity"},
{"id":"168","source":"32","target":"33","factor":"proximity"},
{"id":"169","source":"0","target":"33","factor":"orientation_parallel"},
{"id":"170","source":"32","target":"33","factor":"orientation_parallel"},
{"id":"171","source":"0","target":"33","factor":"orientation_perpendicular"},
{"id":"172","source":"32","target":"33","factor":"orientation_perpendicular"},
{"id":"173","source":"0","target":"33","factor":"symmetry"},
{"id":"174","source":"32","target":"33","factor":"symmetry"},
{"id":"175","source":"0","target":"33","factor":"side_to_side"},
{"id":"176","source":"32","target":"33","factor":"side_to_side"},
{"id":"177","source":"33","target":"1","factor":"Horizontal-Support"},
{"id":"178","source":"3","target":"33","factor":"proximity"},
{"id":"179","source":"33","target":"4","factor":"proximity"},
{"id":"180","source":"5","target":"33","factor":"proximity"},
{"id":"181","source":"2","target":"33","factor":"proximity"},
{"id":"182","source":"6","target":"33","factor":"proximity"},
{"id":"183","source":"33","target":"7","factor":"proximity"},
{"id":"184","source":"12","target":"33","factor":"proximity"},
{"id":"185","source":"1","target":"33","factor":"proximity"},
{"id":"186","source":"17","target":"33","factor":"proximity"},
{"id":"187","source":"10","target":"33","factor":"proximity"},
{"id":"188","source":"18","target":"33","factor":"proximity"},
{"id":"189","source":"19","target":"33","factor":"proximity"},
{"id":"190","source":"20","target":"33","factor":"proximity"},
{"id":"191","source":"14","target":"33","factor":"proximity"},
{"id":"192","source":"21","target":"33","factor":"proximity"},
{"id":"193","source":"19","target":"33","factor":"orientation_parallel"},
{"id":"194","source":"5","target":"33","factor":"orientation_parallel"},
{"id":"195","source":"2","target":"33","factor":"orientation_parallel"},
{"id":"196","source":"4","target":"33","factor":"orientation_parallel"},
{"id":"197","source":"12","target":"33","factor":"orientation_parallel"},
{"id":"198","source":"1","target":"33","factor":"orientation_parallel"},
{"id":"199","source":"3","target":"33","factor":"orientation_parallel"},
{"id":"200","source":"10","target":"33","factor":"orientation_parallel"},
{"id":"201","source":"27","target":"33","factor":"orientation_parallel"},
{"id":"202","source":"24","target":"33","factor":"orientation_parallel"},
{"id":"203","source":"28","target":"33","factor":"orientation_parallel"},
{"id":"204","source":"17","target":"33","factor":"orientation_parallel"},
{"id":"205","source":"6","target":"33","factor":"orientation_parallel"},
{"id":"206","source":"15","target":"33","factor":"orientation_parallel"},
{"id":"207","source":"7","target":"33","factor":"orientation_parallel"},
{"id":"208","source":"25","target":"33","factor":"orientation_parallel"},
{"id":"209","source":"9","target":"33","factor":"orientation_parallel"},
{"id":"210","source":"16","target":"33","factor":"orientation_parallel"},
{"id":"211","source":"11","target":"33","factor":"orientation_parallel"},
{"id":"212","source":"29","target":"33","factor":"orientation_parallel"},
{"id":"213","source":"8","target":"33","factor":"orientation_parallel"},
{"id":"214","source":"2","target":"33","factor":"orientation_perpendicular"},
{"id":"215","source":"19","target":"33","factor":"orientation_perpendicular"},
{"id":"216","source":"5","target":"33","factor":"orientation_perpendicular"},
{"id":"217","source":"3","target":"33","factor":"orientation_perpendicular"},
{"id":"218","source":"1","target":"33","factor":"orientation_perpendicular"},
{"id":"219","source":"33","target":"7","factor":"orientation_perpendicular"},
{"id":"220","source":"33","target":"14","factor":"orientation_perpendicular"},
{"id":"221","source":"33","target":"25","factor":"orientation_perpendicular"},
{"id":"222","source":"7","target":"33","factor":"orientation_perpendicular"},
{"id":"223","source":"4","target":"33","factor":"orientation_perpendicular"},
{"id":"224","source":"23","target":"33","factor":"orientation_perpendicular"},
{"id":"225","source":"12","target":"33","factor":"orientation_perpendicular"},
{"id":"226","source":"16","target":"33","factor":"orientation_perpendicular"},
{"id":"227","source":"6","target":"33","factor":"orientation_perpendicular"},
{"id":"228","source":"10","target":"33","factor":"orientation_perpendicular"},
{"id":"229","source":"27","target":"33","factor":"orientation_perpendicular"},
{"id":"230","source":"33","target":"24","factor":"orientation_perpendicular"},
{"id":"231","source":"8","target":"33","factor":"orientation_perpendicular"},
{"id":"232","source":"9","target":"33","factor":"orientation_perpendicular"},
{"id":"233","source":"15","target":"33","factor":"orientation_perpendicular"},
{"id":"234","source":"28","target":"33","factor":"orientation_perpendicular"},
{"id":"235","source":"13","target":"33","factor":"orientation_perpendicular"},
{"id":"236","source":"21","target":"33","factor":"orientation_perpendicular"},
{"id":"237","source":"17","target":"33","factor":"orientation_perpendicular"},
{"id":"238","source":"29","target":"33","factor":"orientation_perpendicular"},
{"id":"239","source":"14","target":"33","factor":"orientation_perpendicular"},
{"id":"240","source":"26","target":"33","factor":"orientation_perpendicular"},
{"id":"241","source":"24","target":"33","factor":"orientation_perpendicular"},
{"id":"242","source":"30","target":"33","factor":"orientation_perpendicular"},
{"id":"243","source":"33","target":"20","factor":"orientation_perpendicular"},
{"id":"244","source":"20","target":"33","factor":"orientation_perpendicular"},
{"id":"245","source":"11","target":"33","factor":"orientation_perpendicular"},
{"id":"246","source":"25","target":"33","factor":"orientation_perpendicular"},
{"id":"247","source":"22","target":"33","factor":"orientation_perpendicular"},
{"id":"248","source":"33","target":"4","factor":"orientation_perpendicular"},
{"id":"249","source":"33","target":"31","factor":"orientation_perpendicular"},
{"id":"250","source":"18","target":"33","factor":"orientation_perpendicular"},
{"id":"251","source":"31","target":"33","factor":"orientation_perpendicular"},
{"id":"252","source":"33","target":"13","factor":"orientation_perpendicular"},
{"id":"253","source":"33","target":"12","factor":"orientation_perpendicular"},
{"id":"254","source":"33","target":"8","factor":"orientation_perpendicular"},
{"id":"255","source":"33","target":"28","factor":"orientation_perpendicular"},
{"id":"256","source":"33","target":"6","factor":"orientation_perpendicular"},
{"id":"257","source":"33","target":"9","factor":"orientation_perpendicular"},
{"id":"258","source":"3","target":"8","factor":"proximity"},
{"id":"259","source":"1","target":"8","factor":"orientation_parallel"},
{"id":"260","source":"3","target":"8","factor":"orientation_parallel"},
{"id":"261","source":"6","target":"8","factor":"orientation_parallel"},
{"id":"262","source":"8","target":"9","factor":"orientation_parallel"},
{"id":"263","source":"8","target":"13","factor":"orientation_parallel"},
{"id":"264","source":"2","target":"8","factor":"orientation_parallel"},
{"id":"265","source":"23","target":"8","factor":"orientation_parallel"},
{"id":"266","source":"7","target":"8","factor":"orientation_parallel"},
{"id":"267","source":"10","target":"8","factor":"orientation_parallel"},
{"id":"268","source":"4","target":"8","factor":"orientation_parallel"},
{"id":"269","source":"5","target":"8","factor":"orientation_parallel"},
{"id":"270","source":"4","target":"8","factor":"orientation_perpendicular"},
{"id":"271","source":"8","target":"24","factor":"orientation_perpendicular"},
{"id":"272","source":"8","target":"21","factor":"orientation_perpendicular"},
{"id":"273","source":"17","target":"8","factor":"orientation_perpendicular"},
{"id":"274","source":"8","target":"12","factor":"orientation_perpendicular"},
{"id":"275","source":"2","target":"8","factor":"orientation_perpendicular"},
{"id":"276","source":"8","target":"15","factor":"orientation_perpendicular"},
{"id":"277","source":"8","target":"28","factor":"orientation_perpendicular"},
{"id":"278","source":"15","target":"8","factor":"orientation_perpendicular"},
{"id":"279","source":"25","target":"8","factor":"orientation_perpendicular"},
{"id":"280","source":"5","target":"8","factor":"orientation_perpendicular"},
{"id":"281","source":"8","target":"7","factor":"orientation_perpendicular"},
{"id":"282","source":"16","target":"8","factor":"orientation_perpendicular"},
{"id":"283","source":"19","target":"8","factor":"orientation_perpendicular"},
{"id":"284","source":"8","target":"4","factor":"orientation_perpendicular"},
{"id":"285","source":"10","target":"8","factor":"orientation_perpendicular"},
{"id":"286","source":"7","target":"8","factor":"orientation_perpendicular"},
{"id":"287","source":"6","target":"8","factor":"orientation_perpendicular"},
{"id":"288","source":"8","target":"9","factor":"orientation_perpendicular"},
{"id":"289","source":"8","target":"31","factor":"orientation_perpendicular"},
{"id":"290","source":"11","target":"8","factor":"orientation_perpendicular"},
{"id":"291","source":"8","target":"34","factor":"orientation_parallel"},
{"id":"292","source":"8","target":"34","factor":"symmetry"},
{"id":"293","source":"3","target":"34","factor":"proximity"},
{"id":"294","source":"1","target":"34","factor":"orientation_parallel"},
{"id":"295","source":"3","target":"34","factor":"orientation_parallel"},
{"id":"296","source":"6","target":"34","factor":"orientation_parallel"},
{"id":"297","source":"34","target":"9","factor":"orientation_parallel"},
{"id":"298","source":"34","target":"13","factor":"orientation_parallel"},
{"id":"299","source":"2","target":"34","factor":"orientation_parallel"},
{"id":"300","source":"23","target":"34","factor":"orientation_parallel"},
{"id":"301","source":"7","target":"34","factor":"orientation_parallel"},
{"id":"302","source":"10","target":"34","factor":"orientation_parallel"},
{"id":"303","source":"4","target":"34","factor":"orientation_parallel"},
{"id":"304","source":"5","target":"34","factor":"orientation_parallel"},
{"id":"305","source":"4","target":"34","factor":"orientation_perpendicular"},
{"id":"306","source":"34","target":"24","factor":"orientation_perpendicular"},
{"id":"307","source":"34","target":"21","factor":"orientation_perpendicular"},
{"id":"308","source":"17","target":"34","factor":"orientation_perpendicular"},
{"id":"309","source":"34","target":"12","factor":"orientation_perpendicular"},
{"id":"310","source":"2","target":"34","factor":"orientation_perpendicular"},
{"id":"311","source":"34","target":"15","factor":"orientation_perpendicular"},
{"id":"312","source":"34","target":"28","factor":"orientation_perpendicular"},
{"id":"313","source":"15","target":"34","factor":"orientation_perpendicular"},
{"id":"314","source":"25","target":"34","factor":"orientation_perpendicular"},
{"id":"315","source":"5","target":"34","factor":"orientation_perpendicular"},
{"id":"316","source":"34","target":"7","factor":"orientation_perpendicular"},
{"id":"317","source":"16","target":"34","factor":"orientation_perpendicular"},
{"id":"318","source":"19","target":"34","factor":"orientation_perpendicular"},
{"id":"319","source":"34","target":"4","factor":"orientation_perpendicular"},
{"id":"320","source":"10","target":"34","factor":"orientation_perpendicular"},
{"id":"321","source":"7","target":"34","factor":"orientation_perpendicular"},
{"id":"322","source":"6","target":"34","factor":"orientation_perpendicular"},
{"id":"323","source":"34","target":"9","factor":"orientation_perpendicular"},
{"id":"324","source":"34","target":"31","factor":"orientation_perpendicular"},
{"id":"325","source":"11","target":"34","factor":"orientation_perpendicular"},
{"id":"326","source":"2","target":"1","factor":"proximity"},
{"id":"327","source":"6","target":"7","factor":"proximity"},
{"id":"328","source":"3","target":"5","factor":"proximity"},
{"id":"329","source":"1","target":"9","factor":"proximity"},
{"id":"330","source":"3","target":"2","factor":"proximity"},
{"id":"331","source":"3","target":"6","factor":"proximity"},
{"id":"332","source":"10","target":"11","factor":"proximity"},
{"id":"333","source":"6","target":"2","factor":"proximity"},
{"id":"334","source":"2","target":"12","factor":"proximity"},
{"id":"335","source":"12","target":"13","factor":"proximity"},
{"id":"336","source":"14","target":"10","factor":"proximity"},
{"id":"337","source":"15","target":"16","factor":"proximity"},
{"id":"338","source":"3","target":"1","factor":"proximity"},
{"id":"339","source":"18","target":"3","factor":"proximity"},
{"id":"340","source":"3","target":"14","factor":"proximity"},
{"id":"341","source":"5","target":"2","factor":"proximity"},
{"id":"342","source":"3","target":"4","factor":"proximity"},
{"id":"343","source":"5","target":"1","factor":"proximity"},
{"id":"344","source":"3","target":"10","factor":"proximity"},
{"id":"345","source":"10","target":"5","factor":"proximity"},
{"id":"346","source":"18","target":"1","factor":"proximity"},
{"id":"347","source":"2","target":"9","factor":"proximity"},
{"id":"348","source":"21","target":"3","factor":"proximity"},
{"id":"349","source":"22","target":"10","factor":"proximity"},
{"id":"350","source":"6","target":"23","factor":"proximity"},
{"id":"351","source":"2","target":"17","factor":"proximity"},
{"id":"352","source":"10","target":"24","factor":"proximity"},
{"id":"353","source":"3","target":"15","factor":"proximity"},
{"id":"354","source":"5","target":"4","factor":"proximity"},
{"id":"355","source":"13","target":"4","factor":"proximity"},
{"id":"356","source":"6","target":"1","factor":"proximity"},
{"id":"357","source":"2","target":"13","factor":"proximity"},
{"id":"358","source":"3","target":"19","factor":"proximity"},
{"id":"359","source":"17","target":"1","factor":"proximity"},
{"id":"360","source":"2","target":"3","factor":"orientation_parallel"},
{"id":"361","source":"2","target":"1","factor":"orientation_parallel"},
{"id":"362","source":"2","target":"7","factor":"orientation_parallel"},
{"id":"363","source":"3","target":"1","factor":"orientation_parallel"},
{"id":"364","source":"3","target":"7","factor":"orientation_parallel"},
{"id":"365","source":"3","target":"14","factor":"orientation_parallel"},
{"id":"366","source":"3","target":"25","factor":"orientation_parallel"},
{"id":"367","source":"1","target":"7","factor":"orientation_parallel"},
{"id":"368","source":"1","target":"14","factor":"orientation_parallel"},
{"id":"369","source":"1","target":"25","factor":"orientation_parallel"},
{"id":"370","source":"7","target":"7","factor":"orientation_parallel"},
{"id":"371","source":"2","target":"5","factor":"orientation_parallel"},
{"id":"372","source":"2","target":"12","factor":"orientation_parallel"},
{"id":"373","source":"3","target":"23","factor":"orientation_parallel"},
{"id":"374","source":"3","target":"6","factor":"orientation_parallel"},
{"id":"375","source":"3","target":"13","factor":"orientation_parallel"},
{"id":"376","source":"3","target":"26","factor":"orientation_parallel"},
{"id":"377","source":"1","target":"23","factor":"orientation_parallel"},
{"id":"378","source":"1","target":"6","factor":"orientation_parallel"},
{"id":"379","source":"1","target":"13","factor":"orientation_parallel"},
{"id":"380","source":"1","target":"26","factor":"orientation_parallel"},
{"id":"381","source":"7","target":"6","factor":"orientation_parallel"},
{"id":"382","source":"7","target":"13","factor":"orientation_parallel"},
{"id":"383","source":"23","target":"13","factor":"orientation_parallel"},
{"id":"384","source":"12","target":"12","factor":"orientation_parallel"},
{"id":"385","source":"6","target":"13","factor":"orientation_parallel"},
{"id":"386","source":"13","target":"13","factor":"orientation_parallel"},
{"id":"387","source":"1","target":"10","factor":"orientation_parallel"},
{"id":"388","source":"1","target":"24","factor":"orientation_parallel"},
{"id":"389","source":"3","target":"10","factor":"orientation_parallel"},
{"id":"390","source":"3","target":"24","factor":"orientation_parallel"},
{"id":"391","source":"10","target":"24","factor":"orientation_parallel"},
{"id":"392","source":"16","target":"15","factor":"orientation_parallel"},
{"id":"393","source":"3","target":"12","factor":"orientation_parallel"},
{"id":"394","source":"1","target":"12","factor":"orientation_parallel"},
{"id":"395","source":"1","target":"9","factor":"orientation_parallel"},
{"id":"396","source":"1","target":"15","factor":"orientation_parallel"},
{"id":"397","source":"3","target":"9","factor":"orientation_parallel"},
{"id":"398","source":"3","target":"15","factor":"orientation_parallel"},
{"id":"399","source":"12","target":"13","factor":"orientation_parallel"},
{"id":"400","source":"6","target":"9","factor":"orientation_parallel"},
{"id":"401","source":"9","target":"9","factor":"orientation_parallel"},
{"id":"402","source":"9","target":"13","factor":"orientation_parallel"},
{"id":"403","source":"13","target":"9","factor":"orientation_parallel"},
{"id":"404","source":"2","target":"28","factor":"orientation_parallel"},
{"id":"405","source":"2","target":"13","factor":"orientation_parallel"},
{"id":"406","source":"4","target":"10","factor":"orientation_parallel"},
{"id":"407","source":"3","target":"28","factor":"orientation_parallel"},
{"id":"408","source":"3","target":"29","factor":"orientation_parallel"},
{"id":"409","source":"1","target":"28","factor":"orientation_parallel"},
{"id":"410","source":"1","target":"29","factor":"orientation_parallel"},
{"id":"411","source":"7","target":"12","factor":"orientation_parallel"},
{"id":"412","source":"4","target":"1","factor":"orientation_parallel"},
{"id":"413","source":"4","target":"3","factor":"orientation_parallel"},
{"id":"414","source":"4","target":"13","factor":"orientation_parallel"},
{"id":"415","source":"1","target":"20","factor":"orientation_parallel"},
{"id":"416","source":"3","target":"20","factor":"orientation_parallel"},
{"id":"417","source":"2","target":"15","factor":"orientation_parallel"},
{"id":"418","source":"3","target":"17","factor":"orientation_parallel"},
{"id":"419","source":"1","target":"17","factor":"orientation_parallel"},
{"id":"420","source":"4","target":"12","factor":"orientation_parallel"},
{"id":"421","source":"4","target":"7","factor":"orientation_parallel"},
{"id":"422","source":"4","target":"6","factor":"orientation_parallel"},
{"id":"423","source":"2","target":"4","factor":"orientation_parallel"},
{"id":"424","source":"4","target":"9","factor":"orientation_parallel"},
{"id":"425","source":"2","target":"9","factor":"orientation_parallel"},
{"id":"426","source":"4","target":"4","factor":"orientation_parallel"},
{"id":"427","source":"2","target":"6","factor":"orientation_parallel"},
{"id":"428","source":"23","target":"9","factor":"orientation_parallel"},
{"id":"429","source":"7","target":"9","factor":"orientation_parallel"},
{"id":"430","source":"10","target":"9","factor":"orientation_parallel"},
{"id":"431","source":"10","target":"13","factor":"orientation_parallel"},
{"id":"432","source":"5","target":"7","factor":"orientation_parallel"},
{"id":"433","source":"3","target":"19","factor":"orientation_parallel"},
{"id":"434","source":"1","target":"19","factor":"orientation_parallel"},
{"id":"435","source":"5","target":"3","factor":"orientation_parallel"},
{"id":"436","source":"5","target":"1","factor":"orientation_parallel"},
{"id":"437","source":"4","target":"15","factor":"orientation_parallel"},
{"id":"438","source":"5","target":"6","factor":"orientation_parallel"},
{"id":"439","source":"5","target":"9","factor":"orientation_parallel"},
{"id":"440","source":"5","target":"13","factor":"orientation_parallel"},
{"id":"441","source":"5","target":"4","factor":"orientation_parallel"},
{"id":"442","source":"4","target":"14","factor":"orientation_perpendicular"},
{"id":"443","source":"4","target":"25","factor":"orientation_perpendicular"},
{"id":"444","source":"4","target":"5","factor":"orientation_perpendicular"},
{"id":"445","source":"4","target":"12","factor":"orientation_perpendicular"},
{"id":"446","source":"3","target":"5","factor":"orientation_perpendicular"},
{"id":"447","source":"3","target":"12","factor":"orientation_perpendicular"},
{"id":"448","source":"1","target":"5","factor":"orientation_perpendicular"},
{"id":"449","source":"1","target":"12","factor":"orientation_perpendicular"},
{"id":"450","source":"7","target":"12","factor":"orientation_perpendicular"},
{"id":"451","source":"23","target":"12","factor":"orientation_perpendicular"},
{"id":"452","source":"16","target":"12","factor":"orientation_perpendicular"},
{"id":"453","source":"2","target":"5","factor":"orientation_perpendicular"},
{"id":"454","source":"2","target":"9","factor":"orientation_perpendicular"},
{"id":"455","source":"4","target":"1","factor":"orientation_perpendicular"},
{"id":"456","source":"4","target":"3","factor":"orientation_perpendicular"},
{"id":"457","source":"4","target":"10","factor":"orientation_perpendicular"},
{"id":"458","source":"4","target":"27","factor":"orientation_perpendicular"},
{"id":"459","source":"4","target":"18","factor":"orientation_perpendicular"},
{"id":"460","source":"4","target":"24","factor":"orientation_perpendicular"},
{"id":"461","source":"1","target":"9","factor":"orientation_perpendicular"},
{"id":"462","source":"3","target":"9","factor":"orientation_perpendicular"},
{"id":"463","source":"10","target":"9","factor":"orientation_perpendicular"},
{"id":"464","source":"27","target":"9","factor":"orientation_perpendicular"},
{"id":"465","source":"18","target":"9","factor":"orientation_perpendicular"},
{"id":"466","source":"4","target":"6","factor":"orientation_perpendicular"},
{"id":"467","source":"4","target":"9","factor":"orientation_perpendicular"},
{"id":"468","source":"4","target":"15","factor":"orientation_perpendicular"},
{"id":"469","source":"4","target":"28","factor":"orientation_perpendicular"},
{"id":"470","source":"4","target":"13","factor":"orientation_perpendicular"},
{"id":"471","source":"4","target":"21","factor":"orientation_perpendicular"},
{"id":"472","source":"1","target":"24","factor":"orientation_perpendicular"},
{"id":"473","source":"1","target":"21","factor":"orientation_perpendicular"},
{"id":"474","source":"3","target":"24","factor":"orientation_perpendicular"},
{"id":"475","source":"3","target":"21","factor":"orientation_perpendicular"},
{"id":"476","source":"14","target":"14","factor":"orientation_perpendicular"},
{"id":"477","source":"5","target":"24","factor":"orientation_perpendicular"},
{"id":"478","source":"5","target":"21","factor":"orientation_perpendicular"},
{"id":"479","source":"12","target":"24","factor":"orientation_perpendicular"},
{"id":"480","source":"12","target":"21","factor":"orientation_perpendicular"},
{"id":"481","source":"6","target":"24","factor":"orientation_perpendicular"},
{"id":"482","source":"6","target":"21","factor":"orientation_perpendicular"},
{"id":"483","source":"25","target":"24","factor":"orientation_perpendicular"},
{"id":"484","source":"25","target":"21","factor":"orientation_perpendicular"},
{"id":"485","source":"15","target":"24","factor":"orientation_perpendicular"},
{"id":"486","source":"15","target":"21","factor":"orientation_perpendicular"},
{"id":"487","source":"28","target":"28","factor":"orientation_perpendicular"},
{"id":"488","source":"28","target":"13","factor":"orientation_perpendicular"},
{"id":"489","source":"13","target":"21","factor":"orientation_perpendicular"},
{"id":"490","source":"2","target":"4","factor":"orientation_perpendicular"},
{"id":"491","source":"2","target":"10","factor":"orientation_perpendicular"},
{"id":"492","source":"2","target":"24","factor":"orientation_perpendicular"},
{"id":"493","source":"3","target":"10","factor":"orientation_perpendicular"},
{"id":"494","source":"1","target":"10","factor":"orientation_perpendicular"},
{"id":"495","source":"17","target":"28","factor":"orientation_perpendicular"},
{"id":"496","source":"17","target":"29","factor":"orientation_perpendicular"},
{"id":"497","source":"17","target":"12","factor":"orientation_perpendicular"},
{"id":"498","source":"17","target":"13","factor":"orientation_perpendicular"},
{"id":"499","source":"14","target":"12","factor":"orientation_perpendicular"},
{"id":"500","source":"14","target":"13","factor":"orientation_perpendicular"},
{"id":"501","source":"13","target":"24","factor":"orientation_perpendicular"},
{"id":"502","source":"3","target":"7","factor":"orientation_perpendicular"},
{"id":"503","source":"3","target":"20","factor":"orientation_perpendicular"},
{"id":"504","source":"1","target":"7","factor":"orientation_perpendicular"},
{"id":"505","source":"1","target":"20","factor":"orientation_perpendicular"},
{"id":"506","source":"17","target":"7","factor":"orientation_perpendicular"},
{"id":"507","source":"17","target":"25","factor":"orientation_perpendicular"},
{"id":"508","source":"7","target":"20","factor":"orientation_perpendicular"},
{"id":"509","source":"25","target":"20","factor":"orientation_perpendicular"},
{"id":"510","source":"25","target":"12","factor":"orientation_perpendicular"},
{"id":"511","source":"2","target":"7","factor":"orientation_perpendicular"},
{"id":"512","source":"2","target":"1","factor":"orientation_perpendicular"},
{"id":"513","source":"2","target":"3","factor":"orientation_perpendicular"},
{"id":"514","source":"2","target":"23","factor":"orientation_perpendicular"},
{"id":"515","source":"2","target":"26","factor":"orientation_perpendicular"},
{"id":"516","source":"2","target":"25","factor":"orientation_perpendicular"},
{"id":"517","source":"7","target":"15","factor":"orientation_perpendicular"},
{"id":"518","source":"7","target":"24","factor":"orientation_perpendicular"},
{"id":"519","source":"7","target":"28","factor":"orientation_perpendicular"},
{"id":"520","source":"1","target":"17","factor":"orientation_perpendicular"},
{"id":"521","source":"1","target":"15","factor":"orientation_perpendicular"},
{"id":"522","source":"1","target":"28","factor":"orientation_perpendicular"},
{"id":"523","source":"3","target":"17","factor":"orientation_perpendicular"},
{"id":"524","source":"3","target":"15","factor":"orientation_perpendicular"},
{"id":"525","source":"3","target":"28","factor":"orientation_perpendicular"},
{"id":"526","source":"23","target":"15","factor":"orientation_perpendicular"},
{"id":"527","source":"23","target":"28","factor":"orientation_perpendicular"},
{"id":"528","source":"25","target":"15","factor":"orientation_perpendicular"},
{"id":"529","source":"25","target":"28","factor":"orientation_perpendicular"},
{"id":"530","source":"12","target":"26","factor":"orientation_perpendicular"},
{"id":"531","source":"2","target":"6","factor":"orientation_perpendicular"},
{"id":"532","source":"2","target":"30","factor":"orientation_perpendicular"},
{"id":"533","source":"2","target":"13","factor":"orientation_perpendicular"},
{"id":"534","source":"2","target":"28","factor":"orientation_perpendicular"},
{"id":"535","source":"1","target":"14","factor":"orientation_perpendicular"},
{"id":"536","source":"3","target":"14","factor":"orientation_perpendicular"},
{"id":"537","source":"10","target":"7","factor":"orientation_perpendicular"},
{"id":"538","source":"10","target":"13","factor":"orientation_perpendicular"},
{"id":"539","source":"10","target":"28","factor":"orientation_perpendicular"},
{"id":"540","source":"7","target":"14","factor":"orientation_perpendicular"},
{"id":"541","source":"6","target":"14","factor":"orientation_perpendicular"},
{"id":"542","source":"12","target":"13","factor":"orientation_perpendicular"},
{"id":"543","source":"12","target":"28","factor":"orientation_perpendicular"},
{"id":"544","source":"13","target":"12","factor":"orientation_perpendicular"},
{"id":"545","source":"1","target":"30","factor":"orientation_perpendicular"},
{"id":"546","source":"3","target":"30","factor":"orientation_perpendicular"},
{"id":"547","source":"27","target":"24","factor":"orientation_perpendicular"},
{"id":"548","source":"25","target":"9","factor":"orientation_perpendicular"},
{"id":"549","source":"2","target":"12","factor":"orientation_perpendicular"},
{"id":"550","source":"20","target":"15","factor":"orientation_perpendicular"},
{"id":"551","source":"5","target":"7","factor":"orientation_perpendicular"},
{"id":"552","source":"5","target":"14","factor":"orientation_perpendicular"},
{"id":"553","source":"5","target":"17","factor":"orientation_perpendicular"},
{"id":"554","source":"5","target":"20","factor":"orientation_perpendicular"},
{"id":"555","source":"5","target":"13","factor":"orientation_perpendicular"},
{"id":"556","source":"5","target":"15","factor":"orientation_perpendicular"},
{"id":"557","source":"12","target":"7","factor":"orientation_perpendicular"},
{"id":"558","source":"14","target":"15","factor":"orientation_perpendicular"},
{"id":"559","source":"2","target":"17","factor":"orientation_perpendicular"},
{"id":"560","source":"3","target":"6","factor":"orientation_perpendicular"},
{"id":"561","source":"1","target":"6","factor":"orientation_perpendicular"},
{"id":"562","source":"5","target":"10","factor":"orientation_perpendicular"},
{"id":"563","source":"5","target":"6","factor":"orientation_perpendicular"},
{"id":"564","source":"10","target":"25","factor":"orientation_perpendicular"},
{"id":"565","source":"11","target":"24","factor":"orientation_perpendicular"},
{"id":"566","source":"3","target":"25","factor":"orientation_perpendicular"},
{"id":"567","source":"1","target":"25","factor":"orientation_perpendicular"},
{"id":"568","source":"7","target":"25","factor":"orientation_perpendicular"},
{"id":"569","source":"6","target":"25","factor":"orientation_perpendicular"},
{"id":"570","source":"2","target":"27","factor":"orientation_perpendicular"},
{"id":"571","source":"2","target":"11","factor":"orientation_perpendicular"},
{"id":"572","source":"2","target":"22","factor":"orientation_perpendicular"},
{"id":"573","source":"2","target":"20","factor":"orientation_perpendicular"},
{"id":"574","source":"4","target":"11","factor":"orientation_perpendicular"},
{"id":"575","source":"4","target":"7","factor":"orientation_perpendicular"},
{"id":"576","source":"4","target":"22","factor":"orientation_perpendicular"},
{"id":"577","source":"4","target":"20","factor":"orientation_perpendicular"},
{"id":"578","source":"4","target":"23","factor":"orientation_perpendicular"},
{"id":"579","source":"5","target":"27","factor":"orientation_perpendicular"},
{"id":"580","source":"5","target":"11","factor":"orientation_perpendicular"},
{"id":"581","source":"5","target":"22","factor":"orientation_perpendicular"},
{"id":"582","source":"27","target":"25","factor":"orientation_perpendicular"},
{"id":"583","source":"10","target":"17","factor":"orientation_perpendicular"},
{"id":"584","source":"10","target":"21","factor":"orientation_perpendicular"},
{"id":"585","source":"11","target":"9","factor":"orientation_perpendicular"},
{"id":"586","source":"7","target":"9","factor":"orientation_perpendicular"},
{"id":"587","source":"7","target":"21","factor":"orientation_perpendicular"},
{"id":"588","source":"25","target":"13","factor":"orientation_perpendicular"},
{"id":"589","source":"6","target":"9","factor":"orientation_perpendicular"},
{"id":"590","source":"22","target":"9","factor":"orientation_perpendicular"},
{"id":"591","source":"20","target":"9","factor":"orientation_perpendicular"},
{"id":"592","source":"5","target":"12","factor":"orientation_perpendicular"},
{"id":"593","source":"12","target":"9","factor":"orientation_perpendicular"},
{"id":"594","source":"5","target":"4","factor":"orientation_perpendicular"},
{"id":"595","source":"4","target":"4","factor":"orientation_perpendicular"},
{"id":"596","source":"12","target":"4","factor":"orientation_perpendicular"},
{"id":"597","source":"9","target":"4","factor":"orientation_perpendicular"},
{"id":"598","source":"6","target":"4","factor":"orientation_perpendicular"},
{"id":"599","source":"24","target":"4","factor":"orientation_perpendicular"},
{"id":"600","source":"13","target":"4","factor":"orientation_perpendicular"},
{"id":"601","source":"5","target":"25","factor":"orientation_perpendicular"},
{"id":"602","source":"10","target":"12","factor":"orientation_perpendicular"},
{"id":"603","source":"6","target":"12","factor":"orientation_perpendicular"},
{"id":"604","source":"5","target":"9","factor":"orientation_perpendicular"},
{"id":"605","source":"10","target":"15","factor":"orientation_perpendicular"},
{"id":"606","source":"11","target":"15","factor":"orientation_perpendicular"},
{"id":"607","source":"3","target":"31","factor":"orientation_perpendicular"},
{"id":"608","source":"1","target":"31","factor":"orientation_perpendicular"},
{"id":"609","source":"7","target":"31","factor":"orientation_perpendicular"},
{"id":"610","source":"18","target":"7","factor":"orientation_perpendicular"},
{"id":"611","source":"7","target":"30","factor":"orientation_perpendicular"},
{"id":"612","source":"17","target":"30","factor":"orientation_perpendicular"},
{"id":"613","source":"6","target":"15","factor":"orientation_perpendicular"},
{"id":"614","source":"4","target":"17","factor":"orientation_perpendicular"},
{"id":"615","source":"4","target":"26","factor":"orientation_perpendicular"},
{"id":"616","source":"2","target":"19","factor":"orientation_perpendicular"},
{"id":"617","source":"23","target":"7","factor":"orientation_perpendicular"},
{"id":"618","source":"5","target":"28","factor":"orientation_perpendicular"},
{"id":"619","source":"3","target":"19","factor":"orientation_perpendicular"},
{"id":"620","source":"1","target":"19","factor":"orientation_perpendicular"},
{"id":"621","source":"3","target":"13","factor":"orientation_perpendicular"},
{"id":"622","source":"1","target":"13","factor":"orientation_perpendicular"},
{"id":"623","source":"27","target":"10","factor":"orientation_perpendicular"},
{"id":"624","source":"11","target":"13","factor":"orientation_perpendicular"},
{"id":"625","source":"22","target":"13","factor":"orientation_perpendicular"},
{"id":"626","source":"15","target":"9","factor":"orientation_perpendicular"},
{"id":"627","source":"15","target":"13","factor":"orientation_perpendicular"},
{"id":"628","source":"4","target":"19","factor":"orientation_perpendicular"},
{"id":"629","source":"5","target":"19","factor":"orientation_perpendicular"},
{"id":"630","source":"7","target":"4","factor":"orientation_perpendicular"},
{"id":"631","source":"2","target":"14","factor":"orientation_perpendicular"},
{"id":"632","source":"10","target":"14","factor":"orientation_perpendicular"},
{"id":"633","source":"5","target":"16","factor":"orientation_perpendicular"},
{"id":"634","source":"4","target":"16","factor":"orientation_perpendicular"},
{"id":"635","source":"27","target":"7","factor":"orientation_perpendicular"},
{"id":"636","source":"27","target":"12","factor":"orientation_perpendicular"},
{"id":"637","source":"6","target":"6","factor":"orientation_perpendicular"},
{"id":"638","source":"6","target":"7","factor":"orientation_perpendicular"},
{"id":"639","source":"6","target":"13","factor":"orientation_perpendicular"},
{"id":"640","source":"6","target":"23","factor":"orientation_perpendicular"},
{"id":"641","source":"11","target":"7","factor":"orientation_perpendicular"},
{"id":"642","source":"11","target":"12","factor":"orientation_perpendicular"},
{"id":"643","source":"7","target":"7","factor":"orientation_perpendicular"},
{"id":"644","source":"7","target":"13","factor":"orientation_perpendicular"},
{"id":"645","source":"6","target":"10","factor":"orientation_perpendicular"},
{"id":"646","source":"10","target":"4","factor":"orientation_perpendicular"},
{"id":"647","source":"19","target":"7","factor":"orientation_perpendicular"},
{"id":"648","source":"19","target":"9","factor":"orientation_perpendicular"},
{"id":"649","source":"6","target":"19","factor":"orientation_perpendicular"},
{"id":"650","source":"1","target":"16","factor":"orientation_perpendicular"},
{"id":"651","source":"3","target":"16","factor":"orientation_perpendicular"},
{"id":"652","source":"9","target":"7","factor":"orientation_perpendicular"},
{"id":"653","source":"16","target":"13","factor":"orientation_perpendicular"},
{"id":"654","source":"19","target":"15","factor":"orientation_perpendicular"},
{"id":"655","source":"27","target":"15","factor":"orientation_perpendicular"},
{"id":"656","source":"12","target":"15","factor":"orientation_perpendicular"},
{"id":"657","source":"5","target":"18","factor":"orientation_perpendicular"},
{"id":"658","source":"19","target":"16","factor":"orientation_perpendicular"},
{"id":"659","source":"19","target":"13","factor":"orientation_perpendicular"},
{"id":"660","source":"1","target":"18","factor":"orientation_perpendicular"},
{"id":"661","source":"3","target":"18","factor":"orientation_perpendicular"},
{"id":"662","source":"4","target":"31","factor":"orientation_perpendicular"},
{"id":"663","source":"7","target":"10","factor":"orientation_perpendicular"},
{"id":"664","source":"5","target":"5","factor":"orientation_perpendicular"},
{"id":"665","source":"1","target":"11","factor":"orientation_perpendicular"},
{"id":"666","source":"3","target":"11","factor":"orientation_perpendicular"},
{"id":"667","source":"17","target":"9","factor":"orientation_perpendicular"},
{"id":"668","source":"13","target":"9","factor":"orientation_perpendicular"},
{"id":"669","source":"2","target":"29","factor":"orientation_perpendicular"},
{"id":"670","source":"3","target":"4","factor":"orientation_perpendicular"},
{"id":"671","source":"1","target":"4","factor":"orientation_perpendicular"},
{"id":"672","source":"30","target":"15","factor":"orientation_perpendicular"},
{"id":"673","source":"7","target":"29","factor":"orientation_perpendicular"},
{"id":"674","source":"3","target":"27","factor":"orientation_perpendicular"},
{"id":"675","source":"1","target":"27","factor":"orientation_perpendicular"},
{"id":"676","source":"9","target":"28","factor":"orientation_perpendicular"},
{"id":"677","source":"6","target":"28","factor":"orientation_perpendicular"},
{"id":"678","source":"19","target":"28","factor":"orientation_perpendicular"},
{"id":"679","source":"13","target":"7","factor":"orientation_perpendicular"},
{"id":"680","source":"23","target":"14","factor":"orientation_perpendicular"},
{"id":"681","source":"23","target":"4","factor":"orientation_perpendicular"},
{"id":"682","source":"10","target":"10","factor":"orientation_perpendicular"},
{"id":"683","source":"4","target":"29","factor":"orientation_perpendicular"},
{"id":"684","source":"29","target":"4","factor":"orientation_perpendicular"},
{"id":"685","source":"28","target":"12","factor":"orientation_perpendicular"},
{"id":"686","source":"5","target":"29","factor":"orientation_perpendicular"},
{"id":"687","source":"6","target":"29","factor":"orientation_perpendicular"},
{"id":"688","source":"3","target":"29","factor":"orientation_perpendicular"},
{"id":"689","source":"1","target":"29","factor":"orientation_perpendicular"},
{"id":"690","source":"9","target":"12","factor":"orientation_perpendicular"},
{"id":"691","source":"19","target":"12","factor":"orientation_perpendicular"},
{"id":"692","source":"28","target":"25","factor":"orientation_perpendicular"},
{"id":"693","source":"25","target":"25","factor":"orientation_perpendicular"},
{"id":"694","source":"2","target":"21","factor":"orientation_perpendicular"},
{"id":"695","source":"7","target":"22","factor":"orientation_perpendicular"},
{"id":"696","source":"22","target":"12","factor":"orientation_perpendicular"},
{"id":"697","source":"15","target":"7","factor":"orientation_perpendicular"},
{"id":"698","source":"5","target":"31","factor":"orientation_perpendicular"},
{"id":"699","source":"6","target":"31","factor":"orientation_perpendicular"},
{"id":"700","source":"16","target":"9","factor":"orientation_perpendicular"},
{"id":"701","source":"12","target":"31","factor":"orientation_perpendicular"},
{"id":"702","source":"23","target":"9","factor":"orientation_perpendicular"},
{"id":"703","source":"22","target":"15","factor":"orientation_perpendicular"},
{"id":"704","source":"6","target":"17","factor":"orientation_perpendicular"},
{"id":"705","source":"6","target":"22","factor":"orientation_perpendicular"},
{"id":"706","source":"17","target":"15","factor":"orientation_perpendicular"},
{"id":"707","source":"17","target":"24","factor":"orientation_perpendicular"},
{"id":"708","source":"15","target":"28","factor":"orientation_perpendicular"},
{"id":"709","source":"18","target":"15","factor":"orientation_perpendicular"},
{"id":"710","source":"6","target":"16","factor":"orientation_perpendicular"},
{"id":"711","source":"7","target":"16","factor":"orientation_perpendicular"},
{"id":"712","source":"3","target":"22","factor":"orientation_perpendicular"},
{"id":"713","source":"1","target":"22","factor":"orientation_perpendicular"},
{"id":"714","source":"7","target":"26","factor":"orientation_perpendicular"},
{"id":"715","source":"7","target":"23","factor":"orientation_perpendicular"},
{"id":"716","source":"15","target":"4","factor":"orientation_perpendicular"},
{"id":"717","source":"6","target":"26","factor":"orientation_perpendicular"},
{"id":"718","source":"25","target":"4","factor":"orientation_perpendicular"},
{"id":"719","source":"19","target":"29","factor":"orientation_perpendicular"},
{"id":"720","source":"16","target":"22","factor":"orientation_perpendicular"},
{"id":"721","source":"11","target":"22","factor":"orientation_perpendicular"},
{"id":"722","source":"4","target":"30","factor":"orientation_perpendicular"},
{"id":"723","source":"11","target":"28","factor":"orientation_perpendicular"},
{"id":"724","source":"29","target":"9","factor":"orientation_perpendicular"},
{"id":"725","source":"19","target":"25","factor":"orientation_perpendicular"},
{"id":"726","source":"10","target":"19","factor":"orientation_perpendicular"},
{"id":"727","source":"7","target":"7","factor":"symmetry"},
{"id":"728","source":"25","target":"25","factor":"symmetry"},
{"id":"729","source":"12","target":"12","factor":"symmetry"},
{"id":"730","source":"6","target":"6","factor":"symmetry"},
{"id":"731","source":"13","target":"13","factor":"symmetry"},
{"id":"732","source":"28","target":"28","factor":"symmetry"},
{"id":"733","source":"21","target":"21","factor":"symmetry"},
{"id":"734","source":"20","target":"20","factor":"symmetry"},
{"id":"735","source":"27","target":"27","factor":"symmetry"},
{"id":"736","source":"17","target":"17","factor":"symmetry"},
{"id":"737","source":"23","target":"23","factor":"symmetry"},
{"id":"738","source":"4","target":"4","factor":"symmetry"},
{"id":"739","source":"14","target":"14","factor":"symmetry"},
{"id":"740","source":"29","target":"29","factor":"symmetry"},
{"id":"741","source":"9","target":"9","factor":"symmetry"},
{"id":"742","source":"18","target":"18","factor":"symmetry"},
{"id":"743","source":"31","target":"31","factor":"symmetry"},
{"id":"744","source":"26","target":"26","factor":"symmetry"},
{"id":"745","source":"5","target":"5","factor":"symmetry"},
{"id":"746","source":"2","target":"4","factor":"side_to_side"}
],
"probability":[
{"id":"0","value":0.646729},
{"id":"1","value":0.362617},
{"id":"2","value":0.304206},
{"id":"3","value":0.301402},
{"id":"4","value":0.283645},
{"id":"5","value":0.211215},
{"id":"6","value":0.196262},
{"id":"7","value":0.138785},
{"id":"8","value":0.116822},
{"id":"9","value":0.1},
{"id":"10","value":0.0929907},
{"id":"11","value":0.0929907},
{"id":"12","value":0.0771028},
{"id":"13","value":0.0691589},
{"id":"14","value":0.0626168},
{"id":"15","value":0.0514019},
{"id":"16","value":0.120093},
{"id":"17","value":0.234112},
{"id":"18","value":0.371028},
{"id":"19","value":0.473832},
{"id":"20","value":0.261215},
{"id":"21","value":0.28785},
{"id":"22","value":0.286916},
{"id":"23","value":0.204673},
{"id":"24","value":0.0607477},
{"id":"25","value":0.0556075},
{"id":"26","value":0.111215},
{"id":"27","value":0.129439},
{"id":"28","value":0.213084},
{"id":"29","value":0.250935},
{"id":"30","value":0.390654},
{"id":"31","value":0.0915888},
{"id":"32","value":0.102804},
{"id":"33","value":0.106542},
{"id":"34","value":0.0761682},
{"id":"35","value":0.05},
{"id":"36","value":0.0588785},
{"id":"37","value":0.504206},
{"id":"38","value":0.142523},
{"id":"39","value":0.485047},
{"id":"40","value":0.940654},
{"id":"41","value":0.942056},
{"id":"42","value":0.633178},
{"id":"43","value":0.0934579},
{"id":"44","value":0.180374},
{"id":"45","value":0.257944},
{"id":"46","value":0.56028},
{"id":"47","value":0.157477},
{"id":"48","value":0.347196},
{"id":"49","value":0.133178},
{"id":"50","value":0.333178},
{"id":"51","value":0.287383},
{"id":"52","value":0.082243},
{"id":"53","value":0.123832},
{"id":"54","value":0.315888},
{"id":"55","value":0.306542},
{"id":"56","value":0.333178},
{"id":"57","value":0.166822},
{"id":"58","value":0.285514},
{"id":"59","value":0.0915888},
{"id":"60","value":0.175701},
{"id":"61","value":0.0850467},
{"id":"62","value":0.0359813},
{"id":"63","value":0.0654206},
{"id":"64","value":0.0275701},
{"id":"65","value":0.053271},
{"id":"66","value":0.135981},
{"id":"67","value":0.0313084},
{"id":"68","value":0.129439},
{"id":"69","value":0.0672897},
{"id":"70","value":0.0742991},
{"id":"71","value":0.0616822},
{"id":"72","value":0.061215},
{"id":"73","value":0.0574766},
{"id":"74","value":0.0233645},
{"id":"75","value":0.0233645},
{"id":"76","value":0.0280374},
{"id":"77","value":0.035514},
{"id":"78","value":0.0219626},
{"id":"79","value":0.0186916},
{"id":"80","value":0.0182243},
{"id":"81","value":0.192523},
{"id":"82","value":0.635514},
{"id":"83","value":0.957477},
{"id":"84","value":0.78972},
{"id":"85","value":0.107477},
{"id":"86","value":0.646729},
{"id":"87","value":0.362617},
{"id":"88","value":0.304206},
{"id":"89","value":0.301402},
{"id":"90","value":0.283645},
{"id":"91","value":0.211215},
{"id":"92","value":0.196262},
{"id":"93","value":0.138785},
{"id":"94","value":0.116822},
{"id":"95","value":0.1},
{"id":"96","value":0.0929907},
{"id":"97","value":0.0929907},
{"id":"98","value":0.0771028},
{"id":"99","value":0.0691589},
{"id":"100","value":0.0626168},
{"id":"101","value":0.0514019},
{"id":"102","value":0.120093},
{"id":"103","value":0.234112},
{"id":"104","value":0.371028},
{"id":"105","value":0.473832},
{"id":"106","value":0.261215},
{"id":"107","value":0.28785},
{"id":"108","value":0.286916},
{"id":"109","value":0.204673},
{"id":"110","value":0.0607477},
{"id":"111","value":0.0556075},
{"id":"112","value":0.111215},
{"id":"113","value":0.129439},
{"id":"114","value":0.213084},
{"id":"115","value":0.250935},
{"id":"116","value":0.390654},
{"id":"117","value":0.0915888},
{"id":"118","value":0.102804},
{"id":"119","value":0.106542},
{"id":"120","value":0.0761682},
{"id":"121","value":0.05},
{"id":"122","value":0.0588785},
{"id":"123","value":0.504206},
{"id":"124","value":0.142523},
{"id":"125","value":0.485047},
{"id":"126","value":0.940654},
{"id":"127","value":0.942056},
{"id":"128","value":0.633178},
{"id":"129","value":0.0934579},
{"id":"130","value":0.180374},
{"id":"131","value":0.257944},
{"id":"132","value":0.56028},
{"id":"133","value":0.157477},
{"id":"134","value":0.347196},
{"id":"135","value":0.133178},
{"id":"136","value":0.333178},
{"id":"137","value":0.287383},
{"id":"138","value":0.082243},
{"id":"139","value":0.123832},
{"id":"140","value":0.315888},
{"id":"141","value":0.306542},
{"id":"142","value":0.333178},
{"id":"143","value":0.166822},
{"id":"144","value":0.285514},
{"id":"145","value":0.0915888},
{"id":"146","value":0.175701},
{"id":"147","value":0.0850467},
{"id":"148","value":0.0359813},
{"id":"149","value":0.0654206},
{"id":"150","value":0.0275701},
{"id":"151","value":0.053271},
{"id":"152","value":0.135981},
{"id":"153","value":0.0313084},
{"id":"154","value":0.129439},
{"id":"155","value":0.0672897},
{"id":"156","value":0.0742991},
{"id":"157","value":0.0616822},
{"id":"158","value":0.061215},
{"id":"159","value":0.0574766},
{"id":"160","value":0.0233645},
{"id":"161","value":0.0233645},
{"id":"162","value":0.0280374},
{"id":"163","value":0.035514},
{"id":"164","value":0.0219626},
{"id":"165","value":0.0186916},
{"id":"166","value":0.0182243},
{"id":"167","value":0.192523},
{"id":"168","value":0.192523},
{"id":"169","value":0.635514},
{"id":"170","value":0.635514},
{"id":"171","value":0.957477},
{"id":"172","value":0.957477},
{"id":"173","value":0.78972},
{"id":"174","value":0.78972},
{"id":"175","value":0.107477},
{"id":"176","value":0.107477},
{"id":"177","value":0.646729},
{"id":"178","value":0.362617},
{"id":"179","value":0.304206},
{"id":"180","value":0.301402},
{"id":"181","value":0.283645},
{"id":"182","value":0.211215},
{"id":"183","value":0.196262},
{"id":"184","value":0.138785},
{"id":"185","value":0.116822},
{"id":"186","value":0.1},
{"id":"187","value":0.0929907},
{"id":"188","value":0.0929907},
{"id":"189","value":0.0771028},
{"id":"190","value":0.0691589},
{"id":"191","value":0.0626168},
{"id":"192","value":0.0514019},
{"id":"193","value":0.120093},
{"id":"194","value":0.234112},
{"id":"195","value":0.371028},
{"id":"196","value":0.473832},
{"id":"197","value":0.261215},
{"id":"198","value":0.28785},
{"id":"199","value":0.286916},
{"id":"200","value":0.204673},
{"id":"201","value":0.0607477},
{"id":"202","value":0.0556075},
{"id":"203","value":0.111215},
{"id":"204","value":0.129439},
{"id":"205","value":0.213084},
{"id":"206","value":0.250935},
{"id":"207","value":0.390654},
{"id":"208","value":0.0915888},
{"id":"209","value":0.102804},
{"id":"210","value":0.106542},
{"id":"211","value":0.0761682},
{"id":"212","value":0.05},
{"id":"213","value":0.0588785},
{"id":"214","value":0.504206},
{"id":"215","value":0.142523},
{"id":"216","value":0.485047},
{"id":"217","value":0.940654},
{"id":"218","value":0.942056},
{"id":"219","value":0.633178},
{"id":"220","value":0.0934579},
{"id":"221","value":0.180374},
{"id":"222","value":0.257944},
{"id":"223","value":0.56028},
{"id":"224","value":0.157477},
{"id":"225","value":0.347196},
{"id":"226","value":0.133178},
{"id":"227","value":0.333178},
{"id":"228","value":0.287383},
{"id":"229","value":0.082243},
{"id":"230","value":0.123832},
{"id":"231","value":0.315888},
{"id":"232","value":0.306542},
{"id":"233","value":0.333178},
{"id":"234","value":0.166822},
{"id":"235","value":0.285514},
{"id":"236","value":0.0915888},
{"id":"237","value":0.175701},
{"id":"238","value":0.0850467},
{"id":"239","value":0.0359813},
{"id":"240","value":0.0654206},
{"id":"241","value":0.0275701},
{"id":"242","value":0.053271},
{"id":"243","value":0.135981},
{"id":"244","value":0.0313084},
{"id":"245","value":0.129439},
{"id":"246","value":0.0672897},
{"id":"247","value":0.0742991},
{"id":"248","value":0.0616822},
{"id":"249","value":0.061215},
{"id":"250","value":0.0574766},
{"id":"251","value":0.0233645},
{"id":"252","value":0.0233645},
{"id":"253","value":0.0280374},
{"id":"254","value":0.035514},
{"id":"255","value":0.0219626},
{"id":"256","value":0.0186916},
{"id":"257","value":0.0182243},
{"id":"258","value":0.257944},
{"id":"259","value":0.314953},
{"id":"260","value":0.314019},
{"id":"261","value":0.0640187},
{"id":"262","value":0.143925},
{"id":"263","value":0.148131},
{"id":"264","value":0.0841122},
{"id":"265","value":0.113551},
{"id":"266","value":0.0939252},
{"id":"267","value":0.0570093},
{"id":"268","value":0.0897196},
{"id":"269","value":0.0714953},
{"id":"270","value":0.116355},
{"id":"271","value":0.0121495},
{"id":"272","value":0.0126168},
{"id":"273","value":0.011215},
{"id":"274","value":0.0317757},
{"id":"275","value":0.0392523},
{"id":"276","value":0.0219626},
{"id":"277","value":0.035514},
{"id":"278","value":0.0107477},
{"id":"279","value":0.0154206},
{"id":"280","value":0.0369159},
{"id":"281","value":0.0785047},
{"id":"282","value":0.0154206},
{"id":"283","value":0.0154206},
{"id":"284","value":0.0163551},
{"id":"285","value":0.0728972},
{"id":"286","value":0.0785047},
{"id":"287","value":0.0635514},
{"id":"288","value":0.038785},
{"id":"289","value":0.0154206},
{"id":"290","value":0.0182243},
{"id":"291","value":0.0850467},
{"id":"292","value":0.0761682},
{"id":"293","value":0.257944},
{"id":"294","value":0.314953},
{"id":"295","value":0.314019},
{"id":"296","value":0.0640187},
{"id":"297","value":0.143925},
{"id":"298","value":0.148131},
{"id":"299","value":0.0841122},
{"id":"300","value":0.113551},
{"id":"301","value":0.0939252},
{"id":"302","value":0.0570093},
{"id":"303","value":0.0897196},
{"id":"304","value":0.0714953},
{"id":"305","value":0.116355},
{"id":"306","value":0.0121495},
{"id":"307","value":0.0126168},
{"id":"308","value":0.011215},
{"id":"309","value":0.0317757},
{"id":"310","value":0.0392523},
{"id":"311","value":0.0219626},
{"id":"312","value":0.035514},
{"id":"313","value":0.0107477},
{"id":"314","value":0.0154206},
{"id":"315","value":0.0369159},
{"id":"316","value":0.0116822},
{"id":"317","value":0.0154206},
{"id":"318","value":0.0154206},
{"id":"319","value":0.0163551},
{"id":"320","value":0.0728972},
{"id":"321","value":0.0785047},
{"id":"322","value":0.0635514},
{"id":"323","value":0.038785},
{"id":"324","value":0.0154206},
{"id":"325","value":0.0182243},
{"id":"326","value":0.369159},
{"id":"327","value":0.280374},
{"id":"328","value":0.27757},
{"id":"329","value":0.207944},
{"id":"330","value":0.195327},
{"id":"331","value":0.178037},
{"id":"332","value":0.164953},
{"id":"333","value":0.133178},
{"id":"334","value":0.130374},
{"id":"335","value":0.125701},
{"id":"336","value":0.115421},
{"id":"337","value":0.104206},
{"id":"338","value":0.100467},
{"id":"339","value":0.0971963},
{"id":"340","value":0.0934579},
{"id":"341","value":0.0892523},
{"id":"342","value":0.0827103},
{"id":"343","value":0.078972},
{"id":"344","value":0.0672897},
{"id":"345","value":0.0672897},
{"id":"346","value":0.0654206},
{"id":"347","value":0.0649533},
{"id":"348","value":0.0635514},
{"id":"349","value":0.0630841},
{"id":"350","value":0.0621495},
{"id":"351","value":0.0621495},
{"id":"352","value":0.0602804},
{"id":"353","value":0.0584112},
{"id":"354","value":0.0579439},
{"id":"355","value":0.0570093},
{"id":"356","value":0.0537383},
{"id":"357","value":0.0518692},
{"id":"358","value":0.0509346},
{"id":"359","value":0.05},
{"id":"360","value":0.233178},
{"id":"361","value":0.234112},
{"id":"362","value":0.138318},
{"id":"363","value":0.995327},
{"id":"364","value":0.270561},
{"id":"365","value":0.0551402},
{"id":"366","value":0.0766355},
{"id":"367","value":0.271028},
{"id":"368","value":0.0556075},
{"id":"369","value":0.0771028},
{"id":"370","value":0.0883178},
{"id":"371","value":0.103271},
{"id":"372","value":0.203271},
{"id":"373","value":0.147664},
{"id":"374","value":0.13972},
{"id":"375","value":0.264953},
{"id":"376","value":0.0869159},
{"id":"377","value":0.149065},
{"id":"378","value":0.141121},
{"id":"379","value":0.266822},
{"id":"380","value":0.0869159},
{"id":"381","value":0.258878},
{"id":"382","value":0.0920561},
{"id":"383","value":0.100935},
{"id":"384","value":0.197196},
{"id":"385","value":0.0714953},
{"id":"386","value":0.177103},
{"id":"387","value":0.0827103},
{"id":"388","value":0.0602804},
{"id":"389","value":0.0827103},
{"id":"390","value":0.0593458},
{"id":"391","value":0.0537383},
{"id":"392","value":0.0892523},
{"id":"393","value":0.149533},
{"id":"394","value":0.150467},
{"id":"395","value":0.225234},
{"id":"396","value":0.106075},
{"id":"397","value":0.222897},
{"id":"398","value":0.106075},
{"id":"399","value":0.0686916},
{"id":"400","value":0.0579439},
{"id":"401","value":0.0953271},
{"id":"402","value":0.117757},
{"id":"403","value":0.0733645},
{"id":"404","value":0.0551402},
{"id":"405","value":0.0841122},
{"id":"406","value":0.113551},
{"id":"407","value":0.0654206},
{"id":"408","value":0.0757009},
{"id":"409","value":0.064486},
{"id":"410","value":0.0771028},
{"id":"411","value":0.0747664},
{"id":"412","value":0.231776},
{"id":"413","value":0.232243},
{"id":"414","value":0.0939252},
{"id":"415","value":0.134112},
{"id":"416","value":0.134112},
{"id":"417","value":0.0504673},
{"id":"418","value":0.0733645},
{"id":"419","value":0.0733645},
{"id":"420","value":0.0663551},
{"id":"421","value":0.0845794},
{"id":"422","value":0.0542056},
{"id":"423","value":0.120093},
{"id":"424","value":0.109813},
{"id":"425","value":0.0775701},
{"id":"426","value":0.153271},
{"id":"427","value":0.0579439},
{"id":"428","value":0.0892523},
{"id":"429","value":0.0766355},
{"id":"430","value":0.0738318},
{"id":"431","value":0.0630841},
{"id":"432","value":0.11729},
{"id":"433","value":0.0556075},
{"id":"434","value":0.0556075},
{"id":"435","value":0.125234},
{"id":"436","value":0.126168},
{"id":"437","value":0.0523364},
{"id":"438","value":0.0514019},
{"id":"439","value":0.0714953},
{"id":"440","value":0.0747664},
{"id":"441","value":0.0869159},
{"id":"442","value":0.0364486},
{"id":"443","value":0.0626168},
{"id":"444","value":0.171028},
{"id":"445","value":0.0995327},
{"id":"446","value":0.157009},
{"id":"447","value":0.101869},
{"id":"448","value":0.157009},
{"id":"449","value":0.101869},
{"id":"450","value":0.116355},
{"id":"451","value":0.0102804},
{"id":"452","value":0.0163551},
{"id":"453","value":0.082243},
{"id":"454","value":0.0598131},
{"id":"455","value":0.229439},
{"id":"456","value":0.229439},
{"id":"457","value":0.142523},
{"id":"458","value":0.0205607},
{"id":"459","value":0.0158879},
{"id":"460","value":0.0420561},
{"id":"461","value":0.104206},
{"id":"462","value":0.104673},
{"id":"463","value":0.0799065},
{"id":"464","value":0.0140187},
{"id":"465","value":0.014486},
{"id":"466","value":0.138785},
{"id":"467","value":0.130841},
{"id":"468","value":0.100467},
{"id":"469","value":0.0457944},
{"id":"470","value":0.120093},
{"id":"471","value":0.0238318},
{"id":"472","value":0.0453271},
{"id":"473","value":0.0242991},
{"id":"474","value":0.0453271},
{"id":"475","value":0.0238318},
{"id":"476","value":0.011215},
{"id":"477","value":0.0186916},
{"id":"478","value":0.0242991},
{"id":"479","value":0.0280374},
{"id":"480","value":0.0233645},
{"id":"481","value":0.0135514},
{"id":"482","value":0.0186916},
{"id":"483","value":0.014486},
{"id":"484","value":0.011215},
{"id":"485","value":0.0135514},
{"id":"486","value":0.0126168},
{"id":"487","value":0.0140187},
{"id":"488","value":0.021028},
{"id":"489","value":0.0126168},
{"id":"490","value":0.143925},
{"id":"491","value":0.0485981},
{"id":"492","value":0.0149533},
{"id":"493","value":0.088785},
{"id":"494","value":0.088785},
{"id":"495","value":0.0191589},
{"id":"496","value":0.0154206},
{"id":"497","value":0.0228972},
{"id":"498","value":0.0116822},
{"id":"499","value":0.0196262},
{"id":"500","value":0.0116822},
{"id":"501","value":0.0266355},
{"id":"502","value":0.191589},
{"id":"503","value":0.0102804},
{"id":"504","value":0.191589},
{"id":"505","value":0.0102804},
{"id":"506","value":0.0523364},
{"id":"507","value":0.0163551},
{"id":"508","value":0.0247664},
{"id":"509","value":0.0126168},
{"id":"510","value":0.0462617},
{"id":"511","value":0.172897},
{"id":"512","value":0.131776},
{"id":"513","value":0.131776},
{"id":"514","value":0.0219626},
{"id":"515","value":0.0200935},
{"id":"516","value":0.0317757},
{"id":"517","value":0.103271},
{"id":"518","value":0.0420561},
{"id":"519","value":0.0668224},
{"id":"520","value":0.0504673},
{"id":"521","value":0.0766355},
{"id":"522","value":0.0574766},
{"id":"523","value":0.05},
{"id":"524","value":0.0775701},
{"id":"525","value":0.0570093},
{"id":"526","value":0.011215},
{"id":"527","value":0.014486},
{"id":"528","value":0.0299065},
{"id":"529","value":0.0252336},
{"id":"530","value":0.0116822},
{"id":"531","value":0.0929907},
{"id":"532","value":0.0130841},
{"id":"533","value":0.046729},
{"id":"534","value":0.032243},
{"id":"535","value":0.0696262},
{"id":"536","value":0.0691589},
{"id":"537","value":0.11215},
{"id":"538","value":0.0742991},
{"id":"539","value":0.0191589},
{"id":"540","value":0.0514019},
{"id":"541","value":0.0397196},
{"id":"542","value":0.0518692},
{"id":"543","value":0.0369159},
{"id":"544","value":0.0205607},
{"id":"545","value":0.0172897},
{"id":"546","value":0.0172897},
{"id":"547","value":0.0135514},
{"id":"548","value":0.0238318},
{"id":"549","value":0.0392523},
{"id":"550","value":0.0135514},
{"id":"551","value":0.12757},
{"id":"552","value":0.0696262},
{"id":"553","value":0.046729},
{"id":"554","value":0.038785},
{"id":"555","value":0.0593458},
{"id":"556","value":0.0588785},
{"id":"557","value":0.0126168},
{"id":"558","value":0.0163551},
{"id":"559","value":0.0257009},
{"id":"560","value":0.0813084},
{"id":"561","value":0.0813084},
{"id":"562","value":0.0602804},
{"id":"563","value":0.0803738},
{"id":"564","value":0.0285047},
{"id":"565","value":0.0102804},
{"id":"566","value":0.0514019},
{"id":"567","value":0.0518692},
{"id":"568","value":0.0560748},
{"id":"569","value":0.0443925},
{"id":"570","value":0.0261682},
{"id":"571","value":0.0158879},
{"id":"572","value":0.0182243},
{"id":"573","value":0.0228972},
{"id":"574","value":0.0261682},
{"id":"575","value":0.251869},
{"id":"576","value":0.0168224},
{"id":"577","value":0.0369159},
{"id":"578","value":0.0700935},
{"id":"579","value":0.017757},
{"id":"580","value":0.0233645},
{"id":"581","value":0.0126168},
{"id":"582","value":0.0107477},
{"id":"583","value":0.0303738},
{"id":"584","value":0.0121495},
{"id":"585","value":0.0168224},
{"id":"586","value":0.130374},
{"id":"587","value":0.0266355},
{"id":"588","value":0.0205607},
{"id":"589","value":0.100467},
{"id":"590","value":0.0130841},
{"id":"591","value":0.0191589},
{"id":"592","value":0.0602804},
{"id":"593","value":0.0429907},
{"id":"594","value":0.035514},
{"id":"595","value":0.0920561},
{"id":"596","value":0.0191589},
{"id":"597","value":0.0140187},
{"id":"598","value":0.0658879},
{"id":"599","value":0.0130841},
{"id":"600","value":0.021028},
{"id":"601","value":0.0457944},
{"id":"602","value":0.0439252},
{"id":"603","value":0.0714953},
{"id":"604","value":0.0457944},
{"id":"605","value":0.0397196},
{"id":"606","value":0.021028},
{"id":"607","value":0.021028},
{"id":"608","value":0.021028},
{"id":"609","value":0.0280374},
{"id":"610","value":0.0228972},
{"id":"611","value":0.0116822},
{"id":"612","value":0.014486},
{"id":"613","value":0.0476636},
{"id":"614","value":0.0392523},
{"id":"615","value":0.0196262},
{"id":"616","value":0.0448598},
{"id":"617","value":0.0453271},
{"id":"618","value":0.0462617},
{"id":"619","value":0.0303738},
{"id":"620","value":0.0303738},
{"id":"621","value":0.0219626},
{"id":"622","value":0.0219626},
{"id":"623","value":0.0102804},
{"id":"624","value":0.0130841},
{"id":"625","value":0.0107477},
{"id":"626","value":0.0228972},
{"id":"627","value":0.0158879},
{"id":"628","value":0.0392523},
{"id":"629","value":0.0182243},
{"id":"630","value":0.0827103},
{"id":"631","value":0.0448598},
{"id":"632","value":0.0640187},
{"id":"633","value":0.0294393},
{"id":"634","value":0.0275701},
{"id":"635","value":0.011215},
{"id":"636","value":0.0163551},
{"id":"637","value":0.0285047},
{"id":"638","value":0.0560748},
{"id":"639","value":0.0733645},
{"id":"640","value":0.0425234},
{"id":"641","value":0.0415888},
{"id":"642","value":0.0205607},
{"id":"643","value":0.0934579},
{"id":"644","value":0.0901869},
{"id":"645","value":0.0514019},
{"id":"646","value":0.0668224},
{"id":"647","value":0.032243},
{"id":"648","value":0.0238318},
{"id":"649","value":0.0261682},
{"id":"650","value":0.028972},
{"id":"651","value":0.0285047},
{"id":"652","value":0.014486},
{"id":"653","value":0.0116822},
{"id":"654","value":0.0266355},
{"id":"655","value":0.0200935},
{"id":"656","value":0.0247664},
{"id":"657","value":0.0158879},
{"id":"658","value":0.011215},
{"id":"659","value":0.0228972},
{"id":"660","value":0.017757},
{"id":"661","value":0.0172897},
{"id":"662","value":0.017757},
{"id":"663","value":0.0191589},
{"id":"664","value":0.0154206},
{"id":"665","value":0.0313084},
{"id":"666","value":0.0313084},
{"id":"667","value":0.0238318},
{"id":"668","value":0.0107477},
{"id":"669","value":0.0163551},
{"id":"670","value":0.0392523},
{"id":"671","value":0.0392523},
{"id":"672","value":0.0149533},
{"id":"673","value":0.0331776},
{"id":"674","value":0.0158879},
{"id":"675","value":0.0158879},
{"id":"676","value":0.0285047},
{"id":"677","value":0.0485981},
{"id":"678","value":0.011215},
{"id":"679","value":0.0130841},
{"id":"680","value":0.053271},
{"id":"681","value":0.0238318},
{"id":"682","value":0.0514019},
{"id":"683","value":0.0397196},
{"id":"684","value":0.0121495},
{"id":"685","value":0.0158879},
{"id":"686","value":0.0200935},
{"id":"687","value":0.0247664},
{"id":"688","value":0.0303738},
{"id":"689","value":0.032243},
{"id":"690","value":0.0219626},
{"id":"691","value":0.0214953},
{"id":"692","value":0.0102804},
{"id":"693","value":0.0130841},
{"id":"694","value":0.0191589},
{"id":"695","value":0.0191589},
{"id":"696","value":0.0107477},
{"id":"697","value":0.0135514},
{"id":"698","value":0.0102804},
{"id":"699","value":0.0186916},
{"id":"700","value":0.0158879},
{"id":"701","value":0.011215},
{"id":"702","value":0.0168224},
{"id":"703","value":0.0154206},
{"id":"704","value":0.0126168},
{"id":"705","value":0.0121495},
{"id":"706","value":0.0158879},
{"id":"707","value":0.0107477},
{"id":"708","value":0.0168224},
{"id":"709","value":0.0126168},
{"id":"710","value":0.0163551},
{"id":"711","value":0.038785},
{"id":"712","value":0.0219626},
{"id":"713","value":0.0219626},
{"id":"714","value":0.0233645},
{"id":"715","value":0.0116822},
{"id":"716","value":0.0186916},
{"id":"717","value":0.0140187},
{"id":"718","value":0.0140187},
{"id":"719","value":0.0130841},
{"id":"720","value":0.0149533},
{"id":"721","value":0.0121495},
{"id":"722","value":0.014486},
{"id":"723","value":0.0191589},
{"id":"724","value":0.0126168},
{"id":"725","value":0.0107477},
{"id":"726","value":0.0102804},
{"id":"727","value":0.0738318},
{"id":"728","value":0.0429907},
{"id":"729","value":0.206542},
{"id":"730","value":0.0383178},
{"id":"731","value":0.179439},
{"id":"732","value":0.0401869},
{"id":"733","value":0.0275701},
{"id":"734","value":0.0271028},
{"id":"735","value":0.0149533},
{"id":"736","value":0.0214953},
{"id":"737","value":0.0205607},
{"id":"738","value":0.133645},
{"id":"739","value":0.0257009},
{"id":"740","value":0.0191589},
{"id":"741","value":0.0817757},
{"id":"742","value":0.0275701},
{"id":"743","value":0.0261682},
{"id":"744","value":0.0154206},
{"id":"745","value":0.0140187},
{"id":"746","value":0.0504673}
]}