{
"vertices":[
{"id":"0","name":"vase","Leaves":[],"frequency":1},
{"id":"1","name":"vase","Leaves":[],"frequency":1},
{"id":"2","name":"vase","Leaves":[],"frequency":1},
{"id":"3","name":"stand","Leaves":[],"frequency":1},
{"id":"4","name":"pillow","Leaves":[],"frequency":1},
{"id":"5","name":"pillow","Leaves":[],"frequency":1},
{"id":"6","name":"pillow","Leaves":[],"frequency":1},
{"id":"7","name":"table_lamp","Leaves":[],"frequency":1},
{"id":"8","name":"books","Leaves":[],"frequency":1},
{"id":"9","name":"clock","Leaves":[],"frequency":1},
{"id":"10","name":"table_lamp","Leaves":[],"frequency":1},
{"id":"11","name":"table_lamp","Leaves":[],"frequency":1},
{"id":"12","name":"table_lamp","Leaves":[],"frequency":1},
{"id":"13","name":"table_lamp","Leaves":[],"frequency":1},
{"id":"14","name":"picture_frame","Leaves":[],"frequency":1},
{"id":"15","name":"chair","Leaves":[],"frequency":1},
{"id":"16","name":"person","Leaves":[],"frequency":1},
{"id":"17","name":"book","Leaves":[],"frequency":1},
{"id":"18","name":"book","Leaves":[],"frequency":1},
{"id":"19","name":"plant","Leaves":[],"frequency":1},
{"id":"20","name":"laptop","Leaves":[],"frequency":1},
{"id":"21","name":"laptop","Leaves":[],"frequency":1},
{"id":"22","name":"toy","Leaves":[],"frequency":1},
{"id":"23","name":"book","Leaves":[],"frequency":1},
{"id":"24","name":"television","Leaves":[],"frequency":1},
{"id":"25","name":"mirror","Leaves":[],"frequency":1},
{"id":"26","name":"picture_frame","Leaves":[],"frequency":1},
{"id":"27","name":"picture_frame","Leaves":[],"frequency":1},
{"id":"28","name":"books","Leaves":[],"frequency":1},
{"id":"29","name":"books","Leaves":[],"frequency":1},
{"id":"30","name":"switch","Leaves":[],"frequency":1},
{"id":"31","name":"desk","Leaves":[],"frequency":1},
{"id":"32","name":"dresser","Leaves":[],"frequency":1},
{"id":"33","name":"rug","Leaves":[],"frequency":1},
{"id":"34","name":"shoes","Leaves":[],"frequency":1},
{"id":"35","name":"shoes","Leaves":[],"frequency":1},
{"id":"36","name":"stand","Leaves":[],"frequency":1},
{"id":"37","name":"stand","Leaves":[],"frequency":1},
{"id":"38","name":"wall_lamp","Leaves":[],"frequency":1},
{"id":"39","name":"wall_lamp","Leaves":[],"frequency":1},
{"id":"40","name":"hanger","Leaves":[],"frequency":1},
{"id":"41","name":"double_bed","Leaves":[],"frequency":1},
{"id":"42","name":"playstation","Leaves":[],"frequency":1},
{"id":"43","name":"playstation","Leaves":[],"frequency":1},
{"id":"44","name":"playstation","Leaves":[],"frequency":1},
{"id":"45","name":"switch","Leaves":[],"frequency":1},
{"id":"46","name":"wall_lamp","Leaves":[],"frequency":1},
{"id":"47","name":"vase","Leaves":[],"frequency":1},
{"id":"48","name":"air_conditioner","Leaves":[],"frequency":1},
{"id":"49","name":"sofa","Leaves":[],"frequency":1},
{"id":"50","name":"computer","Leaves":[],"frequency":1},
{"id":"51","name":"computer","Leaves":[],"frequency":1},
{"id":"52","name":"computer","Leaves":[],"frequency":1},
{"id":"53","name":"computer","Leaves":[],"frequency":1},
{"id":"54","name":"books","Leaves":[],"frequency":1},
{"id":"55","name":"ottoman","Leaves":[],"frequency":1},
{"id":"56","name":"ottoman","Leaves":[],"frequency":1},
{"id":"57","name":"ottoman","Leaves":[],"frequency":1},
{"id":"58","name":"fishbowl","Leaves":[],"frequency":1},
{"id":"59","name":"loudspeaker","Leaves":[],"frequency":1},
{"id":"60","name":"loudspeaker","Leaves":[],"frequency":1},
{"id":"61","name":"loudspeaker","Leaves":[],"frequency":1},
{"id":"62","name":"armchair","Leaves":[],"frequency":1},
{"id":"63","name":"stereo_set","Leaves":[],"frequency":1},
{"id":"64","name":"cup","Leaves":[],"frequency":1},
{"id":"65","name":"cup","Leaves":[],"frequency":1},
{"id":"66","name":"switch","Leaves":[],"frequency":1},
{"id":"67","name":"switch","Leaves":[],"frequency":1},
{"id":"68","name":"office_chair","Leaves":[],"frequency":1},
{"id":"69","name":"armchair","Leaves":[],"frequency":1},
{"id":"70","name":"ceiling_fan","Leaves":[],"frequency":1},
{"id":"71","name":"chandelier","Leaves":[],"frequency":1},
{"id":"72","name":"plant","Leaves":[],"frequency":1},
{"id":"73","name":"plant","Leaves":[],"frequency":1},
{"id":"74","name":"plant","Leaves":[],"frequency":1},
{"id":"75","name":"plant","Leaves":[],"frequency":1},
{"id":"76","name":"books","Leaves":[],"frequency":1},
{"id":"77","name":"wall_lamp","Leaves":[],"frequency":1},
{"id":"78","name":"rug","Leaves":[],"frequency":1},
{"id":"79","name":"rug","Leaves":[],"frequency":1},
{"id":"80","name":"clock","Leaves":[],"frequency":1},
{"id":"81","name":"microwave","Leaves":[],"frequency":1},
{"id":"82","name":"whiteboard","Leaves":[],"frequency":1},
{"id":"83","name":"stereo_set","Leaves":[],"frequency":1},
{"id":"84","name":"chandelier","Leaves":[],"frequency":1},
{"id":"85","name":"chandelier","Leaves":[],"frequency":1},
{"id":"86","name":"chandelier","Leaves":[],"frequency":1},
{"id":"87","name":"chandelier","Leaves":[],"frequency":1},
{"id":"88","name":"sofa","Leaves":[],"frequency":1},
{"id":"89","name":"sofa","Leaves":[],"frequency":1},
{"id":"90","name":"sofa","Leaves":[],"frequency":1},
{"id":"91","name":"wardrobe_cabinet","Leaves":[],"frequency":1},
{"id":"92","name":"wardrobe_cabinet","Leaves":[],"frequency":1},
{"id":"93","name":"wardrobe_cabinet","Leaves":[],"frequency":1},
{"id":"94","name":"wardrobe_cabinet","Leaves":[],"frequency":1},
{"id":"95","name":"wardrobe_cabinet","Leaves":[],"frequency":1},
{"id":"96","name":"wardrobe_cabinet","Leaves":[],"frequency":1},
{"id":"97","name":"pet","Leaves":[],"frequency":1},
{"id":"98","name":"armchair","Leaves":[],"frequency":1},
{"id":"99","name":"bottle","Leaves":[],"frequency":1},
{"id":"100","name":"coffee_table","Leaves":[],"frequency":1},
{"id":"101","name":"laptop","Leaves":[],"frequency":1},
{"id":"102","name":"heater","Leaves":[],"frequency":1},
{"id":"103","name":"candle","Leaves":[],"frequency":1},
{"id":"104","name":"single_bed","Leaves":[],"frequency":1},
{"id":"105","name":"stationary_container","Leaves":[],"frequency":1},
{"id":"106","name":"chessboard","Leaves":[],"frequency":1},
{"id":"107","name":"xbox","Leaves":[],"frequency":1},
{"id":"108","name":"camera","Leaves":[],"frequency":1},
{"id":"109","name":"magazines","Leaves":[],"frequency":1},
{"id":"110","name":"cellphone","Leaves":[],"frequency":1},
{"id":"111","name":"books","Leaves":[],"frequency":1},
{"id":"112","name":"books","Leaves":[],"frequency":1},
{"id":"113","name":"books","Leaves":[],"frequency":1},
{"id":"114","name":"plates","Leaves":[],"frequency":1},
{"id":"115","name":"plates","Leaves":[],"frequency":1},
{"id":"116","name":"hanging_kitchen_cabinet","Leaves":[],"frequency":1},
{"id":"117","name":"cup","Leaves":[],"frequency":1},
{"id":"118","name":"cup","Leaves":[],"frequency":1},
{"id":"119","name":"book","Leaves":[],"frequency":1},
{"id":"120","name":"candle","Leaves":[],"frequency":1},
{"id":"121","name":"fireplace","Leaves":[],"frequency":1},
{"id":"122","name":"toaster","Leaves":[],"frequency":1},
{"id":"123","name":"dresser","Leaves":[],"frequency":1},
{"id":"124","name":"kitchen_cabinet","Leaves":[],"frequency":1},
{"id":"125","name":"dresser","Leaves":[],"frequency":1},
{"id":"126","name":"dresser","Leaves":[],"frequency":1},
{"id":"127","name":"toy","Leaves":[],"frequency":1},
{"id":"128","name":"toy","Leaves":[],"frequency":1},
{"id":"129","name":"xbox","Leaves":[],"frequency":1},
{"id":"130","name":"car","Leaves":[],"frequency":1},
{"id":"131","name":"headphones_on_stand","Leaves":[],"frequency":1},
{"id":"132","name":"gym_equipment","Leaves":[],"frequency":1},
{"id":"133","name":"piano","Leaves":[],"frequency":1},
{"id":"134","name":"sink","Leaves":[],"frequency":1},
{"id":"135","name":"sink","Leaves":[],"frequency":1},
{"id":"136","name":"kitchen_cabinet","Leaves":[],"frequency":1},
{"id":"137","name":"refrigerator","Leaves":[],"frequency":1},
{"id":"138","name":"cutting_board","Leaves":[],"frequency":1},
{"id":"139","name":"bottle","Leaves":[],"frequency":1},
{"id":"140","name":"pillow","Leaves":[],"frequency":1},
{"id":"141","name":"pillow","Leaves":[],"frequency":1},
{"id":"142","name":"pillow","Leaves":[],"frequency":1},
{"id":"143","name":"dining_table","Leaves":[],"frequency":1},
{"id":"144","name":"dining_table","Leaves":[],"frequency":1},
{"id":"145","name":"trash_can","Leaves":[],"frequency":1},
{"id":"146","name":"magazines","Leaves":[],"frequency":1},
{"id":"147","name":"coffee_table","Leaves":[],"frequency":1},
{"id":"148","name":"beer","Leaves":[],"frequency":1},
{"id":"149","name":"laptop","Leaves":[],"frequency":1},
{"id":"150","name":"ladder","Leaves":[],"frequency":1},
{"id":"151","name":"trinket","Leaves":[],"frequency":1},
{"id":"152","name":"trinket","Leaves":[],"frequency":1},
{"id":"153","name":"fruit_bowl","Leaves":[],"frequency":1},
{"id":"154","name":"trinket","Leaves":[],"frequency":1},
{"id":"155","name":"heater","Leaves":[],"frequency":1},
{"id":"156","name":"heater","Leaves":[],"frequency":1},
{"id":"157","name":"decoration","Leaves":[],"frequency":1},
{"id":"158","name":"ipad","Leaves":[],"frequency":1},
{"id":"159","name":"baby_bed","Leaves":[],"frequency":1},
{"id":"160","name":"beer","Leaves":[],"frequency":1},
{"id":"161","name":"beer","Leaves":[],"frequency":1},
{"id":"162","name":"beer","Leaves":[],"frequency":1},
{"id":"163","name":"beer","Leaves":[],"frequency":1},
{"id":"164","name":"beer","Leaves":[],"frequency":1},
{"id":"165","name":"beer","Leaves":[],"frequency":1},
{"id":"166","name":"glass","Leaves":[],"frequency":1},
{"id":"167","name":"hanging_kitchen_cabinet","Leaves":[],"frequency":1},
{"id":"168","name":"hanging_kitchen_cabinet","Leaves":[],"frequency":1},
{"id":"169","name":"floor_lamp","Leaves":[],"frequency":1},
{"id":"170","name":"household_appliance","Leaves":[],"frequency":1},
{"id":"171","name":"armchair","Leaves":[],"frequency":1},
{"id":"172","name":"armchair","Leaves":[],"frequency":1},
{"id":"173","name":"toilet","Leaves":[],"frequency":1},
{"id":"174","name":"toilet","Leaves":[],"frequency":1},
{"id":"175","name":"column","Leaves":[],"frequency":1},
{"id":"176","name":"motorcycle","Leaves":[],"frequency":1},
{"id":"177","name":"plant","Leaves":[],"frequency":1},
{"id":"178","name":"plant","Leaves":[],"frequency":1},
{"id":"179","name":"plant","Leaves":[],"frequency":1},
{"id":"180","name":"plant","Leaves":[],"frequency":1},
{"id":"181","name":"plant","Leaves":[],"frequency":1},
{"id":"182","name":"plant","Leaves":[],"frequency":1},
{"id":"183","name":"plant","Leaves":[],"frequency":1},
{"id":"184","name":"plant","Leaves":[],"frequency":1},
{"id":"185","name":"plant","Leaves":[],"frequency":1},
{"id":"186","name":"plant","Leaves":[],"frequency":1},
{"id":"187","name":"plant","Leaves":[],"frequency":1},
{"id":"188","name":"plant","Leaves":[],"frequency":1},
{"id":"189","name":"plant","Leaves":[],"frequency":1},
{"id":"190","name":"plant","Leaves":[],"frequency":1},
{"id":"191","name":"plant","Leaves":[],"frequency":1},
{"id":"192","name":"plant","Leaves":[],"frequency":1},
{"id":"193","name":"plant","Leaves":[],"frequency":1},
{"id":"194","name":"plant","Leaves":[],"frequency":1},
{"id":"195","name":"plant","Leaves":[],"frequency":1},
{"id":"196","name":"plant","Leaves":[],"frequency":1},
{"id":"197","name":"plant","Leaves":[],"frequency":1},
{"id":"198","name":"plant","Leaves":[],"frequency":1},
{"id":"199","name":"plant","Leaves":[],"frequency":1},
{"id":"200","name":"wood_board","Leaves":[],"frequency":1},
{"id":"201","name":"plates","Leaves":[],"frequency":1},
{"id":"202","name":"glass","Leaves":[],"frequency":1},
{"id":"203","name":"bottle","Leaves":[],"frequency":1},
{"id":"204","name":"column","Leaves":[],"frequency":1},
{"id":"205","name":"outdoor_lamp","Leaves":[],"frequency":1},
{"id":"206","name":"coffee_kettle","Leaves":[],"frequency":1},
{"id":"207","name":"range_oven","Leaves":[],"frequency":1},
{"id":"208","name":"coffee_machine","Leaves":[],"frequency":1},
{"id":"209","name":"car","Leaves":[],"frequency":1},
{"id":"210","name":"car","Leaves":[],"frequency":1},
{"id":"211","name":"coffee_table","Leaves":[],"frequency":1},
{"id":"212","name":"cloth","Leaves":[],"frequency":1},
{"id":"213","name":"glass","Leaves":[],"frequency":1},
{"id":"214","name":"ceiling_fan","Leaves":[],"frequency":1},
{"id":"215","name":"dishwasher","Leaves":[],"frequency":1},
{"id":"216","name":"toiletries","Leaves":[],"frequency":1},
{"id":"217","name":"switch","Leaves":[],"frequency":1},
{"id":"218","name":"table_lamp","Leaves":[],"frequency":1},
{"id":"219","name":"chandelier","Leaves":[],"frequency":1},
{"id":"220","name":"bench_chair","Leaves":[],"frequency":1},
{"id":"221","name":"glass","Leaves":[],"frequency":1},
{"id":"222","name":"ladder","Leaves":[],"frequency":1},
{"id":"223","name":"baby_bed","Leaves":[],"frequency":1},
{"id":"224","name":"plant","Leaves":[],"frequency":1},
{"id":"225","name":"plant","Leaves":[],"frequency":1},
{"id":"226","name":"safe","Leaves":[],"frequency":1},
{"id":"227","name":"wood_board","Leaves":[],"frequency":1},
{"id":"228","name":"wood_board","Leaves":[],"frequency":1},
{"id":"229","name":"wood_board","Leaves":[],"frequency":1},
{"id":"230","name":"wood_board","Leaves":[],"frequency":1},
{"id":"231","name":"place_setting","Leaves":[],"frequency":1},
{"id":"232","name":"glass","Leaves":[],"frequency":1},
{"id":"233","name":"tricycle","Leaves":[],"frequency":1},
{"id":"234","name":"chandelier","Leaves":[],"frequency":1},
{"id":"235","name":"chandelier","Leaves":[],"frequency":1}
],
"rules":[
{"id":"0","source":"3","target":"12","factor":"vertical"},
{"id":"1","source":"3","target":"13","factor":"vertical"},
{"id":"2","source":"15","target":"11","factor":"vertical"},
{"id":"3","source":"33","target":"35","factor":"vertical"},
{"id":"4","source":"14","target":"40","factor":"vertical"},
{"id":"5","source":"41","target":"43","factor":"vertical"},
{"id":"6","source":"41","target":"44","factor":"vertical"},
{"id":"7","source":"41","target":"52","factor":"vertical"},
{"id":"8","source":"41","target":"53","factor":"vertical"},
{"id":"9","source":"33","target":"42","factor":"vertical"},
{"id":"10","source":"50","target":"61","factor":"vertical"},
{"id":"11","source":"19","target":"55","factor":"vertical"},
{"id":"12","source":"62","target":"10","factor":"vertical"},
{"id":"13","source":"14","target":"73","factor":"vertical"},
{"id":"14","source":"14","target":"74","factor":"vertical"},
{"id":"15","source":"14","target":"75","factor":"vertical"},
{"id":"16","source":"14","target":"77","factor":"vertical"},
{"id":"17","source":"14","target":"80","factor":"vertical"},
{"id":"18","source":"25","target":"46","factor":"vertical"},
{"id":"19","source":"14","target":"31","factor":"vertical"},
{"id":"20","source":"19","target":"68","factor":"vertical"},
{"id":"21","source":"8","target":"45","factor":"vertical"},
{"id":"22","source":"14","target":"88","factor":"vertical"},
{"id":"23","source":"14","target":"89","factor":"vertical"},
{"id":"24","source":"14","target":"90","factor":"vertical"},
{"id":"25","source":"14","target":"91","factor":"vertical"},
{"id":"26","source":"14","target":"92","factor":"vertical"},
{"id":"27","source":"14","target":"93","factor":"vertical"},
{"id":"28","source":"14","target":"94","factor":"vertical"},
{"id":"29","source":"14","target":"95","factor":"vertical"},
{"id":"30","source":"14","target":"96","factor":"vertical"},
{"id":"31","source":"16","target":"97","factor":"vertical"},
{"id":"32","source":"14","target":"69","factor":"vertical"},
{"id":"33","source":"14","target":"98","factor":"vertical"},
{"id":"34","source":"62","target":"1","factor":"vertical"},
{"id":"35","source":"19","target":"37","factor":"vertical"},
{"id":"36","source":"19","target":"71","factor":"vertical"},
{"id":"37","source":"19","target":"84","factor":"vertical"},
{"id":"38","source":"19","target":"86","factor":"vertical"},
{"id":"39","source":"33","target":"67","factor":"vertical"},
{"id":"40","source":"14","target":"76","factor":"vertical"},
{"id":"41","source":"14","target":"111","factor":"vertical"},
{"id":"42","source":"14","target":"112","factor":"vertical"},
{"id":"43","source":"14","target":"113","factor":"vertical"},
{"id":"44","source":"103","target":"26","factor":"vertical"},
{"id":"45","source":"19","target":"28","factor":"vertical"},
{"id":"46","source":"104","target":"21","factor":"vertical"},
{"id":"47","source":"8","target":"23","factor":"vertical"},
{"id":"48","source":"8","target":"119","factor":"vertical"},
{"id":"49","source":"7","target":"5","factor":"vertical"},
{"id":"50","source":"14","target":"121","factor":"vertical"},
{"id":"51","source":"19","target":"123","factor":"vertical"},
{"id":"52","source":"19","target":"125","factor":"vertical"},
{"id":"53","source":"19","target":"126","factor":"vertical"},
{"id":"54","source":"103","target":"127","factor":"vertical"},
{"id":"55","source":"103","target":"128","factor":"vertical"},
{"id":"56","source":"62","target":"129","factor":"vertical"},
{"id":"57","source":"14","target":"41","factor":"vertical"},
{"id":"58","source":"48","target":"9","factor":"vertical"},
{"id":"59","source":"33","target":"135","factor":"vertical"},
{"id":"60","source":"14","target":"136","factor":"vertical"},
{"id":"61","source":"49","target":"22","factor":"vertical"},
{"id":"62","source":"15","target":"120","factor":"vertical"},
{"id":"63","source":"116","target":"138","factor":"vertical"},
{"id":"64","source":"16","target":"60","factor":"vertical"},
{"id":"65","source":"0","target":"4","factor":"vertical"},
{"id":"66","source":"19","target":"140","factor":"vertical"},
{"id":"67","source":"19","target":"141","factor":"vertical"},
{"id":"68","source":"19","target":"142","factor":"vertical"},
{"id":"69","source":"19","target":"144","factor":"vertical"},
{"id":"70","source":"19","target":"66","factor":"vertical"},
{"id":"71","source":"124","target":"54","factor":"vertical"},
{"id":"72","source":"41","target":"106","factor":"vertical"},
{"id":"73","source":"16","target":"64","factor":"vertical"},
{"id":"74","source":"41","target":"57","factor":"vertical"},
{"id":"75","source":"8","target":"102","factor":"vertical"},
{"id":"76","source":"19","target":"117","factor":"vertical"},
{"id":"77","source":"19","target":"118","factor":"vertical"},
{"id":"78","source":"19","target":"122","factor":"vertical"},
{"id":"79","source":"19","target":"155","factor":"vertical"},
{"id":"80","source":"19","target":"156","factor":"vertical"},
{"id":"81","source":"8","target":"146","factor":"vertical"},
{"id":"82","source":"32","target":"157","factor":"vertical"},
{"id":"83","source":"14","target":"159","factor":"vertical"},
{"id":"84","source":"16","target":"148","factor":"vertical"},
{"id":"85","source":"16","target":"160","factor":"vertical"},
{"id":"86","source":"16","target":"161","factor":"vertical"},
{"id":"87","source":"16","target":"162","factor":"vertical"},
{"id":"88","source":"16","target":"163","factor":"vertical"},
{"id":"89","source":"16","target":"164","factor":"vertical"},
{"id":"90","source":"16","target":"165","factor":"vertical"},
{"id":"91","source":"25","target":"132","factor":"vertical"},
{"id":"92","source":"3","target":"101","factor":"vertical"},
{"id":"93","source":"3","target":"149","factor":"vertical"},
{"id":"94","source":"50","target":"110","factor":"vertical"},
{"id":"95","source":"124","target":"167","factor":"vertical"},
{"id":"96","source":"124","target":"168","factor":"vertical"},
{"id":"97","source":"19","target":"169","factor":"vertical"},
{"id":"98","source":"16","target":"36","factor":"vertical"},
{"id":"99","source":"19","target":"133","factor":"vertical"},
{"id":"100","source":"124","target":"170","factor":"vertical"},
{"id":"101","source":"25","target":"171","factor":"vertical"},
{"id":"102","source":"25","target":"172","factor":"vertical"},
{"id":"103","source":"33","target":"173","factor":"vertical"},
{"id":"104","source":"33","target":"174","factor":"vertical"},
{"id":"105","source":"22","target":"72","factor":"vertical"},
{"id":"106","source":"22","target":"177","factor":"vertical"},
{"id":"107","source":"22","target":"178","factor":"vertical"},
{"id":"108","source":"22","target":"179","factor":"vertical"},
{"id":"109","source":"22","target":"180","factor":"vertical"},
{"id":"110","source":"22","target":"181","factor":"vertical"},
{"id":"111","source":"22","target":"182","factor":"vertical"},
{"id":"112","source":"22","target":"183","factor":"vertical"},
{"id":"113","source":"22","target":"184","factor":"vertical"},
{"id":"114","source":"22","target":"185","factor":"vertical"},
{"id":"115","source":"22","target":"186","factor":"vertical"},
{"id":"116","source":"22","target":"187","factor":"vertical"},
{"id":"117","source":"22","target":"188","factor":"vertical"},
{"id":"118","source":"22","target":"189","factor":"vertical"},
{"id":"119","source":"22","target":"190","factor":"vertical"},
{"id":"120","source":"22","target":"191","factor":"vertical"},
{"id":"121","source":"22","target":"192","factor":"vertical"},
{"id":"122","source":"22","target":"193","factor":"vertical"},
{"id":"123","source":"22","target":"194","factor":"vertical"},
{"id":"124","source":"22","target":"195","factor":"vertical"},
{"id":"125","source":"22","target":"196","factor":"vertical"},
{"id":"126","source":"22","target":"197","factor":"vertical"},
{"id":"127","source":"22","target":"198","factor":"vertical"},
{"id":"128","source":"22","target":"199","factor":"vertical"},
{"id":"129","source":"19","target":"82","factor":"vertical"},
{"id":"130","source":"0","target":"115","factor":"vertical"},
{"id":"131","source":"0","target":"201","factor":"vertical"},
{"id":"132","source":"104","target":"150","factor":"vertical"},
{"id":"133","source":"8","target":"105","factor":"vertical"},
{"id":"134","source":"7","target":"151","factor":"vertical"},
{"id":"135","source":"41","target":"38","factor":"vertical"},
{"id":"136","source":"14","target":"139","factor":"vertical"},
{"id":"137","source":"16","target":"143","factor":"vertical"},
{"id":"138","source":"31","target":"30","factor":"vertical"},
{"id":"139","source":"3","target":"103","factor":"vertical"},
{"id":"140","source":"20","target":"131","factor":"vertical"},
{"id":"141","source":"31","target":"108","factor":"vertical"},
{"id":"142","source":"31","target":"33","factor":"vertical"},
{"id":"143","source":"31","target":"208","factor":"vertical"},
{"id":"144","source":"33","target":"130","factor":"vertical"},
{"id":"145","source":"33","target":"209","factor":"vertical"},
{"id":"146","source":"33","target":"210","factor":"vertical"},
{"id":"147","source":"41","target":"58","factor":"vertical"},
{"id":"148","source":"16","target":"49","factor":"vertical"},
{"id":"149","source":"15","target":"147","factor":"vertical"},
{"id":"150","source":"15","target":"211","factor":"vertical"},
{"id":"151","source":"109","target":"158","factor":"vertical"},
{"id":"152","source":"212","target":"34","factor":"vertical"},
{"id":"153","source":"33","target":"166","factor":"vertical"},
{"id":"154","source":"33","target":"213","factor":"vertical"},
{"id":"155","source":"133","target":"59","factor":"vertical"},
{"id":"156","source":"104","target":"212","factor":"vertical"},
{"id":"157","source":"124","target":"70","factor":"vertical"},
{"id":"158","source":"124","target":"214","factor":"vertical"},
{"id":"159","source":"124","target":"81","factor":"vertical"},
{"id":"160","source":"14","target":"134","factor":"vertical"},
{"id":"161","source":"19","target":"205","factor":"vertical"},
{"id":"162","source":"49","target":"202","factor":"vertical"},
{"id":"163","source":"104","target":"16","factor":"vertical"},
{"id":"164","source":"22","target":"39","factor":"vertical"},
{"id":"165","source":"49","target":"203","factor":"vertical"},
{"id":"166","source":"41","target":"32","factor":"horizontal"},
{"id":"167","source":"41","target":"31","factor":"horizontal"},
{"id":"168","source":"22","target":"8","factor":"horizontal"},
{"id":"169","source":"14","target":"126","factor":"horizontal"},
{"id":"170","source":"137","target":"124","factor":"horizontal"},
{"id":"171","source":"137","target":"136","factor":"horizontal"},
{"id":"172","source":"137","target":"208","factor":"horizontal"},
{"id":"173","source":"8","target":"217","factor":"horizontal"},
{"id":"174","source":"14","target":"74","factor":"horizontal"},
{"id":"175","source":"62","target":"100","factor":"horizontal"},
{"id":"176","source":"50","target":"29","factor":"horizontal"},
{"id":"177","source":"68","target":"7","factor":"horizontal"},
{"id":"178","source":"19","target":"77","factor":"horizontal"},
{"id":"179","source":"7","target":"39","factor":"horizontal"},
{"id":"180","source":"8","target":"156","factor":"horizontal"},
{"id":"181","source":"49","target":"55","factor":"horizontal"},
{"id":"182","source":"59","target":"24","factor":"horizontal"},
{"id":"183","source":"14","target":"40","factor":"horizontal"},
{"id":"184","source":"14","target":"23","factor":"horizontal"},
{"id":"185","source":"14","target":"119","factor":"horizontal"},
{"id":"186","source":"19","target":"144","factor":"horizontal"},
{"id":"187","source":"19","target":"25","factor":"horizontal"},
{"id":"188","source":"14","target":"80","factor":"horizontal"},
{"id":"189","source":"15","target":"101","factor":"horizontal"},
{"id":"190","source":"3","target":"33","factor":"horizontal"},
{"id":"191","source":"25","target":"28","factor":"horizontal"},
{"id":"192","source":"19","target":"67","factor":"horizontal"},
{"id":"193","source":"0","target":"27","factor":"horizontal"},
{"id":"194","source":"25","target":"11","factor":"horizontal"},
{"id":"195","source":"25","target":"12","factor":"horizontal"},
{"id":"196","source":"25","target":"13","factor":"horizontal"},
{"id":"197","source":"25","target":"218","factor":"horizontal"},
{"id":"198","source":"14","target":"203","factor":"horizontal"},
{"id":"199","source":"20","target":"14","factor":"horizontal"},
{"id":"200","source":"20","target":"26","factor":"horizontal"},
{"id":"201","source":"8","target":"2","factor":"horizontal"},
{"id":"202","source":"8","target":"47","factor":"horizontal"},
{"id":"203","source":"49","target":"76","factor":"horizontal"},
{"id":"204","source":"32","target":"45","factor":"horizontal"},
{"id":"205","source":"49","target":"169","factor":"horizontal"},
{"id":"206","source":"41","target":"175","factor":"horizontal"},
{"id":"207","source":"7","target":"18","factor":"horizontal"},
{"id":"208","source":"17","target":"22","factor":"horizontal"},
{"id":"209","source":"15","target":"79","factor":"horizontal"},
{"id":"210","source":"137","target":"116","factor":"horizontal"},
{"id":"211","source":"19","target":"6","factor":"horizontal"},
{"id":"212","source":"59","target":"0","factor":"horizontal"},
{"id":"213","source":"3","target":"48","factor":"horizontal"},
{"id":"214","source":"14","target":"127","factor":"horizontal"},
{"id":"215","source":"32","target":"56","factor":"horizontal"},
{"id":"216","source":"32","target":"57","factor":"horizontal"},
{"id":"217","source":"16","target":"59","factor":"horizontal"},
{"id":"218","source":"25","target":"134","factor":"horizontal"},
{"id":"219","source":"25","target":"135","factor":"horizontal"},
{"id":"220","source":"124","target":"207","factor":"horizontal"},
{"id":"221","source":"14","target":"117","factor":"horizontal"},
{"id":"222","source":"14","target":"118","factor":"horizontal"},
{"id":"223","source":"0","target":"140","factor":"horizontal"},
{"id":"224","source":"124","target":"78","factor":"horizontal"},
{"id":"225","source":"41","target":"20","factor":"horizontal"},
{"id":"226","source":"15","target":"51","factor":"horizontal"},
{"id":"227","source":"15","target":"52","factor":"horizontal"},
{"id":"228","source":"15","target":"53","factor":"horizontal"},
{"id":"229","source":"41","target":"50","factor":"horizontal"},
{"id":"230","source":"124","target":"215","factor":"horizontal"},
{"id":"231","source":"124","target":"15","factor":"horizontal"},
{"id":"232","source":"19","target":"65","factor":"horizontal"},
{"id":"233","source":"114","target":"202","factor":"horizontal"},
{"id":"234","source":"114","target":"221","factor":"horizontal"},
{"id":"235","source":"25","target":"102","factor":"horizontal"},
{"id":"236","source":"62","target":"157","factor":"horizontal"},
{"id":"237","source":"49","target":"68","factor":"horizontal"},
{"id":"238","source":"15","target":"131","factor":"horizontal"},
{"id":"239","source":"106","target":"17","factor":"horizontal"},
{"id":"240","source":"41","target":"137","factor":"horizontal"},
{"id":"241","source":"58","target":"63","factor":"horizontal"},
{"id":"242","source":"104","target":"150","factor":"horizontal"},
{"id":"243","source":"104","target":"222","factor":"horizontal"},
{"id":"244","source":"49","target":"62","factor":"horizontal"},
{"id":"245","source":"55","target":"139","factor":"horizontal"},
{"id":"246","source":"62","target":"145","factor":"horizontal"},
{"id":"247","source":"49","target":"159","factor":"horizontal"},
{"id":"248","source":"49","target":"223","factor":"horizontal"},
{"id":"249","source":"22","target":"19","factor":"horizontal"},
{"id":"250","source":"22","target":"182","factor":"horizontal"},
{"id":"251","source":"22","target":"183","factor":"horizontal"},
{"id":"252","source":"22","target":"184","factor":"horizontal"},
{"id":"253","source":"22","target":"185","factor":"horizontal"},
{"id":"254","source":"22","target":"186","factor":"horizontal"},
{"id":"255","source":"22","target":"187","factor":"horizontal"},
{"id":"256","source":"22","target":"188","factor":"horizontal"},
{"id":"257","source":"22","target":"189","factor":"horizontal"},
{"id":"258","source":"22","target":"190","factor":"horizontal"},
{"id":"259","source":"22","target":"191","factor":"horizontal"},
{"id":"260","source":"22","target":"192","factor":"horizontal"},
{"id":"261","source":"22","target":"193","factor":"horizontal"},
{"id":"262","source":"22","target":"194","factor":"horizontal"},
{"id":"263","source":"22","target":"195","factor":"horizontal"},
{"id":"264","source":"22","target":"196","factor":"horizontal"},
{"id":"265","source":"22","target":"197","factor":"horizontal"},
{"id":"266","source":"22","target":"198","factor":"horizontal"},
{"id":"267","source":"22","target":"199","factor":"horizontal"},
{"id":"268","source":"22","target":"224","factor":"horizontal"},
{"id":"269","source":"22","target":"225","factor":"horizontal"},
{"id":"270","source":"31","target":"58","factor":"horizontal"},
{"id":"271","source":"25","target":"226","factor":"horizontal"},
{"id":"272","source":"131","target":"158","factor":"horizontal"},
{"id":"273","source":"124","target":"148","factor":"horizontal"},
{"id":"274","source":"124","target":"160","factor":"horizontal"},
{"id":"275","source":"124","target":"161","factor":"horizontal"},
{"id":"276","source":"124","target":"162","factor":"horizontal"},
{"id":"277","source":"20","target":"153","factor":"horizontal"},
{"id":"278","source":"131","target":"109","factor":"horizontal"},
{"id":"279","source":"131","target":"108","factor":"horizontal"},
{"id":"280","source":"7","target":"151","factor":"horizontal"},
{"id":"281","source":"124","target":"204","factor":"horizontal"},
{"id":"282","source":"55","target":"200","factor":"horizontal"},
{"id":"283","source":"55","target":"227","factor":"horizontal"},
{"id":"284","source":"55","target":"228","factor":"horizontal"},
{"id":"285","source":"55","target":"229","factor":"horizontal"},
{"id":"286","source":"55","target":"230","factor":"horizontal"},
{"id":"287","source":"62","target":"106","factor":"horizontal"},
{"id":"288","source":"55","target":"216","factor":"horizontal"},
{"id":"289","source":"31","target":"42","factor":"horizontal"},
{"id":"290","source":"99","target":"166","factor":"horizontal"},
{"id":"291","source":"99","target":"232","factor":"horizontal"},
{"id":"292","source":"32","target":"233","factor":"horizontal"},
{"id":"293","source":"116","target":"3","factor":"horizontal"},
{"id":"294","source":"58","target":"176","factor":"horizontal"},
{"id":"295","source":"55","target":"152","factor":"horizontal"},
{"id":"296","source":"55","target":"154","factor":"horizontal"},
{"id":"297","source":"16","target":"213","factor":"horizontal"},
{"id":"298","source":"157","target":"85","factor":"horizontal"},
{"id":"299","source":"157","target":"86","factor":"horizontal"},
{"id":"300","source":"157","target":"87","factor":"horizontal"},
{"id":"301","source":"157","target":"219","factor":"horizontal"},
{"id":"302","source":"157","target":"234","factor":"horizontal"},
{"id":"303","source":"157","target":"235","factor":"horizontal"},
{"id":"304","source":"8","target":"121","factor":"horizontal"},
{"id":"305","source":"25","target":"70","factor":"horizontal"},
{"id":"306","source":"41","target":"64","factor":"horizontal"},
{"id":"307","source":"103","target":"231","factor":"horizontal"},
{"id":"308","source":"103","target":"72","factor":"horizontal"},
{"id":"309","source":"103","target":"178","factor":"horizontal"},
{"id":"310","source":"103","target":"179","factor":"horizontal"},
{"id":"311","source":"19","target":"81","factor":"horizontal"},
{"id":"312","source":"41","target":"110","factor":"horizontal"},
{"id":"313","source":"157","target":"10","factor":"horizontal"},
{"id":"314","source":"19","target":"122","factor":"horizontal"},
{"id":"315","source":"33","target":"130","factor":"horizontal"},
{"id":"316","source":"104","target":"220","factor":"horizontal"},
{"id":"317","source":"49","target":"107","factor":"horizontal"},
{"id":"318","source":"157","target":"82","factor":"horizontal"},
{"id":"319","source":"153","target":"114","factor":"horizontal"},
{"id":"320","source":"32","target":"83","factor":"horizontal"},
{"id":"321","source":"103","target":"99","factor":"horizontal"},
{"id":"322","source":"207","target":"104","factor":"horizontal"},
{"id":"323","source":"138","target":"206","factor":"horizontal"}
],
"probability":[
{"id":"0","value":0.999218},
{"id":"1","value":1},
{"id":"2","value":1},
{"id":"3","value":1},
{"id":"4","value":1},
{"id":"5","value":0.992537},
{"id":"6","value":1},
{"id":"7","value":0.999093},
{"id":"8","value":1},
{"id":"9","value":1},
{"id":"10","value":1},
{"id":"11","value":0.00122817},
{"id":"12","value":1},
{"id":"13","value":0.995565},
{"id":"14","value":0.997783},
{"id":"15","value":1},
{"id":"16","value":0.996491},
{"id":"17","value":1},
{"id":"18","value":1},
{"id":"19","value":0.00196228},
{"id":"20","value":0.000806322},
{"id":"21","value":0.984962},
{"id":"22","value":0.970149},
{"id":"23","value":0.985075},
{"id":"24","value":1},
{"id":"25","value":0.949131},
{"id":"26","value":0.960298},
{"id":"27","value":0.970223},
{"id":"28","value":0.980149},
{"id":"29","value":0.990074},
{"id":"30","value":1},
{"id":"31","value":1},
{"id":"32","value":0.993789},
{"id":"33","value":1},
{"id":"34","value":1},
{"id":"35","value":1},
{"id":"36","value":0.898305},
{"id":"37","value":0.932203},
{"id":"38","value":1},
{"id":"39","value":1},
{"id":"40","value":0.978979},
{"id":"41","value":0.993994},
{"id":"42","value":0.998498},
{"id":"43","value":1},
{"id":"44","value":1},
{"id":"45","value":0.956204},
{"id":"46","value":1},
{"id":"47","value":0.991189},
{"id":"48","value":1},
{"id":"49","value":0.966667},
{"id":"50","value":1},
{"id":"51","value":0.978947},
{"id":"52","value":0.989474},
{"id":"53","value":1},
{"id":"54","value":0.941176},
{"id":"55","value":1},
{"id":"56","value":1},
{"id":"57","value":0.00301579},
{"id":"58","value":1},
{"id":"59","value":1},
{"id":"60","value":0.96875},
{"id":"61","value":0.00133849},
{"id":"62","value":1},
{"id":"63","value":0.023753},
{"id":"64","value":1},
{"id":"65","value":0.961538},
{"id":"66","value":0.947368},
{"id":"67","value":0.973684},
{"id":"68","value":1},
{"id":"69","value":1},
{"id":"70","value":0.971831},
{"id":"71","value":0.958333},
{"id":"72","value":0.0126411},
{"id":"73","value":0.0318701},
{"id":"74","value":1},
{"id":"75","value":0.00118353},
{"id":"76","value":0.979592},
{"id":"77","value":1},
{"id":"78","value":0.025641},
{"id":"79","value":0.964286},
{"id":"80","value":1},
{"id":"81","value":1},
{"id":"82","value":0.00909091},
{"id":"83","value":1},
{"id":"84","value":0.0241449},
{"id":"85","value":0.7},
{"id":"86","value":0.8},
{"id":"87","value":0.85},
{"id":"88","value":0.9},
{"id":"89","value":0.95},
{"id":"90","value":1},
{"id":"91","value":0.0103139},
{"id":"92","value":0.9625},
{"id":"93","value":1},
{"id":"94","value":0.00722022},
{"id":"95","value":0.914894},
{"id":"96","value":1},
{"id":"97","value":1},
{"id":"98","value":1},
{"id":"99","value":0.00513761},
{"id":"100","value":0.00324675},
{"id":"101","value":0.983333},
{"id":"102","value":1},
{"id":"103","value":0.0321361},
{"id":"104","value":1},
{"id":"105","value":0.4375},
{"id":"106","value":0.541667},
{"id":"107","value":0.5625},
{"id":"108","value":0.583333},
{"id":"109","value":0.604167},
{"id":"110","value":0.625},
{"id":"111","value":0.645833},
{"id":"112","value":0.666667},
{"id":"113","value":0.6875},
{"id":"114","value":0.708333},
{"id":"115","value":0.729167},
{"id":"116","value":0.75},
{"id":"117","value":0.770833},
{"id":"118","value":0.791667},
{"id":"119","value":0.8125},
{"id":"120","value":0.833333},
{"id":"121","value":0.854167},
{"id":"122","value":0.875},
{"id":"123","value":0.895833},
{"id":"124","value":0.916667},
{"id":"125","value":0.9375},
{"id":"126","value":0.958333},
{"id":"127","value":0.979167},
{"id":"128","value":1},
{"id":"129","value":0.00554156},
{"id":"130","value":0.9},
{"id":"131","value":1},
{"id":"132","value":0.0481928},
{"id":"133","value":0.00682128},
{"id":"134","value":1},
{"id":"135","value":0.000196309},
{"id":"136","value":0.897436},
{"id":"137","value":1},
{"id":"138","value":0.0011187},
{"id":"139","value":0.00694143},
{"id":"140","value":0.00819672},
{"id":"141","value":0.0102669},
{"id":"142","value":0.000140039},
{"id":"143","value":0.00554529},
{"id":"144","value":0.00487805},
{"id":"145","value":0.666667},
{"id":"146","value":1},
{"id":"147","value":0.00172473},
{"id":"148","value":0.000205491},
{"id":"149","value":0.8},
{"id":"150","value":1},
{"id":"151","value":0.0197487},
{"id":"152","value":0.011583},
{"id":"153","value":0.00431655},
{"id":"154","value":1},
{"id":"155","value":0.000488361},
{"id":"156","value":0.0158103},
{"id":"157","value":0.000262743},
{"id":"158","value":1},
{"id":"159","value":0.00111111},
{"id":"160","value":0.00232739},
{"id":"161","value":1},
{"id":"162","value":1},
{"id":"163","value":0.000489215},
{"id":"164","value":1},
{"id":"165","value":1},
{"id":"166","value":0.0126231},
{"id":"167","value":0.00403358},
{"id":"168","value":0.00476292},
{"id":"169","value":0.967302},
{"id":"170","value":0.066169},
{"id":"171","value":0.99495},
{"id":"172","value":0.00184843},
{"id":"173","value":1},
{"id":"174","value":0.996661},
{"id":"175","value":1},
{"id":"176","value":1},
{"id":"177","value":0.00553256},
{"id":"178","value":0.973154},
{"id":"179","value":0.967136},
{"id":"180","value":1},
{"id":"181","value":0.0019446},
{"id":"182","value":1},
{"id":"183","value":1},
{"id":"184","value":0.954198},
{"id":"185","value":1},
{"id":"186","value":1},
{"id":"187","value":0.00313125},
{"id":"188","value":1},
{"id":"189","value":1},
{"id":"190","value":0.00861239},
{"id":"191","value":0.967213},
{"id":"192","value":0.994924},
{"id":"193","value":0.997596},
{"id":"194","value":0.974576},
{"id":"195","value":0.983051},
{"id":"196","value":0.991525},
{"id":"197","value":1},
{"id":"198","value":1},
{"id":"199","value":0.00308872},
{"id":"200","value":1},
{"id":"201","value":0.945545},
{"id":"202","value":1},
{"id":"203","value":1},
{"id":"204","value":1},
{"id":"205","value":1},
{"id":"206","value":1},
{"id":"207","value":0.976415},
{"id":"208","value":0.00342058},
{"id":"209","value":1},
{"id":"210","value":0.0263605},
{"id":"211","value":1},
{"id":"212","value":0.00023263},
{"id":"213","value":0.00658645},
{"id":"214","value":1},
{"id":"215","value":0.972222},
{"id":"216","value":1},
{"id":"217","value":0.000813935},
{"id":"218","value":0.00814585},
{"id":"219","value":1},
{"id":"220","value":0.119601},
{"id":"221","value":0.972973},
{"id":"222","value":1},
{"id":"223","value":1},
{"id":"224","value":1},
{"id":"225","value":0.00300311},
{"id":"226","value":0.980952},
{"id":"227","value":0.990476},
{"id":"228","value":1},
{"id":"229","value":0.0015219},
{"id":"230","value":0.103348},
{"id":"231","value":0.00117724},
{"id":"232","value":1},
{"id":"233","value":0.606061},
{"id":"234","value":1},
{"id":"235","value":0.0024516},
{"id":"236","value":0.00454545},
{"id":"237","value":0.000698812},
{"id":"238","value":0.0184426},
{"id":"239","value":0.00120482},
{"id":"240","value":0.00284765},
{"id":"241","value":0.000132363},
{"id":"242","value":0.108434},
{"id":"243","value":1},
{"id":"244","value":0.0014741},
{"id":"245","value":1},
{"id":"246","value":0.00802334},
{"id":"247","value":0.833333},
{"id":"248","value":1},
{"id":"249","value":0.00178465},
{"id":"250","value":0.72973},
{"id":"251","value":0.743243},
{"id":"252","value":0.756757},
{"id":"253","value":0.77027},
{"id":"254","value":0.783784},
{"id":"255","value":0.797297},
{"id":"256","value":0.810811},
{"id":"257","value":0.824324},
{"id":"258","value":0.837838},
{"id":"259","value":0.851351},
{"id":"260","value":0.864865},
{"id":"261","value":0.878378},
{"id":"262","value":0.891892},
{"id":"263","value":0.905405},
{"id":"264","value":0.918919},
{"id":"265","value":0.932432},
{"id":"266","value":0.945946},
{"id":"267","value":0.959459},
{"id":"268","value":0.972973},
{"id":"269","value":0.986486},
{"id":"270","value":0.000689893},
{"id":"271","value":1},
{"id":"272","value":0.00179533},
{"id":"273","value":0.0100604},
{"id":"274","value":0.75},
{"id":"275","value":0.875},
{"id":"276","value":1},
{"id":"277","value":0.00567644},
{"id":"278","value":0.00410959},
{"id":"279","value":0.0102669},
{"id":"280","value":1},
{"id":"281","value":1},
{"id":"282","value":0.011236},
{"id":"283","value":0.4},
{"id":"284","value":0.6},
{"id":"285","value":0.8},
{"id":"286","value":1},
{"id":"287","value":0.00496614},
{"id":"288","value":0.045045},
{"id":"289","value":1},
{"id":"290","value":0.0100719},
{"id":"291","value":1},
{"id":"292","value":0.0372671},
{"id":"293","value":0.000155246},
{"id":"294","value":0.00381679},
{"id":"295","value":0.928571},
{"id":"296","value":1},
{"id":"297","value":1},
{"id":"298","value":0.611111},
{"id":"299","value":0.666667},
{"id":"300","value":0.777778},
{"id":"301","value":0.888889},
{"id":"302","value":0.944444},
{"id":"303","value":1},
{"id":"304","value":1},
{"id":"305","value":0.00210194},
{"id":"306","value":0.00661455},
{"id":"307","value":0.1},
{"id":"308","value":0.7},
{"id":"309","value":0.9},
{"id":"310","value":0.933333},
{"id":"311","value":0.00333333},
{"id":"312","value":0.0108303},
{"id":"313","value":1},
{"id":"314","value":0.0512821},
{"id":"315","value":0.0146341},
{"id":"316","value":0.00420168},
{"id":"317","value":0.000420994},
{"id":"318","value":0.000503778},
{"id":"319","value":0.0215983},
{"id":"320","value":1},
{"id":"321","value":0.00462963},
{"id":"322","value":5.84e-05},
{"id":"323","value":0.0192308}
]}