{
"vertices":[
{"id":"0","name":"tv_stand","Leaves":[],"frequency":1},
{"id":"1","name":"vase","Leaves":[],"frequency":1},
{"id":"2","name":"clock","Leaves":[],"frequency":1},
{"id":"3","name":"television","Leaves":[],"frequency":1},
{"id":"4","name":"chair","Leaves":[],"frequency":1},
{"id":"5","name":"chair","Leaves":[],"frequency":1},
{"id":"6","name":"chandelier","Leaves":[],"frequency":1},
{"id":"7","name":"window","Leaves":[],"frequency":1},
{"id":"8","name":"window","Leaves":[],"frequency":1},
{"id":"9","name":"window","Leaves":[],"frequency":1},
{"id":"10","name":"window","Leaves":[],"frequency":1},
{"id":"11","name":"plant","Leaves":[],"frequency":1},
{"id":"12","name":"laptop","Leaves":[],"frequency":1},
{"id":"13","name":"toy","Leaves":[],"frequency":1},
{"id":"14","name":"books","Leaves":[],"frequency":1},
{"id":"15","name":"wall_lamp","Leaves":[],"frequency":1},
{"id":"16","name":"wall_lamp","Leaves":[],"frequency":1},
{"id":"17","name":"switch","Leaves":[],"frequency":1},
{"id":"18","name":"curtain","Leaves":[],"frequency":1},
{"id":"19","name":"wall_lamp","Leaves":[],"frequency":1},
{"id":"20","name":"wall_lamp","Leaves":[],"frequency":1},
{"id":"21","name":"wall_lamp","Leaves":[],"frequency":1},
{"id":"22","name":"ottoman","Leaves":[],"frequency":1},
{"id":"23","name":"picture_frame","Leaves":[],"frequency":1},
{"id":"24","name":"picture_frame","Leaves":[],"frequency":1},
{"id":"25","name":"cup","Leaves":[],"frequency":1},
{"id":"26","name":"plant","Leaves":[],"frequency":1},
{"id":"27","name":"wall_lamp","Leaves":[],"frequency":1},
{"id":"28","name":"wall_lamp","Leaves":[],"frequency":1},
{"id":"29","name":"rug","Leaves":[],"frequency":1},
{"id":"30","name":"stereo_set","Leaves":[],"frequency":1},
{"id":"31","name":"door","Leaves":[],"frequency":1},
{"id":"32","name":"chandelier","Leaves":[],"frequency":1},
{"id":"33","name":"desk","Leaves":[],"frequency":1},
{"id":"34","name":"chessboard","Leaves":[],"frequency":1},
{"id":"35","name":"mirror","Leaves":[],"frequency":1},
{"id":"36","name":"toy","Leaves":[],"frequency":1},
{"id":"37","name":"camera","Leaves":[],"frequency":1},
{"id":"38","name":"magazines","Leaves":[],"frequency":1},
{"id":"39","name":"picture_frame","Leaves":[],"frequency":1},
{"id":"40","name":"picture_frame","Leaves":[],"frequency":1},
{"id":"41","name":"books","Leaves":[],"frequency":1},
{"id":"42","name":"kettle","Leaves":[],"frequency":1},
{"id":"43","name":"wall_lamp","Leaves":[],"frequency":1},
{"id":"44","name":"dresser","Leaves":[],"frequency":1},
{"id":"45","name":"dresser","Leaves":[],"frequency":1},
{"id":"46","name":"utensil_holder","Leaves":[],"frequency":1},
{"id":"47","name":"pedestal_fan","Leaves":[],"frequency":1},
{"id":"48","name":"knife_rack","Leaves":[],"frequency":1},
{"id":"49","name":"towel_rack","Leaves":[],"frequency":1},
{"id":"50","name":"plant","Leaves":[],"frequency":1},
{"id":"51","name":"plant","Leaves":[],"frequency":1},
{"id":"52","name":"plant","Leaves":[],"frequency":1},
{"id":"53","name":"plant","Leaves":[],"frequency":1},
{"id":"54","name":"plant","Leaves":[],"frequency":1},
{"id":"55","name":"plant","Leaves":[],"frequency":1},
{"id":"56","name":"plant","Leaves":[],"frequency":1},
{"id":"57","name":"plant","Leaves":[],"frequency":1},
{"id":"58","name":"plant","Leaves":[],"frequency":1},
{"id":"59","name":"plant","Leaves":[],"frequency":1},
{"id":"60","name":"plant","Leaves":[],"frequency":1},
{"id":"61","name":"plant","Leaves":[],"frequency":1},
{"id":"62","name":"plant","Leaves":[],"frequency":1},
{"id":"63","name":"plant","Leaves":[],"frequency":1},
{"id":"64","name":"plant","Leaves":[],"frequency":1},
{"id":"65","name":"plant","Leaves":[],"frequency":1},
{"id":"66","name":"plant","Leaves":[],"frequency":1},
{"id":"67","name":"plant","Leaves":[],"frequency":1},
{"id":"68","name":"plant","Leaves":[],"frequency":1},
{"id":"69","name":"plant","Leaves":[],"frequency":1},
{"id":"70","name":"plant","Leaves":[],"frequency":1},
{"id":"71","name":"plant","Leaves":[],"frequency":1},
{"id":"72","name":"plant","Leaves":[],"frequency":1},
{"id":"73","name":"outdoor_lamp","Leaves":[],"frequency":1},
{"id":"74","name":"outdoor_lamp","Leaves":[],"frequency":1},
{"id":"75","name":"range_oven","Leaves":[],"frequency":1},
{"id":"76","name":"bread","Leaves":[],"frequency":1},
{"id":"77","name":"safe","Leaves":[],"frequency":1},
{"id":"78","name":"teapot","Leaves":[],"frequency":1},
{"id":"79","name":"container","Leaves":[],"frequency":1},
{"id":"80","name":"jug","Leaves":[],"frequency":1},
{"id":"81","name":"plant","Leaves":[],"frequency":1},
{"id":"82","name":"plant","Leaves":[],"frequency":1},
{"id":"83","name":"place_setting","Leaves":[],"frequency":1},
{"id":"84","name":"stationary_container","Leaves":[],"frequency":1}
],
"rules":[
{"id":"0","source":"6","target":"9","factor":"vertical"},
{"id":"1","source":"6","target":"10","factor":"vertical"},
{"id":"2","source":"18","target":"19","factor":"vertical"},
{"id":"3","source":"6","target":"24","factor":"vertical"},
{"id":"4","source":"0","target":"30","factor":"vertical"},
{"id":"5","source":"18","target":"31","factor":"vertical"},
{"id":"6","source":"18","target":"32","factor":"vertical"},
{"id":"7","source":"18","target":"0","factor":"vertical"},
{"id":"8","source":"11","target":"12","factor":"vertical"},
{"id":"9","source":"11","target":"6","factor":"vertical"},
{"id":"10","source":"18","target":"35","factor":"vertical"},
{"id":"11","source":"18","target":"36","factor":"vertical"},
{"id":"12","source":"11","target":"14","factor":"vertical"},
{"id":"13","source":"18","target":"22","factor":"vertical"},
{"id":"14","source":"18","target":"7","factor":"vertical"},
{"id":"15","source":"18","target":"8","factor":"vertical"},
{"id":"16","source":"6","target":"20","factor":"vertical"},
{"id":"17","source":"6","target":"21","factor":"vertical"},
{"id":"18","source":"6","target":"27","factor":"vertical"},
{"id":"19","source":"6","target":"28","factor":"vertical"},
{"id":"20","source":"6","target":"43","factor":"vertical"},
{"id":"21","source":"18","target":"33","factor":"vertical"},
{"id":"22","source":"11","target":"44","factor":"vertical"},
{"id":"23","source":"11","target":"45","factor":"vertical"},
{"id":"24","source":"11","target":"3","factor":"vertical"},
{"id":"25","source":"18","target":"4","factor":"vertical"},
{"id":"26","source":"0","target":"37","factor":"vertical"},
{"id":"27","source":"18","target":"46","factor":"vertical"},
{"id":"28","source":"12","target":"17","factor":"vertical"},
{"id":"29","source":"18","target":"2","factor":"vertical"},
{"id":"30","source":"13","target":"26","factor":"vertical"},
{"id":"31","source":"13","target":"50","factor":"vertical"},
{"id":"32","source":"13","target":"51","factor":"vertical"},
{"id":"33","source":"13","target":"52","factor":"vertical"},
{"id":"34","source":"13","target":"53","factor":"vertical"},
{"id":"35","source":"13","target":"54","factor":"vertical"},
{"id":"36","source":"13","target":"55","factor":"vertical"},
{"id":"37","source":"13","target":"56","factor":"vertical"},
{"id":"38","source":"13","target":"57","factor":"vertical"},
{"id":"39","source":"13","target":"58","factor":"vertical"},
{"id":"40","source":"13","target":"59","factor":"vertical"},
{"id":"41","source":"13","target":"60","factor":"vertical"},
{"id":"42","source":"13","target":"61","factor":"vertical"},
{"id":"43","source":"13","target":"62","factor":"vertical"},
{"id":"44","source":"13","target":"63","factor":"vertical"},
{"id":"45","source":"13","target":"64","factor":"vertical"},
{"id":"46","source":"13","target":"65","factor":"vertical"},
{"id":"47","source":"13","target":"66","factor":"vertical"},
{"id":"48","source":"13","target":"67","factor":"vertical"},
{"id":"49","source":"13","target":"68","factor":"vertical"},
{"id":"50","source":"13","target":"69","factor":"vertical"},
{"id":"51","source":"13","target":"70","factor":"vertical"},
{"id":"52","source":"13","target":"71","factor":"vertical"},
{"id":"53","source":"13","target":"72","factor":"vertical"},
{"id":"54","source":"18","target":"73","factor":"vertical"},
{"id":"55","source":"18","target":"74","factor":"vertical"},
{"id":"56","source":"18","target":"47","factor":"vertical"},
{"id":"57","source":"6","target":"49","factor":"vertical"},
{"id":"58","source":"3","target":"34","factor":"vertical"},
{"id":"59","source":"18","target":"75","factor":"vertical"},
{"id":"60","source":"13","target":"16","factor":"vertical"},
{"id":"61","source":"6","target":"77","factor":"vertical"},
{"id":"62","source":"6","target":"17","factor":"horizontal"},
{"id":"63","source":"6","target":"8","factor":"horizontal"},
{"id":"64","source":"6","target":"9","factor":"horizontal"},
{"id":"65","source":"6","target":"23","factor":"horizontal"},
{"id":"66","source":"6","target":"40","factor":"horizontal"},
{"id":"67","source":"0","target":"39","factor":"horizontal"},
{"id":"68","source":"6","target":"41","factor":"horizontal"},
{"id":"69","source":"6","target":"5","factor":"horizontal"},
{"id":"70","source":"15","target":"1","factor":"horizontal"},
{"id":"71","source":"13","target":"29","factor":"horizontal"},
{"id":"72","source":"46","target":"42","factor":"horizontal"},
{"id":"73","source":"18","target":"20","factor":"horizontal"},
{"id":"74","source":"0","target":"6","factor":"horizontal"},
{"id":"75","source":"78","target":"79","factor":"horizontal"},
{"id":"76","source":"46","target":"48","factor":"horizontal"},
{"id":"77","source":"6","target":"15","factor":"horizontal"},
{"id":"78","source":"6","target":"27","factor":"horizontal"},
{"id":"79","source":"11","target":"73","factor":"horizontal"},
{"id":"80","source":"25","target":"18","factor":"horizontal"},
{"id":"81","source":"13","target":"51","factor":"horizontal"},
{"id":"82","source":"13","target":"52","factor":"horizontal"},
{"id":"83","source":"13","target":"53","factor":"horizontal"},
{"id":"84","source":"13","target":"55","factor":"horizontal"},
{"id":"85","source":"13","target":"56","factor":"horizontal"},
{"id":"86","source":"13","target":"57","factor":"horizontal"},
{"id":"87","source":"13","target":"58","factor":"horizontal"},
{"id":"88","source":"13","target":"59","factor":"horizontal"},
{"id":"89","source":"13","target":"60","factor":"horizontal"},
{"id":"90","source":"13","target":"61","factor":"horizontal"},
{"id":"91","source":"13","target":"62","factor":"horizontal"},
{"id":"92","source":"13","target":"63","factor":"horizontal"},
{"id":"93","source":"13","target":"64","factor":"horizontal"},
{"id":"94","source":"13","target":"65","factor":"horizontal"},
{"id":"95","source":"13","target":"66","factor":"horizontal"},
{"id":"96","source":"13","target":"67","factor":"horizontal"},
{"id":"97","source":"13","target":"68","factor":"horizontal"},
{"id":"98","source":"13","target":"69","factor":"horizontal"},
{"id":"99","source":"13","target":"70","factor":"horizontal"},
{"id":"100","source":"13","target":"71","factor":"horizontal"},
{"id":"101","source":"13","target":"72","factor":"horizontal"},
{"id":"102","source":"13","target":"81","factor":"horizontal"},
{"id":"103","source":"13","target":"82","factor":"horizontal"},
{"id":"104","source":"25","target":"83","factor":"horizontal"},
{"id":"105","source":"75","target":"11","factor":"horizontal"},
{"id":"106","source":"12","target":"38","factor":"horizontal"},
{"id":"107","source":"0","target":"13","factor":"horizontal"},
{"id":"108","source":"6","target":"84","factor":"horizontal"},
{"id":"109","source":"12","target":"25","factor":"horizontal"},
{"id":"110","source":"46","target":"78","factor":"horizontal"},
{"id":"111","source":"79","target":"76","factor":"horizontal"},
{"id":"112","source":"79","target":"80","factor":"horizontal"},
{"id":"113","source":"18","target":"75","factor":"horizontal"}
],
"probability":[
{"id":"0","value":0.997845},
{"id":"1","value":1},
{"id":"2","value":0.976923},
{"id":"3","value":1},
{"id":"4","value":1},
{"id":"5","value":1},
{"id":"6","value":0.981328},
{"id":"7","value":0.000865105},
{"id":"8","value":0.00440228},
{"id":"9","value":0.000543971},
{"id":"10","value":1},
{"id":"11","value":0.918367},
{"id":"12","value":0.956204},
{"id":"13","value":1},
{"id":"14","value":0.927273},
{"id":"15","value":0.969697},
{"id":"16","value":0.937063},
{"id":"17","value":0.965035},
{"id":"18","value":0.979021},
{"id":"19","value":0.993007},
{"id":"20","value":1},
{"id":"21","value":1},
{"id":"22","value":0.989474},
{"id":"23","value":1},
{"id":"24","value":0.00126469},
{"id":"25","value":1},
{"id":"26","value":0.00616016},
{"id":"27","value":0.002457},
{"id":"28","value":1},
{"id":"29","value":1},
{"id":"30","value":0.5},
{"id":"31","value":0.541667},
{"id":"32","value":0.5625},
{"id":"33","value":0.583333},
{"id":"34","value":0.604167},
{"id":"35","value":0.625},
{"id":"36","value":0.645833},
{"id":"37","value":0.666667},
{"id":"38","value":0.6875},
{"id":"39","value":0.708333},
{"id":"40","value":0.729167},
{"id":"41","value":0.75},
{"id":"42","value":0.770833},
{"id":"43","value":0.791667},
{"id":"44","value":0.8125},
{"id":"45","value":0.833333},
{"id":"46","value":0.854167},
{"id":"47","value":0.875},
{"id":"48","value":0.895833},
{"id":"49","value":0.916667},
{"id":"50","value":0.9375},
{"id":"51","value":0.958333},
{"id":"52","value":0.979167},
{"id":"53","value":1},
{"id":"54","value":0.7},
{"id":"55","value":1},
{"id":"56","value":0.00024426},
{"id":"57","value":0.0139535},
{"id":"58","value":0.00451467},
{"id":"59","value":0.00332226},
{"id":"60","value":1},
{"id":"61","value":1},
{"id":"62","value":0.883817},
{"id":"63","value":0.99547},
{"id":"64","value":0.997735},
{"id":"65","value":0.988679},
{"id":"66","value":1},
{"id":"67","value":1},
{"id":"68","value":0.991051},
{"id":"69","value":0.989111},
{"id":"70","value":1},
{"id":"71","value":1},
{"id":"72","value":0.00295858},
{"id":"73","value":0.996795},
{"id":"74","value":0.00268963},
{"id":"75","value":0.0689655},
{"id":"76","value":0.0428212},
{"id":"77","value":0.00929198},
{"id":"78","value":0.981043},
{"id":"79","value":1},
{"id":"80","value":8.65e-05},
{"id":"81","value":0.675676},
{"id":"82","value":0.689189},
{"id":"83","value":0.702703},
{"id":"84","value":0.72973},
{"id":"85","value":0.743243},
{"id":"86","value":0.756757},
{"id":"87","value":0.77027},
{"id":"88","value":0.783784},
{"id":"89","value":0.797297},
{"id":"90","value":0.810811},
{"id":"91","value":0.824324},
{"id":"92","value":0.837838},
{"id":"93","value":0.851351},
{"id":"94","value":0.864865},
{"id":"95","value":0.878378},
{"id":"96","value":0.891892},
{"id":"97","value":0.905405},
{"id":"98","value":0.918919},
{"id":"99","value":0.932432},
{"id":"100","value":0.945946},
{"id":"101","value":0.959459},
{"id":"102","value":0.972973},
{"id":"103","value":0.986486},
{"id":"104","value":0.1},
{"id":"105","value":8.5e-05},
{"id":"106","value":0.00410959},
{"id":"107","value":0.00208209},
{"id":"108","value":1},
{"id":"109","value":0.00120265},
{"id":"110","value":0.0217391},
{"id":"111","value":0.153846},
{"id":"112","value":0.0444444},
{"id":"113","value":0.00332226}
]}