{
"vertices":[
{"id":"0","name":"wall","Leaves":[{"name":"wall","frequency":0.244674 }],"frequency":0.98893},
{"id":"1","name":"floor","Leaves":[],"frequency":0.99139},
{"id":"2","name":"iron","Leaves":[],"frequency":0.177122},
{"id":"3","name":"ceiling","Leaves":[],"frequency":0.96556},
{"id":"4","name":"air_conditioner","Leaves":[{"name":"air_conditioner","frequency":0.89083 }],"frequency":0.250923},
{"id":"5","name":"household_appliance","Leaves":[{"name":"household_appliance","frequency":0.861111 }],"frequency":0.190652},
{"id":"6","name":"window","Leaves":[{"name":"window","frequency":0.853002 }],"frequency":0.506765},
{"id":"7","name":"ironing_board","Leaves":[],"frequency":0.189422},
{"id":"8","name":"vacuum_cleaner","Leaves":[],"frequency":0.168512},
{"id":"9","name":"chandelier","Leaves":[{"name":"chandelier","frequency":0.794872 }],"frequency":0.228782},
{"id":"10","name":"washer","Leaves":[{"name":"washer","frequency":0.725373 }],"frequency":0.298893},
{"id":"11","name":"sofa","Leaves":[],"frequency":0.0442804},
{"id":"12","name":"wall","Leaves":[{"name":"wall","frequency":0.244674 }],"frequency":2.99648e+32},
{"id":"13","name":"wall","Leaves":[{"name":"wall","frequency":0.244674 }],"frequency":0},
{"id":"14","name":"wall","Leaves":[{"name":"wall","frequency":0.244674 }],"frequency":0},
{"id":"15","name":"wall","Leaves":[{"name":"wall","frequency":0.244674 }],"frequency":0},
{"id":"16","name":"chandelier","Leaves":[{"name":"chandelier","frequency":0.794872 }],"frequency":8.11352e-43}
],
"rules":[
{"id":"0","source":"0","target":"1","factor":"Horizontal-Support"},
{"id":"1","source":"3","target":"0","factor":"proximity"},
{"id":"2","source":"1","target":"0","factor":"proximity"},
{"id":"3","source":"4","target":"0","factor":"proximity"},
{"id":"4","source":"0","target":"6","factor":"proximity"},
{"id":"5","source":"7","target":"0","factor":"proximity"},
{"id":"6","source":"8","target":"0","factor":"proximity"},
{"id":"7","source":"2","target":"0","factor":"proximity"},
{"id":"8","source":"0","target":"10","factor":"proximity"},
{"id":"9","source":"10","target":"0","factor":"orientation_parallel"},
{"id":"10","source":"5","target":"0","factor":"orientation_parallel"},
{"id":"11","source":"6","target":"0","factor":"orientation_parallel"},
{"id":"12","source":"8","target":"0","factor":"orientation_parallel"},
{"id":"13","source":"3","target":"0","factor":"orientation_parallel"},
{"id":"14","source":"1","target":"0","factor":"orientation_parallel"},
{"id":"15","source":"7","target":"0","factor":"orientation_parallel"},
{"id":"16","source":"4","target":"0","factor":"orientation_parallel"},
{"id":"17","source":"6","target":"0","factor":"orientation_perpendicular"},
{"id":"18","source":"0","target":"9","factor":"orientation_perpendicular"},
{"id":"19","source":"10","target":"0","factor":"orientation_perpendicular"},
{"id":"20","source":"3","target":"0","factor":"orientation_perpendicular"},
{"id":"21","source":"1","target":"0","factor":"orientation_perpendicular"},
{"id":"22","source":"5","target":"0","factor":"orientation_perpendicular"},
{"id":"23","source":"8","target":"0","factor":"orientation_perpendicular"},
{"id":"24","source":"2","target":"0","factor":"orientation_perpendicular"},
{"id":"25","source":"4","target":"0","factor":"orientation_perpendicular"},
{"id":"26","source":"11","target":"0","factor":"orientation_perpendicular"},
{"id":"27","source":"7","target":"0","factor":"orientation_perpendicular"},
{"id":"28","source":"9","target":"0","factor":"orientation_perpendicular"},
{"id":"29","source":"0","target":"12","factor":"proximity"},
{"id":"30","source":"0","target":"12","factor":"orientation_parallel"},
{"id":"31","source":"0","target":"12","factor":"orientation_perpendicular"},
{"id":"32","source":"0","target":"12","factor":"symmetry"},
{"id":"33","source":"0","target":"12","factor":"side_to_side"},
{"id":"34","source":"12","target":"1","factor":"Horizontal-Support"},
{"id":"35","source":"3","target":"12","factor":"proximity"},
{"id":"36","source":"1","target":"12","factor":"proximity"},
{"id":"37","source":"4","target":"12","factor":"proximity"},
{"id":"38","source":"12","target":"6","factor":"proximity"},
{"id":"39","source":"7","target":"12","factor":"proximity"},
{"id":"40","source":"8","target":"12","factor":"proximity"},
{"id":"41","source":"2","target":"12","factor":"proximity"},
{"id":"42","source":"12","target":"10","factor":"proximity"},
{"id":"43","source":"10","target":"12","factor":"orientation_parallel"},
{"id":"44","source":"5","target":"12","factor":"orientation_parallel"},
{"id":"45","source":"6","target":"12","factor":"orientation_parallel"},
{"id":"46","source":"8","target":"12","factor":"orientation_parallel"},
{"id":"47","source":"3","target":"12","factor":"orientation_parallel"},
{"id":"48","source":"1","target":"12","factor":"orientation_parallel"},
{"id":"49","source":"7","target":"12","factor":"orientation_parallel"},
{"id":"50","source":"4","target":"12","factor":"orientation_parallel"},
{"id":"51","source":"6","target":"12","factor":"orientation_perpendicular"},
{"id":"52","source":"12","target":"9","factor":"orientation_perpendicular"},
{"id":"53","source":"10","target":"12","factor":"orientation_perpendicular"},
{"id":"54","source":"3","target":"12","factor":"orientation_perpendicular"},
{"id":"55","source":"1","target":"12","factor":"orientation_perpendicular"},
{"id":"56","source":"5","target":"12","factor":"orientation_perpendicular"},
{"id":"57","source":"8","target":"12","factor":"orientation_perpendicular"},
{"id":"58","source":"2","target":"12","factor":"orientation_perpendicular"},
{"id":"59","source":"4","target":"12","factor":"orientation_perpendicular"},
{"id":"60","source":"11","target":"12","factor":"orientation_perpendicular"},
{"id":"61","source":"7","target":"12","factor":"orientation_perpendicular"},
{"id":"62","source":"9","target":"12","factor":"orientation_perpendicular"},
{"id":"63","source":"0","target":"13","factor":"proximity"},
{"id":"64","source":"12","target":"13","factor":"proximity"},
{"id":"65","source":"0","target":"13","factor":"orientation_parallel"},
{"id":"66","source":"12","target":"13","factor":"orientation_parallel"},
{"id":"67","source":"0","target":"13","factor":"orientation_perpendicular"},
{"id":"68","source":"12","target":"13","factor":"orientation_perpendicular"},
{"id":"69","source":"0","target":"13","factor":"symmetry"},
{"id":"70","source":"12","target":"13","factor":"symmetry"},
{"id":"71","source":"0","target":"13","factor":"side_to_side"},
{"id":"72","source":"12","target":"13","factor":"side_to_side"},
{"id":"73","source":"13","target":"1","factor":"Horizontal-Support"},
{"id":"74","source":"3","target":"13","factor":"proximity"},
{"id":"75","source":"1","target":"13","factor":"proximity"},
{"id":"76","source":"4","target":"13","factor":"proximity"},
{"id":"77","source":"13","target":"6","factor":"proximity"},
{"id":"78","source":"7","target":"13","factor":"proximity"},
{"id":"79","source":"8","target":"13","factor":"proximity"},
{"id":"80","source":"2","target":"13","factor":"proximity"},
{"id":"81","source":"13","target":"10","factor":"proximity"},
{"id":"82","source":"10","target":"13","factor":"orientation_parallel"},
{"id":"83","source":"5","target":"13","factor":"orientation_parallel"},
{"id":"84","source":"6","target":"13","factor":"orientation_parallel"},
{"id":"85","source":"8","target":"13","factor":"orientation_parallel"},
{"id":"86","source":"3","target":"13","factor":"orientation_parallel"},
{"id":"87","source":"1","target":"13","factor":"orientation_parallel"},
{"id":"88","source":"7","target":"13","factor":"orientation_parallel"},
{"id":"89","source":"4","target":"13","factor":"orientation_parallel"},
{"id":"90","source":"6","target":"13","factor":"orientation_perpendicular"},
{"id":"91","source":"13","target":"9","factor":"orientation_perpendicular"},
{"id":"92","source":"10","target":"13","factor":"orientation_perpendicular"},
{"id":"93","source":"3","target":"13","factor":"orientation_perpendicular"},
{"id":"94","source":"1","target":"13","factor":"orientation_perpendicular"},
{"id":"95","source":"5","target":"13","factor":"orientation_perpendicular"},
{"id":"96","source":"8","target":"13","factor":"orientation_perpendicular"},
{"id":"97","source":"2","target":"13","factor":"orientation_perpendicular"},
{"id":"98","source":"4","target":"13","factor":"orientation_perpendicular"},
{"id":"99","source":"11","target":"13","factor":"orientation_perpendicular"},
{"id":"100","source":"7","target":"13","factor":"orientation_perpendicular"},
{"id":"101","source":"9","target":"13","factor":"orientation_perpendicular"},
{"id":"102","source":"0","target":"14","factor":"proximity"},
{"id":"103","source":"12","target":"14","factor":"proximity"},
{"id":"104","source":"13","target":"14","factor":"proximity"},
{"id":"105","source":"0","target":"14","factor":"orientation_parallel"},
{"id":"106","source":"12","target":"14","factor":"orientation_parallel"},
{"id":"107","source":"13","target":"14","factor":"orientation_parallel"},
{"id":"108","source":"0","target":"14","factor":"orientation_perpendicular"},
{"id":"109","source":"12","target":"14","factor":"orientation_perpendicular"},
{"id":"110","source":"13","target":"14","factor":"orientation_perpendicular"},
{"id":"111","source":"0","target":"14","factor":"symmetry"},
{"id":"112","source":"12","target":"14","factor":"symmetry"},
{"id":"113","source":"13","target":"14","factor":"symmetry"},
{"id":"114","source":"0","target":"14","factor":"side_to_side"},
{"id":"115","source":"12","target":"14","factor":"side_to_side"},
{"id":"116","source":"13","target":"14","factor":"side_to_side"},
{"id":"117","source":"14","target":"1","factor":"Horizontal-Support"},
{"id":"118","source":"3","target":"14","factor":"proximity"},
{"id":"119","source":"1","target":"14","factor":"proximity"},
{"id":"120","source":"4","target":"14","factor":"proximity"},
{"id":"121","source":"14","target":"6","factor":"proximity"},
{"id":"122","source":"7","target":"14","factor":"proximity"},
{"id":"123","source":"8","target":"14","factor":"proximity"},
{"id":"124","source":"2","target":"14","factor":"proximity"},
{"id":"125","source":"14","target":"10","factor":"proximity"},
{"id":"126","source":"10","target":"14","factor":"orientation_parallel"},
{"id":"127","source":"5","target":"14","factor":"orientation_parallel"},
{"id":"128","source":"6","target":"14","factor":"orientation_parallel"},
{"id":"129","source":"8","target":"14","factor":"orientation_parallel"},
{"id":"130","source":"3","target":"14","factor":"orientation_parallel"},
{"id":"131","source":"1","target":"14","factor":"orientation_parallel"},
{"id":"132","source":"7","target":"14","factor":"orientation_parallel"},
{"id":"133","source":"4","target":"14","factor":"orientation_parallel"},
{"id":"134","source":"6","target":"14","factor":"orientation_perpendicular"},
{"id":"135","source":"14","target":"9","factor":"orientation_perpendicular"},
{"id":"136","source":"10","target":"14","factor":"orientation_perpendicular"},
{"id":"137","source":"3","target":"14","factor":"orientation_perpendicular"},
{"id":"138","source":"1","target":"14","factor":"orientation_perpendicular"},
{"id":"139","source":"5","target":"14","factor":"orientation_perpendicular"},
{"id":"140","source":"8","target":"14","factor":"orientation_perpendicular"},
{"id":"141","source":"2","target":"14","factor":"orientation_perpendicular"},
{"id":"142","source":"4","target":"14","factor":"orientation_perpendicular"},
{"id":"143","source":"11","target":"14","factor":"orientation_perpendicular"},
{"id":"144","source":"7","target":"14","factor":"orientation_perpendicular"},
{"id":"145","source":"9","target":"14","factor":"orientation_perpendicular"},
{"id":"146","source":"0","target":"15","factor":"proximity"},
{"id":"147","source":"12","target":"15","factor":"proximity"},
{"id":"148","source":"13","target":"15","factor":"proximity"},
{"id":"149","source":"14","target":"15","factor":"proximity"},
{"id":"150","source":"0","target":"15","factor":"orientation_parallel"},
{"id":"151","source":"12","target":"15","factor":"orientation_parallel"},
{"id":"152","source":"13","target":"15","factor":"orientation_parallel"},
{"id":"153","source":"14","target":"15","factor":"orientation_parallel"},
{"id":"154","source":"0","target":"15","factor":"orientation_perpendicular"},
{"id":"155","source":"12","target":"15","factor":"orientation_perpendicular"},
{"id":"156","source":"13","target":"15","factor":"orientation_perpendicular"},
{"id":"157","source":"14","target":"15","factor":"orientation_perpendicular"},
{"id":"158","source":"0","target":"15","factor":"symmetry"},
{"id":"159","source":"12","target":"15","factor":"symmetry"},
{"id":"160","source":"13","target":"15","factor":"symmetry"},
{"id":"161","source":"14","target":"15","factor":"symmetry"},
{"id":"162","source":"0","target":"15","factor":"side_to_side"},
{"id":"163","source":"12","target":"15","factor":"side_to_side"},
{"id":"164","source":"13","target":"15","factor":"side_to_side"},
{"id":"165","source":"14","target":"15","factor":"side_to_side"},
{"id":"166","source":"15","target":"1","factor":"Horizontal-Support"},
{"id":"167","source":"3","target":"15","factor":"proximity"},
{"id":"168","source":"1","target":"15","factor":"proximity"},
{"id":"169","source":"4","target":"15","factor":"proximity"},
{"id":"170","source":"15","target":"6","factor":"proximity"},
{"id":"171","source":"7","target":"15","factor":"proximity"},
{"id":"172","source":"8","target":"15","factor":"proximity"},
{"id":"173","source":"2","target":"15","factor":"proximity"},
{"id":"174","source":"15","target":"10","factor":"proximity"},
{"id":"175","source":"10","target":"15","factor":"orientation_parallel"},
{"id":"176","source":"5","target":"15","factor":"orientation_parallel"},
{"id":"177","source":"6","target":"15","factor":"orientation_parallel"},
{"id":"178","source":"8","target":"15","factor":"orientation_parallel"},
{"id":"179","source":"3","target":"15","factor":"orientation_parallel"},
{"id":"180","source":"1","target":"15","factor":"orientation_parallel"},
{"id":"181","source":"7","target":"15","factor":"orientation_parallel"},
{"id":"182","source":"4","target":"15","factor":"orientation_parallel"},
{"id":"183","source":"6","target":"15","factor":"orientation_perpendicular"},
{"id":"184","source":"15","target":"9","factor":"orientation_perpendicular"},
{"id":"185","source":"10","target":"15","factor":"orientation_perpendicular"},
{"id":"186","source":"3","target":"15","factor":"orientation_perpendicular"},
{"id":"187","source":"1","target":"15","factor":"orientation_perpendicular"},
{"id":"188","source":"5","target":"15","factor":"orientation_perpendicular"},
{"id":"189","source":"8","target":"15","factor":"orientation_perpendicular"},
{"id":"190","source":"2","target":"15","factor":"orientation_perpendicular"},
{"id":"191","source":"4","target":"15","factor":"orientation_perpendicular"},
{"id":"192","source":"11","target":"15","factor":"orientation_perpendicular"},
{"id":"193","source":"7","target":"15","factor":"orientation_perpendicular"},
{"id":"194","source":"9","target":"15","factor":"orientation_perpendicular"},
{"id":"195","source":"3","target":"9","factor":"proximity"},
{"id":"196","source":"3","target":"9","factor":"orientation_parallel"},
{"id":"197","source":"1","target":"9","factor":"orientation_parallel"},
{"id":"198","source":"6","target":"9","factor":"orientation_parallel"},
{"id":"199","source":"6","target":"9","factor":"orientation_perpendicular"},
{"id":"200","source":"10","target":"9","factor":"orientation_perpendicular"},
{"id":"201","source":"4","target":"9","factor":"orientation_perpendicular"},
{"id":"202","source":"5","target":"9","factor":"orientation_perpendicular"},
{"id":"203","source":"3","target":"9","factor":"orientation_perpendicular"},
{"id":"204","source":"1","target":"9","factor":"orientation_perpendicular"},
{"id":"205","source":"8","target":"9","factor":"orientation_perpendicular"},
{"id":"206","source":"9","target":"16","factor":"symmetry"},
{"id":"207","source":"3","target":"16","factor":"proximity"},
{"id":"208","source":"3","target":"16","factor":"orientation_parallel"},
{"id":"209","source":"1","target":"16","factor":"orientation_parallel"},
{"id":"210","source":"6","target":"16","factor":"orientation_parallel"},
{"id":"211","source":"6","target":"16","factor":"orientation_perpendicular"},
{"id":"212","source":"10","target":"16","factor":"orientation_perpendicular"},
{"id":"213","source":"4","target":"16","factor":"orientation_perpendicular"},
{"id":"214","source":"5","target":"16","factor":"orientation_perpendicular"},
{"id":"215","source":"3","target":"16","factor":"orientation_perpendicular"},
{"id":"216","source":"1","target":"16","factor":"orientation_perpendicular"},
{"id":"217","source":"8","target":"16","factor":"orientation_perpendicular"},
{"id":"218","source":"1","target":"2","factor":"proximity"},
{"id":"219","source":"3","target":"1","factor":"proximity"},
{"id":"220","source":"4","target":"5","factor":"proximity"},
{"id":"221","source":"4","target":"3","factor":"proximity"},
{"id":"222","source":"2","target":"7","factor":"proximity"},
{"id":"223","source":"4","target":"1","factor":"proximity"},
{"id":"224","source":"1","target":"8","factor":"proximity"},
{"id":"225","source":"3","target":"6","factor":"proximity"},
{"id":"226","source":"1","target":"10","factor":"proximity"},
{"id":"227","source":"4","target":"6","factor":"proximity"},
{"id":"228","source":"1","target":"7","factor":"proximity"},
{"id":"229","source":"3","target":"1","factor":"orientation_parallel"},
{"id":"230","source":"3","target":"4","factor":"orientation_parallel"},
{"id":"231","source":"1","target":"4","factor":"orientation_parallel"},
{"id":"232","source":"8","target":"3","factor":"orientation_parallel"},
{"id":"233","source":"8","target":"1","factor":"orientation_parallel"},
{"id":"234","source":"10","target":"10","factor":"orientation_parallel"},
{"id":"235","source":"3","target":"2","factor":"orientation_parallel"},
{"id":"236","source":"1","target":"2","factor":"orientation_parallel"},
{"id":"237","source":"3","target":"6","factor":"orientation_parallel"},
{"id":"238","source":"1","target":"6","factor":"orientation_parallel"},
{"id":"239","source":"4","target":"5","factor":"orientation_parallel"},
{"id":"240","source":"10","target":"1","factor":"orientation_parallel"},
{"id":"241","source":"10","target":"3","factor":"orientation_parallel"},
{"id":"242","source":"3","target":"5","factor":"orientation_parallel"},
{"id":"243","source":"1","target":"5","factor":"orientation_parallel"},
{"id":"244","source":"7","target":"3","factor":"orientation_parallel"},
{"id":"245","source":"7","target":"1","factor":"orientation_parallel"},
{"id":"246","source":"7","target":"2","factor":"orientation_parallel"},
{"id":"247","source":"10","target":"2","factor":"orientation_parallel"},
{"id":"248","source":"6","target":"3","factor":"orientation_perpendicular"},
{"id":"249","source":"6","target":"1","factor":"orientation_perpendicular"},
{"id":"250","source":"3","target":"2","factor":"orientation_perpendicular"},
{"id":"251","source":"1","target":"2","factor":"orientation_perpendicular"},
{"id":"252","source":"4","target":"2","factor":"orientation_perpendicular"},
{"id":"253","source":"8","target":"10","factor":"orientation_perpendicular"},
{"id":"254","source":"3","target":"10","factor":"orientation_perpendicular"},
{"id":"255","source":"1","target":"10","factor":"orientation_perpendicular"},
{"id":"256","source":"10","target":"5","factor":"orientation_perpendicular"},
{"id":"257","source":"3","target":"5","factor":"orientation_perpendicular"},
{"id":"258","source":"1","target":"5","factor":"orientation_perpendicular"},
{"id":"259","source":"8","target":"7","factor":"orientation_perpendicular"},
{"id":"260","source":"8","target":"6","factor":"orientation_perpendicular"},
{"id":"261","source":"10","target":"2","factor":"orientation_perpendicular"},
{"id":"262","source":"2","target":"10","factor":"orientation_perpendicular"},
{"id":"263","source":"4","target":"5","factor":"orientation_perpendicular"},
{"id":"264","source":"4","target":"3","factor":"orientation_perpendicular"},
{"id":"265","source":"4","target":"1","factor":"orientation_perpendicular"},
{"id":"266","source":"4","target":"6","factor":"orientation_perpendicular"},
{"id":"267","source":"10","target":"6","factor":"orientation_perpendicular"},
{"id":"268","source":"6","target":"5","factor":"orientation_perpendicular"},
{"id":"269","source":"7","target":"1","factor":"orientation_perpendicular"},
{"id":"270","source":"7","target":"3","factor":"orientation_perpendicular"},
{"id":"271","source":"7","target":"2","factor":"orientation_perpendicular"},
{"id":"272","source":"8","target":"3","factor":"orientation_perpendicular"},
{"id":"273","source":"8","target":"1","factor":"orientation_perpendicular"},
{"id":"274","source":"8","target":"2","factor":"orientation_perpendicular"},
{"id":"275","source":"7","target":"10","factor":"orientation_perpendicular"},
{"id":"276","source":"7","target":"6","factor":"orientation_perpendicular"},
{"id":"277","source":"6","target":"10","factor":"orientation_perpendicular"},
{"id":"278","source":"10","target":"4","factor":"orientation_perpendicular"},
{"id":"279","source":"6","target":"6","factor":"orientation_perpendicular"},
{"id":"280","source":"6","target":"2","factor":"orientation_perpendicular"},
{"id":"281","source":"3","target":"6","factor":"orientation_perpendicular"},
{"id":"282","source":"1","target":"6","factor":"orientation_perpendicular"},
{"id":"283","source":"10","target":"10","factor":"symmetry"},
{"id":"284","source":"4","target":"4","factor":"symmetry"},
{"id":"285","source":"5","target":"5","factor":"symmetry"},
{"id":"286","source":"6","target":"6","factor":"symmetry"}
],
"probability":[
{"id":"0","value":0.901599},
{"id":"1","value":0.114391},
{"id":"2","value":0.113161},
{"id":"3","value":0.103321},
{"id":"4","value":0.098401},
{"id":"5","value":0.0787208},
{"id":"6","value":0.0787208},
{"id":"7","value":0.0713407},
{"id":"8","value":0.0664207},
{"id":"9","value":0.135301},
{"id":"10","value":0.104551},
{"id":"11","value":0.247232},
{"id":"12","value":0.0738007},
{"id":"13","value":0.189422},
{"id":"14","value":0.204182},
{"id":"15","value":0.0873309},
{"id":"16","value":0.097171},
{"id":"17","value":0.412054},
{"id":"18","value":0.217712},
{"id":"19","value":0.238622},
{"id":"20","value":0.929889},
{"id":"21","value":0.94957},
{"id":"22","value":0.150062},
{"id":"23","value":0.114391},
{"id":"24","value":0.157442},
{"id":"25","value":0.184502},
{"id":"26","value":0.0319803},
{"id":"27","value":0.118081},
{"id":"28","value":0.0393604},
{"id":"29","value":0.0528905},
{"id":"30","value":0.745387},
{"id":"31","value":0.97417},
{"id":"32","value":0.896679},
{"id":"33","value":0.0725707},
{"id":"34","value":0.901599},
{"id":"35","value":0.114391},
{"id":"36","value":0.113161},
{"id":"37","value":0.103321},
{"id":"38","value":0.098401},
{"id":"39","value":0.0787208},
{"id":"40","value":0.0787208},
{"id":"41","value":0.0713407},
{"id":"42","value":0.0664207},
{"id":"43","value":0.135301},
{"id":"44","value":0.104551},
{"id":"45","value":0.247232},
{"id":"46","value":0.0738007},
{"id":"47","value":0.189422},
{"id":"48","value":0.204182},
{"id":"49","value":0.0873309},
{"id":"50","value":0.097171},
{"id":"51","value":0.412054},
{"id":"52","value":0.217712},
{"id":"53","value":0.238622},
{"id":"54","value":0.929889},
{"id":"55","value":0.94957},
{"id":"56","value":0.150062},
{"id":"57","value":0.114391},
{"id":"58","value":0.157442},
{"id":"59","value":0.184502},
{"id":"60","value":0.0319803},
{"id":"61","value":0.118081},
{"id":"62","value":0.0393604},
{"id":"63","value":0.0528905},
{"id":"64","value":0.0528905},
{"id":"65","value":0.745387},
{"id":"66","value":0.745387},
{"id":"67","value":0.97417},
{"id":"68","value":0.97417},
{"id":"69","value":0.896679},
{"id":"70","value":0.896679},
{"id":"71","value":0.0725707},
{"id":"72","value":0.0725707},
{"id":"73","value":0.901599},
{"id":"74","value":0.114391},
{"id":"75","value":0.113161},
{"id":"76","value":0.103321},
{"id":"77","value":0.098401},
{"id":"78","value":0.0787208},
{"id":"79","value":0.0787208},
{"id":"80","value":0.0713407},
{"id":"81","value":0.0664207},
{"id":"82","value":0.135301},
{"id":"83","value":0.104551},
{"id":"84","value":0.247232},
{"id":"85","value":0.0738007},
{"id":"86","value":0.189422},
{"id":"87","value":0.204182},
{"id":"88","value":0.0873309},
{"id":"89","value":0.097171},
{"id":"90","value":0.412054},
{"id":"91","value":0.217712},
{"id":"92","value":0.238622},
{"id":"93","value":0.929889},
{"id":"94","value":0.94957},
{"id":"95","value":0.150062},
{"id":"96","value":0.114391},
{"id":"97","value":0.157442},
{"id":"98","value":0.184502},
{"id":"99","value":0.0319803},
{"id":"100","value":0.118081},
{"id":"101","value":0.0393604},
{"id":"102","value":0.0528905},
{"id":"103","value":0.0528905},
{"id":"104","value":0.0528905},
{"id":"105","value":0.745387},
{"id":"106","value":0.745387},
{"id":"107","value":0.745387},
{"id":"108","value":0.97417},
{"id":"109","value":0.97417},
{"id":"110","value":0.97417},
{"id":"111","value":0.896679},
{"id":"112","value":0.896679},
{"id":"113","value":0.896679},
{"id":"114","value":0.0725707},
{"id":"115","value":0.0725707},
{"id":"116","value":0.0725707},
{"id":"117","value":0.901599},
{"id":"118","value":0.114391},
{"id":"119","value":0.113161},
{"id":"120","value":0.103321},
{"id":"121","value":0.098401},
{"id":"122","value":0.0787208},
{"id":"123","value":0.0787208},
{"id":"124","value":0.0713407},
{"id":"125","value":0.0664207},
{"id":"126","value":0.135301},
{"id":"127","value":0.104551},
{"id":"128","value":0.247232},
{"id":"129","value":0.0738007},
{"id":"130","value":0.189422},
{"id":"131","value":0.204182},
{"id":"132","value":0.0873309},
{"id":"133","value":0.097171},
{"id":"134","value":0.412054},
{"id":"135","value":0.217712},
{"id":"136","value":0.238622},
{"id":"137","value":0.929889},
{"id":"138","value":0.94957},
{"id":"139","value":0.150062},
{"id":"140","value":0.114391},
{"id":"141","value":0.157442},
{"id":"142","value":0.184502},
{"id":"143","value":0.0319803},
{"id":"144","value":0.118081},
{"id":"145","value":0.0393604},
{"id":"146","value":0.0528905},
{"id":"147","value":0.0528905},
{"id":"148","value":0.0528905},
{"id":"149","value":0.0528905},
{"id":"150","value":0.745387},
{"id":"151","value":0.745387},
{"id":"152","value":0.745387},
{"id":"153","value":0.745387},
{"id":"154","value":0.97417},
{"id":"155","value":0.97417},
{"id":"156","value":0.97417},
{"id":"157","value":0.97417},
{"id":"158","value":0.896679},
{"id":"159","value":0.896679},
{"id":"160","value":0.896679},
{"id":"161","value":0.896679},
{"id":"162","value":0.0725707},
{"id":"163","value":0.0725707},
{"id":"164","value":0.0725707},
{"id":"165","value":0.0725707},
{"id":"166","value":0.901599},
{"id":"167","value":0.114391},
{"id":"168","value":0.113161},
{"id":"169","value":0.103321},
{"id":"170","value":0.098401},
{"id":"171","value":0.0787208},
{"id":"172","value":0.0787208},
{"id":"173","value":0.0713407},
{"id":"174","value":0.0664207},
{"id":"175","value":0.135301},
{"id":"176","value":0.104551},
{"id":"177","value":0.247232},
{"id":"178","value":0.0738007},
{"id":"179","value":0.189422},
{"id":"180","value":0.204182},
{"id":"181","value":0.0873309},
{"id":"182","value":0.097171},
{"id":"183","value":0.412054},
{"id":"184","value":0.217712},
{"id":"185","value":0.238622},
{"id":"186","value":0.929889},
{"id":"187","value":0.94957},
{"id":"188","value":0.150062},
{"id":"189","value":0.114391},
{"id":"190","value":0.157442},
{"id":"191","value":0.184502},
{"id":"192","value":0.0319803},
{"id":"193","value":0.118081},
{"id":"194","value":0.0393604},
{"id":"195","value":0.0811808},
{"id":"196","value":0.205412},
{"id":"197","value":0.207872},
{"id":"198","value":0.0528905},
{"id":"199","value":0.0467405},
{"id":"200","value":0.0184502},
{"id":"201","value":0.0135301},
{"id":"202","value":0.0196802},
{"id":"203","value":0.0110701},
{"id":"204","value":0.0110701},
{"id":"205","value":0.0123001},
{"id":"206","value":0.0442804},
{"id":"207","value":0.0811808},
{"id":"208","value":0.205412},
{"id":"209","value":0.207872},
{"id":"210","value":0.0528905},
{"id":"211","value":0.0467405},
{"id":"212","value":0.0184502},
{"id":"213","value":0.0135301},
{"id":"214","value":0.0196802},
{"id":"215","value":0.0110701},
{"id":"216","value":0.0110701},
{"id":"217","value":0.0123001},
{"id":"218","value":0.115621},
{"id":"219","value":0.102091},
{"id":"220","value":0.098401},
{"id":"221","value":0.098401},
{"id":"222","value":0.0910209},
{"id":"223","value":0.0836408},
{"id":"224","value":0.0824108},
{"id":"225","value":0.0738007},
{"id":"226","value":0.0688807},
{"id":"227","value":0.0590406},
{"id":"228","value":0.0528905},
{"id":"229","value":0.96556},
{"id":"230","value":0.0848708},
{"id":"231","value":0.0848708},
{"id":"232","value":0.0504305},
{"id":"233","value":0.0504305},
{"id":"234","value":0.104551},
{"id":"235","value":0.113161},
{"id":"236","value":0.113161},
{"id":"237","value":0.123001},
{"id":"238","value":0.123001},
{"id":"239","value":0.0664207},
{"id":"240","value":0.129151},
{"id":"241","value":0.129151},
{"id":"242","value":0.0504305},
{"id":"243","value":0.0504305},
{"id":"244","value":0.0602706},
{"id":"245","value":0.0602706},
{"id":"246","value":0.0725707},
{"id":"247","value":0.0504305},
{"id":"248","value":0.130381},
{"id":"249","value":0.130381},
{"id":"250","value":0.0209102},
{"id":"251","value":0.0209102},
{"id":"252","value":0.0110701},
{"id":"253","value":0.0246002},
{"id":"254","value":0.0541205},
{"id":"255","value":0.0553506},
{"id":"256","value":0.0110701},
{"id":"257","value":0.0332103},
{"id":"258","value":0.0332103},
{"id":"259","value":0.0344403},
{"id":"260","value":0.0184502},
{"id":"261","value":0.0332103},
{"id":"262","value":0.0159902},
{"id":"263","value":0.0184502},
{"id":"264","value":0.0393604},
{"id":"265","value":0.0393604},
{"id":"266","value":0.0307503},
{"id":"267","value":0.0405904},
{"id":"268","value":0.0442804},
{"id":"269","value":0.0381304},
{"id":"270","value":0.0381304},
{"id":"271","value":0.0135301},
{"id":"272","value":0.0184502},
{"id":"273","value":0.0184502},
{"id":"274","value":0.0233702},
{"id":"275","value":0.0209102},
{"id":"276","value":0.0282903},
{"id":"277","value":0.0159902},
{"id":"278","value":0.0147601},
{"id":"279","value":0.0319803},
{"id":"280","value":0.0319803},
{"id":"281","value":0.0123001},
{"id":"282","value":0.0123001},
{"id":"283","value":0.110701},
{"id":"284","value":0.0246002},
{"id":"285","value":0.0258303},
{"id":"286","value":0.0332103}
]}