{
"vertices":[
{"id":"0","name":"shelving","Leaves":[{"name":"shelving","frequency":0.525581 }],"frequency":0.138991},
{"id":"1","name":"wall","Leaves":[{"name":"wall","frequency":0.244674 }],"frequency":0.98893},
{"id":"2","name":"floor","Leaves":[],"frequency":0.99139},
{"id":"3","name":"iron","Leaves":[],"frequency":0.177122},
{"id":"4","name":"door","Leaves":[{"name":"door","frequency":0.883652 }],"frequency":0.738007},
{"id":"5","name":"ceiling","Leaves":[],"frequency":0.96556},
{"id":"6","name":"air_conditioner","Leaves":[{"name":"air_conditioner","frequency":0.89083 }],"frequency":0.250923},
{"id":"7","name":"household_appliance","Leaves":[{"name":"household_appliance","frequency":0.861111 }],"frequency":0.190652},
{"id":"8","name":"dryer","Leaves":[{"name":"dryer","frequency":0.821657 }],"frequency":0.158672},
{"id":"9","name":"window","Leaves":[{"name":"window","frequency":0.853002 }],"frequency":0.506765},
{"id":"10","name":"ironing_board","Leaves":[],"frequency":0.189422},
{"id":"11","name":"washer","Leaves":[{"name":"washer","frequency":0.725373 }],"frequency":0.298893},
{"id":"12","name":"switch","Leaves":[{"name":"switch","frequency":0.640449 }],"frequency":0.0701107},
{"id":"13","name":"ottoman","Leaves":[{"name":"ottoman","frequency":0.586957 }],"frequency":0.0332103},
{"id":"14","name":"rug","Leaves":[],"frequency":0.0750308},
{"id":"15","name":"shelving","Leaves":[{"name":"shelving","frequency":0.525581 }],"frequency":2.99648e+32},
{"id":"16","name":"shelving","Leaves":[{"name":"shelving","frequency":0.525581 }],"frequency":0},
{"id":"17","name":"wall","Leaves":[{"name":"wall","frequency":0.244674 }],"frequency":8.11352e-43},
{"id":"18","name":"wall","Leaves":[{"name":"wall","frequency":0.244674 }],"frequency":0},
{"id":"19","name":"wall","Leaves":[{"name":"wall","frequency":0.244674 }],"frequency":0},
{"id":"20","name":"wall","Leaves":[{"name":"wall","frequency":0.244674 }],"frequency":0}
],
"rules":[
{"id":"0","source":"0","target":"1","factor":"proximity"},
{"id":"1","source":"2","target":"0","factor":"proximity"},
{"id":"2","source":"0","target":"1","factor":"orientation_parallel"},
{"id":"3","source":"0","target":"9","factor":"orientation_perpendicular"},
{"id":"4","source":"0","target":"1","factor":"orientation_perpendicular"},
{"id":"5","source":"0","target":"3","factor":"orientation_perpendicular"},
{"id":"6","source":"0","target":"2","factor":"orientation_perpendicular"},
{"id":"7","source":"0","target":"5","factor":"orientation_perpendicular"},
{"id":"8","source":"5","target":"0","factor":"orientation_perpendicular"},
{"id":"9","source":"2","target":"0","factor":"orientation_perpendicular"},
{"id":"10","source":"9","target":"0","factor":"orientation_perpendicular"},
{"id":"11","source":"1","target":"0","factor":"orientation_perpendicular"},
{"id":"12","source":"4","target":"0","factor":"orientation_perpendicular"},
{"id":"13","source":"0","target":"11","factor":"orientation_perpendicular"},
{"id":"14","source":"0","target":"15","factor":"orientation_parallel"},
{"id":"15","source":"0","target":"15","factor":"orientation_perpendicular"},
{"id":"16","source":"0","target":"15","factor":"symmetry"},
{"id":"17","source":"15","target":"1","factor":"proximity"},
{"id":"18","source":"2","target":"15","factor":"proximity"},
{"id":"19","source":"15","target":"1","factor":"orientation_parallel"},
{"id":"20","source":"15","target":"9","factor":"orientation_perpendicular"},
{"id":"21","source":"15","target":"1","factor":"orientation_perpendicular"},
{"id":"22","source":"15","target":"3","factor":"orientation_perpendicular"},
{"id":"23","source":"15","target":"2","factor":"orientation_perpendicular"},
{"id":"24","source":"15","target":"5","factor":"orientation_perpendicular"},
{"id":"25","source":"5","target":"15","factor":"orientation_perpendicular"},
{"id":"26","source":"2","target":"15","factor":"orientation_perpendicular"},
{"id":"27","source":"9","target":"15","factor":"orientation_perpendicular"},
{"id":"28","source":"1","target":"15","factor":"orientation_perpendicular"},
{"id":"29","source":"4","target":"15","factor":"orientation_perpendicular"},
{"id":"30","source":"15","target":"11","factor":"orientation_perpendicular"},
{"id":"31","source":"0","target":"16","factor":"orientation_parallel"},
{"id":"32","source":"15","target":"16","factor":"orientation_parallel"},
{"id":"33","source":"0","target":"16","factor":"orientation_perpendicular"},
{"id":"34","source":"15","target":"16","factor":"orientation_perpendicular"},
{"id":"35","source":"0","target":"16","factor":"symmetry"},
{"id":"36","source":"15","target":"16","factor":"symmetry"},
{"id":"37","source":"16","target":"1","factor":"proximity"},
{"id":"38","source":"2","target":"16","factor":"proximity"},
{"id":"39","source":"16","target":"1","factor":"orientation_parallel"},
{"id":"40","source":"16","target":"9","factor":"orientation_perpendicular"},
{"id":"41","source":"16","target":"1","factor":"orientation_perpendicular"},
{"id":"42","source":"16","target":"3","factor":"orientation_perpendicular"},
{"id":"43","source":"16","target":"2","factor":"orientation_perpendicular"},
{"id":"44","source":"16","target":"5","factor":"orientation_perpendicular"},
{"id":"45","source":"5","target":"16","factor":"orientation_perpendicular"},
{"id":"46","source":"2","target":"16","factor":"orientation_perpendicular"},
{"id":"47","source":"9","target":"16","factor":"orientation_perpendicular"},
{"id":"48","source":"1","target":"16","factor":"orientation_perpendicular"},
{"id":"49","source":"4","target":"16","factor":"orientation_perpendicular"},
{"id":"50","source":"16","target":"11","factor":"orientation_perpendicular"},
{"id":"51","source":"1","target":"2","factor":"Horizontal-Support"},
{"id":"52","source":"5","target":"1","factor":"proximity"},
{"id":"53","source":"4","target":"1","factor":"proximity"},
{"id":"54","source":"2","target":"1","factor":"proximity"},
{"id":"55","source":"6","target":"1","factor":"proximity"},
{"id":"56","source":"1","target":"9","factor":"proximity"},
{"id":"57","source":"8","target":"1","factor":"proximity"},
{"id":"58","source":"10","target":"1","factor":"proximity"},
{"id":"59","source":"3","target":"1","factor":"proximity"},
{"id":"60","source":"1","target":"11","factor":"proximity"},
{"id":"61","source":"4","target":"1","factor":"orientation_parallel"},
{"id":"62","source":"11","target":"1","factor":"orientation_parallel"},
{"id":"63","source":"7","target":"1","factor":"orientation_parallel"},
{"id":"64","source":"9","target":"1","factor":"orientation_parallel"},
{"id":"65","source":"5","target":"1","factor":"orientation_parallel"},
{"id":"66","source":"2","target":"1","factor":"orientation_parallel"},
{"id":"67","source":"10","target":"1","factor":"orientation_parallel"},
{"id":"68","source":"8","target":"1","factor":"orientation_parallel"},
{"id":"69","source":"6","target":"1","factor":"orientation_parallel"},
{"id":"70","source":"9","target":"1","factor":"orientation_perpendicular"},
{"id":"71","source":"11","target":"1","factor":"orientation_perpendicular"},
{"id":"72","source":"4","target":"1","factor":"orientation_perpendicular"},
{"id":"73","source":"5","target":"1","factor":"orientation_perpendicular"},
{"id":"74","source":"2","target":"1","factor":"orientation_perpendicular"},
{"id":"75","source":"7","target":"1","factor":"orientation_perpendicular"},
{"id":"76","source":"3","target":"1","factor":"orientation_perpendicular"},
{"id":"77","source":"8","target":"1","factor":"orientation_perpendicular"},
{"id":"78","source":"6","target":"1","factor":"orientation_perpendicular"},
{"id":"79","source":"10","target":"1","factor":"orientation_perpendicular"},
{"id":"80","source":"12","target":"1","factor":"orientation_perpendicular"},
{"id":"81","source":"13","target":"1","factor":"orientation_perpendicular"},
{"id":"82","source":"14","target":"1","factor":"orientation_perpendicular"},
{"id":"83","source":"1","target":"17","factor":"proximity"},
{"id":"84","source":"1","target":"17","factor":"orientation_parallel"},
{"id":"85","source":"1","target":"17","factor":"orientation_perpendicular"},
{"id":"86","source":"1","target":"17","factor":"symmetry"},
{"id":"87","source":"1","target":"17","factor":"side_to_side"},
{"id":"88","source":"17","target":"2","factor":"Horizontal-Support"},
{"id":"89","source":"5","target":"17","factor":"proximity"},
{"id":"90","source":"4","target":"17","factor":"proximity"},
{"id":"91","source":"2","target":"17","factor":"proximity"},
{"id":"92","source":"6","target":"17","factor":"proximity"},
{"id":"93","source":"17","target":"9","factor":"proximity"},
{"id":"94","source":"8","target":"17","factor":"proximity"},
{"id":"95","source":"10","target":"17","factor":"proximity"},
{"id":"96","source":"3","target":"17","factor":"proximity"},
{"id":"97","source":"17","target":"11","factor":"proximity"},
{"id":"98","source":"4","target":"17","factor":"orientation_parallel"},
{"id":"99","source":"11","target":"17","factor":"orientation_parallel"},
{"id":"100","source":"7","target":"17","factor":"orientation_parallel"},
{"id":"101","source":"9","target":"17","factor":"orientation_parallel"},
{"id":"102","source":"5","target":"17","factor":"orientation_parallel"},
{"id":"103","source":"2","target":"17","factor":"orientation_parallel"},
{"id":"104","source":"10","target":"17","factor":"orientation_parallel"},
{"id":"105","source":"8","target":"17","factor":"orientation_parallel"},
{"id":"106","source":"6","target":"17","factor":"orientation_parallel"},
{"id":"107","source":"9","target":"17","factor":"orientation_perpendicular"},
{"id":"108","source":"11","target":"17","factor":"orientation_perpendicular"},
{"id":"109","source":"4","target":"17","factor":"orientation_perpendicular"},
{"id":"110","source":"5","target":"17","factor":"orientation_perpendicular"},
{"id":"111","source":"2","target":"17","factor":"orientation_perpendicular"},
{"id":"112","source":"7","target":"17","factor":"orientation_perpendicular"},
{"id":"113","source":"3","target":"17","factor":"orientation_perpendicular"},
{"id":"114","source":"8","target":"17","factor":"orientation_perpendicular"},
{"id":"115","source":"6","target":"17","factor":"orientation_perpendicular"},
{"id":"116","source":"10","target":"17","factor":"orientation_perpendicular"},
{"id":"117","source":"12","target":"17","factor":"orientation_perpendicular"},
{"id":"118","source":"13","target":"17","factor":"orientation_perpendicular"},
{"id":"119","source":"14","target":"17","factor":"orientation_perpendicular"},
{"id":"120","source":"1","target":"18","factor":"proximity"},
{"id":"121","source":"17","target":"18","factor":"proximity"},
{"id":"122","source":"1","target":"18","factor":"orientation_parallel"},
{"id":"123","source":"17","target":"18","factor":"orientation_parallel"},
{"id":"124","source":"1","target":"18","factor":"orientation_perpendicular"},
{"id":"125","source":"17","target":"18","factor":"orientation_perpendicular"},
{"id":"126","source":"1","target":"18","factor":"symmetry"},
{"id":"127","source":"17","target":"18","factor":"symmetry"},
{"id":"128","source":"1","target":"18","factor":"side_to_side"},
{"id":"129","source":"17","target":"18","factor":"side_to_side"},
{"id":"130","source":"18","target":"2","factor":"Horizontal-Support"},
{"id":"131","source":"5","target":"18","factor":"proximity"},
{"id":"132","source":"4","target":"18","factor":"proximity"},
{"id":"133","source":"2","target":"18","factor":"proximity"},
{"id":"134","source":"6","target":"18","factor":"proximity"},
{"id":"135","source":"18","target":"9","factor":"proximity"},
{"id":"136","source":"8","target":"18","factor":"proximity"},
{"id":"137","source":"10","target":"18","factor":"proximity"},
{"id":"138","source":"3","target":"18","factor":"proximity"},
{"id":"139","source":"18","target":"11","factor":"proximity"},
{"id":"140","source":"4","target":"18","factor":"orientation_parallel"},
{"id":"141","source":"11","target":"18","factor":"orientation_parallel"},
{"id":"142","source":"7","target":"18","factor":"orientation_parallel"},
{"id":"143","source":"9","target":"18","factor":"orientation_parallel"},
{"id":"144","source":"5","target":"18","factor":"orientation_parallel"},
{"id":"145","source":"2","target":"18","factor":"orientation_parallel"},
{"id":"146","source":"10","target":"18","factor":"orientation_parallel"},
{"id":"147","source":"8","target":"18","factor":"orientation_parallel"},
{"id":"148","source":"6","target":"18","factor":"orientation_parallel"},
{"id":"149","source":"9","target":"18","factor":"orientation_perpendicular"},
{"id":"150","source":"11","target":"18","factor":"orientation_perpendicular"},
{"id":"151","source":"4","target":"18","factor":"orientation_perpendicular"},
{"id":"152","source":"5","target":"18","factor":"orientation_perpendicular"},
{"id":"153","source":"2","target":"18","factor":"orientation_perpendicular"},
{"id":"154","source":"7","target":"18","factor":"orientation_perpendicular"},
{"id":"155","source":"3","target":"18","factor":"orientation_perpendicular"},
{"id":"156","source":"8","target":"18","factor":"orientation_perpendicular"},
{"id":"157","source":"6","target":"18","factor":"orientation_perpendicular"},
{"id":"158","source":"10","target":"18","factor":"orientation_perpendicular"},
{"id":"159","source":"12","target":"18","factor":"orientation_perpendicular"},
{"id":"160","source":"13","target":"18","factor":"orientation_perpendicular"},
{"id":"161","source":"14","target":"18","factor":"orientation_perpendicular"},
{"id":"162","source":"1","target":"19","factor":"proximity"},
{"id":"163","source":"17","target":"19","factor":"proximity"},
{"id":"164","source":"18","target":"19","factor":"proximity"},
{"id":"165","source":"1","target":"19","factor":"orientation_parallel"},
{"id":"166","source":"17","target":"19","factor":"orientation_parallel"},
{"id":"167","source":"18","target":"19","factor":"orientation_parallel"},
{"id":"168","source":"1","target":"19","factor":"orientation_perpendicular"},
{"id":"169","source":"17","target":"19","factor":"orientation_perpendicular"},
{"id":"170","source":"18","target":"19","factor":"orientation_perpendicular"},
{"id":"171","source":"1","target":"19","factor":"symmetry"},
{"id":"172","source":"17","target":"19","factor":"symmetry"},
{"id":"173","source":"18","target":"19","factor":"symmetry"},
{"id":"174","source":"1","target":"19","factor":"side_to_side"},
{"id":"175","source":"17","target":"19","factor":"side_to_side"},
{"id":"176","source":"18","target":"19","factor":"side_to_side"},
{"id":"177","source":"19","target":"2","factor":"Horizontal-Support"},
{"id":"178","source":"5","target":"19","factor":"proximity"},
{"id":"179","source":"4","target":"19","factor":"proximity"},
{"id":"180","source":"2","target":"19","factor":"proximity"},
{"id":"181","source":"6","target":"19","factor":"proximity"},
{"id":"182","source":"19","target":"9","factor":"proximity"},
{"id":"183","source":"8","target":"19","factor":"proximity"},
{"id":"184","source":"10","target":"19","factor":"proximity"},
{"id":"185","source":"3","target":"19","factor":"proximity"},
{"id":"186","source":"19","target":"11","factor":"proximity"},
{"id":"187","source":"4","target":"19","factor":"orientation_parallel"},
{"id":"188","source":"11","target":"19","factor":"orientation_parallel"},
{"id":"189","source":"7","target":"19","factor":"orientation_parallel"},
{"id":"190","source":"9","target":"19","factor":"orientation_parallel"},
{"id":"191","source":"5","target":"19","factor":"orientation_parallel"},
{"id":"192","source":"2","target":"19","factor":"orientation_parallel"},
{"id":"193","source":"10","target":"19","factor":"orientation_parallel"},
{"id":"194","source":"8","target":"19","factor":"orientation_parallel"},
{"id":"195","source":"6","target":"19","factor":"orientation_parallel"},
{"id":"196","source":"9","target":"19","factor":"orientation_perpendicular"},
{"id":"197","source":"11","target":"19","factor":"orientation_perpendicular"},
{"id":"198","source":"4","target":"19","factor":"orientation_perpendicular"},
{"id":"199","source":"5","target":"19","factor":"orientation_perpendicular"},
{"id":"200","source":"2","target":"19","factor":"orientation_perpendicular"},
{"id":"201","source":"7","target":"19","factor":"orientation_perpendicular"},
{"id":"202","source":"3","target":"19","factor":"orientation_perpendicular"},
{"id":"203","source":"8","target":"19","factor":"orientation_perpendicular"},
{"id":"204","source":"6","target":"19","factor":"orientation_perpendicular"},
{"id":"205","source":"10","target":"19","factor":"orientation_perpendicular"},
{"id":"206","source":"12","target":"19","factor":"orientation_perpendicular"},
{"id":"207","source":"13","target":"19","factor":"orientation_perpendicular"},
{"id":"208","source":"14","target":"19","factor":"orientation_perpendicular"},
{"id":"209","source":"1","target":"20","factor":"proximity"},
{"id":"210","source":"17","target":"20","factor":"proximity"},
{"id":"211","source":"18","target":"20","factor":"proximity"},
{"id":"212","source":"19","target":"20","factor":"proximity"},
{"id":"213","source":"1","target":"20","factor":"orientation_parallel"},
{"id":"214","source":"17","target":"20","factor":"orientation_parallel"},
{"id":"215","source":"18","target":"20","factor":"orientation_parallel"},
{"id":"216","source":"19","target":"20","factor":"orientation_parallel"},
{"id":"217","source":"1","target":"20","factor":"orientation_perpendicular"},
{"id":"218","source":"17","target":"20","factor":"orientation_perpendicular"},
{"id":"219","source":"18","target":"20","factor":"orientation_perpendicular"},
{"id":"220","source":"19","target":"20","factor":"orientation_perpendicular"},
{"id":"221","source":"1","target":"20","factor":"symmetry"},
{"id":"222","source":"17","target":"20","factor":"symmetry"},
{"id":"223","source":"18","target":"20","factor":"symmetry"},
{"id":"224","source":"19","target":"20","factor":"symmetry"},
{"id":"225","source":"1","target":"20","factor":"side_to_side"},
{"id":"226","source":"17","target":"20","factor":"side_to_side"},
{"id":"227","source":"18","target":"20","factor":"side_to_side"},
{"id":"228","source":"19","target":"20","factor":"side_to_side"},
{"id":"229","source":"20","target":"2","factor":"Horizontal-Support"},
{"id":"230","source":"5","target":"20","factor":"proximity"},
{"id":"231","source":"4","target":"20","factor":"proximity"},
{"id":"232","source":"2","target":"20","factor":"proximity"},
{"id":"233","source":"6","target":"20","factor":"proximity"},
{"id":"234","source":"20","target":"9","factor":"proximity"},
{"id":"235","source":"8","target":"20","factor":"proximity"},
{"id":"236","source":"10","target":"20","factor":"proximity"},
{"id":"237","source":"3","target":"20","factor":"proximity"},
{"id":"238","source":"20","target":"11","factor":"proximity"},
{"id":"239","source":"4","target":"20","factor":"orientation_parallel"},
{"id":"240","source":"11","target":"20","factor":"orientation_parallel"},
{"id":"241","source":"7","target":"20","factor":"orientation_parallel"},
{"id":"242","source":"9","target":"20","factor":"orientation_parallel"},
{"id":"243","source":"5","target":"20","factor":"orientation_parallel"},
{"id":"244","source":"2","target":"20","factor":"orientation_parallel"},
{"id":"245","source":"10","target":"20","factor":"orientation_parallel"},
{"id":"246","source":"8","target":"20","factor":"orientation_parallel"},
{"id":"247","source":"6","target":"20","factor":"orientation_parallel"},
{"id":"248","source":"9","target":"20","factor":"orientation_perpendicular"},
{"id":"249","source":"11","target":"20","factor":"orientation_perpendicular"},
{"id":"250","source":"4","target":"20","factor":"orientation_perpendicular"},
{"id":"251","source":"5","target":"20","factor":"orientation_perpendicular"},
{"id":"252","source":"2","target":"20","factor":"orientation_perpendicular"},
{"id":"253","source":"7","target":"20","factor":"orientation_perpendicular"},
{"id":"254","source":"3","target":"20","factor":"orientation_perpendicular"},
{"id":"255","source":"8","target":"20","factor":"orientation_perpendicular"},
{"id":"256","source":"6","target":"20","factor":"orientation_perpendicular"},
{"id":"257","source":"10","target":"20","factor":"orientation_perpendicular"},
{"id":"258","source":"12","target":"20","factor":"orientation_perpendicular"},
{"id":"259","source":"13","target":"20","factor":"orientation_perpendicular"},
{"id":"260","source":"14","target":"20","factor":"orientation_perpendicular"},
{"id":"261","source":"2","target":"3","factor":"proximity"},
{"id":"262","source":"4","target":"2","factor":"proximity"},
{"id":"263","source":"5","target":"4","factor":"proximity"},
{"id":"264","source":"6","target":"4","factor":"proximity"},
{"id":"265","source":"5","target":"2","factor":"proximity"},
{"id":"266","source":"6","target":"7","factor":"proximity"},
{"id":"267","source":"6","target":"5","factor":"proximity"},
{"id":"268","source":"8","target":"2","factor":"proximity"},
{"id":"269","source":"3","target":"10","factor":"proximity"},
{"id":"270","source":"6","target":"2","factor":"proximity"},
{"id":"271","source":"6","target":"8","factor":"proximity"},
{"id":"272","source":"5","target":"9","factor":"proximity"},
{"id":"273","source":"2","target":"11","factor":"proximity"},
{"id":"274","source":"4","target":"4","factor":"proximity"},
{"id":"275","source":"6","target":"9","factor":"proximity"},
{"id":"276","source":"2","target":"10","factor":"proximity"},
{"id":"277","source":"5","target":"2","factor":"orientation_parallel"},
{"id":"278","source":"5","target":"6","factor":"orientation_parallel"},
{"id":"279","source":"2","target":"6","factor":"orientation_parallel"},
{"id":"280","source":"4","target":"5","factor":"orientation_parallel"},
{"id":"281","source":"4","target":"2","factor":"orientation_parallel"},
{"id":"282","source":"11","target":"11","factor":"orientation_parallel"},
{"id":"283","source":"5","target":"3","factor":"orientation_parallel"},
{"id":"284","source":"2","target":"3","factor":"orientation_parallel"},
{"id":"285","source":"5","target":"9","factor":"orientation_parallel"},
{"id":"286","source":"2","target":"9","factor":"orientation_parallel"},
{"id":"287","source":"6","target":"7","factor":"orientation_parallel"},
{"id":"288","source":"4","target":"9","factor":"orientation_parallel"},
{"id":"289","source":"11","target":"2","factor":"orientation_parallel"},
{"id":"290","source":"11","target":"5","factor":"orientation_parallel"},
{"id":"291","source":"5","target":"7","factor":"orientation_parallel"},
{"id":"292","source":"2","target":"7","factor":"orientation_parallel"},
{"id":"293","source":"10","target":"5","factor":"orientation_parallel"},
{"id":"294","source":"10","target":"2","factor":"orientation_parallel"},
{"id":"295","source":"10","target":"3","factor":"orientation_parallel"},
{"id":"296","source":"11","target":"3","factor":"orientation_parallel"},
{"id":"297","source":"4","target":"3","factor":"orientation_perpendicular"},
{"id":"298","source":"9","target":"5","factor":"orientation_perpendicular"},
{"id":"299","source":"9","target":"2","factor":"orientation_perpendicular"},
{"id":"300","source":"5","target":"3","factor":"orientation_perpendicular"},
{"id":"301","source":"2","target":"3","factor":"orientation_perpendicular"},
{"id":"302","source":"6","target":"3","factor":"orientation_perpendicular"},
{"id":"303","source":"4","target":"5","factor":"orientation_perpendicular"},
{"id":"304","source":"4","target":"2","factor":"orientation_perpendicular"},
{"id":"305","source":"4","target":"11","factor":"orientation_perpendicular"},
{"id":"306","source":"5","target":"11","factor":"orientation_perpendicular"},
{"id":"307","source":"2","target":"11","factor":"orientation_perpendicular"},
{"id":"308","source":"4","target":"7","factor":"orientation_perpendicular"},
{"id":"309","source":"11","target":"7","factor":"orientation_perpendicular"},
{"id":"310","source":"5","target":"7","factor":"orientation_perpendicular"},
{"id":"311","source":"2","target":"7","factor":"orientation_perpendicular"},
{"id":"312","source":"11","target":"3","factor":"orientation_perpendicular"},
{"id":"313","source":"3","target":"11","factor":"orientation_perpendicular"},
{"id":"314","source":"4","target":"9","factor":"orientation_perpendicular"},
{"id":"315","source":"8","target":"9","factor":"orientation_perpendicular"},
{"id":"316","source":"6","target":"7","factor":"orientation_perpendicular"},
{"id":"317","source":"6","target":"5","factor":"orientation_perpendicular"},
{"id":"318","source":"6","target":"2","factor":"orientation_perpendicular"},
{"id":"319","source":"6","target":"9","factor":"orientation_perpendicular"},
{"id":"320","source":"4","target":"6","factor":"orientation_perpendicular"},
{"id":"321","source":"8","target":"6","factor":"orientation_perpendicular"},
{"id":"322","source":"8","target":"7","factor":"orientation_perpendicular"},
{"id":"323","source":"4","target":"8","factor":"orientation_perpendicular"},
{"id":"324","source":"11","target":"9","factor":"orientation_perpendicular"},
{"id":"325","source":"8","target":"11","factor":"orientation_perpendicular"},
{"id":"326","source":"8","target":"5","factor":"orientation_perpendicular"},
{"id":"327","source":"8","target":"2","factor":"orientation_perpendicular"},
{"id":"328","source":"9","target":"7","factor":"orientation_perpendicular"},
{"id":"329","source":"4","target":"10","factor":"orientation_perpendicular"},
{"id":"330","source":"10","target":"2","factor":"orientation_perpendicular"},
{"id":"331","source":"10","target":"5","factor":"orientation_perpendicular"},
{"id":"332","source":"10","target":"3","factor":"orientation_perpendicular"},
{"id":"333","source":"8","target":"3","factor":"orientation_perpendicular"},
{"id":"334","source":"10","target":"11","factor":"orientation_perpendicular"},
{"id":"335","source":"10","target":"9","factor":"orientation_perpendicular"},
{"id":"336","source":"9","target":"11","factor":"orientation_perpendicular"},
{"id":"337","source":"11","target":"6","factor":"orientation_perpendicular"},
{"id":"338","source":"9","target":"9","factor":"orientation_perpendicular"},
{"id":"339","source":"4","target":"13","factor":"orientation_perpendicular"},
{"id":"340","source":"4","target":"14","factor":"orientation_perpendicular"},
{"id":"341","source":"2","target":"14","factor":"orientation_perpendicular"},
{"id":"342","source":"5","target":"14","factor":"orientation_perpendicular"},
{"id":"343","source":"4","target":"4","factor":"orientation_perpendicular"},
{"id":"344","source":"11","target":"12","factor":"orientation_perpendicular"},
{"id":"345","source":"2","target":"12","factor":"orientation_perpendicular"},
{"id":"346","source":"5","target":"12","factor":"orientation_perpendicular"},
{"id":"347","source":"3","target":"12","factor":"orientation_perpendicular"},
{"id":"348","source":"9","target":"14","factor":"orientation_perpendicular"},
{"id":"349","source":"9","target":"3","factor":"orientation_perpendicular"},
{"id":"350","source":"5","target":"9","factor":"orientation_perpendicular"},
{"id":"351","source":"2","target":"9","factor":"orientation_perpendicular"},
{"id":"352","source":"11","target":"11","factor":"symmetry"},
{"id":"353","source":"6","target":"6","factor":"symmetry"},
{"id":"354","source":"8","target":"8","factor":"symmetry"},
{"id":"355","source":"7","target":"7","factor":"symmetry"},
{"id":"356","source":"4","target":"4","factor":"symmetry"},
{"id":"357","source":"9","target":"9","factor":"symmetry"},
{"id":"358","source":"13","target":"13","factor":"symmetry"},
{"id":"359","source":"12","target":"12","factor":"symmetry"}
],
"probability":[
{"id":"0","value":0.0848708},
{"id":"1","value":0.0799508},
{"id":"2","value":0.0947109},
{"id":"3","value":0.0381304},
{"id":"4","value":0.111931},
{"id":"5","value":0.0110701},
{"id":"6","value":0.0479705},
{"id":"7","value":0.0479705},
{"id":"8","value":0.0110701},
{"id":"9","value":0.0110701},
{"id":"10","value":0.0123001},
{"id":"11","value":0.0209102},
{"id":"12","value":0.0319803},
{"id":"13","value":0.0135301},
{"id":"14","value":0.0504305},
{"id":"15","value":0.0196802},
{"id":"16","value":0.0492005},
{"id":"17","value":0.0848708},
{"id":"18","value":0.0799508},
{"id":"19","value":0.0947109},
{"id":"20","value":0.0381304},
{"id":"21","value":0.111931},
{"id":"22","value":0.0110701},
{"id":"23","value":0.0479705},
{"id":"24","value":0.0479705},
{"id":"25","value":0.0110701},
{"id":"26","value":0.0110701},
{"id":"27","value":0.0123001},
{"id":"28","value":0.0209102},
{"id":"29","value":0.0319803},
{"id":"30","value":0.0135301},
{"id":"31","value":0.0504305},
{"id":"32","value":0.0504305},
{"id":"33","value":0.0196802},
{"id":"34","value":0.0196802},
{"id":"35","value":0.0492005},
{"id":"36","value":0.0492005},
{"id":"37","value":0.0848708},
{"id":"38","value":0.0799508},
{"id":"39","value":0.0947109},
{"id":"40","value":0.0381304},
{"id":"41","value":0.111931},
{"id":"42","value":0.0110701},
{"id":"43","value":0.0479705},
{"id":"44","value":0.0479705},
{"id":"45","value":0.0110701},
{"id":"46","value":0.0110701},
{"id":"47","value":0.0123001},
{"id":"48","value":0.0209102},
{"id":"49","value":0.0319803},
{"id":"50","value":0.0135301},
{"id":"51","value":0.901599},
{"id":"52","value":0.114391},
{"id":"53","value":0.113161},
{"id":"54","value":0.113161},
{"id":"55","value":0.103321},
{"id":"56","value":0.098401},
{"id":"57","value":0.0848708},
{"id":"58","value":0.0787208},
{"id":"59","value":0.0713407},
{"id":"60","value":0.0664207},
{"id":"61","value":0.268143},
{"id":"62","value":0.135301},
{"id":"63","value":0.104551},
{"id":"64","value":0.247232},
{"id":"65","value":0.189422},
{"id":"66","value":0.204182},
{"id":"67","value":0.0873309},
{"id":"68","value":0.0836408},
{"id":"69","value":0.097171},
{"id":"70","value":0.412054},
{"id":"71","value":0.238622},
{"id":"72","value":0.558426},
{"id":"73","value":0.929889},
{"id":"74","value":0.94957},
{"id":"75","value":0.150062},
{"id":"76","value":0.157442},
{"id":"77","value":0.124231},
{"id":"78","value":0.184502},
{"id":"79","value":0.118081},
{"id":"80","value":0.0639606},
{"id":"81","value":0.0246002},
{"id":"82","value":0.0492005},
{"id":"83","value":0.0528905},
{"id":"84","value":0.745387},
{"id":"85","value":0.97417},
{"id":"86","value":0.896679},
{"id":"87","value":0.0725707},
{"id":"88","value":0.901599},
{"id":"89","value":0.114391},
{"id":"90","value":0.113161},
{"id":"91","value":0.113161},
{"id":"92","value":0.103321},
{"id":"93","value":0.098401},
{"id":"94","value":0.0848708},
{"id":"95","value":0.0787208},
{"id":"96","value":0.0713407},
{"id":"97","value":0.0664207},
{"id":"98","value":0.268143},
{"id":"99","value":0.135301},
{"id":"100","value":0.104551},
{"id":"101","value":0.247232},
{"id":"102","value":0.189422},
{"id":"103","value":0.204182},
{"id":"104","value":0.0873309},
{"id":"105","value":0.0836408},
{"id":"106","value":0.097171},
{"id":"107","value":0.412054},
{"id":"108","value":0.238622},
{"id":"109","value":0.558426},
{"id":"110","value":0.929889},
{"id":"111","value":0.94957},
{"id":"112","value":0.150062},
{"id":"113","value":0.157442},
{"id":"114","value":0.124231},
{"id":"115","value":0.184502},
{"id":"116","value":0.118081},
{"id":"117","value":0.0639606},
{"id":"118","value":0.0246002},
{"id":"119","value":0.0492005},
{"id":"120","value":0.0528905},
{"id":"121","value":0.0528905},
{"id":"122","value":0.745387},
{"id":"123","value":0.745387},
{"id":"124","value":0.97417},
{"id":"125","value":0.97417},
{"id":"126","value":0.896679},
{"id":"127","value":0.896679},
{"id":"128","value":0.0725707},
{"id":"129","value":0.0725707},
{"id":"130","value":0.901599},
{"id":"131","value":0.114391},
{"id":"132","value":0.113161},
{"id":"133","value":0.113161},
{"id":"134","value":0.103321},
{"id":"135","value":0.098401},
{"id":"136","value":0.0848708},
{"id":"137","value":0.0787208},
{"id":"138","value":0.0713407},
{"id":"139","value":0.0664207},
{"id":"140","value":0.268143},
{"id":"141","value":0.135301},
{"id":"142","value":0.104551},
{"id":"143","value":0.247232},
{"id":"144","value":0.189422},
{"id":"145","value":0.204182},
{"id":"146","value":0.0873309},
{"id":"147","value":0.0836408},
{"id":"148","value":0.097171},
{"id":"149","value":0.412054},
{"id":"150","value":0.238622},
{"id":"151","value":0.558426},
{"id":"152","value":0.929889},
{"id":"153","value":0.94957},
{"id":"154","value":0.150062},
{"id":"155","value":0.157442},
{"id":"156","value":0.124231},
{"id":"157","value":0.184502},
{"id":"158","value":0.118081},
{"id":"159","value":0.0639606},
{"id":"160","value":0.0246002},
{"id":"161","value":0.0492005},
{"id":"162","value":0.0528905},
{"id":"163","value":0.0528905},
{"id":"164","value":0.0528905},
{"id":"165","value":0.745387},
{"id":"166","value":0.745387},
{"id":"167","value":0.745387},
{"id":"168","value":0.97417},
{"id":"169","value":0.97417},
{"id":"170","value":0.97417},
{"id":"171","value":0.896679},
{"id":"172","value":0.896679},
{"id":"173","value":0.896679},
{"id":"174","value":0.0725707},
{"id":"175","value":0.0725707},
{"id":"176","value":0.0725707},
{"id":"177","value":0.901599},
{"id":"178","value":0.114391},
{"id":"179","value":0.113161},
{"id":"180","value":0.113161},
{"id":"181","value":0.103321},
{"id":"182","value":0.098401},
{"id":"183","value":0.0848708},
{"id":"184","value":0.0787208},
{"id":"185","value":0.0713407},
{"id":"186","value":0.0664207},
{"id":"187","value":0.268143},
{"id":"188","value":0.135301},
{"id":"189","value":0.104551},
{"id":"190","value":0.247232},
{"id":"191","value":0.189422},
{"id":"192","value":0.204182},
{"id":"193","value":0.0873309},
{"id":"194","value":0.0836408},
{"id":"195","value":0.097171},
{"id":"196","value":0.412054},
{"id":"197","value":0.238622},
{"id":"198","value":0.558426},
{"id":"199","value":0.929889},
{"id":"200","value":0.94957},
{"id":"201","value":0.150062},
{"id":"202","value":0.157442},
{"id":"203","value":0.124231},
{"id":"204","value":0.184502},
{"id":"205","value":0.118081},
{"id":"206","value":0.0639606},
{"id":"207","value":0.0246002},
{"id":"208","value":0.0492005},
{"id":"209","value":0.0528905},
{"id":"210","value":0.0528905},
{"id":"211","value":0.0528905},
{"id":"212","value":0.0528905},
{"id":"213","value":0.745387},
{"id":"214","value":0.745387},
{"id":"215","value":0.745387},
{"id":"216","value":0.745387},
{"id":"217","value":0.97417},
{"id":"218","value":0.97417},
{"id":"219","value":0.97417},
{"id":"220","value":0.97417},
{"id":"221","value":0.896679},
{"id":"222","value":0.896679},
{"id":"223","value":0.896679},
{"id":"224","value":0.896679},
{"id":"225","value":0.0725707},
{"id":"226","value":0.0725707},
{"id":"227","value":0.0725707},
{"id":"228","value":0.0725707},
{"id":"229","value":0.901599},
{"id":"230","value":0.114391},
{"id":"231","value":0.113161},
{"id":"232","value":0.113161},
{"id":"233","value":0.103321},
{"id":"234","value":0.098401},
{"id":"235","value":0.0848708},
{"id":"236","value":0.0787208},
{"id":"237","value":0.0713407},
{"id":"238","value":0.0664207},
{"id":"239","value":0.268143},
{"id":"240","value":0.135301},
{"id":"241","value":0.104551},
{"id":"242","value":0.247232},
{"id":"243","value":0.189422},
{"id":"244","value":0.204182},
{"id":"245","value":0.0873309},
{"id":"246","value":0.0836408},
{"id":"247","value":0.097171},
{"id":"248","value":0.412054},
{"id":"249","value":0.238622},
{"id":"250","value":0.558426},
{"id":"251","value":0.929889},
{"id":"252","value":0.94957},
{"id":"253","value":0.150062},
{"id":"254","value":0.157442},
{"id":"255","value":0.124231},
{"id":"256","value":0.184502},
{"id":"257","value":0.118081},
{"id":"258","value":0.0639606},
{"id":"259","value":0.0246002},
{"id":"260","value":0.0492005},
{"id":"261","value":0.115621},
{"id":"262","value":0.114391},
{"id":"263","value":0.114391},
{"id":"264","value":0.103321},
{"id":"265","value":0.102091},
{"id":"266","value":0.098401},
{"id":"267","value":0.098401},
{"id":"268","value":0.098401},
{"id":"269","value":0.0910209},
{"id":"270","value":0.0836408},
{"id":"271","value":0.0762608},
{"id":"272","value":0.0738007},
{"id":"273","value":0.0688807},
{"id":"274","value":0.0627306},
{"id":"275","value":0.0590406},
{"id":"276","value":0.0528905},
{"id":"277","value":0.96556},
{"id":"278","value":0.0848708},
{"id":"279","value":0.0848708},
{"id":"280","value":0.124231},
{"id":"281","value":0.124231},
{"id":"282","value":0.104551},
{"id":"283","value":0.113161},
{"id":"284","value":0.113161},
{"id":"285","value":0.123001},
{"id":"286","value":0.123001},
{"id":"287","value":0.0664207},
{"id":"288","value":0.0873309},
{"id":"289","value":0.129151},
{"id":"290","value":0.129151},
{"id":"291","value":0.0504305},
{"id":"292","value":0.0504305},
{"id":"293","value":0.0602706},
{"id":"294","value":0.0602706},
{"id":"295","value":0.0725707},
{"id":"296","value":0.0504305},
{"id":"297","value":0.0381304},
{"id":"298","value":0.130381},
{"id":"299","value":0.130381},
{"id":"300","value":0.0209102},
{"id":"301","value":0.0209102},
{"id":"302","value":0.0110701},
{"id":"303","value":0.212792},
{"id":"304","value":0.214022},
{"id":"305","value":0.0750308},
{"id":"306","value":0.0541205},
{"id":"307","value":0.0553506},
{"id":"308","value":0.0442804},
{"id":"309","value":0.0110701},
{"id":"310","value":0.0332103},
{"id":"311","value":0.0332103},
{"id":"312","value":0.0332103},
{"id":"313","value":0.0159902},
{"id":"314","value":0.0897909},
{"id":"315","value":0.0319803},
{"id":"316","value":0.0184502},
{"id":"317","value":0.0393604},
{"id":"318","value":0.0393604},
{"id":"319","value":0.0307503},
{"id":"320","value":0.0578106},
{"id":"321","value":0.0184502},
{"id":"322","value":0.0135301},
{"id":"323","value":0.0393604},
{"id":"324","value":0.0405904},
{"id":"325","value":0.0147601},
{"id":"326","value":0.0258303},
{"id":"327","value":0.0258303},
{"id":"328","value":0.0442804},
{"id":"329","value":0.0516605},
{"id":"330","value":0.0381304},
{"id":"331","value":0.0381304},
{"id":"332","value":0.0135301},
{"id":"333","value":0.0135301},
{"id":"334","value":0.0209102},
{"id":"335","value":0.0282903},
{"id":"336","value":0.0159902},
{"id":"337","value":0.0147601},
{"id":"338","value":0.0319803},
{"id":"339","value":0.0123001},
{"id":"340","value":0.0196802},
{"id":"341","value":0.0184502},
{"id":"342","value":0.0159902},
{"id":"343","value":0.0221402},
{"id":"344","value":0.0147601},
{"id":"345","value":0.0258303},
{"id":"346","value":0.0258303},
{"id":"347","value":0.0135301},
{"id":"348","value":0.0147601},
{"id":"349","value":0.0319803},
{"id":"350","value":0.0123001},
{"id":"351","value":0.0123001},
{"id":"352","value":0.110701},
{"id":"353","value":0.0246002},
{"id":"354","value":0.0307503},
{"id":"355","value":0.0258303},
{"id":"356","value":0.0430504},
{"id":"357","value":0.0332103},
{"id":"358","value":0.0184502},
{"id":"359","value":0.0258303}
]}