{
"vertices":[
{"id":"0","name":"shelving","Leaves":[{"name":"shelving","frequency":0.525581 }],"frequency":0.138991},
{"id":"1","name":"wall","Leaves":[{"name":"wall","frequency":0.244674 }],"frequency":0.98893},
{"id":"2","name":"floor","Leaves":[],"frequency":0.99139},
{"id":"3","name":"iron","Leaves":[],"frequency":0.177122},
{"id":"4","name":"door","Leaves":[{"name":"door","frequency":0.883652 }],"frequency":0.738007},
{"id":"5","name":"ceiling","Leaves":[],"frequency":0.96556},
{"id":"6","name":"chandelier","Leaves":[{"name":"chandelier","frequency":0.794872 }],"frequency":0.228782},
{"id":"7","name":"washer","Leaves":[{"name":"washer","frequency":0.725373 }],"frequency":0.298893},
{"id":"8","name":"shelving","Leaves":[{"name":"shelving","frequency":0.525581 }],"frequency":0.413043},
{"id":"9","name":"shelving","Leaves":[{"name":"shelving","frequency":0.525581 }],"frequency":0}
],
"rules":[
{"id":"0","source":"0","target":"1","factor":"proximity"},
{"id":"1","source":"2","target":"0","factor":"proximity"},
{"id":"2","source":"0","target":"1","factor":"orientation_parallel"},
{"id":"3","source":"0","target":"1","factor":"orientation_perpendicular"},
{"id":"4","source":"0","target":"3","factor":"orientation_perpendicular"},
{"id":"5","source":"0","target":"2","factor":"orientation_perpendicular"},
{"id":"6","source":"0","target":"5","factor":"orientation_perpendicular"},
{"id":"7","source":"0","target":"6","factor":"orientation_perpendicular"},
{"id":"8","source":"5","target":"0","factor":"orientation_perpendicular"},
{"id":"9","source":"2","target":"0","factor":"orientation_perpendicular"},
{"id":"10","source":"1","target":"0","factor":"orientation_perpendicular"},
{"id":"11","source":"4","target":"0","factor":"orientation_perpendicular"},
{"id":"12","source":"0","target":"7","factor":"orientation_perpendicular"},
{"id":"13","source":"0","target":"8","factor":"orientation_parallel"},
{"id":"14","source":"0","target":"8","factor":"orientation_perpendicular"},
{"id":"15","source":"0","target":"8","factor":"symmetry"},
{"id":"16","source":"8","target":"1","factor":"proximity"},
{"id":"17","source":"2","target":"8","factor":"proximity"},
{"id":"18","source":"8","target":"1","factor":"orientation_parallel"},
{"id":"19","source":"8","target":"1","factor":"orientation_perpendicular"},
{"id":"20","source":"8","target":"3","factor":"orientation_perpendicular"},
{"id":"21","source":"8","target":"2","factor":"orientation_perpendicular"},
{"id":"22","source":"8","target":"5","factor":"orientation_perpendicular"},
{"id":"23","source":"8","target":"6","factor":"orientation_perpendicular"},
{"id":"24","source":"5","target":"8","factor":"orientation_perpendicular"},
{"id":"25","source":"2","target":"8","factor":"orientation_perpendicular"},
{"id":"26","source":"1","target":"8","factor":"orientation_perpendicular"},
{"id":"27","source":"4","target":"8","factor":"orientation_perpendicular"},
{"id":"28","source":"8","target":"7","factor":"orientation_perpendicular"},
{"id":"29","source":"0","target":"9","factor":"orientation_parallel"},
{"id":"30","source":"8","target":"9","factor":"orientation_parallel"},
{"id":"31","source":"0","target":"9","factor":"orientation_perpendicular"},
{"id":"32","source":"8","target":"9","factor":"orientation_perpendicular"},
{"id":"33","source":"0","target":"9","factor":"symmetry"},
{"id":"34","source":"8","target":"9","factor":"symmetry"},
{"id":"35","source":"9","target":"1","factor":"proximity"},
{"id":"36","source":"2","target":"9","factor":"proximity"},
{"id":"37","source":"9","target":"1","factor":"orientation_parallel"},
{"id":"38","source":"9","target":"1","factor":"orientation_perpendicular"},
{"id":"39","source":"9","target":"3","factor":"orientation_perpendicular"},
{"id":"40","source":"9","target":"2","factor":"orientation_perpendicular"},
{"id":"41","source":"9","target":"5","factor":"orientation_perpendicular"},
{"id":"42","source":"9","target":"6","factor":"orientation_perpendicular"},
{"id":"43","source":"5","target":"9","factor":"orientation_perpendicular"},
{"id":"44","source":"2","target":"9","factor":"orientation_perpendicular"},
{"id":"45","source":"1","target":"9","factor":"orientation_perpendicular"},
{"id":"46","source":"4","target":"9","factor":"orientation_perpendicular"},
{"id":"47","source":"9","target":"7","factor":"orientation_perpendicular"},
{"id":"48","source":"1","target":"2","factor":"Horizontal-Support"},
{"id":"49","source":"2","target":"3","factor":"proximity"},
{"id":"50","source":"4","target":"2","factor":"proximity"},
{"id":"51","source":"5","target":"4","factor":"proximity"},
{"id":"52","source":"5","target":"1","factor":"proximity"},
{"id":"53","source":"4","target":"1","factor":"proximity"},
{"id":"54","source":"2","target":"1","factor":"proximity"},
{"id":"55","source":"5","target":"2","factor":"proximity"},
{"id":"56","source":"5","target":"6","factor":"proximity"},
{"id":"57","source":"3","target":"1","factor":"proximity"},
{"id":"58","source":"2","target":"7","factor":"proximity"},
{"id":"59","source":"1","target":"7","factor":"proximity"},
{"id":"60","source":"4","target":"4","factor":"proximity"},
{"id":"61","source":"1","target":"1","factor":"proximity"},
{"id":"62","source":"4","target":"1","factor":"orientation_parallel"},
{"id":"63","source":"5","target":"2","factor":"orientation_parallel"},
{"id":"64","source":"5","target":"6","factor":"orientation_parallel"},
{"id":"65","source":"2","target":"6","factor":"orientation_parallel"},
{"id":"66","source":"1","target":"1","factor":"orientation_parallel"},
{"id":"67","source":"4","target":"5","factor":"orientation_parallel"},
{"id":"68","source":"4","target":"2","factor":"orientation_parallel"},
{"id":"69","source":"7","target":"1","factor":"orientation_parallel"},
{"id":"70","source":"5","target":"1","factor":"orientation_parallel"},
{"id":"71","source":"2","target":"1","factor":"orientation_parallel"},
{"id":"72","source":"7","target":"7","factor":"orientation_parallel"},
{"id":"73","source":"5","target":"3","factor":"orientation_parallel"},
{"id":"74","source":"2","target":"3","factor":"orientation_parallel"},
{"id":"75","source":"7","target":"2","factor":"orientation_parallel"},
{"id":"76","source":"7","target":"5","factor":"orientation_parallel"},
{"id":"77","source":"7","target":"3","factor":"orientation_parallel"},
{"id":"78","source":"4","target":"3","factor":"orientation_perpendicular"},
{"id":"79","source":"5","target":"3","factor":"orientation_perpendicular"},
{"id":"80","source":"2","target":"3","factor":"orientation_perpendicular"},
{"id":"81","source":"1","target":"6","factor":"orientation_perpendicular"},
{"id":"82","source":"1","target":"1","factor":"orientation_perpendicular"},
{"id":"83","source":"7","target":"6","factor":"orientation_perpendicular"},
{"id":"84","source":"7","target":"1","factor":"orientation_perpendicular"},
{"id":"85","source":"4","target":"1","factor":"orientation_perpendicular"},
{"id":"86","source":"5","target":"1","factor":"orientation_perpendicular"},
{"id":"87","source":"2","target":"1","factor":"orientation_perpendicular"},
{"id":"88","source":"4","target":"5","factor":"orientation_perpendicular"},
{"id":"89","source":"4","target":"2","factor":"orientation_perpendicular"},
{"id":"90","source":"4","target":"7","factor":"orientation_perpendicular"},
{"id":"91","source":"5","target":"7","factor":"orientation_perpendicular"},
{"id":"92","source":"2","target":"7","factor":"orientation_perpendicular"},
{"id":"93","source":"7","target":"3","factor":"orientation_perpendicular"},
{"id":"94","source":"3","target":"7","factor":"orientation_perpendicular"},
{"id":"95","source":"3","target":"1","factor":"orientation_perpendicular"},
{"id":"96","source":"4","target":"6","factor":"orientation_perpendicular"},
{"id":"97","source":"4","target":"4","factor":"orientation_perpendicular"},
{"id":"98","source":"6","target":"1","factor":"orientation_perpendicular"},
{"id":"99","source":"5","target":"6","factor":"orientation_perpendicular"},
{"id":"100","source":"2","target":"6","factor":"orientation_perpendicular"},
{"id":"101","source":"1","target":"1","factor":"symmetry"},
{"id":"102","source":"7","target":"7","factor":"symmetry"},
{"id":"103","source":"4","target":"4","factor":"symmetry"},
{"id":"104","source":"6","target":"6","factor":"symmetry"},
{"id":"105","source":"1","target":"1","factor":"side_to_side"}
],
"probability":[
{"id":"0","value":0.0848708},
{"id":"1","value":0.0799508},
{"id":"2","value":0.0947109},
{"id":"3","value":0.111931},
{"id":"4","value":0.0110701},
{"id":"5","value":0.0479705},
{"id":"6","value":0.0479705},
{"id":"7","value":0.0110701},
{"id":"8","value":0.0110701},
{"id":"9","value":0.0110701},
{"id":"10","value":0.0209102},
{"id":"11","value":0.0319803},
{"id":"12","value":0.0135301},
{"id":"13","value":0.0504305},
{"id":"14","value":0.0196802},
{"id":"15","value":0.0492005},
{"id":"16","value":0.0848708},
{"id":"17","value":0.0799508},
{"id":"18","value":0.0947109},
{"id":"19","value":0.111931},
{"id":"20","value":0.0110701},
{"id":"21","value":0.0479705},
{"id":"22","value":0.0479705},
{"id":"23","value":0.0110701},
{"id":"24","value":0.0110701},
{"id":"25","value":0.0110701},
{"id":"26","value":0.0209102},
{"id":"27","value":0.0319803},
{"id":"28","value":0.0135301},
{"id":"29","value":0.0504305},
{"id":"30","value":0.0504305},
{"id":"31","value":0.0196802},
{"id":"32","value":0.0196802},
{"id":"33","value":0.0492005},
{"id":"34","value":0.0492005},
{"id":"35","value":0.0848708},
{"id":"36","value":0.0799508},
{"id":"37","value":0.0947109},
{"id":"38","value":0.111931},
{"id":"39","value":0.0110701},
{"id":"40","value":0.0479705},
{"id":"41","value":0.0479705},
{"id":"42","value":0.0110701},
{"id":"43","value":0.0110701},
{"id":"44","value":0.0110701},
{"id":"45","value":0.0209102},
{"id":"46","value":0.0319803},
{"id":"47","value":0.0135301},
{"id":"48","value":0.901599},
{"id":"49","value":0.115621},
{"id":"50","value":0.114391},
{"id":"51","value":0.114391},
{"id":"52","value":0.114391},
{"id":"53","value":0.113161},
{"id":"54","value":0.113161},
{"id":"55","value":0.102091},
{"id":"56","value":0.0811808},
{"id":"57","value":0.0713407},
{"id":"58","value":0.0688807},
{"id":"59","value":0.0664207},
{"id":"60","value":0.0627306},
{"id":"61","value":0.0528905},
{"id":"62","value":0.268143},
{"id":"63","value":0.96556},
{"id":"64","value":0.205412},
{"id":"65","value":0.207872},
{"id":"66","value":0.745387},
{"id":"67","value":0.124231},
{"id":"68","value":0.124231},
{"id":"69","value":0.135301},
{"id":"70","value":0.189422},
{"id":"71","value":0.204182},
{"id":"72","value":0.104551},
{"id":"73","value":0.113161},
{"id":"74","value":0.113161},
{"id":"75","value":0.129151},
{"id":"76","value":0.129151},
{"id":"77","value":0.0504305},
{"id":"78","value":0.0381304},
{"id":"79","value":0.0209102},
{"id":"80","value":0.0209102},
{"id":"81","value":0.217712},
{"id":"82","value":0.97417},
{"id":"83","value":0.0184502},
{"id":"84","value":0.238622},
{"id":"85","value":0.558426},
{"id":"86","value":0.929889},
{"id":"87","value":0.94957},
{"id":"88","value":0.212792},
{"id":"89","value":0.214022},
{"id":"90","value":0.0750308},
{"id":"91","value":0.0541205},
{"id":"92","value":0.0553506},
{"id":"93","value":0.0332103},
{"id":"94","value":0.0159902},
{"id":"95","value":0.157442},
{"id":"96","value":0.0553506},
{"id":"97","value":0.0221402},
{"id":"98","value":0.0393604},
{"id":"99","value":0.0110701},
{"id":"100","value":0.0110701},
{"id":"101","value":0.896679},
{"id":"102","value":0.110701},
{"id":"103","value":0.0430504},
{"id":"104","value":0.0442804},
{"id":"105","value":0.0725707}
]}