{
"vertices":[
{"id":"0","name":"wall","Leaves":[{"name":"wall","frequency":0.244674 }],"frequency":0.98893},
{"id":"1","name":"floor","Leaves":[],"frequency":0.99139},
{"id":"2","name":"door","Leaves":[{"name":"door","frequency":0.883652 }],"frequency":0.738007},
{"id":"3","name":"ceiling","Leaves":[],"frequency":0.96556},
{"id":"4","name":"air_conditioner","Leaves":[{"name":"air_conditioner","frequency":0.89083 }],"frequency":0.250923},
{"id":"5","name":"window","Leaves":[{"name":"window","frequency":0.853002 }],"frequency":0.506765},
{"id":"6","name":"chandelier","Leaves":[{"name":"chandelier","frequency":0.794872 }],"frequency":0.228782},
{"id":"7","name":"wall","Leaves":[{"name":"wall","frequency":0.244674 }],"frequency":8.11352e-43},
{"id":"8","name":"wall","Leaves":[{"name":"wall","frequency":0.244674 }],"frequency":0},
{"id":"9","name":"wall","Leaves":[{"name":"wall","frequency":0.244674 }],"frequency":0},
{"id":"10","name":"wall","Leaves":[{"name":"wall","frequency":0.244674 }],"frequency":0},
{"id":"11","name":"chandelier","Leaves":[{"name":"chandelier","frequency":0.794872 }],"frequency":0}
],
"rules":[
{"id":"0","source":"0","target":"1","factor":"Horizontal-Support"},
{"id":"1","source":"3","target":"0","factor":"proximity"},
{"id":"2","source":"2","target":"0","factor":"proximity"},
{"id":"3","source":"1","target":"0","factor":"proximity"},
{"id":"4","source":"4","target":"0","factor":"proximity"},
{"id":"5","source":"0","target":"5","factor":"proximity"},
{"id":"6","source":"2","target":"0","factor":"orientation_parallel"},
{"id":"7","source":"5","target":"0","factor":"orientation_parallel"},
{"id":"8","source":"3","target":"0","factor":"orientation_parallel"},
{"id":"9","source":"1","target":"0","factor":"orientation_parallel"},
{"id":"10","source":"4","target":"0","factor":"orientation_parallel"},
{"id":"11","source":"5","target":"0","factor":"orientation_perpendicular"},
{"id":"12","source":"0","target":"6","factor":"orientation_perpendicular"},
{"id":"13","source":"2","target":"0","factor":"orientation_perpendicular"},
{"id":"14","source":"3","target":"0","factor":"orientation_perpendicular"},
{"id":"15","source":"1","target":"0","factor":"orientation_perpendicular"},
{"id":"16","source":"4","target":"0","factor":"orientation_perpendicular"},
{"id":"17","source":"6","target":"0","factor":"orientation_perpendicular"},
{"id":"18","source":"0","target":"7","factor":"proximity"},
{"id":"19","source":"0","target":"7","factor":"orientation_parallel"},
{"id":"20","source":"0","target":"7","factor":"orientation_perpendicular"},
{"id":"21","source":"0","target":"7","factor":"symmetry"},
{"id":"22","source":"0","target":"7","factor":"side_to_side"},
{"id":"23","source":"7","target":"1","factor":"Horizontal-Support"},
{"id":"24","source":"3","target":"7","factor":"proximity"},
{"id":"25","source":"2","target":"7","factor":"proximity"},
{"id":"26","source":"1","target":"7","factor":"proximity"},
{"id":"27","source":"4","target":"7","factor":"proximity"},
{"id":"28","source":"7","target":"5","factor":"proximity"},
{"id":"29","source":"2","target":"7","factor":"orientation_parallel"},
{"id":"30","source":"5","target":"7","factor":"orientation_parallel"},
{"id":"31","source":"3","target":"7","factor":"orientation_parallel"},
{"id":"32","source":"1","target":"7","factor":"orientation_parallel"},
{"id":"33","source":"4","target":"7","factor":"orientation_parallel"},
{"id":"34","source":"5","target":"7","factor":"orientation_perpendicular"},
{"id":"35","source":"7","target":"6","factor":"orientation_perpendicular"},
{"id":"36","source":"2","target":"7","factor":"orientation_perpendicular"},
{"id":"37","source":"3","target":"7","factor":"orientation_perpendicular"},
{"id":"38","source":"1","target":"7","factor":"orientation_perpendicular"},
{"id":"39","source":"4","target":"7","factor":"orientation_perpendicular"},
{"id":"40","source":"6","target":"7","factor":"orientation_perpendicular"},
{"id":"41","source":"0","target":"8","factor":"proximity"},
{"id":"42","source":"7","target":"8","factor":"proximity"},
{"id":"43","source":"0","target":"8","factor":"orientation_parallel"},
{"id":"44","source":"7","target":"8","factor":"orientation_parallel"},
{"id":"45","source":"0","target":"8","factor":"orientation_perpendicular"},
{"id":"46","source":"7","target":"8","factor":"orientation_perpendicular"},
{"id":"47","source":"0","target":"8","factor":"symmetry"},
{"id":"48","source":"7","target":"8","factor":"symmetry"},
{"id":"49","source":"0","target":"8","factor":"side_to_side"},
{"id":"50","source":"7","target":"8","factor":"side_to_side"},
{"id":"51","source":"8","target":"1","factor":"Horizontal-Support"},
{"id":"52","source":"3","target":"8","factor":"proximity"},
{"id":"53","source":"2","target":"8","factor":"proximity"},
{"id":"54","source":"1","target":"8","factor":"proximity"},
{"id":"55","source":"4","target":"8","factor":"proximity"},
{"id":"56","source":"8","target":"5","factor":"proximity"},
{"id":"57","source":"2","target":"8","factor":"orientation_parallel"},
{"id":"58","source":"5","target":"8","factor":"orientation_parallel"},
{"id":"59","source":"3","target":"8","factor":"orientation_parallel"},
{"id":"60","source":"1","target":"8","factor":"orientation_parallel"},
{"id":"61","source":"4","target":"8","factor":"orientation_parallel"},
{"id":"62","source":"5","target":"8","factor":"orientation_perpendicular"},
{"id":"63","source":"8","target":"6","factor":"orientation_perpendicular"},
{"id":"64","source":"2","target":"8","factor":"orientation_perpendicular"},
{"id":"65","source":"3","target":"8","factor":"orientation_perpendicular"},
{"id":"66","source":"1","target":"8","factor":"orientation_perpendicular"},
{"id":"67","source":"4","target":"8","factor":"orientation_perpendicular"},
{"id":"68","source":"6","target":"8","factor":"orientation_perpendicular"},
{"id":"69","source":"0","target":"9","factor":"proximity"},
{"id":"70","source":"7","target":"9","factor":"proximity"},
{"id":"71","source":"8","target":"9","factor":"proximity"},
{"id":"72","source":"0","target":"9","factor":"orientation_parallel"},
{"id":"73","source":"7","target":"9","factor":"orientation_parallel"},
{"id":"74","source":"8","target":"9","factor":"orientation_parallel"},
{"id":"75","source":"0","target":"9","factor":"orientation_perpendicular"},
{"id":"76","source":"7","target":"9","factor":"orientation_perpendicular"},
{"id":"77","source":"8","target":"9","factor":"orientation_perpendicular"},
{"id":"78","source":"0","target":"9","factor":"symmetry"},
{"id":"79","source":"7","target":"9","factor":"symmetry"},
{"id":"80","source":"8","target":"9","factor":"symmetry"},
{"id":"81","source":"0","target":"9","factor":"side_to_side"},
{"id":"82","source":"7","target":"9","factor":"side_to_side"},
{"id":"83","source":"8","target":"9","factor":"side_to_side"},
{"id":"84","source":"9","target":"1","factor":"Horizontal-Support"},
{"id":"85","source":"3","target":"9","factor":"proximity"},
{"id":"86","source":"2","target":"9","factor":"proximity"},
{"id":"87","source":"1","target":"9","factor":"proximity"},
{"id":"88","source":"4","target":"9","factor":"proximity"},
{"id":"89","source":"9","target":"5","factor":"proximity"},
{"id":"90","source":"2","target":"9","factor":"orientation_parallel"},
{"id":"91","source":"5","target":"9","factor":"orientation_parallel"},
{"id":"92","source":"3","target":"9","factor":"orientation_parallel"},
{"id":"93","source":"1","target":"9","factor":"orientation_parallel"},
{"id":"94","source":"4","target":"9","factor":"orientation_parallel"},
{"id":"95","source":"5","target":"9","factor":"orientation_perpendicular"},
{"id":"96","source":"9","target":"6","factor":"orientation_perpendicular"},
{"id":"97","source":"2","target":"9","factor":"orientation_perpendicular"},
{"id":"98","source":"3","target":"9","factor":"orientation_perpendicular"},
{"id":"99","source":"1","target":"9","factor":"orientation_perpendicular"},
{"id":"100","source":"4","target":"9","factor":"orientation_perpendicular"},
{"id":"101","source":"6","target":"9","factor":"orientation_perpendicular"},
{"id":"102","source":"0","target":"10","factor":"proximity"},
{"id":"103","source":"7","target":"10","factor":"proximity"},
{"id":"104","source":"8","target":"10","factor":"proximity"},
{"id":"105","source":"9","target":"10","factor":"proximity"},
{"id":"106","source":"0","target":"10","factor":"orientation_parallel"},
{"id":"107","source":"7","target":"10","factor":"orientation_parallel"},
{"id":"108","source":"8","target":"10","factor":"orientation_parallel"},
{"id":"109","source":"9","target":"10","factor":"orientation_parallel"},
{"id":"110","source":"0","target":"10","factor":"orientation_perpendicular"},
{"id":"111","source":"7","target":"10","factor":"orientation_perpendicular"},
{"id":"112","source":"8","target":"10","factor":"orientation_perpendicular"},
{"id":"113","source":"9","target":"10","factor":"orientation_perpendicular"},
{"id":"114","source":"0","target":"10","factor":"symmetry"},
{"id":"115","source":"7","target":"10","factor":"symmetry"},
{"id":"116","source":"8","target":"10","factor":"symmetry"},
{"id":"117","source":"9","target":"10","factor":"symmetry"},
{"id":"118","source":"0","target":"10","factor":"side_to_side"},
{"id":"119","source":"7","target":"10","factor":"side_to_side"},
{"id":"120","source":"8","target":"10","factor":"side_to_side"},
{"id":"121","source":"9","target":"10","factor":"side_to_side"},
{"id":"122","source":"10","target":"1","factor":"Horizontal-Support"},
{"id":"123","source":"3","target":"10","factor":"proximity"},
{"id":"124","source":"2","target":"10","factor":"proximity"},
{"id":"125","source":"1","target":"10","factor":"proximity"},
{"id":"126","source":"4","target":"10","factor":"proximity"},
{"id":"127","source":"10","target":"5","factor":"proximity"},
{"id":"128","source":"2","target":"10","factor":"orientation_parallel"},
{"id":"129","source":"5","target":"10","factor":"orientation_parallel"},
{"id":"130","source":"3","target":"10","factor":"orientation_parallel"},
{"id":"131","source":"1","target":"10","factor":"orientation_parallel"},
{"id":"132","source":"4","target":"10","factor":"orientation_parallel"},
{"id":"133","source":"5","target":"10","factor":"orientation_perpendicular"},
{"id":"134","source":"10","target":"6","factor":"orientation_perpendicular"},
{"id":"135","source":"2","target":"10","factor":"orientation_perpendicular"},
{"id":"136","source":"3","target":"10","factor":"orientation_perpendicular"},
{"id":"137","source":"1","target":"10","factor":"orientation_perpendicular"},
{"id":"138","source":"4","target":"10","factor":"orientation_perpendicular"},
{"id":"139","source":"6","target":"10","factor":"orientation_perpendicular"},
{"id":"140","source":"3","target":"6","factor":"proximity"},
{"id":"141","source":"3","target":"6","factor":"orientation_parallel"},
{"id":"142","source":"1","target":"6","factor":"orientation_parallel"},
{"id":"143","source":"5","target":"6","factor":"orientation_parallel"},
{"id":"144","source":"5","target":"6","factor":"orientation_perpendicular"},
{"id":"145","source":"4","target":"6","factor":"orientation_perpendicular"},
{"id":"146","source":"2","target":"6","factor":"orientation_perpendicular"},
{"id":"147","source":"3","target":"6","factor":"orientation_perpendicular"},
{"id":"148","source":"1","target":"6","factor":"orientation_perpendicular"},
{"id":"149","source":"6","target":"11","factor":"symmetry"},
{"id":"150","source":"3","target":"11","factor":"proximity"},
{"id":"151","source":"3","target":"11","factor":"orientation_parallel"},
{"id":"152","source":"1","target":"11","factor":"orientation_parallel"},
{"id":"153","source":"5","target":"11","factor":"orientation_parallel"},
{"id":"154","source":"5","target":"11","factor":"orientation_perpendicular"},
{"id":"155","source":"4","target":"11","factor":"orientation_perpendicular"},
{"id":"156","source":"2","target":"11","factor":"orientation_perpendicular"},
{"id":"157","source":"3","target":"11","factor":"orientation_perpendicular"},
{"id":"158","source":"1","target":"11","factor":"orientation_perpendicular"},
{"id":"159","source":"2","target":"1","factor":"proximity"},
{"id":"160","source":"3","target":"2","factor":"proximity"},
{"id":"161","source":"4","target":"2","factor":"proximity"},
{"id":"162","source":"3","target":"1","factor":"proximity"},
{"id":"163","source":"4","target":"3","factor":"proximity"},
{"id":"164","source":"4","target":"1","factor":"proximity"},
{"id":"165","source":"3","target":"5","factor":"proximity"},
{"id":"166","source":"2","target":"2","factor":"proximity"},
{"id":"167","source":"4","target":"5","factor":"proximity"},
{"id":"168","source":"3","target":"1","factor":"orientation_parallel"},
{"id":"169","source":"3","target":"4","factor":"orientation_parallel"},
{"id":"170","source":"1","target":"4","factor":"orientation_parallel"},
{"id":"171","source":"2","target":"3","factor":"orientation_parallel"},
{"id":"172","source":"2","target":"1","factor":"orientation_parallel"},
{"id":"173","source":"3","target":"5","factor":"orientation_parallel"},
{"id":"174","source":"1","target":"5","factor":"orientation_parallel"},
{"id":"175","source":"2","target":"5","factor":"orientation_parallel"},
{"id":"176","source":"5","target":"3","factor":"orientation_perpendicular"},
{"id":"177","source":"5","target":"1","factor":"orientation_perpendicular"},
{"id":"178","source":"2","target":"3","factor":"orientation_perpendicular"},
{"id":"179","source":"2","target":"1","factor":"orientation_perpendicular"},
{"id":"180","source":"2","target":"5","factor":"orientation_perpendicular"},
{"id":"181","source":"4","target":"3","factor":"orientation_perpendicular"},
{"id":"182","source":"4","target":"1","factor":"orientation_perpendicular"},
{"id":"183","source":"4","target":"5","factor":"orientation_perpendicular"},
{"id":"184","source":"2","target":"4","factor":"orientation_perpendicular"},
{"id":"185","source":"5","target":"5","factor":"orientation_perpendicular"},
{"id":"186","source":"2","target":"2","factor":"orientation_perpendicular"},
{"id":"187","source":"3","target":"5","factor":"orientation_perpendicular"},
{"id":"188","source":"1","target":"5","factor":"orientation_perpendicular"},
{"id":"189","source":"4","target":"4","factor":"symmetry"},
{"id":"190","source":"2","target":"2","factor":"symmetry"},
{"id":"191","source":"5","target":"5","factor":"symmetry"}
],
"probability":[
{"id":"0","value":0.901599},
{"id":"1","value":0.114391},
{"id":"2","value":0.113161},
{"id":"3","value":0.113161},
{"id":"4","value":0.103321},
{"id":"5","value":0.098401},
{"id":"6","value":0.268143},
{"id":"7","value":0.247232},
{"id":"8","value":0.189422},
{"id":"9","value":0.204182},
{"id":"10","value":0.097171},
{"id":"11","value":0.412054},
{"id":"12","value":0.217712},
{"id":"13","value":0.558426},
{"id":"14","value":0.929889},
{"id":"15","value":0.94957},
{"id":"16","value":0.184502},
{"id":"17","value":0.0393604},
{"id":"18","value":0.0528905},
{"id":"19","value":0.745387},
{"id":"20","value":0.97417},
{"id":"21","value":0.896679},
{"id":"22","value":0.0725707},
{"id":"23","value":0.901599},
{"id":"24","value":0.114391},
{"id":"25","value":0.113161},
{"id":"26","value":0.113161},
{"id":"27","value":0.103321},
{"id":"28","value":0.098401},
{"id":"29","value":0.268143},
{"id":"30","value":0.247232},
{"id":"31","value":0.189422},
{"id":"32","value":0.204182},
{"id":"33","value":0.097171},
{"id":"34","value":0.412054},
{"id":"35","value":0.217712},
{"id":"36","value":0.558426},
{"id":"37","value":0.929889},
{"id":"38","value":0.94957},
{"id":"39","value":0.184502},
{"id":"40","value":0.0393604},
{"id":"41","value":0.0528905},
{"id":"42","value":0.0528905},
{"id":"43","value":0.745387},
{"id":"44","value":0.745387},
{"id":"45","value":0.97417},
{"id":"46","value":0.97417},
{"id":"47","value":0.896679},
{"id":"48","value":0.896679},
{"id":"49","value":0.0725707},
{"id":"50","value":0.0725707},
{"id":"51","value":0.901599},
{"id":"52","value":0.114391},
{"id":"53","value":0.113161},
{"id":"54","value":0.113161},
{"id":"55","value":0.103321},
{"id":"56","value":0.098401},
{"id":"57","value":0.268143},
{"id":"58","value":0.247232},
{"id":"59","value":0.189422},
{"id":"60","value":0.204182},
{"id":"61","value":0.097171},
{"id":"62","value":0.412054},
{"id":"63","value":0.217712},
{"id":"64","value":0.558426},
{"id":"65","value":0.929889},
{"id":"66","value":0.94957},
{"id":"67","value":0.184502},
{"id":"68","value":0.0393604},
{"id":"69","value":0.0528905},
{"id":"70","value":0.0528905},
{"id":"71","value":0.0528905},
{"id":"72","value":0.745387},
{"id":"73","value":0.745387},
{"id":"74","value":0.745387},
{"id":"75","value":0.97417},
{"id":"76","value":0.97417},
{"id":"77","value":0.97417},
{"id":"78","value":0.896679},
{"id":"79","value":0.896679},
{"id":"80","value":0.896679},
{"id":"81","value":0.0725707},
{"id":"82","value":0.0725707},
{"id":"83","value":0.0725707},
{"id":"84","value":0.901599},
{"id":"85","value":0.114391},
{"id":"86","value":0.113161},
{"id":"87","value":0.113161},
{"id":"88","value":0.103321},
{"id":"89","value":0.098401},
{"id":"90","value":0.268143},
{"id":"91","value":0.247232},
{"id":"92","value":0.189422},
{"id":"93","value":0.204182},
{"id":"94","value":0.097171},
{"id":"95","value":0.412054},
{"id":"96","value":0.217712},
{"id":"97","value":0.558426},
{"id":"98","value":0.929889},
{"id":"99","value":0.94957},
{"id":"100","value":0.184502},
{"id":"101","value":0.0393604},
{"id":"102","value":0.0528905},
{"id":"103","value":0.0528905},
{"id":"104","value":0.0528905},
{"id":"105","value":0.0528905},
{"id":"106","value":0.745387},
{"id":"107","value":0.745387},
{"id":"108","value":0.745387},
{"id":"109","value":0.745387},
{"id":"110","value":0.97417},
{"id":"111","value":0.97417},
{"id":"112","value":0.97417},
{"id":"113","value":0.97417},
{"id":"114","value":0.896679},
{"id":"115","value":0.896679},
{"id":"116","value":0.896679},
{"id":"117","value":0.896679},
{"id":"118","value":0.0725707},
{"id":"119","value":0.0725707},
{"id":"120","value":0.0725707},
{"id":"121","value":0.0725707},
{"id":"122","value":0.901599},
{"id":"123","value":0.114391},
{"id":"124","value":0.113161},
{"id":"125","value":0.113161},
{"id":"126","value":0.103321},
{"id":"127","value":0.098401},
{"id":"128","value":0.268143},
{"id":"129","value":0.247232},
{"id":"130","value":0.189422},
{"id":"131","value":0.204182},
{"id":"132","value":0.097171},
{"id":"133","value":0.412054},
{"id":"134","value":0.217712},
{"id":"135","value":0.558426},
{"id":"136","value":0.929889},
{"id":"137","value":0.94957},
{"id":"138","value":0.184502},
{"id":"139","value":0.0393604},
{"id":"140","value":0.0811808},
{"id":"141","value":0.205412},
{"id":"142","value":0.207872},
{"id":"143","value":0.0528905},
{"id":"144","value":0.0467405},
{"id":"145","value":0.0135301},
{"id":"146","value":0.0553506},
{"id":"147","value":0.0110701},
{"id":"148","value":0.0110701},
{"id":"149","value":0.0442804},
{"id":"150","value":0.0811808},
{"id":"151","value":0.205412},
{"id":"152","value":0.207872},
{"id":"153","value":0.0528905},
{"id":"154","value":0.0467405},
{"id":"155","value":0.0135301},
{"id":"156","value":0.0553506},
{"id":"157","value":0.0110701},
{"id":"158","value":0.0110701},
{"id":"159","value":0.114391},
{"id":"160","value":0.114391},
{"id":"161","value":0.103321},
{"id":"162","value":0.102091},
{"id":"163","value":0.098401},
{"id":"164","value":0.0836408},
{"id":"165","value":0.0738007},
{"id":"166","value":0.0627306},
{"id":"167","value":0.0590406},
{"id":"168","value":0.96556},
{"id":"169","value":0.0848708},
{"id":"170","value":0.0848708},
{"id":"171","value":0.124231},
{"id":"172","value":0.124231},
{"id":"173","value":0.123001},
{"id":"174","value":0.123001},
{"id":"175","value":0.0873309},
{"id":"176","value":0.130381},
{"id":"177","value":0.130381},
{"id":"178","value":0.212792},
{"id":"179","value":0.214022},
{"id":"180","value":0.0897909},
{"id":"181","value":0.0393604},
{"id":"182","value":0.0393604},
{"id":"183","value":0.0307503},
{"id":"184","value":0.0578106},
{"id":"185","value":0.0319803},
{"id":"186","value":0.0221402},
{"id":"187","value":0.0123001},
{"id":"188","value":0.0123001},
{"id":"189","value":0.0246002},
{"id":"190","value":0.0430504},
{"id":"191","value":0.0332103}
]}