{
"vertices":[
{"id":"0","name":"wall","Leaves":[{"name":"wall","frequency":0.244674 }],"frequency":0.98893},
{"id":"1","name":"floor","Leaves":[],"frequency":0.99139},
{"id":"2","name":"iron","Leaves":[],"frequency":0.177122},
{"id":"3","name":"door","Leaves":[{"name":"door","frequency":0.883652 }],"frequency":0.738007},
{"id":"4","name":"ceiling","Leaves":[],"frequency":0.96556},
{"id":"5","name":"air_conditioner","Leaves":[{"name":"air_conditioner","frequency":0.89083 }],"frequency":0.250923},
{"id":"6","name":"household_appliance","Leaves":[{"name":"household_appliance","frequency":0.861111 }],"frequency":0.190652},
{"id":"7","name":"window","Leaves":[{"name":"window","frequency":0.853002 }],"frequency":0.506765},
{"id":"8","name":"chandelier","Leaves":[{"name":"chandelier","frequency":0.794872 }],"frequency":0.228782},
{"id":"9","name":"washer","Leaves":[{"name":"washer","frequency":0.725373 }],"frequency":0.298893},
{"id":"10","name":"refrigerator","Leaves":[],"frequency":0.0172202},
{"id":"11","name":"picture_frame","Leaves":[],"frequency":0.0258303},
{"id":"12","name":"wall","Leaves":[{"name":"wall","frequency":0.244674 }],"frequency":0},
{"id":"13","name":"wall","Leaves":[{"name":"wall","frequency":0.244674 }],"frequency":0},
{"id":"14","name":"wall","Leaves":[{"name":"wall","frequency":0.244674 }],"frequency":0},
{"id":"15","name":"chandelier","Leaves":[{"name":"chandelier","frequency":0.794872 }],"frequency":8.11352e-43}
],
"rules":[
{"id":"0","source":"0","target":"1","factor":"Horizontal-Support"},
{"id":"1","source":"4","target":"0","factor":"proximity"},
{"id":"2","source":"3","target":"0","factor":"proximity"},
{"id":"3","source":"1","target":"0","factor":"proximity"},
{"id":"4","source":"5","target":"0","factor":"proximity"},
{"id":"5","source":"0","target":"7","factor":"proximity"},
{"id":"6","source":"2","target":"0","factor":"proximity"},
{"id":"7","source":"0","target":"9","factor":"proximity"},
{"id":"8","source":"3","target":"0","factor":"orientation_parallel"},
{"id":"9","source":"9","target":"0","factor":"orientation_parallel"},
{"id":"10","source":"6","target":"0","factor":"orientation_parallel"},
{"id":"11","source":"7","target":"0","factor":"orientation_parallel"},
{"id":"12","source":"4","target":"0","factor":"orientation_parallel"},
{"id":"13","source":"1","target":"0","factor":"orientation_parallel"},
{"id":"14","source":"5","target":"0","factor":"orientation_parallel"},
{"id":"15","source":"7","target":"0","factor":"orientation_perpendicular"},
{"id":"16","source":"0","target":"8","factor":"orientation_perpendicular"},
{"id":"17","source":"9","target":"0","factor":"orientation_perpendicular"},
{"id":"18","source":"3","target":"0","factor":"orientation_perpendicular"},
{"id":"19","source":"4","target":"0","factor":"orientation_perpendicular"},
{"id":"20","source":"1","target":"0","factor":"orientation_perpendicular"},
{"id":"21","source":"6","target":"0","factor":"orientation_perpendicular"},
{"id":"22","source":"2","target":"0","factor":"orientation_perpendicular"},
{"id":"23","source":"5","target":"0","factor":"orientation_perpendicular"},
{"id":"24","source":"10","target":"0","factor":"orientation_perpendicular"},
{"id":"25","source":"8","target":"0","factor":"orientation_perpendicular"},
{"id":"26","source":"0","target":"11","factor":"orientation_perpendicular"},
{"id":"27","source":"11","target":"0","factor":"orientation_perpendicular"},
{"id":"28","source":"0","target":"12","factor":"proximity"},
{"id":"29","source":"0","target":"12","factor":"orientation_parallel"},
{"id":"30","source":"0","target":"12","factor":"orientation_perpendicular"},
{"id":"31","source":"0","target":"12","factor":"symmetry"},
{"id":"32","source":"0","target":"12","factor":"side_to_side"},
{"id":"33","source":"12","target":"1","factor":"Horizontal-Support"},
{"id":"34","source":"4","target":"12","factor":"proximity"},
{"id":"35","source":"3","target":"12","factor":"proximity"},
{"id":"36","source":"1","target":"12","factor":"proximity"},
{"id":"37","source":"5","target":"12","factor":"proximity"},
{"id":"38","source":"12","target":"7","factor":"proximity"},
{"id":"39","source":"2","target":"12","factor":"proximity"},
{"id":"40","source":"12","target":"9","factor":"proximity"},
{"id":"41","source":"3","target":"12","factor":"orientation_parallel"},
{"id":"42","source":"9","target":"12","factor":"orientation_parallel"},
{"id":"43","source":"6","target":"12","factor":"orientation_parallel"},
{"id":"44","source":"7","target":"12","factor":"orientation_parallel"},
{"id":"45","source":"4","target":"12","factor":"orientation_parallel"},
{"id":"46","source":"1","target":"12","factor":"orientation_parallel"},
{"id":"47","source":"5","target":"12","factor":"orientation_parallel"},
{"id":"48","source":"7","target":"12","factor":"orientation_perpendicular"},
{"id":"49","source":"12","target":"8","factor":"orientation_perpendicular"},
{"id":"50","source":"9","target":"12","factor":"orientation_perpendicular"},
{"id":"51","source":"3","target":"12","factor":"orientation_perpendicular"},
{"id":"52","source":"4","target":"12","factor":"orientation_perpendicular"},
{"id":"53","source":"1","target":"12","factor":"orientation_perpendicular"},
{"id":"54","source":"6","target":"12","factor":"orientation_perpendicular"},
{"id":"55","source":"2","target":"12","factor":"orientation_perpendicular"},
{"id":"56","source":"5","target":"12","factor":"orientation_perpendicular"},
{"id":"57","source":"10","target":"12","factor":"orientation_perpendicular"},
{"id":"58","source":"8","target":"12","factor":"orientation_perpendicular"},
{"id":"59","source":"12","target":"11","factor":"orientation_perpendicular"},
{"id":"60","source":"11","target":"12","factor":"orientation_perpendicular"},
{"id":"61","source":"0","target":"13","factor":"proximity"},
{"id":"62","source":"12","target":"13","factor":"proximity"},
{"id":"63","source":"0","target":"13","factor":"orientation_parallel"},
{"id":"64","source":"12","target":"13","factor":"orientation_parallel"},
{"id":"65","source":"0","target":"13","factor":"orientation_perpendicular"},
{"id":"66","source":"12","target":"13","factor":"orientation_perpendicular"},
{"id":"67","source":"0","target":"13","factor":"symmetry"},
{"id":"68","source":"12","target":"13","factor":"symmetry"},
{"id":"69","source":"0","target":"13","factor":"side_to_side"},
{"id":"70","source":"12","target":"13","factor":"side_to_side"},
{"id":"71","source":"13","target":"1","factor":"Horizontal-Support"},
{"id":"72","source":"4","target":"13","factor":"proximity"},
{"id":"73","source":"3","target":"13","factor":"proximity"},
{"id":"74","source":"1","target":"13","factor":"proximity"},
{"id":"75","source":"5","target":"13","factor":"proximity"},
{"id":"76","source":"13","target":"7","factor":"proximity"},
{"id":"77","source":"2","target":"13","factor":"proximity"},
{"id":"78","source":"13","target":"9","factor":"proximity"},
{"id":"79","source":"3","target":"13","factor":"orientation_parallel"},
{"id":"80","source":"9","target":"13","factor":"orientation_parallel"},
{"id":"81","source":"6","target":"13","factor":"orientation_parallel"},
{"id":"82","source":"7","target":"13","factor":"orientation_parallel"},
{"id":"83","source":"4","target":"13","factor":"orientation_parallel"},
{"id":"84","source":"1","target":"13","factor":"orientation_parallel"},
{"id":"85","source":"5","target":"13","factor":"orientation_parallel"},
{"id":"86","source":"7","target":"13","factor":"orientation_perpendicular"},
{"id":"87","source":"13","target":"8","factor":"orientation_perpendicular"},
{"id":"88","source":"9","target":"13","factor":"orientation_perpendicular"},
{"id":"89","source":"3","target":"13","factor":"orientation_perpendicular"},
{"id":"90","source":"4","target":"13","factor":"orientation_perpendicular"},
{"id":"91","source":"1","target":"13","factor":"orientation_perpendicular"},
{"id":"92","source":"6","target":"13","factor":"orientation_perpendicular"},
{"id":"93","source":"2","target":"13","factor":"orientation_perpendicular"},
{"id":"94","source":"5","target":"13","factor":"orientation_perpendicular"},
{"id":"95","source":"10","target":"13","factor":"orientation_perpendicular"},
{"id":"96","source":"8","target":"13","factor":"orientation_perpendicular"},
{"id":"97","source":"13","target":"11","factor":"orientation_perpendicular"},
{"id":"98","source":"11","target":"13","factor":"orientation_perpendicular"},
{"id":"99","source":"0","target":"14","factor":"proximity"},
{"id":"100","source":"12","target":"14","factor":"proximity"},
{"id":"101","source":"13","target":"14","factor":"proximity"},
{"id":"102","source":"0","target":"14","factor":"orientation_parallel"},
{"id":"103","source":"12","target":"14","factor":"orientation_parallel"},
{"id":"104","source":"13","target":"14","factor":"orientation_parallel"},
{"id":"105","source":"0","target":"14","factor":"orientation_perpendicular"},
{"id":"106","source":"12","target":"14","factor":"orientation_perpendicular"},
{"id":"107","source":"13","target":"14","factor":"orientation_perpendicular"},
{"id":"108","source":"0","target":"14","factor":"symmetry"},
{"id":"109","source":"12","target":"14","factor":"symmetry"},
{"id":"110","source":"13","target":"14","factor":"symmetry"},
{"id":"111","source":"0","target":"14","factor":"side_to_side"},
{"id":"112","source":"12","target":"14","factor":"side_to_side"},
{"id":"113","source":"13","target":"14","factor":"side_to_side"},
{"id":"114","source":"14","target":"1","factor":"Horizontal-Support"},
{"id":"115","source":"4","target":"14","factor":"proximity"},
{"id":"116","source":"3","target":"14","factor":"proximity"},
{"id":"117","source":"1","target":"14","factor":"proximity"},
{"id":"118","source":"5","target":"14","factor":"proximity"},
{"id":"119","source":"14","target":"7","factor":"proximity"},
{"id":"120","source":"2","target":"14","factor":"proximity"},
{"id":"121","source":"14","target":"9","factor":"proximity"},
{"id":"122","source":"3","target":"14","factor":"orientation_parallel"},
{"id":"123","source":"9","target":"14","factor":"orientation_parallel"},
{"id":"124","source":"6","target":"14","factor":"orientation_parallel"},
{"id":"125","source":"7","target":"14","factor":"orientation_parallel"},
{"id":"126","source":"4","target":"14","factor":"orientation_parallel"},
{"id":"127","source":"1","target":"14","factor":"orientation_parallel"},
{"id":"128","source":"5","target":"14","factor":"orientation_parallel"},
{"id":"129","source":"7","target":"14","factor":"orientation_perpendicular"},
{"id":"130","source":"14","target":"8","factor":"orientation_perpendicular"},
{"id":"131","source":"9","target":"14","factor":"orientation_perpendicular"},
{"id":"132","source":"3","target":"14","factor":"orientation_perpendicular"},
{"id":"133","source":"4","target":"14","factor":"orientation_perpendicular"},
{"id":"134","source":"1","target":"14","factor":"orientation_perpendicular"},
{"id":"135","source":"6","target":"14","factor":"orientation_perpendicular"},
{"id":"136","source":"2","target":"14","factor":"orientation_perpendicular"},
{"id":"137","source":"5","target":"14","factor":"orientation_perpendicular"},
{"id":"138","source":"10","target":"14","factor":"orientation_perpendicular"},
{"id":"139","source":"8","target":"14","factor":"orientation_perpendicular"},
{"id":"140","source":"14","target":"11","factor":"orientation_perpendicular"},
{"id":"141","source":"11","target":"14","factor":"orientation_perpendicular"},
{"id":"142","source":"4","target":"8","factor":"proximity"},
{"id":"143","source":"4","target":"8","factor":"orientation_parallel"},
{"id":"144","source":"1","target":"8","factor":"orientation_parallel"},
{"id":"145","source":"7","target":"8","factor":"orientation_parallel"},
{"id":"146","source":"7","target":"8","factor":"orientation_perpendicular"},
{"id":"147","source":"9","target":"8","factor":"orientation_perpendicular"},
{"id":"148","source":"5","target":"8","factor":"orientation_perpendicular"},
{"id":"149","source":"3","target":"8","factor":"orientation_perpendicular"},
{"id":"150","source":"6","target":"8","factor":"orientation_perpendicular"},
{"id":"151","source":"4","target":"8","factor":"orientation_perpendicular"},
{"id":"152","source":"1","target":"8","factor":"orientation_perpendicular"},
{"id":"153","source":"8","target":"15","factor":"symmetry"},
{"id":"154","source":"4","target":"15","factor":"proximity"},
{"id":"155","source":"4","target":"15","factor":"orientation_parallel"},
{"id":"156","source":"1","target":"15","factor":"orientation_parallel"},
{"id":"157","source":"7","target":"15","factor":"orientation_parallel"},
{"id":"158","source":"7","target":"15","factor":"orientation_perpendicular"},
{"id":"159","source":"9","target":"15","factor":"orientation_perpendicular"},
{"id":"160","source":"5","target":"15","factor":"orientation_perpendicular"},
{"id":"161","source":"3","target":"15","factor":"orientation_perpendicular"},
{"id":"162","source":"6","target":"15","factor":"orientation_perpendicular"},
{"id":"163","source":"4","target":"15","factor":"orientation_perpendicular"},
{"id":"164","source":"1","target":"15","factor":"orientation_perpendicular"},
{"id":"165","source":"1","target":"2","factor":"proximity"},
{"id":"166","source":"3","target":"1","factor":"proximity"},
{"id":"167","source":"4","target":"3","factor":"proximity"},
{"id":"168","source":"5","target":"3","factor":"proximity"},
{"id":"169","source":"4","target":"1","factor":"proximity"},
{"id":"170","source":"5","target":"6","factor":"proximity"},
{"id":"171","source":"5","target":"4","factor":"proximity"},
{"id":"172","source":"5","target":"1","factor":"proximity"},
{"id":"173","source":"4","target":"7","factor":"proximity"},
{"id":"174","source":"1","target":"9","factor":"proximity"},
{"id":"175","source":"3","target":"3","factor":"proximity"},
{"id":"176","source":"5","target":"7","factor":"proximity"},
{"id":"177","source":"4","target":"1","factor":"orientation_parallel"},
{"id":"178","source":"4","target":"5","factor":"orientation_parallel"},
{"id":"179","source":"1","target":"5","factor":"orientation_parallel"},
{"id":"180","source":"3","target":"4","factor":"orientation_parallel"},
{"id":"181","source":"3","target":"1","factor":"orientation_parallel"},
{"id":"182","source":"9","target":"9","factor":"orientation_parallel"},
{"id":"183","source":"4","target":"2","factor":"orientation_parallel"},
{"id":"184","source":"1","target":"2","factor":"orientation_parallel"},
{"id":"185","source":"4","target":"7","factor":"orientation_parallel"},
{"id":"186","source":"1","target":"7","factor":"orientation_parallel"},
{"id":"187","source":"5","target":"6","factor":"orientation_parallel"},
{"id":"188","source":"3","target":"7","factor":"orientation_parallel"},
{"id":"189","source":"9","target":"1","factor":"orientation_parallel"},
{"id":"190","source":"9","target":"4","factor":"orientation_parallel"},
{"id":"191","source":"4","target":"6","factor":"orientation_parallel"},
{"id":"192","source":"1","target":"6","factor":"orientation_parallel"},
{"id":"193","source":"9","target":"2","factor":"orientation_parallel"},
{"id":"194","source":"3","target":"2","factor":"orientation_perpendicular"},
{"id":"195","source":"7","target":"4","factor":"orientation_perpendicular"},
{"id":"196","source":"7","target":"1","factor":"orientation_perpendicular"},
{"id":"197","source":"4","target":"2","factor":"orientation_perpendicular"},
{"id":"198","source":"1","target":"2","factor":"orientation_perpendicular"},
{"id":"199","source":"5","target":"2","factor":"orientation_perpendicular"},
{"id":"200","source":"3","target":"4","factor":"orientation_perpendicular"},
{"id":"201","source":"3","target":"1","factor":"orientation_perpendicular"},
{"id":"202","source":"3","target":"9","factor":"orientation_perpendicular"},
{"id":"203","source":"4","target":"9","factor":"orientation_perpendicular"},
{"id":"204","source":"1","target":"9","factor":"orientation_perpendicular"},
{"id":"205","source":"3","target":"6","factor":"orientation_perpendicular"},
{"id":"206","source":"9","target":"6","factor":"orientation_perpendicular"},
{"id":"207","source":"4","target":"6","factor":"orientation_perpendicular"},
{"id":"208","source":"1","target":"6","factor":"orientation_perpendicular"},
{"id":"209","source":"9","target":"2","factor":"orientation_perpendicular"},
{"id":"210","source":"2","target":"9","factor":"orientation_perpendicular"},
{"id":"211","source":"3","target":"7","factor":"orientation_perpendicular"},
{"id":"212","source":"5","target":"6","factor":"orientation_perpendicular"},
{"id":"213","source":"5","target":"4","factor":"orientation_perpendicular"},
{"id":"214","source":"5","target":"1","factor":"orientation_perpendicular"},
{"id":"215","source":"5","target":"7","factor":"orientation_perpendicular"},
{"id":"216","source":"3","target":"5","factor":"orientation_perpendicular"},
{"id":"217","source":"9","target":"7","factor":"orientation_perpendicular"},
{"id":"218","source":"7","target":"6","factor":"orientation_perpendicular"},
{"id":"219","source":"7","target":"9","factor":"orientation_perpendicular"},
{"id":"220","source":"9","target":"5","factor":"orientation_perpendicular"},
{"id":"221","source":"7","target":"7","factor":"orientation_perpendicular"},
{"id":"222","source":"3","target":"3","factor":"orientation_perpendicular"},
{"id":"223","source":"7","target":"2","factor":"orientation_perpendicular"},
{"id":"224","source":"4","target":"7","factor":"orientation_perpendicular"},
{"id":"225","source":"1","target":"7","factor":"orientation_perpendicular"},
{"id":"226","source":"7","target":"11","factor":"orientation_perpendicular"},
{"id":"227","source":"1","target":"11","factor":"orientation_perpendicular"},
{"id":"228","source":"9","target":"9","factor":"symmetry"},
{"id":"229","source":"5","target":"5","factor":"symmetry"},
{"id":"230","source":"6","target":"6","factor":"symmetry"},
{"id":"231","source":"3","target":"3","factor":"symmetry"},
{"id":"232","source":"7","target":"7","factor":"symmetry"}
],
"probability":[
{"id":"0","value":0.901599},
{"id":"1","value":0.114391},
{"id":"2","value":0.113161},
{"id":"3","value":0.113161},
{"id":"4","value":0.103321},
{"id":"5","value":0.098401},
{"id":"6","value":0.0713407},
{"id":"7","value":0.0664207},
{"id":"8","value":0.268143},
{"id":"9","value":0.135301},
{"id":"10","value":0.104551},
{"id":"11","value":0.247232},
{"id":"12","value":0.189422},
{"id":"13","value":0.204182},
{"id":"14","value":0.097171},
{"id":"15","value":0.412054},
{"id":"16","value":0.217712},
{"id":"17","value":0.238622},
{"id":"18","value":0.558426},
{"id":"19","value":0.929889},
{"id":"20","value":0.94957},
{"id":"21","value":0.150062},
{"id":"22","value":0.157442},
{"id":"23","value":0.184502},
{"id":"24","value":0.0147601},
{"id":"25","value":0.0393604},
{"id":"26","value":0.0258303},
{"id":"27","value":0.0147601},
{"id":"28","value":0.0528905},
{"id":"29","value":0.745387},
{"id":"30","value":0.97417},
{"id":"31","value":0.896679},
{"id":"32","value":0.0725707},
{"id":"33","value":0.901599},
{"id":"34","value":0.114391},
{"id":"35","value":0.113161},
{"id":"36","value":0.113161},
{"id":"37","value":0.103321},
{"id":"38","value":0.098401},
{"id":"39","value":0.0713407},
{"id":"40","value":0.0664207},
{"id":"41","value":0.268143},
{"id":"42","value":0.135301},
{"id":"43","value":0.104551},
{"id":"44","value":0.247232},
{"id":"45","value":0.189422},
{"id":"46","value":0.204182},
{"id":"47","value":0.097171},
{"id":"48","value":0.412054},
{"id":"49","value":0.217712},
{"id":"50","value":0.238622},
{"id":"51","value":0.558426},
{"id":"52","value":0.929889},
{"id":"53","value":0.94957},
{"id":"54","value":0.150062},
{"id":"55","value":0.157442},
{"id":"56","value":0.184502},
{"id":"57","value":0.0147601},
{"id":"58","value":0.0393604},
{"id":"59","value":0.0258303},
{"id":"60","value":0.0147601},
{"id":"61","value":0.0528905},
{"id":"62","value":0.0528905},
{"id":"63","value":0.745387},
{"id":"64","value":0.745387},
{"id":"65","value":0.97417},
{"id":"66","value":0.97417},
{"id":"67","value":0.896679},
{"id":"68","value":0.896679},
{"id":"69","value":0.0725707},
{"id":"70","value":0.0725707},
{"id":"71","value":0.901599},
{"id":"72","value":0.114391},
{"id":"73","value":0.113161},
{"id":"74","value":0.113161},
{"id":"75","value":0.103321},
{"id":"76","value":0.098401},
{"id":"77","value":0.0713407},
{"id":"78","value":0.0664207},
{"id":"79","value":0.268143},
{"id":"80","value":0.135301},
{"id":"81","value":0.104551},
{"id":"82","value":0.247232},
{"id":"83","value":0.189422},
{"id":"84","value":0.204182},
{"id":"85","value":0.097171},
{"id":"86","value":0.412054},
{"id":"87","value":0.217712},
{"id":"88","value":0.238622},
{"id":"89","value":0.558426},
{"id":"90","value":0.929889},
{"id":"91","value":0.94957},
{"id":"92","value":0.150062},
{"id":"93","value":0.157442},
{"id":"94","value":0.184502},
{"id":"95","value":0.0147601},
{"id":"96","value":0.0393604},
{"id":"97","value":0.0258303},
{"id":"98","value":0.0147601},
{"id":"99","value":0.0528905},
{"id":"100","value":0.0528905},
{"id":"101","value":0.0528905},
{"id":"102","value":0.745387},
{"id":"103","value":0.745387},
{"id":"104","value":0.745387},
{"id":"105","value":0.97417},
{"id":"106","value":0.97417},
{"id":"107","value":0.97417},
{"id":"108","value":0.896679},
{"id":"109","value":0.896679},
{"id":"110","value":0.896679},
{"id":"111","value":0.0725707},
{"id":"112","value":0.0725707},
{"id":"113","value":0.0725707},
{"id":"114","value":0.901599},
{"id":"115","value":0.114391},
{"id":"116","value":0.113161},
{"id":"117","value":0.113161},
{"id":"118","value":0.103321},
{"id":"119","value":0.098401},
{"id":"120","value":0.0713407},
{"id":"121","value":0.0664207},
{"id":"122","value":0.268143},
{"id":"123","value":0.135301},
{"id":"124","value":0.104551},
{"id":"125","value":0.247232},
{"id":"126","value":0.189422},
{"id":"127","value":0.204182},
{"id":"128","value":0.097171},
{"id":"129","value":0.412054},
{"id":"130","value":0.217712},
{"id":"131","value":0.238622},
{"id":"132","value":0.558426},
{"id":"133","value":0.929889},
{"id":"134","value":0.94957},
{"id":"135","value":0.150062},
{"id":"136","value":0.157442},
{"id":"137","value":0.184502},
{"id":"138","value":0.0147601},
{"id":"139","value":0.0393604},
{"id":"140","value":0.0258303},
{"id":"141","value":0.0147601},
{"id":"142","value":0.0811808},
{"id":"143","value":0.205412},
{"id":"144","value":0.207872},
{"id":"145","value":0.0528905},
{"id":"146","value":0.0467405},
{"id":"147","value":0.0184502},
{"id":"148","value":0.0135301},
{"id":"149","value":0.0553506},
{"id":"150","value":0.0196802},
{"id":"151","value":0.0110701},
{"id":"152","value":0.0110701},
{"id":"153","value":0.0442804},
{"id":"154","value":0.0811808},
{"id":"155","value":0.205412},
{"id":"156","value":0.207872},
{"id":"157","value":0.0528905},
{"id":"158","value":0.0467405},
{"id":"159","value":0.0184502},
{"id":"160","value":0.0135301},
{"id":"161","value":0.0553506},
{"id":"162","value":0.0196802},
{"id":"163","value":0.0110701},
{"id":"164","value":0.0110701},
{"id":"165","value":0.115621},
{"id":"166","value":0.114391},
{"id":"167","value":0.114391},
{"id":"168","value":0.103321},
{"id":"169","value":0.102091},
{"id":"170","value":0.098401},
{"id":"171","value":0.098401},
{"id":"172","value":0.0836408},
{"id":"173","value":0.0738007},
{"id":"174","value":0.0688807},
{"id":"175","value":0.0627306},
{"id":"176","value":0.0590406},
{"id":"177","value":0.96556},
{"id":"178","value":0.0848708},
{"id":"179","value":0.0848708},
{"id":"180","value":0.124231},
{"id":"181","value":0.124231},
{"id":"182","value":0.104551},
{"id":"183","value":0.113161},
{"id":"184","value":0.113161},
{"id":"185","value":0.123001},
{"id":"186","value":0.123001},
{"id":"187","value":0.0664207},
{"id":"188","value":0.0873309},
{"id":"189","value":0.129151},
{"id":"190","value":0.129151},
{"id":"191","value":0.0504305},
{"id":"192","value":0.0504305},
{"id":"193","value":0.0504305},
{"id":"194","value":0.0381304},
{"id":"195","value":0.130381},
{"id":"196","value":0.130381},
{"id":"197","value":0.0209102},
{"id":"198","value":0.0209102},
{"id":"199","value":0.0110701},
{"id":"200","value":0.212792},
{"id":"201","value":0.214022},
{"id":"202","value":0.0750308},
{"id":"203","value":0.0541205},
{"id":"204","value":0.0553506},
{"id":"205","value":0.0442804},
{"id":"206","value":0.0110701},
{"id":"207","value":0.0332103},
{"id":"208","value":0.0332103},
{"id":"209","value":0.0332103},
{"id":"210","value":0.0159902},
{"id":"211","value":0.0897909},
{"id":"212","value":0.0184502},
{"id":"213","value":0.0393604},
{"id":"214","value":0.0393604},
{"id":"215","value":0.0307503},
{"id":"216","value":0.0578106},
{"id":"217","value":0.0405904},
{"id":"218","value":0.0442804},
{"id":"219","value":0.0159902},
{"id":"220","value":0.0147601},
{"id":"221","value":0.0319803},
{"id":"222","value":0.0221402},
{"id":"223","value":0.0319803},
{"id":"224","value":0.0123001},
{"id":"225","value":0.0123001},
{"id":"226","value":0.0123001},
{"id":"227","value":0.0135301},
{"id":"228","value":0.110701},
{"id":"229","value":0.0246002},
{"id":"230","value":0.0258303},
{"id":"231","value":0.0430504},
{"id":"232","value":0.0332103}
]}