{
"vertices":[
{"id":"0","name":"column","Leaves":[{"name":"column","frequency":0.84058 }],"frequency":0.0713407},
{"id":"1","name":"ironing_board","Leaves":[],"frequency":0.189422},
{"id":"2","name":"chandelier","Leaves":[{"name":"chandelier","frequency":0.794872 }],"frequency":0.228782},
{"id":"3","name":"wall","Leaves":[{"name":"wall","frequency":0.244674 }],"frequency":0.98893},
{"id":"4","name":"floor","Leaves":[],"frequency":0.99139},
{"id":"5","name":"picture_frame","Leaves":[],"frequency":0.0258303},
{"id":"6","name":"window","Leaves":[{"name":"window","frequency":0.853002 }],"frequency":0.506765},
{"id":"7","name":"air_conditioner","Leaves":[{"name":"air_conditioner","frequency":0.89083 }],"frequency":0.250923},
{"id":"8","name":"chair","Leaves":[{"name":"chair","frequency":0.666667 }],"frequency":0.0442804},
{"id":"9","name":"ceiling","Leaves":[],"frequency":0.96556},
{"id":"10","name":"door","Leaves":[{"name":"door","frequency":0.883652 }],"frequency":0.738007},
{"id":"11","name":"household_appliance","Leaves":[{"name":"household_appliance","frequency":0.861111 }],"frequency":0.190652},
{"id":"12","name":"washer","Leaves":[{"name":"washer","frequency":0.725373 }],"frequency":0.298893},
{"id":"13","name":"iron","Leaves":[],"frequency":0.177122}
],
"rules":[
{"id":"0","source":"3","target":"4","factor":"Horizontal-Support"},
{"id":"1","source":"4","target":"13","factor":"proximity"},
{"id":"2","source":"10","target":"4","factor":"proximity"},
{"id":"3","source":"9","target":"10","factor":"proximity"},
{"id":"4","source":"9","target":"3","factor":"proximity"},
{"id":"5","source":"10","target":"3","factor":"proximity"},
{"id":"6","source":"4","target":"3","factor":"proximity"},
{"id":"7","source":"7","target":"10","factor":"proximity"},
{"id":"8","source":"7","target":"3","factor":"proximity"},
{"id":"9","source":"9","target":"4","factor":"proximity"},
{"id":"10","source":"7","target":"11","factor":"proximity"},
{"id":"11","source":"7","target":"9","factor":"proximity"},
{"id":"12","source":"3","target":"6","factor":"proximity"},
{"id":"13","source":"13","target":"1","factor":"proximity"},
{"id":"14","source":"7","target":"4","factor":"proximity"},
{"id":"15","source":"9","target":"2","factor":"proximity"},
{"id":"16","source":"1","target":"3","factor":"proximity"},
{"id":"17","source":"9","target":"6","factor":"proximity"},
{"id":"18","source":"13","target":"3","factor":"proximity"},
{"id":"19","source":"4","target":"12","factor":"proximity"},
{"id":"20","source":"3","target":"12","factor":"proximity"},
{"id":"21","source":"10","target":"10","factor":"proximity"},
{"id":"22","source":"7","target":"6","factor":"proximity"},
{"id":"23","source":"0","target":"3","factor":"proximity"},
{"id":"24","source":"4","target":"1","factor":"proximity"},
{"id":"25","source":"3","target":"3","factor":"proximity"},
{"id":"26","source":"10","target":"3","factor":"orientation_parallel"},
{"id":"27","source":"9","target":"4","factor":"orientation_parallel"},
{"id":"28","source":"9","target":"7","factor":"orientation_parallel"},
{"id":"29","source":"9","target":"2","factor":"orientation_parallel"},
{"id":"30","source":"4","target":"7","factor":"orientation_parallel"},
{"id":"31","source":"4","target":"2","factor":"orientation_parallel"},
{"id":"32","source":"3","target":"3","factor":"orientation_parallel"},
{"id":"33","source":"10","target":"9","factor":"orientation_parallel"},
{"id":"34","source":"10","target":"4","factor":"orientation_parallel"},
{"id":"35","source":"12","target":"3","factor":"orientation_parallel"},
{"id":"36","source":"11","target":"3","factor":"orientation_parallel"},
{"id":"37","source":"6","target":"3","factor":"orientation_parallel"},
{"id":"38","source":"9","target":"3","factor":"orientation_parallel"},
{"id":"39","source":"4","target":"3","factor":"orientation_parallel"},
{"id":"40","source":"1","target":"3","factor":"orientation_parallel"},
{"id":"41","source":"12","target":"12","factor":"orientation_parallel"},
{"id":"42","source":"9","target":"13","factor":"orientation_parallel"},
{"id":"43","source":"4","target":"13","factor":"orientation_parallel"},
{"id":"44","source":"0","target":"9","factor":"orientation_parallel"},
{"id":"45","source":"0","target":"4","factor":"orientation_parallel"},
{"id":"46","source":"9","target":"6","factor":"orientation_parallel"},
{"id":"47","source":"4","target":"6","factor":"orientation_parallel"},
{"id":"48","source":"6","target":"2","factor":"orientation_parallel"},
{"id":"49","source":"7","target":"11","factor":"orientation_parallel"},
{"id":"50","source":"10","target":"6","factor":"orientation_parallel"},
{"id":"51","source":"12","target":"4","factor":"orientation_parallel"},
{"id":"52","source":"12","target":"9","factor":"orientation_parallel"},
{"id":"53","source":"9","target":"11","factor":"orientation_parallel"},
{"id":"54","source":"4","target":"11","factor":"orientation_parallel"},
{"id":"55","source":"7","target":"3","factor":"orientation_parallel"},
{"id":"56","source":"1","target":"9","factor":"orientation_parallel"},
{"id":"57","source":"1","target":"4","factor":"orientation_parallel"},
{"id":"58","source":"1","target":"13","factor":"orientation_parallel"},
{"id":"59","source":"12","target":"13","factor":"orientation_parallel"},
{"id":"60","source":"10","target":"13","factor":"orientation_perpendicular"},
{"id":"61","source":"6","target":"9","factor":"orientation_perpendicular"},
{"id":"62","source":"6","target":"4","factor":"orientation_perpendicular"},
{"id":"63","source":"6","target":"2","factor":"orientation_perpendicular"},
{"id":"64","source":"6","target":"3","factor":"orientation_perpendicular"},
{"id":"65","source":"9","target":"13","factor":"orientation_perpendicular"},
{"id":"66","source":"4","target":"13","factor":"orientation_perpendicular"},
{"id":"67","source":"7","target":"13","factor":"orientation_perpendicular"},
{"id":"68","source":"3","target":"2","factor":"orientation_perpendicular"},
{"id":"69","source":"3","target":"3","factor":"orientation_perpendicular"},
{"id":"70","source":"12","target":"2","factor":"orientation_perpendicular"},
{"id":"71","source":"12","target":"3","factor":"orientation_perpendicular"},
{"id":"72","source":"10","target":"3","factor":"orientation_perpendicular"},
{"id":"73","source":"9","target":"3","factor":"orientation_perpendicular"},
{"id":"74","source":"4","target":"3","factor":"orientation_perpendicular"},
{"id":"75","source":"11","target":"3","factor":"orientation_perpendicular"},
{"id":"76","source":"10","target":"9","factor":"orientation_perpendicular"},
{"id":"77","source":"10","target":"4","factor":"orientation_perpendicular"},
{"id":"78","source":"10","target":"12","factor":"orientation_perpendicular"},
{"id":"79","source":"9","target":"12","factor":"orientation_perpendicular"},
{"id":"80","source":"4","target":"12","factor":"orientation_perpendicular"},
{"id":"81","source":"10","target":"11","factor":"orientation_perpendicular"},
{"id":"82","source":"12","target":"11","factor":"orientation_perpendicular"},
{"id":"83","source":"9","target":"11","factor":"orientation_perpendicular"},
{"id":"84","source":"4","target":"11","factor":"orientation_perpendicular"},
{"id":"85","source":"12","target":"13","factor":"orientation_perpendicular"},
{"id":"86","source":"13","target":"12","factor":"orientation_perpendicular"},
{"id":"87","source":"13","target":"3","factor":"orientation_perpendicular"},
{"id":"88","source":"10","target":"6","factor":"orientation_perpendicular"},
{"id":"89","source":"7","target":"11","factor":"orientation_perpendicular"},
{"id":"90","source":"7","target":"9","factor":"orientation_perpendicular"},
{"id":"91","source":"7","target":"4","factor":"orientation_perpendicular"},
{"id":"92","source":"7","target":"6","factor":"orientation_perpendicular"},
{"id":"93","source":"7","target":"2","factor":"orientation_perpendicular"},
{"id":"94","source":"7","target":"3","factor":"orientation_perpendicular"},
{"id":"95","source":"0","target":"3","factor":"orientation_perpendicular"},
{"id":"96","source":"10","target":"7","factor":"orientation_perpendicular"},
{"id":"97","source":"10","target":"2","factor":"orientation_perpendicular"},
{"id":"98","source":"12","target":"6","factor":"orientation_perpendicular"},
{"id":"99","source":"10","target":"0","factor":"orientation_perpendicular"},
{"id":"100","source":"6","target":"11","factor":"orientation_perpendicular"},
{"id":"101","source":"10","target":"1","factor":"orientation_perpendicular"},
{"id":"102","source":"1","target":"3","factor":"orientation_perpendicular"},
{"id":"103","source":"1","target":"4","factor":"orientation_perpendicular"},
{"id":"104","source":"1","target":"9","factor":"orientation_perpendicular"},
{"id":"105","source":"1","target":"13","factor":"orientation_perpendicular"},
{"id":"106","source":"1","target":"12","factor":"orientation_perpendicular"},
{"id":"107","source":"1","target":"6","factor":"orientation_perpendicular"},
{"id":"108","source":"0","target":"6","factor":"orientation_perpendicular"},
{"id":"109","source":"11","target":"2","factor":"orientation_perpendicular"},
{"id":"110","source":"6","target":"12","factor":"orientation_perpendicular"},
{"id":"111","source":"12","target":"7","factor":"orientation_perpendicular"},
{"id":"112","source":"6","target":"6","factor":"orientation_perpendicular"},
{"id":"113","source":"10","target":"10","factor":"orientation_perpendicular"},
{"id":"114","source":"6","target":"13","factor":"orientation_perpendicular"},
{"id":"115","source":"8","target":"3","factor":"orientation_perpendicular"},
{"id":"116","source":"9","target":"6","factor":"orientation_perpendicular"},
{"id":"117","source":"4","target":"6","factor":"orientation_perpendicular"},
{"id":"118","source":"2","target":"3","factor":"orientation_perpendicular"},
{"id":"119","source":"9","target":"2","factor":"orientation_perpendicular"},
{"id":"120","source":"4","target":"2","factor":"orientation_perpendicular"},
{"id":"121","source":"3","target":"5","factor":"orientation_perpendicular"},
{"id":"122","source":"6","target":"5","factor":"orientation_perpendicular"},
{"id":"123","source":"4","target":"5","factor":"orientation_perpendicular"},
{"id":"124","source":"5","target":"3","factor":"orientation_perpendicular"},
{"id":"125","source":"3","target":"3","factor":"symmetry"},
{"id":"126","source":"12","target":"12","factor":"symmetry"},
{"id":"127","source":"7","target":"7","factor":"symmetry"},
{"id":"128","source":"11","target":"11","factor":"symmetry"},
{"id":"129","source":"10","target":"10","factor":"symmetry"},
{"id":"130","source":"6","target":"6","factor":"symmetry"},
{"id":"131","source":"8","target":"8","factor":"symmetry"},
{"id":"132","source":"2","target":"2","factor":"symmetry"},
{"id":"133","source":"0","target":"0","factor":"symmetry"},
{"id":"134","source":"3","target":"3","factor":"side_to_side"}
],
"probability":[
{"id":"0","value":0.901599},
{"id":"1","value":0.115621},
{"id":"2","value":0.114391},
{"id":"3","value":0.114391},
{"id":"4","value":0.114391},
{"id":"5","value":0.113161},
{"id":"6","value":0.113161},
{"id":"7","value":0.103321},
{"id":"8","value":0.103321},
{"id":"9","value":0.102091},
{"id":"10","value":0.098401},
{"id":"11","value":0.098401},
{"id":"12","value":0.098401},
{"id":"13","value":0.0910209},
{"id":"14","value":0.0836408},
{"id":"15","value":0.0811808},
{"id":"16","value":0.0787208},
{"id":"17","value":0.0738007},
{"id":"18","value":0.0713407},
{"id":"19","value":0.0688807},
{"id":"20","value":0.0664207},
{"id":"21","value":0.0627306},
{"id":"22","value":0.0590406},
{"id":"23","value":0.0528905},
{"id":"24","value":0.0528905},
{"id":"25","value":0.0528905},
{"id":"26","value":0.268143},
{"id":"27","value":0.96556},
{"id":"28","value":0.0848708},
{"id":"29","value":0.205412},
{"id":"30","value":0.0848708},
{"id":"31","value":0.207872},
{"id":"32","value":0.745387},
{"id":"33","value":0.124231},
{"id":"34","value":0.124231},
{"id":"35","value":0.135301},
{"id":"36","value":0.104551},
{"id":"37","value":0.247232},
{"id":"38","value":0.189422},
{"id":"39","value":0.204182},
{"id":"40","value":0.0873309},
{"id":"41","value":0.104551},
{"id":"42","value":0.113161},
{"id":"43","value":0.113161},
{"id":"44","value":0.0553506},
{"id":"45","value":0.0553506},
{"id":"46","value":0.123001},
{"id":"47","value":0.123001},
{"id":"48","value":0.0528905},
{"id":"49","value":0.0664207},
{"id":"50","value":0.0873309},
{"id":"51","value":0.129151},
{"id":"52","value":0.129151},
{"id":"53","value":0.0504305},
{"id":"54","value":0.0504305},
{"id":"55","value":0.097171},
{"id":"56","value":0.0602706},
{"id":"57","value":0.0602706},
{"id":"58","value":0.0725707},
{"id":"59","value":0.0504305},
{"id":"60","value":0.0381304},
{"id":"61","value":0.130381},
{"id":"62","value":0.130381},
{"id":"63","value":0.0467405},
{"id":"64","value":0.412054},
{"id":"65","value":0.0209102},
{"id":"66","value":0.0209102},
{"id":"67","value":0.0110701},
{"id":"68","value":0.217712},
{"id":"69","value":0.97417},
{"id":"70","value":0.0184502},
{"id":"71","value":0.238622},
{"id":"72","value":0.558426},
{"id":"73","value":0.929889},
{"id":"74","value":0.94957},
{"id":"75","value":0.150062},
{"id":"76","value":0.212792},
{"id":"77","value":0.214022},
{"id":"78","value":0.0750308},
{"id":"79","value":0.0541205},
{"id":"80","value":0.0553506},
{"id":"81","value":0.0442804},
{"id":"82","value":0.0110701},
{"id":"83","value":0.0332103},
{"id":"84","value":0.0332103},
{"id":"85","value":0.0332103},
{"id":"86","value":0.0159902},
{"id":"87","value":0.157442},
{"id":"88","value":0.0897909},
{"id":"89","value":0.0184502},
{"id":"90","value":0.0393604},
{"id":"91","value":0.0393604},
{"id":"92","value":0.0307503},
{"id":"93","value":0.0135301},
{"id":"94","value":0.184502},
{"id":"95","value":0.0639606},
{"id":"96","value":0.0578106},
{"id":"97","value":0.0553506},
{"id":"98","value":0.0405904},
{"id":"99","value":0.0172202},
{"id":"100","value":0.0442804},
{"id":"101","value":0.0516605},
{"id":"102","value":0.118081},
{"id":"103","value":0.0381304},
{"id":"104","value":0.0381304},
{"id":"105","value":0.0135301},
{"id":"106","value":0.0209102},
{"id":"107","value":0.0282903},
{"id":"108","value":0.0147601},
{"id":"109","value":0.0196802},
{"id":"110","value":0.0159902},
{"id":"111","value":0.0147601},
{"id":"112","value":0.0319803},
{"id":"113","value":0.0221402},
{"id":"114","value":0.0319803},
{"id":"115","value":0.0270603},
{"id":"116","value":0.0123001},
{"id":"117","value":0.0123001},
{"id":"118","value":0.0393604},
{"id":"119","value":0.0110701},
{"id":"120","value":0.0110701},
{"id":"121","value":0.0258303},
{"id":"122","value":0.0123001},
{"id":"123","value":0.0135301},
{"id":"124","value":0.0147601},
{"id":"125","value":0.896679},
{"id":"126","value":0.110701},
{"id":"127","value":0.0246002},
{"id":"128","value":0.0258303},
{"id":"129","value":0.0430504},
{"id":"130","value":0.0332103},
{"id":"131","value":0.0159902},
{"id":"132","value":0.0442804},
{"id":"133","value":0.0123001},
{"id":"134","value":0.0725707}
]}