{
"vertices":[
{"id":"0","name":"switch","Leaves":[{"name":"switch","frequency":0.488505 }],"frequency":0.148601},
{"id":"1","name":"wall","Leaves":[{"name":"wall","frequency":0.236759 }],"frequency":0.988636},
{"id":"2","name":"floor","Leaves":[],"frequency":0.990385},
{"id":"3","name":"ceiling","Leaves":[],"frequency":0.98951},
{"id":"4","name":"desk","Leaves":[{"name":"desk","frequency":0.890603 }],"frequency":0.55507},
{"id":"5","name":"chandelier","Leaves":[{"name":"chandelier","frequency":0.709945 }],"frequency":0.449301},
{"id":"6","name":"air_conditioner","Leaves":[{"name":"air_conditioner","frequency":0.930108 }],"frequency":0.151224},
{"id":"7","name":"laptop","Leaves":[],"frequency":0.243007},
{"id":"8","name":"office_chair","Leaves":[{"name":"office_chair","frequency":0.859649 }],"frequency":0.342657},
{"id":"9","name":"wardrobe_cabinet","Leaves":[{"name":"wardrobe_cabinet","frequency":0.696106 }],"frequency":0.640734},
{"id":"10","name":"shelving","Leaves":[{"name":"shelving","frequency":0.67462 }],"frequency":0.271853},
{"id":"11","name":"computer","Leaves":[{"name":"computer","frequency":0.921569 }],"frequency":0.246504},
{"id":"12","name":"heater","Leaves":[{"name":"heater","frequency":0.888158 }],"frequency":0.118007},
{"id":"13","name":"table_lamp","Leaves":[{"name":"table_lamp","frequency":0.800416 }],"frequency":0.336538},
{"id":"14","name":"rug","Leaves":[{"name":"rug","frequency":0.915929 }],"frequency":0.361888},
{"id":"15","name":"picture_frame","Leaves":[{"name":"picture_frame","frequency":0.531761 }],"frequency":0.256119},
{"id":"16","name":"television","Leaves":[],"frequency":0.347028},
{"id":"17","name":"clock","Leaves":[],"frequency":0.131119},
{"id":"18","name":"switch","Leaves":[{"name":"switch","frequency":0.488505 }],"frequency":0}
],
"rules":[
{"id":"0","source":"3","target":"0","factor":"orientation_parallel"},
{"id":"1","source":"2","target":"0","factor":"orientation_parallel"},
{"id":"2","source":"0","target":"1","factor":"orientation_parallel"},
{"id":"3","source":"9","target":"0","factor":"orientation_perpendicular"},
{"id":"4","source":"2","target":"0","factor":"orientation_perpendicular"},
{"id":"5","source":"3","target":"0","factor":"orientation_perpendicular"},
{"id":"6","source":"0","target":"9","factor":"orientation_perpendicular"},
{"id":"7","source":"4","target":"0","factor":"orientation_perpendicular"},
{"id":"8","source":"8","target":"0","factor":"orientation_perpendicular"},
{"id":"9","source":"5","target":"0","factor":"orientation_perpendicular"},
{"id":"10","source":"7","target":"0","factor":"orientation_perpendicular"},
{"id":"11","source":"15","target":"0","factor":"orientation_perpendicular"},
{"id":"12","source":"0","target":"1","factor":"orientation_perpendicular"},
{"id":"13","source":"10","target":"0","factor":"orientation_perpendicular"},
{"id":"14","source":"6","target":"0","factor":"orientation_perpendicular"},
{"id":"15","source":"13","target":"0","factor":"orientation_perpendicular"},
{"id":"16","source":"14","target":"0","factor":"orientation_perpendicular"},
{"id":"17","source":"17","target":"0","factor":"orientation_perpendicular"},
{"id":"18","source":"0","target":"15","factor":"orientation_perpendicular"},
{"id":"19","source":"1","target":"0","factor":"orientation_perpendicular"},
{"id":"20","source":"16","target":"0","factor":"orientation_perpendicular"},
{"id":"21","source":"11","target":"0","factor":"orientation_perpendicular"},
{"id":"22","source":"0","target":"18","factor":"orientation_perpendicular"},
{"id":"23","source":"0","target":"18","factor":"symmetry"},
{"id":"24","source":"3","target":"18","factor":"orientation_parallel"},
{"id":"25","source":"2","target":"18","factor":"orientation_parallel"},
{"id":"26","source":"18","target":"1","factor":"orientation_parallel"},
{"id":"27","source":"9","target":"18","factor":"orientation_perpendicular"},
{"id":"28","source":"2","target":"18","factor":"orientation_perpendicular"},
{"id":"29","source":"3","target":"18","factor":"orientation_perpendicular"},
{"id":"30","source":"18","target":"9","factor":"orientation_perpendicular"},
{"id":"31","source":"4","target":"18","factor":"orientation_perpendicular"},
{"id":"32","source":"8","target":"18","factor":"orientation_perpendicular"},
{"id":"33","source":"5","target":"18","factor":"orientation_perpendicular"},
{"id":"34","source":"7","target":"18","factor":"orientation_perpendicular"},
{"id":"35","source":"15","target":"18","factor":"orientation_perpendicular"},
{"id":"36","source":"18","target":"1","factor":"orientation_perpendicular"},
{"id":"37","source":"10","target":"18","factor":"orientation_perpendicular"},
{"id":"38","source":"6","target":"18","factor":"orientation_perpendicular"},
{"id":"39","source":"13","target":"18","factor":"orientation_perpendicular"},
{"id":"40","source":"14","target":"18","factor":"orientation_perpendicular"},
{"id":"41","source":"17","target":"18","factor":"orientation_perpendicular"},
{"id":"42","source":"18","target":"15","factor":"orientation_perpendicular"},
{"id":"43","source":"1","target":"18","factor":"orientation_perpendicular"},
{"id":"44","source":"16","target":"18","factor":"orientation_perpendicular"},
{"id":"45","source":"11","target":"18","factor":"orientation_perpendicular"},
{"id":"46","source":"1","target":"2","factor":"Horizontal-Support"},
{"id":"47","source":"3","target":"4","factor":"proximity"},
{"id":"48","source":"3","target":"5","factor":"proximity"},
{"id":"49","source":"3","target":"1","factor":"proximity"},
{"id":"50","source":"6","target":"1","factor":"proximity"},
{"id":"51","source":"6","target":"3","factor":"proximity"},
{"id":"52","source":"1","target":"1","factor":"proximity"},
{"id":"53","source":"4","target":"2","factor":"proximity"},
{"id":"54","source":"4","target":"7","factor":"proximity"},
{"id":"55","source":"4","target":"8","factor":"proximity"},
{"id":"56","source":"2","target":"1","factor":"proximity"},
{"id":"57","source":"9","target":"9","factor":"proximity"},
{"id":"58","source":"3","target":"2","factor":"proximity"},
{"id":"59","source":"2","target":"9","factor":"proximity"},
{"id":"60","source":"10","target":"1","factor":"proximity"},
{"id":"61","source":"11","target":"1","factor":"proximity"},
{"id":"62","source":"4","target":"1","factor":"proximity"},
{"id":"63","source":"12","target":"1","factor":"proximity"},
{"id":"64","source":"7","target":"13","factor":"proximity"},
{"id":"65","source":"1","target":"9","factor":"proximity"},
{"id":"66","source":"2","target":"14","factor":"proximity"},
{"id":"67","source":"11","target":"4","factor":"proximity"},
{"id":"68","source":"9","target":"10","factor":"orientation_parallel"},
{"id":"69","source":"9","target":"1","factor":"orientation_parallel"},
{"id":"70","source":"4","target":"8","factor":"orientation_parallel"},
{"id":"71","source":"4","target":"15","factor":"orientation_parallel"},
{"id":"72","source":"4","target":"1","factor":"orientation_parallel"},
{"id":"73","source":"2","target":"3","factor":"orientation_parallel"},
{"id":"74","source":"2","target":"1","factor":"orientation_parallel"},
{"id":"75","source":"2","target":"15","factor":"orientation_parallel"},
{"id":"76","source":"2","target":"7","factor":"orientation_parallel"},
{"id":"77","source":"2","target":"13","factor":"orientation_parallel"},
{"id":"78","source":"3","target":"1","factor":"orientation_parallel"},
{"id":"79","source":"3","target":"15","factor":"orientation_parallel"},
{"id":"80","source":"3","target":"13","factor":"orientation_parallel"},
{"id":"81","source":"8","target":"1","factor":"orientation_parallel"},
{"id":"82","source":"10","target":"1","factor":"orientation_parallel"},
{"id":"83","source":"15","target":"1","factor":"orientation_parallel"},
{"id":"84","source":"3","target":"14","factor":"orientation_parallel"},
{"id":"85","source":"2","target":"14","factor":"orientation_parallel"},
{"id":"86","source":"14","target":"1","factor":"orientation_parallel"},
{"id":"87","source":"12","target":"1","factor":"orientation_parallel"},
{"id":"88","source":"3","target":"10","factor":"orientation_parallel"},
{"id":"89","source":"2","target":"10","factor":"orientation_parallel"},
{"id":"90","source":"1","target":"1","factor":"orientation_parallel"},
{"id":"91","source":"3","target":"5","factor":"orientation_parallel"},
{"id":"92","source":"2","target":"5","factor":"orientation_parallel"},
{"id":"93","source":"5","target":"14","factor":"orientation_parallel"},
{"id":"94","source":"5","target":"5","factor":"orientation_parallel"},
{"id":"95","source":"5","target":"1","factor":"orientation_parallel"},
{"id":"96","source":"2","target":"6","factor":"orientation_parallel"},
{"id":"97","source":"3","target":"6","factor":"orientation_parallel"},
{"id":"98","source":"5","target":"13","factor":"orientation_parallel"},
{"id":"99","source":"9","target":"3","factor":"orientation_parallel"},
{"id":"100","source":"9","target":"2","factor":"orientation_parallel"},
{"id":"101","source":"9","target":"5","factor":"orientation_parallel"},
{"id":"102","source":"9","target":"13","factor":"orientation_parallel"},
{"id":"103","source":"9","target":"15","factor":"orientation_parallel"},
{"id":"104","source":"9","target":"9","factor":"orientation_parallel"},
{"id":"105","source":"9","target":"4","factor":"orientation_parallel"},
{"id":"106","source":"2","target":"4","factor":"orientation_parallel"},
{"id":"107","source":"3","target":"4","factor":"orientation_parallel"},
{"id":"108","source":"4","target":"5","factor":"orientation_parallel"},
{"id":"109","source":"4","target":"7","factor":"orientation_parallel"},
{"id":"110","source":"9","target":"14","factor":"orientation_parallel"},
{"id":"111","source":"6","target":"1","factor":"orientation_parallel"},
{"id":"112","source":"4","target":"10","factor":"orientation_parallel"},
{"id":"113","source":"4","target":"11","factor":"orientation_parallel"},
{"id":"114","source":"4","target":"14","factor":"orientation_parallel"},
{"id":"115","source":"10","target":"14","factor":"orientation_parallel"},
{"id":"116","source":"11","target":"1","factor":"orientation_parallel"},
{"id":"117","source":"13","target":"1","factor":"orientation_parallel"},
{"id":"118","source":"16","target":"1","factor":"orientation_parallel"},
{"id":"119","source":"17","target":"1","factor":"orientation_parallel"},
{"id":"120","source":"2","target":"8","factor":"orientation_parallel"},
{"id":"121","source":"3","target":"8","factor":"orientation_parallel"},
{"id":"122","source":"15","target":"15","factor":"orientation_parallel"},
{"id":"123","source":"2","target":"16","factor":"orientation_parallel"},
{"id":"124","source":"3","target":"16","factor":"orientation_parallel"},
{"id":"125","source":"4","target":"16","factor":"orientation_parallel"},
{"id":"126","source":"7","target":"1","factor":"orientation_parallel"},
{"id":"127","source":"4","target":"10","factor":"orientation_perpendicular"},
{"id":"128","source":"4","target":"1","factor":"orientation_perpendicular"},
{"id":"129","source":"2","target":"10","factor":"orientation_perpendicular"},
{"id":"130","source":"2","target":"1","factor":"orientation_perpendicular"},
{"id":"131","source":"3","target":"10","factor":"orientation_perpendicular"},
{"id":"132","source":"3","target":"1","factor":"orientation_perpendicular"},
{"id":"133","source":"8","target":"1","factor":"orientation_perpendicular"},
{"id":"134","source":"1","target":"1","factor":"orientation_perpendicular"},
{"id":"135","source":"15","target":"1","factor":"orientation_perpendicular"},
{"id":"136","source":"7","target":"1","factor":"orientation_perpendicular"},
{"id":"137","source":"13","target":"1","factor":"orientation_perpendicular"},
{"id":"138","source":"1","target":"14","factor":"orientation_perpendicular"},
{"id":"139","source":"1","target":"12","factor":"orientation_perpendicular"},
{"id":"140","source":"16","target":"1","factor":"orientation_perpendicular"},
{"id":"141","source":"10","target":"1","factor":"orientation_perpendicular"},
{"id":"142","source":"12","target":"1","factor":"orientation_perpendicular"},
{"id":"143","source":"3","target":"14","factor":"orientation_perpendicular"},
{"id":"144","source":"2","target":"14","factor":"orientation_perpendicular"},
{"id":"145","source":"5","target":"14","factor":"orientation_perpendicular"},
{"id":"146","source":"5","target":"1","factor":"orientation_perpendicular"},
{"id":"147","source":"1","target":"6","factor":"orientation_perpendicular"},
{"id":"148","source":"6","target":"6","factor":"orientation_perpendicular"},
{"id":"149","source":"9","target":"1","factor":"orientation_perpendicular"},
{"id":"150","source":"9","target":"9","factor":"orientation_perpendicular"},
{"id":"151","source":"9","target":"2","factor":"orientation_perpendicular"},
{"id":"152","source":"9","target":"3","factor":"orientation_perpendicular"},
{"id":"153","source":"9","target":"4","factor":"orientation_perpendicular"},
{"id":"154","source":"9","target":"8","factor":"orientation_perpendicular"},
{"id":"155","source":"9","target":"5","factor":"orientation_perpendicular"},
{"id":"156","source":"9","target":"7","factor":"orientation_perpendicular"},
{"id":"157","source":"9","target":"15","factor":"orientation_perpendicular"},
{"id":"158","source":"2","target":"15","factor":"orientation_perpendicular"},
{"id":"159","source":"3","target":"15","factor":"orientation_perpendicular"},
{"id":"160","source":"4","target":"15","factor":"orientation_perpendicular"},
{"id":"161","source":"8","target":"15","factor":"orientation_perpendicular"},
{"id":"162","source":"5","target":"15","factor":"orientation_perpendicular"},
{"id":"163","source":"9","target":"14","factor":"orientation_perpendicular"},
{"id":"164","source":"14","target":"1","factor":"orientation_perpendicular"},
{"id":"165","source":"4","target":"14","factor":"orientation_perpendicular"},
{"id":"166","source":"10","target":"10","factor":"orientation_perpendicular"},
{"id":"167","source":"10","target":"14","factor":"orientation_perpendicular"},
{"id":"168","source":"10","target":"11","factor":"orientation_perpendicular"},
{"id":"169","source":"10","target":"13","factor":"orientation_perpendicular"},
{"id":"170","source":"1","target":"11","factor":"orientation_perpendicular"},
{"id":"171","source":"11","target":"14","factor":"orientation_perpendicular"},
{"id":"172","source":"9","target":"10","factor":"orientation_perpendicular"},
{"id":"173","source":"9","target":"17","factor":"orientation_perpendicular"},
{"id":"174","source":"3","target":"17","factor":"orientation_perpendicular"},
{"id":"175","source":"2","target":"17","factor":"orientation_perpendicular"},
{"id":"176","source":"4","target":"9","factor":"orientation_perpendicular"},
{"id":"177","source":"4","target":"16","factor":"orientation_perpendicular"},
{"id":"178","source":"10","target":"9","factor":"orientation_perpendicular"},
{"id":"179","source":"9","target":"16","factor":"orientation_perpendicular"},
{"id":"180","source":"11","target":"15","factor":"orientation_perpendicular"},
{"id":"181","source":"11","target":"16","factor":"orientation_perpendicular"},
{"id":"182","source":"11","target":"1","factor":"orientation_perpendicular"},
{"id":"183","source":"14","target":"17","factor":"orientation_perpendicular"},
{"id":"184","source":"15","target":"17","factor":"orientation_perpendicular"},
{"id":"185","source":"16","target":"17","factor":"orientation_perpendicular"},
{"id":"186","source":"3","target":"9","factor":"orientation_perpendicular"},
{"id":"187","source":"2","target":"9","factor":"orientation_perpendicular"},
{"id":"188","source":"1","target":"17","factor":"orientation_perpendicular"},
{"id":"189","source":"2","target":"4","factor":"orientation_perpendicular"},
{"id":"190","source":"3","target":"4","factor":"orientation_perpendicular"},
{"id":"191","source":"4","target":"17","factor":"orientation_perpendicular"},
{"id":"192","source":"5","target":"17","factor":"orientation_perpendicular"},
{"id":"193","source":"8","target":"17","factor":"orientation_perpendicular"},
{"id":"194","source":"1","target":"5","factor":"orientation_perpendicular"},
{"id":"195","source":"9","target":"13","factor":"orientation_perpendicular"},
{"id":"196","source":"4","target":"5","factor":"orientation_perpendicular"},
{"id":"197","source":"4","target":"13","factor":"orientation_perpendicular"},
{"id":"198","source":"1","target":"10","factor":"orientation_perpendicular"},
{"id":"199","source":"2","target":"12","factor":"orientation_perpendicular"},
{"id":"200","source":"3","target":"12","factor":"orientation_perpendicular"},
{"id":"201","source":"4","target":"12","factor":"orientation_perpendicular"},
{"id":"202","source":"8","target":"12","factor":"orientation_perpendicular"},
{"id":"203","source":"11","target":"12","factor":"orientation_perpendicular"},
{"id":"204","source":"15","target":"15","factor":"orientation_perpendicular"},
{"id":"205","source":"15","target":"7","factor":"orientation_perpendicular"},
{"id":"206","source":"16","target":"15","factor":"orientation_perpendicular"},
{"id":"207","source":"1","target":"15","factor":"orientation_perpendicular"},
{"id":"208","source":"10","target":"8","factor":"orientation_perpendicular"},
{"id":"209","source":"10","target":"16","factor":"orientation_perpendicular"},
{"id":"210","source":"17","target":"15","factor":"orientation_perpendicular"},
{"id":"211","source":"9","target":"6","factor":"orientation_perpendicular"},
{"id":"212","source":"3","target":"8","factor":"orientation_perpendicular"},
{"id":"213","source":"2","target":"8","factor":"orientation_perpendicular"},
{"id":"214","source":"4","target":"6","factor":"orientation_perpendicular"},
{"id":"215","source":"5","target":"9","factor":"orientation_perpendicular"},
{"id":"216","source":"14","target":"9","factor":"orientation_perpendicular"},
{"id":"217","source":"6","target":"9","factor":"orientation_perpendicular"},
{"id":"218","source":"1","target":"9","factor":"orientation_perpendicular"},
{"id":"219","source":"5","target":"8","factor":"orientation_perpendicular"},
{"id":"220","source":"15","target":"14","factor":"orientation_perpendicular"},
{"id":"221","source":"3","target":"11","factor":"orientation_perpendicular"},
{"id":"222","source":"2","target":"11","factor":"orientation_perpendicular"},
{"id":"223","source":"8","target":"16","factor":"orientation_perpendicular"},
{"id":"224","source":"2","target":"5","factor":"orientation_perpendicular"},
{"id":"225","source":"3","target":"5","factor":"orientation_perpendicular"},
{"id":"226","source":"16","target":"5","factor":"orientation_perpendicular"},
{"id":"227","source":"16","target":"6","factor":"orientation_perpendicular"},
{"id":"228","source":"3","target":"7","factor":"orientation_perpendicular"},
{"id":"229","source":"2","target":"7","factor":"orientation_perpendicular"},
{"id":"230","source":"16","target":"14","factor":"orientation_perpendicular"},
{"id":"231","source":"3","target":"13","factor":"orientation_perpendicular"},
{"id":"232","source":"2","target":"13","factor":"orientation_perpendicular"},
{"id":"233","source":"14","target":"13","factor":"orientation_perpendicular"},
{"id":"234","source":"6","target":"1","factor":"orientation_perpendicular"},
{"id":"235","source":"6","target":"13","factor":"orientation_perpendicular"},
{"id":"236","source":"4","target":"8","factor":"orientation_perpendicular"},
{"id":"237","source":"8","target":"11","factor":"orientation_perpendicular"},
{"id":"238","source":"9","target":"11","factor":"orientation_perpendicular"},
{"id":"239","source":"16","target":"13","factor":"orientation_perpendicular"},
{"id":"240","source":"3","target":"16","factor":"orientation_perpendicular"},
{"id":"241","source":"2","target":"16","factor":"orientation_perpendicular"},
{"id":"242","source":"9","target":"12","factor":"orientation_perpendicular"},
{"id":"243","source":"3","target":"6","factor":"orientation_perpendicular"},
{"id":"244","source":"2","target":"6","factor":"orientation_perpendicular"},
{"id":"245","source":"17","target":"1","factor":"orientation_perpendicular"},
{"id":"246","source":"8","target":"14","factor":"orientation_perpendicular"},
{"id":"247","source":"8","target":"13","factor":"orientation_perpendicular"},
{"id":"248","source":"5","target":"11","factor":"orientation_perpendicular"},
{"id":"249","source":"15","target":"13","factor":"orientation_perpendicular"},
{"id":"250","source":"6","target":"17","factor":"orientation_perpendicular"},
{"id":"251","source":"10","target":"12","factor":"orientation_perpendicular"},
{"id":"252","source":"8","target":"7","factor":"orientation_perpendicular"},
{"id":"253","source":"5","target":"12","factor":"orientation_perpendicular"},
{"id":"254","source":"10","target":"17","factor":"orientation_perpendicular"},
{"id":"255","source":"5","target":"13","factor":"orientation_perpendicular"},
{"id":"256","source":"11","target":"13","factor":"orientation_perpendicular"},
{"id":"257","source":"4","target":"7","factor":"orientation_perpendicular"},
{"id":"258","source":"5","target":"7","factor":"orientation_perpendicular"},
{"id":"259","source":"10","target":"15","factor":"orientation_perpendicular"},
{"id":"260","source":"13","target":"9","factor":"orientation_perpendicular"},
{"id":"261","source":"14","target":"7","factor":"orientation_perpendicular"},
{"id":"262","source":"10","target":"5","factor":"orientation_perpendicular"},
{"id":"263","source":"10","target":"7","factor":"orientation_perpendicular"},
{"id":"264","source":"15","target":"10","factor":"orientation_perpendicular"},
{"id":"265","source":"8","target":"9","factor":"orientation_perpendicular"},
{"id":"266","source":"11","target":"9","factor":"orientation_perpendicular"},
{"id":"267","source":"16","target":"9","factor":"orientation_perpendicular"},
{"id":"268","source":"14","target":"12","factor":"orientation_perpendicular"},
{"id":"269","source":"16","target":"7","factor":"orientation_perpendicular"},
{"id":"270","source":"13","target":"7","factor":"orientation_perpendicular"},
{"id":"271","source":"11","target":"6","factor":"orientation_perpendicular"},
{"id":"272","source":"8","target":"6","factor":"orientation_perpendicular"},
{"id":"273","source":"5","target":"6","factor":"orientation_perpendicular"},
{"id":"274","source":"15","target":"15","factor":"symmetry"},
{"id":"275","source":"1","target":"1","factor":"symmetry"},
{"id":"276","source":"8","target":"8","factor":"symmetry"},
{"id":"277","source":"5","target":"5","factor":"symmetry"},
{"id":"278","source":"11","target":"11","factor":"symmetry"},
{"id":"279","source":"14","target":"14","factor":"symmetry"},
{"id":"280","source":"13","target":"13","factor":"symmetry"},
{"id":"281","source":"10","target":"10","factor":"symmetry"},
{"id":"282","source":"9","target":"9","factor":"symmetry"},
{"id":"283","source":"4","target":"4","factor":"symmetry"},
{"id":"284","source":"12","target":"12","factor":"symmetry"},
{"id":"285","source":"1","target":"1","factor":"side_to_side"}
],
"probability":[
{"id":"0","value":0.0550699},
{"id":"1","value":0.0550699},
{"id":"2","value":0.0874126},
{"id":"3","value":0.0480769},
{"id":"4","value":0.0629371},
{"id":"5","value":0.0629371},
{"id":"6","value":0.013986},
{"id":"7","value":0.0367133},
{"id":"8","value":0.0297203},
{"id":"9","value":0.0384615},
{"id":"10","value":0.0122378},
{"id":"11","value":0.0332168},
{"id":"12","value":0.137238},
{"id":"13","value":0.0236014},
{"id":"14","value":0.0104895},
{"id":"15","value":0.0227273},
{"id":"16","value":0.0340909},
{"id":"17","value":0.0166084},
{"id":"18","value":0.013986},
{"id":"19","value":0.0297203},
{"id":"20","value":0.0174825},
{"id":"21","value":0.0148601},
{"id":"22","value":0.020979},
{"id":"23","value":0.0655594},
{"id":"24","value":0.0550699},
{"id":"25","value":0.0550699},
{"id":"26","value":0.0874126},
{"id":"27","value":0.0480769},
{"id":"28","value":0.0629371},
{"id":"29","value":0.0629371},
{"id":"30","value":0.013986},
{"id":"31","value":0.0367133},
{"id":"32","value":0.0297203},
{"id":"33","value":0.0384615},
{"id":"34","value":0.0122378},
{"id":"35","value":0.0332168},
{"id":"36","value":0.137238},
{"id":"37","value":0.0236014},
{"id":"38","value":0.0104895},
{"id":"39","value":0.0227273},
{"id":"40","value":0.0340909},
{"id":"41","value":0.0166084},
{"id":"42","value":0.013986},
{"id":"43","value":0.0297203},
{"id":"44","value":0.0174825},
{"id":"45","value":0.0148601},
{"id":"46","value":0.660839},
{"id":"47","value":0.0786713},
{"id":"48","value":0.0769231},
{"id":"49","value":0.0769231},
{"id":"50","value":0.0699301},
{"id":"51","value":0.0699301},
{"id":"52","value":0.0909091},
{"id":"53","value":0.0664336},
{"id":"54","value":0.0655594},
{"id":"55","value":0.0620629},
{"id":"56","value":0.0603147},
{"id":"57","value":0.0594406},
{"id":"58","value":0.0576923},
{"id":"59","value":0.0568182},
{"id":"60","value":0.0541958},
{"id":"61","value":0.0524476},
{"id":"62","value":0.0524476},
{"id":"63","value":0.0515734},
{"id":"64","value":0.0506993},
{"id":"65","value":0.229895},
{"id":"66","value":0.187063},
{"id":"67","value":0.120629},
{"id":"68","value":0.0620629},
{"id":"69","value":0.41521},
{"id":"70","value":0.0743007},
{"id":"71","value":0.0550699},
{"id":"72","value":0.337413},
{"id":"73","value":0.986888},
{"id":"74","value":0.269231},
{"id":"75","value":0.103147},
{"id":"76","value":0.0506993},
{"id":"77","value":0.232517},
{"id":"78","value":0.268357},
{"id":"79","value":0.102273},
{"id":"80","value":0.230769},
{"id":"81","value":0.128496},
{"id":"82","value":0.157343},
{"id":"83","value":0.158217},
{"id":"84","value":0.228147},
{"id":"85","value":0.229021},
{"id":"86","value":0.16521},
{"id":"87","value":0.0568182},
{"id":"88","value":0.11014},
{"id":"89","value":0.111014},
{"id":"90","value":0.717657},
{"id":"91","value":0.409091},
{"id":"92","value":0.410839},
{"id":"93","value":0.0804196},
{"id":"94","value":0.090035},
{"id":"95","value":0.153846},
{"id":"96","value":0.0541958},
{"id":"97","value":0.0541958},
{"id":"98","value":0.131993},
{"id":"99","value":0.201923},
{"id":"100","value":0.202797},
{"id":"101","value":0.0979021},
{"id":"102","value":0.0568182},
{"id":"103","value":0.0673077},
{"id":"104","value":0.126748},
{"id":"105","value":0.0576923},
{"id":"106","value":0.146853},
{"id":"107","value":0.145979},
{"id":"108","value":0.0568182},
{"id":"109","value":0.0874126},
{"id":"110","value":0.0708042},
{"id":"111","value":0.0821678},
{"id":"112","value":0.0541958},
{"id":"113","value":0.0961538},
{"id":"114","value":0.0646853},
{"id":"115","value":0.0515734},
{"id":"116","value":0.0926573},
{"id":"117","value":0.0568182},
{"id":"118","value":0.193182},
{"id":"119","value":0.0629371},
{"id":"120","value":0.0681818},
{"id":"121","value":0.0681818},
{"id":"122","value":0.0646853},
{"id":"123","value":0.0795455},
{"id":"124","value":0.0795455},
{"id":"125","value":0.0568182},
{"id":"126","value":0.0839161},
{"id":"127","value":0.0690559},
{"id":"128","value":0.417832},
{"id":"129","value":0.0559441},
{"id":"130","value":0.937937},
{"id":"131","value":0.0559441},
{"id":"132","value":0.937063},
{"id":"133","value":0.193182},
{"id":"134","value":0.957168},
{"id":"135","value":0.231643},
{"id":"136","value":0.156469},
{"id":"137","value":0.276224},
{"id":"138","value":0.308566},
{"id":"139","value":0.0944056},
{"id":"140","value":0.268357},
{"id":"141","value":0.229895},
{"id":"142","value":0.027972},
{"id":"143","value":0.0821678},
{"id":"144","value":0.083042},
{"id":"145","value":0.0262238},
{"id":"146","value":0.411713},
{"id":"147","value":0.125874},
{"id":"148","value":0.0104895},
{"id":"149","value":0.523601},
{"id":"150","value":0.041958},
{"id":"151","value":0.214161},
{"id":"152","value":0.213287},
{"id":"153","value":0.134615},
{"id":"154","value":0.0585664},
{"id":"155","value":0.109266},
{"id":"156","value":0.048951},
{"id":"157","value":0.0638112},
{"id":"158","value":0.0786713},
{"id":"159","value":0.0786713},
{"id":"160","value":0.0506993},
{"id":"161","value":0.0166084},
{"id":"162","value":0.048951},
{"id":"163","value":0.0646853},
{"id":"164","value":0.0550699},
{"id":"165","value":0.0673077},
{"id":"166","value":0.020979},
{"id":"167","value":0.0410839},
{"id":"168","value":0.013986},
{"id":"169","value":0.027972},
{"id":"170","value":0.159965},
{"id":"171","value":0.020979},
{"id":"172","value":0.0550699},
{"id":"173","value":0.0270979},
{"id":"174","value":0.0314685},
{"id":"175","value":0.0314685},
{"id":"176","value":0.020979},
{"id":"177","value":0.0620629},
{"id":"178","value":0.0122378},
{"id":"179","value":0.0472028},
{"id":"180","value":0.0104895},
{"id":"181","value":0.0262238},
{"id":"182","value":0.0445804},
{"id":"183","value":0.020979},
{"id":"184","value":0.0148601},
{"id":"185","value":0.020979},
{"id":"186","value":0.0262238},
{"id":"187","value":0.0262238},
{"id":"188","value":0.111014},
{"id":"189","value":0.166084},
{"id":"190","value":0.166084},
{"id":"191","value":0.0236014},
{"id":"192","value":0.0157343},
{"id":"193","value":0.0104895},
{"id":"194","value":0.0253497},
{"id":"195","value":0.0708042},
{"id":"196","value":0.0804196},
{"id":"197","value":0.0480769},
{"id":"198","value":0.0201049},
{"id":"199","value":0.0402098},
{"id":"200","value":0.0402098},
{"id":"201","value":0.0262238},
{"id":"202","value":0.0174825},
{"id":"203","value":0.0122378},
{"id":"204","value":0.0367133},
{"id":"205","value":0.0157343},
{"id":"206","value":0.0236014},
{"id":"207","value":0.0314685},
{"id":"208","value":0.0104895},
{"id":"209","value":0.027972},
{"id":"210","value":0.0104895},
{"id":"211","value":0.0314685},
{"id":"212","value":0.0734266},
{"id":"213","value":0.0734266},
{"id":"214","value":0.0410839},
{"id":"215","value":0.0192308},
{"id":"216","value":0.0236014},
{"id":"217","value":0.0104895},
{"id":"218","value":0.0236014},
{"id":"219","value":0.0506993},
{"id":"220","value":0.0236014},
{"id":"221","value":0.0463287},
{"id":"222","value":0.0463287},
{"id":"223","value":0.0166084},
{"id":"224","value":0.0166084},
{"id":"225","value":0.0166084},
{"id":"226","value":0.0340909},
{"id":"227","value":0.0332168},
{"id":"228","value":0.0638112},
{"id":"229","value":0.0638112},
{"id":"230","value":0.0122378},
{"id":"231","value":0.0262238},
{"id":"232","value":0.0270979},
{"id":"233","value":0.0157343},
{"id":"234","value":0.0297203},
{"id":"235","value":0.0201049},
{"id":"236","value":0.0218531},
{"id":"237","value":0.0236014},
{"id":"238","value":0.0393357},
{"id":"239","value":0.0270979},
{"id":"240","value":0.0673077},
{"id":"241","value":0.0673077},
{"id":"242","value":0.0305944},
{"id":"243","value":0.0384615},
{"id":"244","value":0.0384615},
{"id":"245","value":0.0253497},
{"id":"246","value":0.0236014},
{"id":"247","value":0.0340909},
{"id":"248","value":0.0227273},
{"id":"249","value":0.0332168},
{"id":"250","value":0.0104895},
{"id":"251","value":0.0166084},
{"id":"252","value":0.0166084},
{"id":"253","value":0.0192308},
{"id":"254","value":0.0192308},
{"id":"255","value":0.0166084},
{"id":"256","value":0.0113636},
{"id":"257","value":0.0244755},
{"id":"258","value":0.0340909},
{"id":"259","value":0.0253497},
{"id":"260","value":0.013986},
{"id":"261","value":0.0104895},
{"id":"262","value":0.0270979},
{"id":"263","value":0.0122378},
{"id":"264","value":0.0122378},
{"id":"265","value":0.0122378},
{"id":"266","value":0.0122378},
{"id":"267","value":0.013986},
{"id":"268","value":0.0227273},
{"id":"269","value":0.0262238},
{"id":"270","value":0.0174825},
{"id":"271","value":0.0183566},
{"id":"272","value":0.013986},
{"id":"273","value":0.0131119},
{"id":"274","value":0.0629371},
{"id":"275","value":0.766608},
{"id":"276","value":0.0463287},
{"id":"277","value":0.0891608},
{"id":"278","value":0.0174825},
{"id":"279","value":0.013986},
{"id":"280","value":0.0428322},
{"id":"281","value":0.0437063},
{"id":"282","value":0.0786713},
{"id":"283","value":0.0305944},
{"id":"284","value":0.0113636},
{"id":"285","value":0.118007}
]}