{
"vertices":[
{"id":"0","name":"switch","Leaves":[{"name":"switch","frequency":0.488505 }],"frequency":0.148601},
{"id":"1","name":"wall","Leaves":[{"name":"wall","frequency":0.236759 }],"frequency":0.988636},
{"id":"2","name":"floor","Leaves":[],"frequency":0.990385},
{"id":"3","name":"armchair","Leaves":[{"name":"armchair","frequency":0.875458 }],"frequency":0.208916},
{"id":"4","name":"ceiling","Leaves":[],"frequency":0.98951},
{"id":"5","name":"door","Leaves":[{"name":"door","frequency":0.867209 }],"frequency":0.559441},
{"id":"6","name":"curtain","Leaves":[{"name":"curtain","frequency":0.682411 }],"frequency":0.366259},
{"id":"7","name":"desk","Leaves":[{"name":"desk","frequency":0.890603 }],"frequency":0.55507},
{"id":"8","name":"chandelier","Leaves":[{"name":"chandelier","frequency":0.709945 }],"frequency":0.449301},
{"id":"9","name":"chair","Leaves":[{"name":"chair","frequency":0.507399 }],"frequency":0.20979},
{"id":"10","name":"books","Leaves":[{"name":"books","frequency":0.530568 }],"frequency":0.212413},
{"id":"11","name":"air_conditioner","Leaves":[{"name":"air_conditioner","frequency":0.930108 }],"frequency":0.151224},
{"id":"12","name":"laptop","Leaves":[],"frequency":0.243007},
{"id":"13","name":"office_chair","Leaves":[{"name":"office_chair","frequency":0.859649 }],"frequency":0.342657},
{"id":"14","name":"wardrobe_cabinet","Leaves":[{"name":"wardrobe_cabinet","frequency":0.696106 }],"frequency":0.640734},
{"id":"15","name":"book","Leaves":[{"name":"book","frequency":0.564886 }],"frequency":0.129371},
{"id":"16","name":"shelving","Leaves":[{"name":"shelving","frequency":0.67462 }],"frequency":0.271853},
{"id":"17","name":"window","Leaves":[{"name":"window","frequency":0.687933 }],"frequency":0.782343},
{"id":"18","name":"computer","Leaves":[{"name":"computer","frequency":0.921569 }],"frequency":0.246504},
{"id":"19","name":"heater","Leaves":[{"name":"heater","frequency":0.888158 }],"frequency":0.118007},
{"id":"20","name":"table_lamp","Leaves":[{"name":"table_lamp","frequency":0.800416 }],"frequency":0.336538},
{"id":"21","name":"rug","Leaves":[{"name":"rug","frequency":0.915929 }],"frequency":0.361888},
{"id":"22","name":"stand","Leaves":[{"name":"stand","frequency":0.641105 }],"frequency":0.365385},
{"id":"23","name":"dresser","Leaves":[{"name":"dresser","frequency":0.850319 }],"frequency":0.233392},
{"id":"24","name":"picture_frame","Leaves":[{"name":"picture_frame","frequency":0.531761 }],"frequency":0.256119},
{"id":"25","name":"coffee_table","Leaves":[],"frequency":0.115385},
{"id":"26","name":"person","Leaves":[],"frequency":0.136364},
{"id":"27","name":"plant","Leaves":[{"name":"plant","frequency":0.738739 }],"frequency":0.143357},
{"id":"28","name":"television","Leaves":[],"frequency":0.347028},
{"id":"29","name":"clock","Leaves":[],"frequency":0.131119},
{"id":"30","name":"mirror","Leaves":[],"frequency":0.115385},
{"id":"31","name":"wall_lamp","Leaves":[{"name":"wall_lamp","frequency":0.565789 }],"frequency":0.112762},
{"id":"32","name":"ottoman","Leaves":[{"name":"ottoman","frequency":0.796992 }],"frequency":0.0926573},
{"id":"33","name":"toy","Leaves":[{"name":"toy","frequency":0.528302 }],"frequency":0.0979021},
{"id":"34","name":"playstation","Leaves":[],"frequency":0.0926573},
{"id":"35","name":"dressing_table","Leaves":[],"frequency":0.0664336},
{"id":"36","name":"switch","Leaves":[{"name":"switch","frequency":0.488505 }],"frequency":0},
{"id":"37","name":"chair","Leaves":[{"name":"chair","frequency":0.507399 }],"frequency":0},
{"id":"38","name":"window","Leaves":[{"name":"window","frequency":0.687933 }],"frequency":0},
{"id":"39","name":"curtain","Leaves":[{"name":"curtain","frequency":0.682411 }],"frequency":0},
{"id":"40","name":"wall_lamp","Leaves":[{"name":"wall_lamp","frequency":0.565789 }],"frequency":0},
{"id":"41","name":"shelving","Leaves":[{"name":"shelving","frequency":0.67462 }],"frequency":0}
],
"rules":[
{"id":"0","source":"4","target":"0","factor":"orientation_parallel"},
{"id":"1","source":"2","target":"0","factor":"orientation_parallel"},
{"id":"2","source":"0","target":"1","factor":"orientation_parallel"},
{"id":"3","source":"14","target":"0","factor":"orientation_perpendicular"},
{"id":"4","source":"2","target":"0","factor":"orientation_perpendicular"},
{"id":"5","source":"4","target":"0","factor":"orientation_perpendicular"},
{"id":"6","source":"0","target":"14","factor":"orientation_perpendicular"},
{"id":"7","source":"7","target":"0","factor":"orientation_perpendicular"},
{"id":"8","source":"6","target":"0","factor":"orientation_perpendicular"},
{"id":"9","source":"26","target":"0","factor":"orientation_perpendicular"},
{"id":"10","source":"17","target":"0","factor":"orientation_perpendicular"},
{"id":"11","source":"13","target":"0","factor":"orientation_perpendicular"},
{"id":"12","source":"8","target":"0","factor":"orientation_perpendicular"},
{"id":"13","source":"12","target":"0","factor":"orientation_perpendicular"},
{"id":"14","source":"24","target":"0","factor":"orientation_perpendicular"},
{"id":"15","source":"0","target":"1","factor":"orientation_perpendicular"},
{"id":"16","source":"10","target":"0","factor":"orientation_perpendicular"},
{"id":"17","source":"16","target":"0","factor":"orientation_perpendicular"},
{"id":"18","source":"3","target":"0","factor":"orientation_perpendicular"},
{"id":"19","source":"23","target":"0","factor":"orientation_perpendicular"},
{"id":"20","source":"27","target":"0","factor":"orientation_perpendicular"},
{"id":"21","source":"22","target":"0","factor":"orientation_perpendicular"},
{"id":"22","source":"11","target":"0","factor":"orientation_perpendicular"},
{"id":"23","source":"20","target":"0","factor":"orientation_perpendicular"},
{"id":"24","source":"21","target":"0","factor":"orientation_perpendicular"},
{"id":"25","source":"29","target":"0","factor":"orientation_perpendicular"},
{"id":"26","source":"0","target":"24","factor":"orientation_perpendicular"},
{"id":"27","source":"31","target":"0","factor":"orientation_perpendicular"},
{"id":"28","source":"1","target":"0","factor":"orientation_perpendicular"},
{"id":"29","source":"28","target":"0","factor":"orientation_perpendicular"},
{"id":"30","source":"5","target":"0","factor":"orientation_perpendicular"},
{"id":"31","source":"15","target":"0","factor":"orientation_perpendicular"},
{"id":"32","source":"0","target":"10","factor":"orientation_perpendicular"},
{"id":"33","source":"18","target":"0","factor":"orientation_perpendicular"},
{"id":"34","source":"34","target":"0","factor":"orientation_perpendicular"},
{"id":"35","source":"0","target":"36","factor":"orientation_perpendicular"},
{"id":"36","source":"0","target":"36","factor":"symmetry"},
{"id":"37","source":"4","target":"36","factor":"orientation_parallel"},
{"id":"38","source":"2","target":"36","factor":"orientation_parallel"},
{"id":"39","source":"36","target":"1","factor":"orientation_parallel"},
{"id":"40","source":"14","target":"36","factor":"orientation_perpendicular"},
{"id":"41","source":"2","target":"36","factor":"orientation_perpendicular"},
{"id":"42","source":"4","target":"36","factor":"orientation_perpendicular"},
{"id":"43","source":"36","target":"14","factor":"orientation_perpendicular"},
{"id":"44","source":"7","target":"36","factor":"orientation_perpendicular"},
{"id":"45","source":"6","target":"36","factor":"orientation_perpendicular"},
{"id":"46","source":"26","target":"36","factor":"orientation_perpendicular"},
{"id":"47","source":"17","target":"36","factor":"orientation_perpendicular"},
{"id":"48","source":"13","target":"36","factor":"orientation_perpendicular"},
{"id":"49","source":"8","target":"36","factor":"orientation_perpendicular"},
{"id":"50","source":"12","target":"36","factor":"orientation_perpendicular"},
{"id":"51","source":"24","target":"36","factor":"orientation_perpendicular"},
{"id":"52","source":"36","target":"1","factor":"orientation_perpendicular"},
{"id":"53","source":"10","target":"36","factor":"orientation_perpendicular"},
{"id":"54","source":"16","target":"36","factor":"orientation_perpendicular"},
{"id":"55","source":"3","target":"36","factor":"orientation_perpendicular"},
{"id":"56","source":"23","target":"36","factor":"orientation_perpendicular"},
{"id":"57","source":"27","target":"36","factor":"orientation_perpendicular"},
{"id":"58","source":"22","target":"36","factor":"orientation_perpendicular"},
{"id":"59","source":"11","target":"36","factor":"orientation_perpendicular"},
{"id":"60","source":"20","target":"36","factor":"orientation_perpendicular"},
{"id":"61","source":"21","target":"36","factor":"orientation_perpendicular"},
{"id":"62","source":"29","target":"36","factor":"orientation_perpendicular"},
{"id":"63","source":"36","target":"24","factor":"orientation_perpendicular"},
{"id":"64","source":"31","target":"36","factor":"orientation_perpendicular"},
{"id":"65","source":"1","target":"36","factor":"orientation_perpendicular"},
{"id":"66","source":"28","target":"36","factor":"orientation_perpendicular"},
{"id":"67","source":"5","target":"36","factor":"orientation_perpendicular"},
{"id":"68","source":"15","target":"36","factor":"orientation_perpendicular"},
{"id":"69","source":"36","target":"10","factor":"orientation_perpendicular"},
{"id":"70","source":"18","target":"36","factor":"orientation_perpendicular"},
{"id":"71","source":"34","target":"36","factor":"orientation_perpendicular"},
{"id":"72","source":"4","target":"9","factor":"proximity"},
{"id":"73","source":"9","target":"7","factor":"proximity"},
{"id":"74","source":"9","target":"2","factor":"proximity"},
{"id":"75","source":"9","target":"1","factor":"proximity"},
{"id":"76","source":"2","target":"9","factor":"orientation_parallel"},
{"id":"77","source":"4","target":"9","factor":"orientation_parallel"},
{"id":"78","source":"9","target":"1","factor":"orientation_parallel"},
{"id":"79","source":"9","target":"1","factor":"orientation_perpendicular"},
{"id":"80","source":"5","target":"9","factor":"orientation_perpendicular"},
{"id":"81","source":"6","target":"9","factor":"orientation_perpendicular"},
{"id":"82","source":"17","target":"9","factor":"orientation_perpendicular"},
{"id":"83","source":"9","target":"22","factor":"orientation_perpendicular"},
{"id":"84","source":"9","target":"29","factor":"orientation_perpendicular"},
{"id":"85","source":"4","target":"9","factor":"orientation_perpendicular"},
{"id":"86","source":"2","target":"9","factor":"orientation_perpendicular"},
{"id":"87","source":"14","target":"9","factor":"orientation_perpendicular"},
{"id":"88","source":"7","target":"9","factor":"orientation_perpendicular"},
{"id":"89","source":"13","target":"9","factor":"orientation_perpendicular"},
{"id":"90","source":"26","target":"9","factor":"orientation_perpendicular"},
{"id":"91","source":"9","target":"21","factor":"orientation_perpendicular"},
{"id":"92","source":"3","target":"9","factor":"orientation_perpendicular"},
{"id":"93","source":"9","target":"20","factor":"orientation_perpendicular"},
{"id":"94","source":"9","target":"28","factor":"orientation_perpendicular"},
{"id":"95","source":"9","target":"11","factor":"orientation_perpendicular"},
{"id":"96","source":"9","target":"24","factor":"orientation_perpendicular"},
{"id":"97","source":"9","target":"31","factor":"orientation_perpendicular"},
{"id":"98","source":"9","target":"15","factor":"orientation_perpendicular"},
{"id":"99","source":"9","target":"8","factor":"orientation_perpendicular"},
{"id":"100","source":"9","target":"10","factor":"orientation_perpendicular"},
{"id":"101","source":"16","target":"9","factor":"orientation_perpendicular"},
{"id":"102","source":"22","target":"9","factor":"orientation_perpendicular"},
{"id":"103","source":"9","target":"37","factor":"proximity"},
{"id":"104","source":"9","target":"37","factor":"orientation_perpendicular"},
{"id":"105","source":"9","target":"37","factor":"symmetry"},
{"id":"106","source":"4","target":"37","factor":"proximity"},
{"id":"107","source":"37","target":"7","factor":"proximity"},
{"id":"108","source":"37","target":"2","factor":"proximity"},
{"id":"109","source":"37","target":"1","factor":"proximity"},
{"id":"110","source":"2","target":"37","factor":"orientation_parallel"},
{"id":"111","source":"4","target":"37","factor":"orientation_parallel"},
{"id":"112","source":"37","target":"1","factor":"orientation_parallel"},
{"id":"113","source":"37","target":"1","factor":"orientation_perpendicular"},
{"id":"114","source":"5","target":"37","factor":"orientation_perpendicular"},
{"id":"115","source":"6","target":"37","factor":"orientation_perpendicular"},
{"id":"116","source":"17","target":"37","factor":"orientation_perpendicular"},
{"id":"117","source":"37","target":"22","factor":"orientation_perpendicular"},
{"id":"118","source":"37","target":"29","factor":"orientation_perpendicular"},
{"id":"119","source":"4","target":"37","factor":"orientation_perpendicular"},
{"id":"120","source":"2","target":"37","factor":"orientation_perpendicular"},
{"id":"121","source":"14","target":"37","factor":"orientation_perpendicular"},
{"id":"122","source":"7","target":"37","factor":"orientation_perpendicular"},
{"id":"123","source":"13","target":"37","factor":"orientation_perpendicular"},
{"id":"124","source":"26","target":"37","factor":"orientation_perpendicular"},
{"id":"125","source":"37","target":"21","factor":"orientation_perpendicular"},
{"id":"126","source":"3","target":"37","factor":"orientation_perpendicular"},
{"id":"127","source":"37","target":"20","factor":"orientation_perpendicular"},
{"id":"128","source":"37","target":"28","factor":"orientation_perpendicular"},
{"id":"129","source":"37","target":"11","factor":"orientation_perpendicular"},
{"id":"130","source":"37","target":"24","factor":"orientation_perpendicular"},
{"id":"131","source":"37","target":"31","factor":"orientation_perpendicular"},
{"id":"132","source":"37","target":"15","factor":"orientation_perpendicular"},
{"id":"133","source":"37","target":"8","factor":"orientation_perpendicular"},
{"id":"134","source":"37","target":"10","factor":"orientation_perpendicular"},
{"id":"135","source":"16","target":"37","factor":"orientation_perpendicular"},
{"id":"136","source":"22","target":"37","factor":"orientation_perpendicular"},
{"id":"137","source":"6","target":"17","factor":"proximity"},
{"id":"138","source":"1","target":"17","factor":"proximity"},
{"id":"139","source":"7","target":"17","factor":"orientation_parallel"},
{"id":"140","source":"17","target":"6","factor":"orientation_parallel"},
{"id":"141","source":"17","target":"1","factor":"orientation_parallel"},
{"id":"142","source":"4","target":"17","factor":"orientation_parallel"},
{"id":"143","source":"2","target":"17","factor":"orientation_parallel"},
{"id":"144","source":"17","target":"21","factor":"orientation_parallel"},
{"id":"145","source":"17","target":"8","factor":"orientation_parallel"},
{"id":"146","source":"5","target":"17","factor":"orientation_parallel"},
{"id":"147","source":"14","target":"17","factor":"orientation_parallel"},
{"id":"148","source":"17","target":"20","factor":"orientation_parallel"},
{"id":"149","source":"17","target":"22","factor":"orientation_parallel"},
{"id":"150","source":"17","target":"16","factor":"orientation_perpendicular"},
{"id":"151","source":"17","target":"1","factor":"orientation_perpendicular"},
{"id":"152","source":"17","target":"22","factor":"orientation_perpendicular"},
{"id":"153","source":"5","target":"17","factor":"orientation_perpendicular"},
{"id":"154","source":"4","target":"17","factor":"orientation_perpendicular"},
{"id":"155","source":"2","target":"17","factor":"orientation_perpendicular"},
{"id":"156","source":"7","target":"17","factor":"orientation_perpendicular"},
{"id":"157","source":"17","target":"21","factor":"orientation_perpendicular"},
{"id":"158","source":"17","target":"25","factor":"orientation_perpendicular"},
{"id":"159","source":"17","target":"24","factor":"orientation_perpendicular"},
{"id":"160","source":"17","target":"20","factor":"orientation_perpendicular"},
{"id":"161","source":"17","target":"13","factor":"orientation_perpendicular"},
{"id":"162","source":"17","target":"8","factor":"orientation_perpendicular"},
{"id":"163","source":"17","target":"12","factor":"orientation_perpendicular"},
{"id":"164","source":"6","target":"17","factor":"orientation_perpendicular"},
{"id":"165","source":"26","target":"17","factor":"orientation_perpendicular"},
{"id":"166","source":"17","target":"11","factor":"orientation_perpendicular"},
{"id":"167","source":"17","target":"33","factor":"orientation_perpendicular"},
{"id":"168","source":"21","target":"17","factor":"orientation_perpendicular"},
{"id":"169","source":"14","target":"17","factor":"orientation_perpendicular"},
{"id":"170","source":"23","target":"17","factor":"orientation_perpendicular"},
{"id":"171","source":"1","target":"17","factor":"orientation_perpendicular"},
{"id":"172","source":"8","target":"17","factor":"orientation_perpendicular"},
{"id":"173","source":"27","target":"17","factor":"orientation_perpendicular"},
{"id":"174","source":"17","target":"28","factor":"orientation_perpendicular"},
{"id":"175","source":"17","target":"18","factor":"orientation_perpendicular"},
{"id":"176","source":"17","target":"10","factor":"orientation_perpendicular"},
{"id":"177","source":"17","target":"34","factor":"orientation_perpendicular"},
{"id":"178","source":"17","target":"31","factor":"orientation_perpendicular"},
{"id":"179","source":"17","target":"15","factor":"orientation_perpendicular"},
{"id":"180","source":"35","target":"17","factor":"orientation_perpendicular"},
{"id":"181","source":"17","target":"29","factor":"orientation_perpendicular"},
{"id":"182","source":"17","target":"14","factor":"orientation_perpendicular"},
{"id":"183","source":"17","target":"3","factor":"orientation_perpendicular"},
{"id":"184","source":"16","target":"17","factor":"orientation_perpendicular"},
{"id":"185","source":"17","target":"32","factor":"orientation_perpendicular"},
{"id":"186","source":"17","target":"30","factor":"orientation_perpendicular"},
{"id":"187","source":"12","target":"17","factor":"orientation_perpendicular"},
{"id":"188","source":"10","target":"17","factor":"orientation_perpendicular"},
{"id":"189","source":"17","target":"19","factor":"orientation_perpendicular"},
{"id":"190","source":"22","target":"17","factor":"orientation_perpendicular"},
{"id":"191","source":"17","target":"6","factor":"orientation_perpendicular"},
{"id":"192","source":"15","target":"17","factor":"orientation_perpendicular"},
{"id":"193","source":"17","target":"38","factor":"orientation_parallel"},
{"id":"194","source":"17","target":"38","factor":"orientation_perpendicular"},
{"id":"195","source":"17","target":"38","factor":"symmetry"},
{"id":"196","source":"6","target":"38","factor":"proximity"},
{"id":"197","source":"1","target":"38","factor":"proximity"},
{"id":"198","source":"7","target":"38","factor":"orientation_parallel"},
{"id":"199","source":"38","target":"6","factor":"orientation_parallel"},
{"id":"200","source":"38","target":"1","factor":"orientation_parallel"},
{"id":"201","source":"4","target":"38","factor":"orientation_parallel"},
{"id":"202","source":"2","target":"38","factor":"orientation_parallel"},
{"id":"203","source":"38","target":"21","factor":"orientation_parallel"},
{"id":"204","source":"38","target":"8","factor":"orientation_parallel"},
{"id":"205","source":"5","target":"38","factor":"orientation_parallel"},
{"id":"206","source":"14","target":"38","factor":"orientation_parallel"},
{"id":"207","source":"38","target":"20","factor":"orientation_parallel"},
{"id":"208","source":"38","target":"22","factor":"orientation_parallel"},
{"id":"209","source":"38","target":"16","factor":"orientation_perpendicular"},
{"id":"210","source":"38","target":"1","factor":"orientation_perpendicular"},
{"id":"211","source":"38","target":"22","factor":"orientation_perpendicular"},
{"id":"212","source":"5","target":"38","factor":"orientation_perpendicular"},
{"id":"213","source":"4","target":"38","factor":"orientation_perpendicular"},
{"id":"214","source":"2","target":"38","factor":"orientation_perpendicular"},
{"id":"215","source":"7","target":"38","factor":"orientation_perpendicular"},
{"id":"216","source":"38","target":"21","factor":"orientation_perpendicular"},
{"id":"217","source":"38","target":"25","factor":"orientation_perpendicular"},
{"id":"218","source":"38","target":"24","factor":"orientation_perpendicular"},
{"id":"219","source":"38","target":"20","factor":"orientation_perpendicular"},
{"id":"220","source":"38","target":"13","factor":"orientation_perpendicular"},
{"id":"221","source":"38","target":"8","factor":"orientation_perpendicular"},
{"id":"222","source":"38","target":"12","factor":"orientation_perpendicular"},
{"id":"223","source":"6","target":"38","factor":"orientation_perpendicular"},
{"id":"224","source":"26","target":"38","factor":"orientation_perpendicular"},
{"id":"225","source":"38","target":"11","factor":"orientation_perpendicular"},
{"id":"226","source":"38","target":"33","factor":"orientation_perpendicular"},
{"id":"227","source":"21","target":"38","factor":"orientation_perpendicular"},
{"id":"228","source":"14","target":"38","factor":"orientation_perpendicular"},
{"id":"229","source":"23","target":"38","factor":"orientation_perpendicular"},
{"id":"230","source":"1","target":"38","factor":"orientation_perpendicular"},
{"id":"231","source":"8","target":"38","factor":"orientation_perpendicular"},
{"id":"232","source":"27","target":"38","factor":"orientation_perpendicular"},
{"id":"233","source":"38","target":"28","factor":"orientation_perpendicular"},
{"id":"234","source":"38","target":"18","factor":"orientation_perpendicular"},
{"id":"235","source":"38","target":"10","factor":"orientation_perpendicular"},
{"id":"236","source":"38","target":"34","factor":"orientation_perpendicular"},
{"id":"237","source":"38","target":"31","factor":"orientation_perpendicular"},
{"id":"238","source":"38","target":"15","factor":"orientation_perpendicular"},
{"id":"239","source":"35","target":"38","factor":"orientation_perpendicular"},
{"id":"240","source":"38","target":"29","factor":"orientation_perpendicular"},
{"id":"241","source":"38","target":"14","factor":"orientation_perpendicular"},
{"id":"242","source":"38","target":"3","factor":"orientation_perpendicular"},
{"id":"243","source":"16","target":"38","factor":"orientation_perpendicular"},
{"id":"244","source":"38","target":"32","factor":"orientation_perpendicular"},
{"id":"245","source":"38","target":"30","factor":"orientation_perpendicular"},
{"id":"246","source":"12","target":"38","factor":"orientation_perpendicular"},
{"id":"247","source":"10","target":"38","factor":"orientation_perpendicular"},
{"id":"248","source":"38","target":"19","factor":"orientation_perpendicular"},
{"id":"249","source":"22","target":"38","factor":"orientation_perpendicular"},
{"id":"250","source":"38","target":"6","factor":"orientation_perpendicular"},
{"id":"251","source":"15","target":"38","factor":"orientation_perpendicular"},
{"id":"252","source":"4","target":"6","factor":"proximity"},
{"id":"253","source":"6","target":"1","factor":"proximity"},
{"id":"254","source":"7","target":"6","factor":"orientation_parallel"},
{"id":"255","source":"6","target":"1","factor":"orientation_parallel"},
{"id":"256","source":"6","target":"8","factor":"orientation_parallel"},
{"id":"257","source":"4","target":"6","factor":"orientation_parallel"},
{"id":"258","source":"2","target":"6","factor":"orientation_parallel"},
{"id":"259","source":"6","target":"16","factor":"orientation_perpendicular"},
{"id":"260","source":"6","target":"1","factor":"orientation_perpendicular"},
{"id":"261","source":"6","target":"23","factor":"orientation_perpendicular"},
{"id":"262","source":"6","target":"21","factor":"orientation_perpendicular"},
{"id":"263","source":"6","target":"4","factor":"orientation_perpendicular"},
{"id":"264","source":"6","target":"2","factor":"orientation_perpendicular"},
{"id":"265","source":"6","target":"8","factor":"orientation_perpendicular"},
{"id":"266","source":"6","target":"25","factor":"orientation_perpendicular"},
{"id":"267","source":"6","target":"24","factor":"orientation_perpendicular"},
{"id":"268","source":"6","target":"20","factor":"orientation_perpendicular"},
{"id":"269","source":"6","target":"26","factor":"orientation_perpendicular"},
{"id":"270","source":"6","target":"13","factor":"orientation_perpendicular"},
{"id":"271","source":"6","target":"12","factor":"orientation_perpendicular"},
{"id":"272","source":"6","target":"27","factor":"orientation_perpendicular"},
{"id":"273","source":"6","target":"22","factor":"orientation_perpendicular"},
{"id":"274","source":"6","target":"11","factor":"orientation_perpendicular"},
{"id":"275","source":"6","target":"33","factor":"orientation_perpendicular"},
{"id":"276","source":"6","target":"14","factor":"orientation_perpendicular"},
{"id":"277","source":"6","target":"7","factor":"orientation_perpendicular"},
{"id":"278","source":"6","target":"28","factor":"orientation_perpendicular"},
{"id":"279","source":"6","target":"18","factor":"orientation_perpendicular"},
{"id":"280","source":"6","target":"10","factor":"orientation_perpendicular"},
{"id":"281","source":"6","target":"34","factor":"orientation_perpendicular"},
{"id":"282","source":"6","target":"31","factor":"orientation_perpendicular"},
{"id":"283","source":"6","target":"15","factor":"orientation_perpendicular"},
{"id":"284","source":"6","target":"29","factor":"orientation_perpendicular"},
{"id":"285","source":"5","target":"6","factor":"orientation_perpendicular"},
{"id":"286","source":"14","target":"6","factor":"orientation_perpendicular"},
{"id":"287","source":"22","target":"6","factor":"orientation_perpendicular"},
{"id":"288","source":"23","target":"6","factor":"orientation_perpendicular"},
{"id":"289","source":"6","target":"30","factor":"orientation_perpendicular"},
{"id":"290","source":"6","target":"32","factor":"orientation_perpendicular"},
{"id":"291","source":"1","target":"6","factor":"orientation_perpendicular"},
{"id":"292","source":"6","target":"39","factor":"orientation_parallel"},
{"id":"293","source":"6","target":"39","factor":"orientation_perpendicular"},
{"id":"294","source":"6","target":"39","factor":"symmetry"},
{"id":"295","source":"4","target":"39","factor":"proximity"},
{"id":"296","source":"39","target":"1","factor":"proximity"},
{"id":"297","source":"7","target":"39","factor":"orientation_parallel"},
{"id":"298","source":"39","target":"1","factor":"orientation_parallel"},
{"id":"299","source":"39","target":"8","factor":"orientation_parallel"},
{"id":"300","source":"4","target":"39","factor":"orientation_parallel"},
{"id":"301","source":"2","target":"39","factor":"orientation_parallel"},
{"id":"302","source":"39","target":"16","factor":"orientation_perpendicular"},
{"id":"303","source":"39","target":"1","factor":"orientation_perpendicular"},
{"id":"304","source":"39","target":"23","factor":"orientation_perpendicular"},
{"id":"305","source":"39","target":"21","factor":"orientation_perpendicular"},
{"id":"306","source":"39","target":"4","factor":"orientation_perpendicular"},
{"id":"307","source":"39","target":"2","factor":"orientation_perpendicular"},
{"id":"308","source":"39","target":"8","factor":"orientation_perpendicular"},
{"id":"309","source":"39","target":"25","factor":"orientation_perpendicular"},
{"id":"310","source":"39","target":"24","factor":"orientation_perpendicular"},
{"id":"311","source":"39","target":"20","factor":"orientation_perpendicular"},
{"id":"312","source":"39","target":"26","factor":"orientation_perpendicular"},
{"id":"313","source":"39","target":"13","factor":"orientation_perpendicular"},
{"id":"314","source":"39","target":"12","factor":"orientation_perpendicular"},
{"id":"315","source":"39","target":"27","factor":"orientation_perpendicular"},
{"id":"316","source":"39","target":"22","factor":"orientation_perpendicular"},
{"id":"317","source":"39","target":"11","factor":"orientation_perpendicular"},
{"id":"318","source":"39","target":"33","factor":"orientation_perpendicular"},
{"id":"319","source":"39","target":"14","factor":"orientation_perpendicular"},
{"id":"320","source":"39","target":"7","factor":"orientation_perpendicular"},
{"id":"321","source":"39","target":"28","factor":"orientation_perpendicular"},
{"id":"322","source":"39","target":"18","factor":"orientation_perpendicular"},
{"id":"323","source":"39","target":"10","factor":"orientation_perpendicular"},
{"id":"324","source":"39","target":"34","factor":"orientation_perpendicular"},
{"id":"325","source":"39","target":"31","factor":"orientation_perpendicular"},
{"id":"326","source":"39","target":"15","factor":"orientation_perpendicular"},
{"id":"327","source":"39","target":"29","factor":"orientation_perpendicular"},
{"id":"328","source":"5","target":"39","factor":"orientation_perpendicular"},
{"id":"329","source":"14","target":"39","factor":"orientation_perpendicular"},
{"id":"330","source":"22","target":"39","factor":"orientation_perpendicular"},
{"id":"331","source":"23","target":"39","factor":"orientation_perpendicular"},
{"id":"332","source":"39","target":"30","factor":"orientation_perpendicular"},
{"id":"333","source":"39","target":"32","factor":"orientation_perpendicular"},
{"id":"334","source":"1","target":"39","factor":"orientation_perpendicular"},
{"id":"335","source":"31","target":"1","factor":"orientation_parallel"},
{"id":"336","source":"10","target":"31","factor":"orientation_perpendicular"},
{"id":"337","source":"31","target":"1","factor":"orientation_perpendicular"},
{"id":"338","source":"24","target":"31","factor":"orientation_perpendicular"},
{"id":"339","source":"4","target":"31","factor":"orientation_perpendicular"},
{"id":"340","source":"2","target":"31","factor":"orientation_perpendicular"},
{"id":"341","source":"8","target":"31","factor":"orientation_perpendicular"},
{"id":"342","source":"28","target":"31","factor":"orientation_perpendicular"},
{"id":"343","source":"14","target":"31","factor":"orientation_perpendicular"},
{"id":"344","source":"5","target":"31","factor":"orientation_perpendicular"},
{"id":"345","source":"7","target":"31","factor":"orientation_perpendicular"},
{"id":"346","source":"16","target":"31","factor":"orientation_perpendicular"},
{"id":"347","source":"20","target":"31","factor":"orientation_perpendicular"},
{"id":"348","source":"1","target":"31","factor":"orientation_perpendicular"},
{"id":"349","source":"31","target":"40","factor":"symmetry"},
{"id":"350","source":"40","target":"1","factor":"orientation_parallel"},
{"id":"351","source":"10","target":"40","factor":"orientation_perpendicular"},
{"id":"352","source":"40","target":"1","factor":"orientation_perpendicular"},
{"id":"353","source":"24","target":"40","factor":"orientation_perpendicular"},
{"id":"354","source":"4","target":"40","factor":"orientation_perpendicular"},
{"id":"355","source":"2","target":"40","factor":"orientation_perpendicular"},
{"id":"356","source":"8","target":"40","factor":"orientation_perpendicular"},
{"id":"357","source":"28","target":"40","factor":"orientation_perpendicular"},
{"id":"358","source":"14","target":"40","factor":"orientation_perpendicular"},
{"id":"359","source":"5","target":"40","factor":"orientation_perpendicular"},
{"id":"360","source":"7","target":"40","factor":"orientation_perpendicular"},
{"id":"361","source":"16","target":"40","factor":"orientation_perpendicular"},
{"id":"362","source":"20","target":"40","factor":"orientation_perpendicular"},
{"id":"363","source":"1","target":"40","factor":"orientation_perpendicular"},
{"id":"364","source":"16","target":"1","factor":"proximity"},
{"id":"365","source":"14","target":"16","factor":"orientation_parallel"},
{"id":"366","source":"16","target":"1","factor":"orientation_parallel"},
{"id":"367","source":"4","target":"16","factor":"orientation_parallel"},
{"id":"368","source":"2","target":"16","factor":"orientation_parallel"},
{"id":"369","source":"7","target":"16","factor":"orientation_parallel"},
{"id":"370","source":"16","target":"21","factor":"orientation_parallel"},
{"id":"371","source":"7","target":"16","factor":"orientation_perpendicular"},
{"id":"372","source":"2","target":"16","factor":"orientation_perpendicular"},
{"id":"373","source":"4","target":"16","factor":"orientation_perpendicular"},
{"id":"374","source":"16","target":"1","factor":"orientation_perpendicular"},
{"id":"375","source":"16","target":"21","factor":"orientation_perpendicular"},
{"id":"376","source":"16","target":"18","factor":"orientation_perpendicular"},
{"id":"377","source":"16","target":"22","factor":"orientation_perpendicular"},
{"id":"378","source":"16","target":"20","factor":"orientation_perpendicular"},
{"id":"379","source":"16","target":"10","factor":"orientation_perpendicular"},
{"id":"380","source":"14","target":"16","factor":"orientation_perpendicular"},
{"id":"381","source":"16","target":"14","factor":"orientation_perpendicular"},
{"id":"382","source":"1","target":"16","factor":"orientation_perpendicular"},
{"id":"383","source":"16","target":"13","factor":"orientation_perpendicular"},
{"id":"384","source":"16","target":"28","factor":"orientation_perpendicular"},
{"id":"385","source":"5","target":"16","factor":"orientation_perpendicular"},
{"id":"386","source":"23","target":"16","factor":"orientation_perpendicular"},
{"id":"387","source":"16","target":"15","factor":"orientation_perpendicular"},
{"id":"388","source":"22","target":"16","factor":"orientation_perpendicular"},
{"id":"389","source":"16","target":"19","factor":"orientation_perpendicular"},
{"id":"390","source":"16","target":"29","factor":"orientation_perpendicular"},
{"id":"391","source":"16","target":"24","factor":"orientation_perpendicular"},
{"id":"392","source":"16","target":"8","factor":"orientation_perpendicular"},
{"id":"393","source":"16","target":"12","factor":"orientation_perpendicular"},
{"id":"394","source":"16","target":"30","factor":"orientation_perpendicular"},
{"id":"395","source":"24","target":"16","factor":"orientation_perpendicular"},
{"id":"396","source":"33","target":"16","factor":"orientation_perpendicular"},
{"id":"397","source":"16","target":"41","factor":"orientation_perpendicular"},
{"id":"398","source":"16","target":"41","factor":"symmetry"},
{"id":"399","source":"41","target":"1","factor":"proximity"},
{"id":"400","source":"14","target":"41","factor":"orientation_parallel"},
{"id":"401","source":"41","target":"1","factor":"orientation_parallel"},
{"id":"402","source":"4","target":"41","factor":"orientation_parallel"},
{"id":"403","source":"2","target":"41","factor":"orientation_parallel"},
{"id":"404","source":"7","target":"41","factor":"orientation_parallel"},
{"id":"405","source":"41","target":"21","factor":"orientation_parallel"},
{"id":"406","source":"7","target":"41","factor":"orientation_perpendicular"},
{"id":"407","source":"2","target":"41","factor":"orientation_perpendicular"},
{"id":"408","source":"4","target":"41","factor":"orientation_perpendicular"},
{"id":"409","source":"41","target":"1","factor":"orientation_perpendicular"},
{"id":"410","source":"41","target":"21","factor":"orientation_perpendicular"},
{"id":"411","source":"41","target":"18","factor":"orientation_perpendicular"},
{"id":"412","source":"41","target":"22","factor":"orientation_perpendicular"},
{"id":"413","source":"41","target":"20","factor":"orientation_perpendicular"},
{"id":"414","source":"41","target":"10","factor":"orientation_perpendicular"},
{"id":"415","source":"14","target":"41","factor":"orientation_perpendicular"},
{"id":"416","source":"41","target":"14","factor":"orientation_perpendicular"},
{"id":"417","source":"1","target":"41","factor":"orientation_perpendicular"},
{"id":"418","source":"41","target":"13","factor":"orientation_perpendicular"},
{"id":"419","source":"41","target":"28","factor":"orientation_perpendicular"},
{"id":"420","source":"5","target":"41","factor":"orientation_perpendicular"},
{"id":"421","source":"23","target":"41","factor":"orientation_perpendicular"},
{"id":"422","source":"41","target":"15","factor":"orientation_perpendicular"},
{"id":"423","source":"22","target":"41","factor":"orientation_perpendicular"},
{"id":"424","source":"41","target":"19","factor":"orientation_perpendicular"},
{"id":"425","source":"41","target":"29","factor":"orientation_perpendicular"},
{"id":"426","source":"41","target":"24","factor":"orientation_perpendicular"},
{"id":"427","source":"41","target":"8","factor":"orientation_perpendicular"},
{"id":"428","source":"41","target":"12","factor":"orientation_perpendicular"},
{"id":"429","source":"41","target":"30","factor":"orientation_perpendicular"},
{"id":"430","source":"24","target":"41","factor":"orientation_perpendicular"},
{"id":"431","source":"33","target":"41","factor":"orientation_perpendicular"},
{"id":"432","source":"1","target":"2","factor":"Horizontal-Support"},
{"id":"433","source":"3","target":"2","factor":"proximity"},
{"id":"434","source":"3","target":"1","factor":"proximity"},
{"id":"435","source":"3","target":"4","factor":"proximity"},
{"id":"436","source":"3","target":"5","factor":"proximity"},
{"id":"437","source":"4","target":"7","factor":"proximity"},
{"id":"438","source":"4","target":"8","factor":"proximity"},
{"id":"439","source":"4","target":"1","factor":"proximity"},
{"id":"440","source":"5","target":"2","factor":"proximity"},
{"id":"441","source":"5","target":"1","factor":"proximity"},
{"id":"442","source":"4","target":"5","factor":"proximity"},
{"id":"443","source":"10","target":"1","factor":"proximity"},
{"id":"444","source":"11","target":"1","factor":"proximity"},
{"id":"445","source":"10","target":"10","factor":"proximity"},
{"id":"446","source":"11","target":"4","factor":"proximity"},
{"id":"447","source":"3","target":"7","factor":"proximity"},
{"id":"448","source":"1","target":"1","factor":"proximity"},
{"id":"449","source":"7","target":"2","factor":"proximity"},
{"id":"450","source":"7","target":"12","factor":"proximity"},
{"id":"451","source":"7","target":"13","factor":"proximity"},
{"id":"452","source":"2","target":"1","factor":"proximity"},
{"id":"453","source":"10","target":"4","factor":"proximity"},
{"id":"454","source":"14","target":"14","factor":"proximity"},
{"id":"455","source":"15","target":"10","factor":"proximity"},
{"id":"456","source":"4","target":"2","factor":"proximity"},
{"id":"457","source":"2","target":"14","factor":"proximity"},
{"id":"458","source":"5","target":"14","factor":"proximity"},
{"id":"459","source":"3","target":"10","factor":"proximity"},
{"id":"460","source":"15","target":"1","factor":"proximity"},
{"id":"461","source":"18","target":"1","factor":"proximity"},
{"id":"462","source":"7","target":"1","factor":"proximity"},
{"id":"463","source":"10","target":"18","factor":"proximity"},
{"id":"464","source":"19","target":"1","factor":"proximity"},
{"id":"465","source":"12","target":"20","factor":"proximity"},
{"id":"466","source":"1","target":"14","factor":"proximity"},
{"id":"467","source":"2","target":"21","factor":"proximity"},
{"id":"468","source":"18","target":"7","factor":"proximity"},
{"id":"469","source":"22","target":"1","factor":"proximity"},
{"id":"470","source":"23","target":"1","factor":"proximity"},
{"id":"471","source":"22","target":"20","factor":"proximity"},
{"id":"472","source":"14","target":"1","factor":"orientation_parallel"},
{"id":"473","source":"7","target":"13","factor":"orientation_parallel"},
{"id":"474","source":"7","target":"24","factor":"orientation_parallel"},
{"id":"475","source":"7","target":"1","factor":"orientation_parallel"},
{"id":"476","source":"2","target":"4","factor":"orientation_parallel"},
{"id":"477","source":"2","target":"1","factor":"orientation_parallel"},
{"id":"478","source":"2","target":"24","factor":"orientation_parallel"},
{"id":"479","source":"2","target":"12","factor":"orientation_parallel"},
{"id":"480","source":"2","target":"20","factor":"orientation_parallel"},
{"id":"481","source":"4","target":"1","factor":"orientation_parallel"},
{"id":"482","source":"4","target":"24","factor":"orientation_parallel"},
{"id":"483","source":"4","target":"20","factor":"orientation_parallel"},
{"id":"484","source":"13","target":"1","factor":"orientation_parallel"},
{"id":"485","source":"24","target":"1","factor":"orientation_parallel"},
{"id":"486","source":"5","target":"1","factor":"orientation_parallel"},
{"id":"487","source":"4","target":"21","factor":"orientation_parallel"},
{"id":"488","source":"2","target":"21","factor":"orientation_parallel"},
{"id":"489","source":"21","target":"1","factor":"orientation_parallel"},
{"id":"490","source":"19","target":"1","factor":"orientation_parallel"},
{"id":"491","source":"1","target":"1","factor":"orientation_parallel"},
{"id":"492","source":"4","target":"8","factor":"orientation_parallel"},
{"id":"493","source":"4","target":"25","factor":"orientation_parallel"},
{"id":"494","source":"4","target":"10","factor":"orientation_parallel"},
{"id":"495","source":"2","target":"8","factor":"orientation_parallel"},
{"id":"496","source":"2","target":"25","factor":"orientation_parallel"},
{"id":"497","source":"2","target":"10","factor":"orientation_parallel"},
{"id":"498","source":"8","target":"21","factor":"orientation_parallel"},
{"id":"499","source":"8","target":"8","factor":"orientation_parallel"},
{"id":"500","source":"8","target":"1","factor":"orientation_parallel"},
{"id":"501","source":"10","target":"1","factor":"orientation_parallel"},
{"id":"502","source":"2","target":"11","factor":"orientation_parallel"},
{"id":"503","source":"4","target":"11","factor":"orientation_parallel"},
{"id":"504","source":"26","target":"1","factor":"orientation_parallel"},
{"id":"505","source":"4","target":"23","factor":"orientation_parallel"},
{"id":"506","source":"2","target":"23","factor":"orientation_parallel"},
{"id":"507","source":"8","target":"20","factor":"orientation_parallel"},
{"id":"508","source":"22","target":"1","factor":"orientation_parallel"},
{"id":"509","source":"14","target":"4","factor":"orientation_parallel"},
{"id":"510","source":"14","target":"2","factor":"orientation_parallel"},
{"id":"511","source":"14","target":"8","factor":"orientation_parallel"},
{"id":"512","source":"14","target":"20","factor":"orientation_parallel"},
{"id":"513","source":"14","target":"24","factor":"orientation_parallel"},
{"id":"514","source":"14","target":"14","factor":"orientation_parallel"},
{"id":"515","source":"14","target":"7","factor":"orientation_parallel"},
{"id":"516","source":"2","target":"7","factor":"orientation_parallel"},
{"id":"517","source":"4","target":"7","factor":"orientation_parallel"},
{"id":"518","source":"7","target":"8","factor":"orientation_parallel"},
{"id":"519","source":"7","target":"12","factor":"orientation_parallel"},
{"id":"520","source":"14","target":"21","factor":"orientation_parallel"},
{"id":"521","source":"4","target":"27","factor":"orientation_parallel"},
{"id":"522","source":"4","target":"22","factor":"orientation_parallel"},
{"id":"523","source":"2","target":"27","factor":"orientation_parallel"},
{"id":"524","source":"2","target":"22","factor":"orientation_parallel"},
{"id":"525","source":"23","target":"1","factor":"orientation_parallel"},
{"id":"526","source":"22","target":"22","factor":"orientation_parallel"},
{"id":"527","source":"22","target":"20","factor":"orientation_parallel"},
{"id":"528","source":"11","target":"1","factor":"orientation_parallel"},
{"id":"529","source":"7","target":"18","factor":"orientation_parallel"},
{"id":"530","source":"7","target":"10","factor":"orientation_parallel"},
{"id":"531","source":"7","target":"21","factor":"orientation_parallel"},
{"id":"532","source":"18","target":"1","factor":"orientation_parallel"},
{"id":"533","source":"10","target":"10","factor":"orientation_parallel"},
{"id":"534","source":"20","target":"1","factor":"orientation_parallel"},
{"id":"535","source":"3","target":"1","factor":"orientation_parallel"},
{"id":"536","source":"28","target":"1","factor":"orientation_parallel"},
{"id":"537","source":"29","target":"1","factor":"orientation_parallel"},
{"id":"538","source":"30","target":"1","factor":"orientation_parallel"},
{"id":"539","source":"2","target":"13","factor":"orientation_parallel"},
{"id":"540","source":"4","target":"13","factor":"orientation_parallel"},
{"id":"541","source":"22","target":"24","factor":"orientation_parallel"},
{"id":"542","source":"24","target":"24","factor":"orientation_parallel"},
{"id":"543","source":"2","target":"28","factor":"orientation_parallel"},
{"id":"544","source":"2","target":"15","factor":"orientation_parallel"},
{"id":"545","source":"4","target":"28","factor":"orientation_parallel"},
{"id":"546","source":"4","target":"15","factor":"orientation_parallel"},
{"id":"547","source":"7","target":"28","factor":"orientation_parallel"},
{"id":"548","source":"14","target":"10","factor":"orientation_parallel"},
{"id":"549","source":"12","target":"1","factor":"orientation_parallel"},
{"id":"550","source":"5","target":"4","factor":"orientation_parallel"},
{"id":"551","source":"5","target":"2","factor":"orientation_parallel"},
{"id":"552","source":"4","target":"32","factor":"orientation_parallel"},
{"id":"553","source":"2","target":"32","factor":"orientation_parallel"},
{"id":"554","source":"14","target":"22","factor":"orientation_parallel"},
{"id":"555","source":"7","target":"1","factor":"orientation_perpendicular"},
{"id":"556","source":"2","target":"1","factor":"orientation_perpendicular"},
{"id":"557","source":"4","target":"1","factor":"orientation_perpendicular"},
{"id":"558","source":"13","target":"1","factor":"orientation_perpendicular"},
{"id":"559","source":"1","target":"1","factor":"orientation_perpendicular"},
{"id":"560","source":"33","target":"20","factor":"orientation_perpendicular"},
{"id":"561","source":"33","target":"33","factor":"orientation_perpendicular"},
{"id":"562","source":"33","target":"1","factor":"orientation_perpendicular"},
{"id":"563","source":"24","target":"1","factor":"orientation_perpendicular"},
{"id":"564","source":"12","target":"1","factor":"orientation_perpendicular"},
{"id":"565","source":"20","target":"1","factor":"orientation_perpendicular"},
{"id":"566","source":"5","target":"22","factor":"orientation_perpendicular"},
{"id":"567","source":"5","target":"1","factor":"orientation_perpendicular"},
{"id":"568","source":"4","target":"22","factor":"orientation_perpendicular"},
{"id":"569","source":"2","target":"22","factor":"orientation_perpendicular"},
{"id":"570","source":"1","target":"21","factor":"orientation_perpendicular"},
{"id":"571","source":"1","target":"19","factor":"orientation_perpendicular"},
{"id":"572","source":"28","target":"1","factor":"orientation_perpendicular"},
{"id":"573","source":"34","target":"1","factor":"orientation_perpendicular"},
{"id":"574","source":"19","target":"1","factor":"orientation_perpendicular"},
{"id":"575","source":"3","target":"23","factor":"orientation_perpendicular"},
{"id":"576","source":"3","target":"21","factor":"orientation_perpendicular"},
{"id":"577","source":"3","target":"1","factor":"orientation_perpendicular"},
{"id":"578","source":"4","target":"23","factor":"orientation_perpendicular"},
{"id":"579","source":"4","target":"21","factor":"orientation_perpendicular"},
{"id":"580","source":"2","target":"23","factor":"orientation_perpendicular"},
{"id":"581","source":"2","target":"21","factor":"orientation_perpendicular"},
{"id":"582","source":"8","target":"21","factor":"orientation_perpendicular"},
{"id":"583","source":"8","target":"1","factor":"orientation_perpendicular"},
{"id":"584","source":"25","target":"1","factor":"orientation_perpendicular"},
{"id":"585","source":"10","target":"1","factor":"orientation_perpendicular"},
{"id":"586","source":"1","target":"26","factor":"orientation_perpendicular"},
{"id":"587","source":"1","target":"11","factor":"orientation_perpendicular"},
{"id":"588","source":"11","target":"11","factor":"orientation_perpendicular"},
{"id":"589","source":"5","target":"14","factor":"orientation_perpendicular"},
{"id":"590","source":"5","target":"4","factor":"orientation_perpendicular"},
{"id":"591","source":"5","target":"2","factor":"orientation_perpendicular"},
{"id":"592","source":"5","target":"8","factor":"orientation_perpendicular"},
{"id":"593","source":"5","target":"23","factor":"orientation_perpendicular"},
{"id":"594","source":"5","target":"25","factor":"orientation_perpendicular"},
{"id":"595","source":"5","target":"24","factor":"orientation_perpendicular"},
{"id":"596","source":"5","target":"20","factor":"orientation_perpendicular"},
{"id":"597","source":"14","target":"22","factor":"orientation_perpendicular"},
{"id":"598","source":"14","target":"1","factor":"orientation_perpendicular"},
{"id":"599","source":"8","target":"22","factor":"orientation_perpendicular"},
{"id":"600","source":"3","target":"20","factor":"orientation_perpendicular"},
{"id":"601","source":"23","target":"22","factor":"orientation_perpendicular"},
{"id":"602","source":"23","target":"1","factor":"orientation_perpendicular"},
{"id":"603","source":"14","target":"25","factor":"orientation_perpendicular"},
{"id":"604","source":"4","target":"25","factor":"orientation_perpendicular"},
{"id":"605","source":"2","target":"25","factor":"orientation_perpendicular"},
{"id":"606","source":"14","target":"14","factor":"orientation_perpendicular"},
{"id":"607","source":"14","target":"2","factor":"orientation_perpendicular"},
{"id":"608","source":"14","target":"4","factor":"orientation_perpendicular"},
{"id":"609","source":"14","target":"7","factor":"orientation_perpendicular"},
{"id":"610","source":"14","target":"26","factor":"orientation_perpendicular"},
{"id":"611","source":"14","target":"13","factor":"orientation_perpendicular"},
{"id":"612","source":"14","target":"8","factor":"orientation_perpendicular"},
{"id":"613","source":"14","target":"12","factor":"orientation_perpendicular"},
{"id":"614","source":"14","target":"24","factor":"orientation_perpendicular"},
{"id":"615","source":"2","target":"24","factor":"orientation_perpendicular"},
{"id":"616","source":"4","target":"24","factor":"orientation_perpendicular"},
{"id":"617","source":"7","target":"24","factor":"orientation_perpendicular"},
{"id":"618","source":"26","target":"24","factor":"orientation_perpendicular"},
{"id":"619","source":"13","target":"24","factor":"orientation_perpendicular"},
{"id":"620","source":"8","target":"24","factor":"orientation_perpendicular"},
{"id":"621","source":"27","target":"21","factor":"orientation_perpendicular"},
{"id":"622","source":"27","target":"1","factor":"orientation_perpendicular"},
{"id":"623","source":"14","target":"21","factor":"orientation_perpendicular"},
{"id":"624","source":"5","target":"21","factor":"orientation_perpendicular"},
{"id":"625","source":"26","target":"8","factor":"orientation_perpendicular"},
{"id":"626","source":"26","target":"22","factor":"orientation_perpendicular"},
{"id":"627","source":"26","target":"11","factor":"orientation_perpendicular"},
{"id":"628","source":"26","target":"20","factor":"orientation_perpendicular"},
{"id":"629","source":"26","target":"21","factor":"orientation_perpendicular"},
{"id":"630","source":"26","target":"1","factor":"orientation_perpendicular"},
{"id":"631","source":"23","target":"21","factor":"orientation_perpendicular"},
{"id":"632","source":"22","target":"21","factor":"orientation_perpendicular"},
{"id":"633","source":"22","target":"1","factor":"orientation_perpendicular"},
{"id":"634","source":"21","target":"1","factor":"orientation_perpendicular"},
{"id":"635","source":"7","target":"21","factor":"orientation_perpendicular"},
{"id":"636","source":"1","target":"18","factor":"orientation_perpendicular"},
{"id":"637","source":"1","target":"10","factor":"orientation_perpendicular"},
{"id":"638","source":"18","target":"21","factor":"orientation_perpendicular"},
{"id":"639","source":"4","target":"3","factor":"orientation_perpendicular"},
{"id":"640","source":"2","target":"3","factor":"orientation_perpendicular"},
{"id":"641","source":"5","target":"3","factor":"orientation_perpendicular"},
{"id":"642","source":"10","target":"21","factor":"orientation_perpendicular"},
{"id":"643","source":"8","target":"10","factor":"orientation_perpendicular"},
{"id":"644","source":"14","target":"3","factor":"orientation_perpendicular"},
{"id":"645","source":"14","target":"29","factor":"orientation_perpendicular"},
{"id":"646","source":"4","target":"29","factor":"orientation_perpendicular"},
{"id":"647","source":"2","target":"29","factor":"orientation_perpendicular"},
{"id":"648","source":"7","target":"14","factor":"orientation_perpendicular"},
{"id":"649","source":"7","target":"28","factor":"orientation_perpendicular"},
{"id":"650","source":"7","target":"34","factor":"orientation_perpendicular"},
{"id":"651","source":"14","target":"28","factor":"orientation_perpendicular"},
{"id":"652","source":"14","target":"34","factor":"orientation_perpendicular"},
{"id":"653","source":"18","target":"24","factor":"orientation_perpendicular"},
{"id":"654","source":"18","target":"28","factor":"orientation_perpendicular"},
{"id":"655","source":"18","target":"1","factor":"orientation_perpendicular"},
{"id":"656","source":"21","target":"29","factor":"orientation_perpendicular"},
{"id":"657","source":"24","target":"29","factor":"orientation_perpendicular"},
{"id":"658","source":"28","target":"29","factor":"orientation_perpendicular"},
{"id":"659","source":"4","target":"14","factor":"orientation_perpendicular"},
{"id":"660","source":"2","target":"14","factor":"orientation_perpendicular"},
{"id":"661","source":"30","target":"1","factor":"orientation_perpendicular"},
{"id":"662","source":"23","target":"8","factor":"orientation_perpendicular"},
{"id":"663","source":"1","target":"29","factor":"orientation_perpendicular"},
{"id":"664","source":"2","target":"7","factor":"orientation_perpendicular"},
{"id":"665","source":"4","target":"7","factor":"orientation_perpendicular"},
{"id":"666","source":"7","target":"29","factor":"orientation_perpendicular"},
{"id":"667","source":"8","target":"29","factor":"orientation_perpendicular"},
{"id":"668","source":"13","target":"29","factor":"orientation_perpendicular"},
{"id":"669","source":"3","target":"18","factor":"orientation_perpendicular"},
{"id":"670","source":"3","target":"8","factor":"orientation_perpendicular"},
{"id":"671","source":"1","target":"8","factor":"orientation_perpendicular"},
{"id":"672","source":"10","target":"29","factor":"orientation_perpendicular"},
{"id":"673","source":"14","target":"20","factor":"orientation_perpendicular"},
{"id":"674","source":"7","target":"8","factor":"orientation_perpendicular"},
{"id":"675","source":"7","target":"22","factor":"orientation_perpendicular"},
{"id":"676","source":"7","target":"20","factor":"orientation_perpendicular"},
{"id":"677","source":"22","target":"24","factor":"orientation_perpendicular"},
{"id":"678","source":"5","target":"19","factor":"orientation_perpendicular"},
{"id":"679","source":"2","target":"19","factor":"orientation_perpendicular"},
{"id":"680","source":"4","target":"19","factor":"orientation_perpendicular"},
{"id":"681","source":"7","target":"19","factor":"orientation_perpendicular"},
{"id":"682","source":"13","target":"19","factor":"orientation_perpendicular"},
{"id":"683","source":"18","target":"19","factor":"orientation_perpendicular"},
{"id":"684","source":"22","target":"19","factor":"orientation_perpendicular"},
{"id":"685","source":"10","target":"10","factor":"orientation_perpendicular"},
{"id":"686","source":"10","target":"34","factor":"orientation_perpendicular"},
{"id":"687","source":"10","target":"15","factor":"orientation_perpendicular"},
{"id":"688","source":"15","target":"1","factor":"orientation_perpendicular"},
{"id":"689","source":"24","target":"24","factor":"orientation_perpendicular"},
{"id":"690","source":"24","target":"12","factor":"orientation_perpendicular"},
{"id":"691","source":"24","target":"10","factor":"orientation_perpendicular"},
{"id":"692","source":"7","target":"23","factor":"orientation_perpendicular"},
{"id":"693","source":"7","target":"25","factor":"orientation_perpendicular"},
{"id":"694","source":"7","target":"10","factor":"orientation_perpendicular"},
{"id":"695","source":"23","target":"24","factor":"orientation_perpendicular"},
{"id":"696","source":"25","target":"24","factor":"orientation_perpendicular"},
{"id":"697","source":"23","target":"28","factor":"orientation_perpendicular"},
{"id":"698","source":"23","target":"10","factor":"orientation_perpendicular"},
{"id":"699","source":"28","target":"24","factor":"orientation_perpendicular"},
{"id":"700","source":"12","target":"10","factor":"orientation_perpendicular"},
{"id":"701","source":"20","target":"10","factor":"orientation_perpendicular"},
{"id":"702","source":"1","target":"24","factor":"orientation_perpendicular"},
{"id":"703","source":"14","target":"27","factor":"orientation_perpendicular"},
{"id":"704","source":"35","target":"1","factor":"orientation_perpendicular"},
{"id":"705","source":"23","target":"20","factor":"orientation_perpendicular"},
{"id":"706","source":"29","target":"24","factor":"orientation_perpendicular"},
{"id":"707","source":"14","target":"11","factor":"orientation_perpendicular"},
{"id":"708","source":"5","target":"13","factor":"orientation_perpendicular"},
{"id":"709","source":"4","target":"13","factor":"orientation_perpendicular"},
{"id":"710","source":"2","target":"13","factor":"orientation_perpendicular"},
{"id":"711","source":"7","target":"11","factor":"orientation_perpendicular"},
{"id":"712","source":"8","target":"14","factor":"orientation_perpendicular"},
{"id":"713","source":"22","target":"14","factor":"orientation_perpendicular"},
{"id":"714","source":"21","target":"14","factor":"orientation_perpendicular"},
{"id":"715","source":"11","target":"14","factor":"orientation_perpendicular"},
{"id":"716","source":"1","target":"14","factor":"orientation_perpendicular"},
{"id":"717","source":"8","target":"13","factor":"orientation_perpendicular"},
{"id":"718","source":"24","target":"21","factor":"orientation_perpendicular"},
{"id":"719","source":"5","target":"5","factor":"orientation_perpendicular"},
{"id":"720","source":"5","target":"28","factor":"orientation_perpendicular"},
{"id":"721","source":"4","target":"26","factor":"orientation_perpendicular"},
{"id":"722","source":"4","target":"18","factor":"orientation_perpendicular"},
{"id":"723","source":"2","target":"26","factor":"orientation_perpendicular"},
{"id":"724","source":"2","target":"18","factor":"orientation_perpendicular"},
{"id":"725","source":"14","target":"10","factor":"orientation_perpendicular"},
{"id":"726","source":"13","target":"28","factor":"orientation_perpendicular"},
{"id":"727","source":"13","target":"10","factor":"orientation_perpendicular"},
{"id":"728","source":"26","target":"28","factor":"orientation_perpendicular"},
{"id":"729","source":"26","target":"10","factor":"orientation_perpendicular"},
{"id":"730","source":"2","target":"8","factor":"orientation_perpendicular"},
{"id":"731","source":"4","target":"8","factor":"orientation_perpendicular"},
{"id":"732","source":"28","target":"8","factor":"orientation_perpendicular"},
{"id":"733","source":"5","target":"11","factor":"orientation_perpendicular"},
{"id":"734","source":"28","target":"11","factor":"orientation_perpendicular"},
{"id":"735","source":"5","target":"12","factor":"orientation_perpendicular"},
{"id":"736","source":"4","target":"12","factor":"orientation_perpendicular"},
{"id":"737","source":"2","target":"12","factor":"orientation_perpendicular"},
{"id":"738","source":"23","target":"12","factor":"orientation_perpendicular"},
{"id":"739","source":"4","target":"30","factor":"orientation_perpendicular"},
{"id":"740","source":"2","target":"30","factor":"orientation_perpendicular"},
{"id":"741","source":"5","target":"26","factor":"orientation_perpendicular"},
{"id":"742","source":"5","target":"33","factor":"orientation_perpendicular"},
{"id":"743","source":"8","target":"30","factor":"orientation_perpendicular"},
{"id":"744","source":"14","target":"33","factor":"orientation_perpendicular"},
{"id":"745","source":"14","target":"30","factor":"orientation_perpendicular"},
{"id":"746","source":"28","target":"21","factor":"orientation_perpendicular"},
{"id":"747","source":"4","target":"20","factor":"orientation_perpendicular"},
{"id":"748","source":"2","target":"20","factor":"orientation_perpendicular"},
{"id":"749","source":"7","target":"33","factor":"orientation_perpendicular"},
{"id":"750","source":"7","target":"15","factor":"orientation_perpendicular"},
{"id":"751","source":"3","target":"33","factor":"orientation_perpendicular"},
{"id":"752","source":"3","target":"11","factor":"orientation_perpendicular"},
{"id":"753","source":"3","target":"28","factor":"orientation_perpendicular"},
{"id":"754","source":"3","target":"34","factor":"orientation_perpendicular"},
{"id":"755","source":"3","target":"15","factor":"orientation_perpendicular"},
{"id":"756","source":"33","target":"22","factor":"orientation_perpendicular"},
{"id":"757","source":"21","target":"20","factor":"orientation_perpendicular"},
{"id":"758","source":"11","target":"34","factor":"orientation_perpendicular"},
{"id":"759","source":"11","target":"15","factor":"orientation_perpendicular"},
{"id":"760","source":"11","target":"1","factor":"orientation_perpendicular"},
{"id":"761","source":"11","target":"20","factor":"orientation_perpendicular"},
{"id":"762","source":"7","target":"13","factor":"orientation_perpendicular"},
{"id":"763","source":"13","target":"18","factor":"orientation_perpendicular"},
{"id":"764","source":"14","target":"35","factor":"orientation_perpendicular"},
{"id":"765","source":"14","target":"32","factor":"orientation_perpendicular"},
{"id":"766","source":"32","target":"1","factor":"orientation_perpendicular"},
{"id":"767","source":"14","target":"18","factor":"orientation_perpendicular"},
{"id":"768","source":"5","target":"32","factor":"orientation_perpendicular"},
{"id":"769","source":"13","target":"22","factor":"orientation_perpendicular"},
{"id":"770","source":"22","target":"20","factor":"orientation_perpendicular"},
{"id":"771","source":"28","target":"20","factor":"orientation_perpendicular"},
{"id":"772","source":"4","target":"28","factor":"orientation_perpendicular"},
{"id":"773","source":"2","target":"28","factor":"orientation_perpendicular"},
{"id":"774","source":"14","target":"19","factor":"orientation_perpendicular"},
{"id":"775","source":"26","target":"13","factor":"orientation_perpendicular"},
{"id":"776","source":"22","target":"28","factor":"orientation_perpendicular"},
{"id":"777","source":"4","target":"34","factor":"orientation_perpendicular"},
{"id":"778","source":"2","target":"34","factor":"orientation_perpendicular"},
{"id":"779","source":"5","target":"34","factor":"orientation_perpendicular"},
{"id":"780","source":"26","target":"34","factor":"orientation_perpendicular"},
{"id":"781","source":"5","target":"29","factor":"orientation_perpendicular"},
{"id":"782","source":"4","target":"11","factor":"orientation_perpendicular"},
{"id":"783","source":"2","target":"11","factor":"orientation_perpendicular"},
{"id":"784","source":"4","target":"15","factor":"orientation_perpendicular"},
{"id":"785","source":"2","target":"15","factor":"orientation_perpendicular"},
{"id":"786","source":"5","target":"7","factor":"orientation_perpendicular"},
{"id":"787","source":"5","target":"15","factor":"orientation_perpendicular"},
{"id":"788","source":"3","target":"12","factor":"orientation_perpendicular"},
{"id":"789","source":"5","target":"27","factor":"orientation_perpendicular"},
{"id":"790","source":"5","target":"30","factor":"orientation_perpendicular"},
{"id":"791","source":"29","target":"1","factor":"orientation_perpendicular"},
{"id":"792","source":"13","target":"21","factor":"orientation_perpendicular"},
{"id":"793","source":"13","target":"20","factor":"orientation_perpendicular"},
{"id":"794","source":"22","target":"22","factor":"orientation_perpendicular"},
{"id":"795","source":"8","target":"18","factor":"orientation_perpendicular"},
{"id":"796","source":"24","target":"20","factor":"orientation_perpendicular"},
{"id":"797","source":"11","target":"29","factor":"orientation_perpendicular"},
{"id":"798","source":"2","target":"10","factor":"orientation_perpendicular"},
{"id":"799","source":"4","target":"10","factor":"orientation_perpendicular"},
{"id":"800","source":"22","target":"10","factor":"orientation_perpendicular"},
{"id":"801","source":"11","target":"10","factor":"orientation_perpendicular"},
{"id":"802","source":"14","target":"5","factor":"orientation_perpendicular"},
{"id":"803","source":"13","target":"12","factor":"orientation_perpendicular"},
{"id":"804","source":"32","target":"12","factor":"orientation_perpendicular"},
{"id":"805","source":"25","target":"12","factor":"orientation_perpendicular"},
{"id":"806","source":"8","target":"19","factor":"orientation_perpendicular"},
{"id":"807","source":"5","target":"10","factor":"orientation_perpendicular"},
{"id":"808","source":"28","target":"10","factor":"orientation_perpendicular"},
{"id":"809","source":"8","target":"20","factor":"orientation_perpendicular"},
{"id":"810","source":"18","target":"20","factor":"orientation_perpendicular"},
{"id":"811","source":"22","target":"12","factor":"orientation_perpendicular"},
{"id":"812","source":"22","target":"15","factor":"orientation_perpendicular"},
{"id":"813","source":"14","target":"23","factor":"orientation_perpendicular"},
{"id":"814","source":"7","target":"12","factor":"orientation_perpendicular"},
{"id":"815","source":"8","target":"12","factor":"orientation_perpendicular"},
{"id":"816","source":"27","target":"12","factor":"orientation_perpendicular"},
{"id":"817","source":"22","target":"29","factor":"orientation_perpendicular"},
{"id":"818","source":"30","target":"29","factor":"orientation_perpendicular"},
{"id":"819","source":"1","target":"22","factor":"orientation_perpendicular"},
{"id":"820","source":"20","target":"14","factor":"orientation_perpendicular"},
{"id":"821","source":"13","target":"30","factor":"orientation_perpendicular"},
{"id":"822","source":"21","target":"12","factor":"orientation_perpendicular"},
{"id":"823","source":"5","target":"18","factor":"orientation_perpendicular"},
{"id":"824","source":"26","target":"18","factor":"orientation_perpendicular"},
{"id":"825","source":"14","target":"15","factor":"orientation_perpendicular"},
{"id":"826","source":"22","target":"34","factor":"orientation_perpendicular"},
{"id":"827","source":"24","target":"22","factor":"orientation_perpendicular"},
{"id":"828","source":"22","target":"8","factor":"orientation_perpendicular"},
{"id":"829","source":"13","target":"14","factor":"orientation_perpendicular"},
{"id":"830","source":"18","target":"14","factor":"orientation_perpendicular"},
{"id":"831","source":"28","target":"14","factor":"orientation_perpendicular"},
{"id":"832","source":"7","target":"26","factor":"orientation_perpendicular"},
{"id":"833","source":"7","target":"30","factor":"orientation_perpendicular"},
{"id":"834","source":"35","target":"28","factor":"orientation_perpendicular"},
{"id":"835","source":"35","target":"21","factor":"orientation_perpendicular"},
{"id":"836","source":"21","target":"19","factor":"orientation_perpendicular"},
{"id":"837","source":"7","target":"27","factor":"orientation_perpendicular"},
{"id":"838","source":"27","target":"28","factor":"orientation_perpendicular"},
{"id":"839","source":"18","target":"22","factor":"orientation_perpendicular"},
{"id":"840","source":"4","target":"32","factor":"orientation_perpendicular"},
{"id":"841","source":"2","target":"32","factor":"orientation_perpendicular"},
{"id":"842","source":"27","target":"30","factor":"orientation_perpendicular"},
{"id":"843","source":"13","target":"25","factor":"orientation_perpendicular"},
{"id":"844","source":"28","target":"12","factor":"orientation_perpendicular"},
{"id":"845","source":"20","target":"12","factor":"orientation_perpendicular"},
{"id":"846","source":"18","target":"11","factor":"orientation_perpendicular"},
{"id":"847","source":"28","target":"22","factor":"orientation_perpendicular"},
{"id":"848","source":"35","target":"22","factor":"orientation_perpendicular"},
{"id":"849","source":"12","target":"34","factor":"orientation_perpendicular"},
{"id":"850","source":"13","target":"11","factor":"orientation_perpendicular"},
{"id":"851","source":"22","target":"11","factor":"orientation_perpendicular"},
{"id":"852","source":"8","target":"11","factor":"orientation_perpendicular"},
{"id":"853","source":"20","target":"15","factor":"orientation_perpendicular"},
{"id":"854","source":"24","target":"15","factor":"orientation_perpendicular"},
{"id":"855","source":"1","target":"15","factor":"orientation_perpendicular"},
{"id":"856","source":"24","target":"24","factor":"symmetry"},
{"id":"857","source":"33","target":"33","factor":"symmetry"},
{"id":"858","source":"1","target":"1","factor":"symmetry"},
{"id":"859","source":"13","target":"13","factor":"symmetry"},
{"id":"860","source":"8","target":"8","factor":"symmetry"},
{"id":"861","source":"18","target":"18","factor":"symmetry"},
{"id":"862","source":"27","target":"27","factor":"symmetry"},
{"id":"863","source":"23","target":"23","factor":"symmetry"},
{"id":"864","source":"22","target":"22","factor":"symmetry"},
{"id":"865","source":"21","target":"21","factor":"symmetry"},
{"id":"866","source":"20","target":"20","factor":"symmetry"},
{"id":"867","source":"10","target":"10","factor":"symmetry"},
{"id":"868","source":"5","target":"5","factor":"symmetry"},
{"id":"869","source":"14","target":"14","factor":"symmetry"},
{"id":"870","source":"7","target":"7","factor":"symmetry"},
{"id":"871","source":"3","target":"3","factor":"symmetry"},
{"id":"872","source":"15","target":"15","factor":"symmetry"},
{"id":"873","source":"32","target":"32","factor":"symmetry"},
{"id":"874","source":"19","target":"19","factor":"symmetry"},
{"id":"875","source":"1","target":"1","factor":"side_to_side"}
],
"probability":[
{"id":"0","value":0.0550699},
{"id":"1","value":0.0550699},
{"id":"2","value":0.0874126},
{"id":"3","value":0.0480769},
{"id":"4","value":0.0629371},
{"id":"5","value":0.0629371},
{"id":"6","value":0.013986},
{"id":"7","value":0.0367133},
{"id":"8","value":0.0253497},
{"id":"9","value":0.0192308},
{"id":"10","value":0.0498252},
{"id":"11","value":0.0297203},
{"id":"12","value":0.0384615},
{"id":"13","value":0.0122378},
{"id":"14","value":0.0332168},
{"id":"15","value":0.137238},
{"id":"16","value":0.0270979},
{"id":"17","value":0.0236014},
{"id":"18","value":0.0104895},
{"id":"19","value":0.0148601},
{"id":"20","value":0.0174825},
{"id":"21","value":0.0218531},
{"id":"22","value":0.0104895},
{"id":"23","value":0.0227273},
{"id":"24","value":0.0340909},
{"id":"25","value":0.0166084},
{"id":"26","value":0.013986},
{"id":"27","value":0.0104895},
{"id":"28","value":0.0297203},
{"id":"29","value":0.0174825},
{"id":"30","value":0.0174825},
{"id":"31","value":0.0122378},
{"id":"32","value":0.0122378},
{"id":"33","value":0.0148601},
{"id":"34","value":0.0131119},
{"id":"35","value":0.020979},
{"id":"36","value":0.0655594},
{"id":"37","value":0.0550699},
{"id":"38","value":0.0550699},
{"id":"39","value":0.0874126},
{"id":"40","value":0.0480769},
{"id":"41","value":0.0629371},
{"id":"42","value":0.0629371},
{"id":"43","value":0.013986},
{"id":"44","value":0.0367133},
{"id":"45","value":0.0253497},
{"id":"46","value":0.0192308},
{"id":"47","value":0.0498252},
{"id":"48","value":0.0297203},
{"id":"49","value":0.0384615},
{"id":"50","value":0.0122378},
{"id":"51","value":0.0332168},
{"id":"52","value":0.137238},
{"id":"53","value":0.0270979},
{"id":"54","value":0.0236014},
{"id":"55","value":0.0104895},
{"id":"56","value":0.0148601},
{"id":"57","value":0.0174825},
{"id":"58","value":0.0218531},
{"id":"59","value":0.0104895},
{"id":"60","value":0.0227273},
{"id":"61","value":0.0340909},
{"id":"62","value":0.0166084},
{"id":"63","value":0.013986},
{"id":"64","value":0.0104895},
{"id":"65","value":0.0297203},
{"id":"66","value":0.0174825},
{"id":"67","value":0.0174825},
{"id":"68","value":0.0122378},
{"id":"69","value":0.0122378},
{"id":"70","value":0.0148601},
{"id":"71","value":0.0131119},
{"id":"72","value":0.0743007},
{"id":"73","value":0.0944056},
{"id":"74","value":0.0909091},
{"id":"75","value":0.0909091},
{"id":"76","value":0.0708042},
{"id":"77","value":0.0699301},
{"id":"78","value":0.0821678},
{"id":"79","value":0.152972},
{"id":"80","value":0.0646853},
{"id":"81","value":0.0454545},
{"id":"82","value":0.0646853},
{"id":"83","value":0.0576923},
{"id":"84","value":0.0227273},
{"id":"85","value":0.0603147},
{"id":"86","value":0.0603147},
{"id":"87","value":0.0314685},
{"id":"88","value":0.0253497},
{"id":"89","value":0.0131119},
{"id":"90","value":0.0122378},
{"id":"91","value":0.0192308},
{"id":"92","value":0.0192308},
{"id":"93","value":0.027972},
{"id":"94","value":0.020979},
{"id":"95","value":0.0166084},
{"id":"96","value":0.0297203},
{"id":"97","value":0.0104895},
{"id":"98","value":0.0192308},
{"id":"99","value":0.0157343},
{"id":"100","value":0.0131119},
{"id":"101","value":0.0113636},
{"id":"102","value":0.0201049},
{"id":"103","value":0.0576923},
{"id":"104","value":0.0192308},
{"id":"105","value":0.0655594},
{"id":"106","value":0.0743007},
{"id":"107","value":0.0944056},
{"id":"108","value":0.0909091},
{"id":"109","value":0.0909091},
{"id":"110","value":0.0708042},
{"id":"111","value":0.0699301},
{"id":"112","value":0.0821678},
{"id":"113","value":0.152972},
{"id":"114","value":0.0646853},
{"id":"115","value":0.0454545},
{"id":"116","value":0.0646853},
{"id":"117","value":0.0576923},
{"id":"118","value":0.0227273},
{"id":"119","value":0.0603147},
{"id":"120","value":0.0603147},
{"id":"121","value":0.0314685},
{"id":"122","value":0.0253497},
{"id":"123","value":0.0131119},
{"id":"124","value":0.0122378},
{"id":"125","value":0.0192308},
{"id":"126","value":0.0192308},
{"id":"127","value":0.027972},
{"id":"128","value":0.020979},
{"id":"129","value":0.0166084},
{"id":"130","value":0.0297203},
{"id":"131","value":0.0104895},
{"id":"132","value":0.0192308},
{"id":"133","value":0.0157343},
{"id":"134","value":0.0131119},
{"id":"135","value":0.0113636},
{"id":"136","value":0.0201049},
{"id":"137","value":0.0541958},
{"id":"138","value":0.199301},
{"id":"139","value":0.119755},
{"id":"140","value":0.270979},
{"id":"141","value":0.456294},
{"id":"142","value":0.276224},
{"id":"143","value":0.273601},
{"id":"144","value":0.0777972},
{"id":"145","value":0.102273},
{"id":"146","value":0.136364},
{"id":"147","value":0.0585664},
{"id":"148","value":0.0541958},
{"id":"149","value":0.097028},
{"id":"150","value":0.0952797},
{"id":"151","value":0.671329},
{"id":"152","value":0.090035},
{"id":"153","value":0.101399},
{"id":"154","value":0.20542},
{"id":"155","value":0.20542},
{"id":"156","value":0.148601},
{"id":"157","value":0.103147},
{"id":"158","value":0.0262238},
{"id":"159","value":0.0952797},
{"id":"160","value":0.0743007},
{"id":"161","value":0.0699301},
{"id":"162","value":0.116259},
{"id":"163","value":0.0629371},
{"id":"164","value":0.083042},
{"id":"165","value":0.048951},
{"id":"166","value":0.0393357},
{"id":"167","value":0.0174825},
{"id":"168","value":0.0122378},
{"id":"169","value":0.245629},
{"id":"170","value":0.0699301},
{"id":"171","value":0.0253497},
{"id":"172","value":0.0236014},
{"id":"173","value":0.0515734},
{"id":"174","value":0.0760489},
{"id":"175","value":0.0673077},
{"id":"176","value":0.090035},
{"id":"177","value":0.027972},
{"id":"178","value":0.0428322},
{"id":"179","value":0.0340909},
{"id":"180","value":0.013986},
{"id":"181","value":0.0402098},
{"id":"182","value":0.0498252},
{"id":"183","value":0.0402098},
{"id":"184","value":0.0157343},
{"id":"185","value":0.0218531},
{"id":"186","value":0.0288462},
{"id":"187","value":0.0122378},
{"id":"188","value":0.0122378},
{"id":"189","value":0.0192308},
{"id":"190","value":0.0148601},
{"id":"191","value":0.0113636},
{"id":"192","value":0.0104895},
{"id":"193","value":0.125},
{"id":"194","value":0.124126},
{"id":"195","value":0.0935315},
{"id":"196","value":0.0541958},
{"id":"197","value":0.199301},
{"id":"198","value":0.119755},
{"id":"199","value":0.270979},
{"id":"200","value":0.456294},
{"id":"201","value":0.276224},
{"id":"202","value":0.273601},
{"id":"203","value":0.0777972},
{"id":"204","value":0.102273},
{"id":"205","value":0.136364},
{"id":"206","value":0.0585664},
{"id":"207","value":0.0541958},
{"id":"208","value":0.097028},
{"id":"209","value":0.0952797},
{"id":"210","value":0.671329},
{"id":"211","value":0.090035},
{"id":"212","value":0.101399},
{"id":"213","value":0.20542},
{"id":"214","value":0.20542},
{"id":"215","value":0.148601},
{"id":"216","value":0.103147},
{"id":"217","value":0.0262238},
{"id":"218","value":0.0952797},
{"id":"219","value":0.0743007},
{"id":"220","value":0.0699301},
{"id":"221","value":0.116259},
{"id":"222","value":0.0629371},
{"id":"223","value":0.083042},
{"id":"224","value":0.048951},
{"id":"225","value":0.0393357},
{"id":"226","value":0.0174825},
{"id":"227","value":0.0122378},
{"id":"228","value":0.245629},
{"id":"229","value":0.0699301},
{"id":"230","value":0.0253497},
{"id":"231","value":0.0236014},
{"id":"232","value":0.0515734},
{"id":"233","value":0.0760489},
{"id":"234","value":0.0673077},
{"id":"235","value":0.090035},
{"id":"236","value":0.027972},
{"id":"237","value":0.0428322},
{"id":"238","value":0.0340909},
{"id":"239","value":0.013986},
{"id":"240","value":0.0402098},
{"id":"241","value":0.0498252},
{"id":"242","value":0.0402098},
{"id":"243","value":0.0157343},
{"id":"244","value":0.0218531},
{"id":"245","value":0.0288462},
{"id":"246","value":0.0122378},
{"id":"247","value":0.0122378},
{"id":"248","value":0.0192308},
{"id":"249","value":0.0148601},
{"id":"250","value":0.0113636},
{"id":"251","value":0.0104895},
{"id":"252","value":0.0795455},
{"id":"253","value":0.13986},
{"id":"254","value":0.0515734},
{"id":"255","value":0.23514},
{"id":"256","value":0.0576923},
{"id":"257","value":0.11014},
{"id":"258","value":0.11014},
{"id":"259","value":0.0594406},
{"id":"260","value":0.307692},
{"id":"261","value":0.0524476},
{"id":"262","value":0.0568182},
{"id":"263","value":0.0961538},
{"id":"264","value":0.0961538},
{"id":"265","value":0.0716783},
{"id":"266","value":0.0174825},
{"id":"267","value":0.0760489},
{"id":"268","value":0.0402098},
{"id":"269","value":0.0384615},
{"id":"270","value":0.0445804},
{"id":"271","value":0.0358392},
{"id":"272","value":0.0314685},
{"id":"273","value":0.0664336},
{"id":"274","value":0.0236014},
{"id":"275","value":0.0131119},
{"id":"276","value":0.133741},
{"id":"277","value":0.0743007},
{"id":"278","value":0.0480769},
{"id":"279","value":0.034965},
{"id":"280","value":0.0629371},
{"id":"281","value":0.0236014},
{"id":"282","value":0.0244755},
{"id":"283","value":0.020979},
{"id":"284","value":0.0236014},
{"id":"285","value":0.0463287},
{"id":"286","value":0.0201049},
{"id":"287","value":0.0104895},
{"id":"288","value":0.0122378},
{"id":"289","value":0.0174825},
{"id":"290","value":0.0174825},
{"id":"291","value":0.0148601},
{"id":"292","value":0.0734266},
{"id":"293","value":0.0472028},
{"id":"294","value":0.0594406},
{"id":"295","value":0.0795455},
{"id":"296","value":0.13986},
{"id":"297","value":0.0515734},
{"id":"298","value":0.23514},
{"id":"299","value":0.0576923},
{"id":"300","value":0.11014},
{"id":"301","value":0.11014},
{"id":"302","value":0.0594406},
{"id":"303","value":0.307692},
{"id":"304","value":0.0524476},
{"id":"305","value":0.0568182},
{"id":"306","value":0.0961538},
{"id":"307","value":0.0961538},
{"id":"308","value":0.0716783},
{"id":"309","value":0.0174825},
{"id":"310","value":0.0760489},
{"id":"311","value":0.0402098},
{"id":"312","value":0.0384615},
{"id":"313","value":0.0445804},
{"id":"314","value":0.0358392},
{"id":"315","value":0.0314685},
{"id":"316","value":0.0664336},
{"id":"317","value":0.0236014},
{"id":"318","value":0.0131119},
{"id":"319","value":0.133741},
{"id":"320","value":0.0743007},
{"id":"321","value":0.0480769},
{"id":"322","value":0.034965},
{"id":"323","value":0.0629371},
{"id":"324","value":0.0236014},
{"id":"325","value":0.0244755},
{"id":"326","value":0.020979},
{"id":"327","value":0.0236014},
{"id":"328","value":0.0463287},
{"id":"329","value":0.0201049},
{"id":"330","value":0.0104895},
{"id":"331","value":0.0122378},
{"id":"332","value":0.0174825},
{"id":"333","value":0.0174825},
{"id":"334","value":0.0148601},
{"id":"335","value":0.0699301},
{"id":"336","value":0.0148601},
{"id":"337","value":0.107517},
{"id":"338","value":0.0166084},
{"id":"339","value":0.027972},
{"id":"340","value":0.027972},
{"id":"341","value":0.0201049},
{"id":"342","value":0.0148601},
{"id":"343","value":0.0218531},
{"id":"344","value":0.0227273},
{"id":"345","value":0.0113636},
{"id":"346","value":0.013986},
{"id":"347","value":0.0104895},
{"id":"348","value":0.0174825},
{"id":"349","value":0.0506993},
{"id":"350","value":0.0699301},
{"id":"351","value":0.0148601},
{"id":"352","value":0.107517},
{"id":"353","value":0.0166084},
{"id":"354","value":0.027972},
{"id":"355","value":0.027972},
{"id":"356","value":0.0201049},
{"id":"357","value":0.0148601},
{"id":"358","value":0.0218531},
{"id":"359","value":0.0227273},
{"id":"360","value":0.0113636},
{"id":"361","value":0.013986},
{"id":"362","value":0.0104895},
{"id":"363","value":0.0174825},
{"id":"364","value":0.0541958},
{"id":"365","value":0.0620629},
{"id":"366","value":0.157343},
{"id":"367","value":0.11014},
{"id":"368","value":0.111014},
{"id":"369","value":0.0541958},
{"id":"370","value":0.0515734},
{"id":"371","value":0.0690559},
{"id":"372","value":0.0559441},
{"id":"373","value":0.0559441},
{"id":"374","value":0.229895},
{"id":"375","value":0.0410839},
{"id":"376","value":0.013986},
{"id":"377","value":0.0445804},
{"id":"378","value":0.027972},
{"id":"379","value":0.0201049},
{"id":"380","value":0.0550699},
{"id":"381","value":0.0122378},
{"id":"382","value":0.0201049},
{"id":"383","value":0.0104895},
{"id":"384","value":0.027972},
{"id":"385","value":0.0550699},
{"id":"386","value":0.0104895},
{"id":"387","value":0.0104895},
{"id":"388","value":0.0104895},
{"id":"389","value":0.0166084},
{"id":"390","value":0.0192308},
{"id":"391","value":0.0253497},
{"id":"392","value":0.0270979},
{"id":"393","value":0.0122378},
{"id":"394","value":0.0174825},
{"id":"395","value":0.0122378},
{"id":"396","value":0.0104895},
{"id":"397","value":0.020979},
{"id":"398","value":0.0437063},
{"id":"399","value":0.0541958},
{"id":"400","value":0.0620629},
{"id":"401","value":0.157343},
{"id":"402","value":0.11014},
{"id":"403","value":0.111014},
{"id":"404","value":0.0541958},
{"id":"405","value":0.0515734},
{"id":"406","value":0.0690559},
{"id":"407","value":0.0559441},
{"id":"408","value":0.0559441},
{"id":"409","value":0.229895},
{"id":"410","value":0.0410839},
{"id":"411","value":0.013986},
{"id":"412","value":0.0445804},
{"id":"413","value":0.027972},
{"id":"414","value":0.0201049},
{"id":"415","value":0.0550699},
{"id":"416","value":0.0122378},
{"id":"417","value":0.0201049},
{"id":"418","value":0.0104895},
{"id":"419","value":0.027972},
{"id":"420","value":0.0550699},
{"id":"421","value":0.0104895},
{"id":"422","value":0.0104895},
{"id":"423","value":0.0104895},
{"id":"424","value":0.0166084},
{"id":"425","value":0.0192308},
{"id":"426","value":0.0253497},
{"id":"427","value":0.0270979},
{"id":"428","value":0.0122378},
{"id":"429","value":0.0174825},
{"id":"430","value":0.0122378},
{"id":"431","value":0.0104895},
{"id":"432","value":0.660839},
{"id":"433","value":0.0839161},
{"id":"434","value":0.0839161},
{"id":"435","value":0.0839161},
{"id":"436","value":0.083042},
{"id":"437","value":0.0786713},
{"id":"438","value":0.0769231},
{"id":"439","value":0.0769231},
{"id":"440","value":0.0751748},
{"id":"441","value":0.0751748},
{"id":"442","value":0.0716783},
{"id":"443","value":0.0708042},
{"id":"444","value":0.0699301},
{"id":"445","value":0.0699301},
{"id":"446","value":0.0699301},
{"id":"447","value":0.0673077},
{"id":"448","value":0.0909091},
{"id":"449","value":0.0664336},
{"id":"450","value":0.0655594},
{"id":"451","value":0.0620629},
{"id":"452","value":0.0603147},
{"id":"453","value":0.0594406},
{"id":"454","value":0.0594406},
{"id":"455","value":0.0576923},
{"id":"456","value":0.0576923},
{"id":"457","value":0.0568182},
{"id":"458","value":0.0568182},
{"id":"459","value":0.0559441},
{"id":"460","value":0.0533217},
{"id":"461","value":0.0524476},
{"id":"462","value":0.0524476},
{"id":"463","value":0.0524476},
{"id":"464","value":0.0515734},
{"id":"465","value":0.0506993},
{"id":"466","value":0.229895},
{"id":"467","value":0.187063},
{"id":"468","value":0.120629},
{"id":"469","value":0.118007},
{"id":"470","value":0.11014},
{"id":"471","value":0.105769},
{"id":"472","value":0.41521},
{"id":"473","value":0.0743007},
{"id":"474","value":0.0550699},
{"id":"475","value":0.337413},
{"id":"476","value":0.986888},
{"id":"477","value":0.269231},
{"id":"478","value":0.103147},
{"id":"479","value":0.0506993},
{"id":"480","value":0.232517},
{"id":"481","value":0.268357},
{"id":"482","value":0.102273},
{"id":"483","value":0.230769},
{"id":"484","value":0.128496},
{"id":"485","value":0.158217},
{"id":"486","value":0.228147},
{"id":"487","value":0.228147},
{"id":"488","value":0.229021},
{"id":"489","value":0.16521},
{"id":"490","value":0.0568182},
{"id":"491","value":0.717657},
{"id":"492","value":0.409091},
{"id":"493","value":0.0708042},
{"id":"494","value":0.116259},
{"id":"495","value":0.410839},
{"id":"496","value":0.0708042},
{"id":"497","value":0.116259},
{"id":"498","value":0.0804196},
{"id":"499","value":0.090035},
{"id":"500","value":0.153846},
{"id":"501","value":0.0891608},
{"id":"502","value":0.0541958},
{"id":"503","value":0.0541958},
{"id":"504","value":0.0751748},
{"id":"505","value":0.0620629},
{"id":"506","value":0.0620629},
{"id":"507","value":0.131993},
{"id":"508","value":0.212413},
{"id":"509","value":0.201923},
{"id":"510","value":0.202797},
{"id":"511","value":0.0979021},
{"id":"512","value":0.0568182},
{"id":"513","value":0.0673077},
{"id":"514","value":0.126748},
{"id":"515","value":0.0576923},
{"id":"516","value":0.146853},
{"id":"517","value":0.145979},
{"id":"518","value":0.0568182},
{"id":"519","value":0.0874126},
{"id":"520","value":0.0708042},
{"id":"521","value":0.109266},
{"id":"522","value":0.164336},
{"id":"523","value":0.11014},
{"id":"524","value":0.164336},
{"id":"525","value":0.137238},
{"id":"526","value":0.0734266},
{"id":"527","value":0.0734266},
{"id":"528","value":0.0821678},
{"id":"529","value":0.0961538},
{"id":"530","value":0.0882867},
{"id":"531","value":0.0646853},
{"id":"532","value":0.0926573},
{"id":"533","value":0.0690559},
{"id":"534","value":0.0568182},
{"id":"535","value":0.0576923},
{"id":"536","value":0.193182},
{"id":"537","value":0.0629371},
{"id":"538","value":0.0629371},
{"id":"539","value":0.0681818},
{"id":"540","value":0.0681818},
{"id":"541","value":0.0559441},
{"id":"542","value":0.0646853},
{"id":"543","value":0.0795455},
{"id":"544","value":0.0559441},
{"id":"545","value":0.0795455},
{"id":"546","value":0.0559441},
{"id":"547","value":0.0568182},
{"id":"548","value":0.0646853},
{"id":"549","value":0.0839161},
{"id":"550","value":0.0909091},
{"id":"551","value":0.0917832},
{"id":"552","value":0.0576923},
{"id":"553","value":0.0576923},
{"id":"554","value":0.0533217},
{"id":"555","value":0.417832},
{"id":"556","value":0.937937},
{"id":"557","value":0.937063},
{"id":"558","value":0.193182},
{"id":"559","value":0.957168},
{"id":"560","value":0.0148601},
{"id":"561","value":0.0104895},
{"id":"562","value":0.0655594},
{"id":"563","value":0.231643},
{"id":"564","value":0.156469},
{"id":"565","value":0.276224},
{"id":"566","value":0.0743007},
{"id":"567","value":0.407343},
{"id":"568","value":0.097028},
{"id":"569","value":0.0987762},
{"id":"570","value":0.308566},
{"id":"571","value":0.0944056},
{"id":"572","value":0.268357},
{"id":"573","value":0.0743007},
{"id":"574","value":0.027972},
{"id":"575","value":0.0104895},
{"id":"576","value":0.0201049},
{"id":"577","value":0.107517},
{"id":"578","value":0.0646853},
{"id":"579","value":0.0821678},
{"id":"580","value":0.0646853},
{"id":"581","value":0.083042},
{"id":"582","value":0.0262238},
{"id":"583","value":0.411713},
{"id":"584","value":0.090035},
{"id":"585","value":0.18007},
{"id":"586","value":0.111014},
{"id":"587","value":0.125874},
{"id":"588","value":0.0104895},
{"id":"589","value":0.166084},
{"id":"590","value":0.138112},
{"id":"591","value":0.138986},
{"id":"592","value":0.0611888},
{"id":"593","value":0.0515734},
{"id":"594","value":0.0253497},
{"id":"595","value":0.0463287},
{"id":"596","value":0.0568182},
{"id":"597","value":0.0944056},
{"id":"598","value":0.523601},
{"id":"599","value":0.0541958},
{"id":"600","value":0.0148601},
{"id":"601","value":0.0253497},
{"id":"602","value":0.166084},
{"id":"603","value":0.0148601},
{"id":"604","value":0.027972},
{"id":"605","value":0.027972},
{"id":"606","value":0.041958},
{"id":"607","value":0.214161},
{"id":"608","value":0.213287},
{"id":"609","value":0.134615},
{"id":"610","value":0.0157343},
{"id":"611","value":0.0585664},
{"id":"612","value":0.109266},
{"id":"613","value":0.048951},
{"id":"614","value":0.0638112},
{"id":"615","value":0.0786713},
{"id":"616","value":0.0786713},
{"id":"617","value":0.0506993},
{"id":"618","value":0.0148601},
{"id":"619","value":0.0166084},
{"id":"620","value":0.048951},
{"id":"621","value":0.0157343},
{"id":"622","value":0.111888},
{"id":"623","value":0.0646853},
{"id":"624","value":0.0699301},
{"id":"625","value":0.0218531},
{"id":"626","value":0.0201049},
{"id":"627","value":0.0157343},
{"id":"628","value":0.0157343},
{"id":"629","value":0.0122378},
{"id":"630","value":0.0559441},
{"id":"631","value":0.0201049},
{"id":"632","value":0.0314685},
{"id":"633","value":0.286713},
{"id":"634","value":0.0550699},
{"id":"635","value":0.0673077},
{"id":"636","value":0.159965},
{"id":"637","value":0.0227273},
{"id":"638","value":0.020979},
{"id":"639","value":0.0297203},
{"id":"640","value":0.0297203},
{"id":"641","value":0.0236014},
{"id":"642","value":0.0297203},
{"id":"643","value":0.0288462},
{"id":"644","value":0.0244755},
{"id":"645","value":0.0270979},
{"id":"646","value":0.0314685},
{"id":"647","value":0.0314685},
{"id":"648","value":0.020979},
{"id":"649","value":0.0620629},
{"id":"650","value":0.0244755},
{"id":"651","value":0.0472028},
{"id":"652","value":0.0113636},
{"id":"653","value":0.0104895},
{"id":"654","value":0.0262238},
{"id":"655","value":0.0445804},
{"id":"656","value":0.020979},
{"id":"657","value":0.0148601},
{"id":"658","value":0.020979},
{"id":"659","value":0.0262238},
{"id":"660","value":0.0262238},
{"id":"661","value":0.0935315},
{"id":"662","value":0.0340909},
{"id":"663","value":0.111014},
{"id":"664","value":0.166084},
{"id":"665","value":0.166084},
{"id":"666","value":0.0236014},
{"id":"667","value":0.0157343},
{"id":"668","value":0.0104895},
{"id":"669","value":0.0157343},
{"id":"670","value":0.0157343},
{"id":"671","value":0.0253497},
{"id":"672","value":0.0131119},
{"id":"673","value":0.0708042},
{"id":"674","value":0.0804196},
{"id":"675","value":0.0716783},
{"id":"676","value":0.0480769},
{"id":"677","value":0.0472028},
{"id":"678","value":0.0305944},
{"id":"679","value":0.0402098},
{"id":"680","value":0.0402098},
{"id":"681","value":0.0262238},
{"id":"682","value":0.0174825},
{"id":"683","value":0.0122378},
{"id":"684","value":0.0201049},
{"id":"685","value":0.0104895},
{"id":"686","value":0.0131119},
{"id":"687","value":0.0218531},
{"id":"688","value":0.097028},
{"id":"689","value":0.0367133},
{"id":"690","value":0.0157343},
{"id":"691","value":0.0244755},
{"id":"692","value":0.0270979},
{"id":"693","value":0.0201049},
{"id":"694","value":0.0297203},
{"id":"695","value":0.0192308},
{"id":"696","value":0.0113636},
{"id":"697","value":0.0201049},
{"id":"698","value":0.0122378},
{"id":"699","value":0.0236014},
{"id":"700","value":0.0113636},
{"id":"701","value":0.0332168},
{"id":"702","value":0.0314685},
{"id":"703","value":0.0253497},
{"id":"704","value":0.0559441},
{"id":"705","value":0.0174825},
{"id":"706","value":0.0104895},
{"id":"707","value":0.0314685},
{"id":"708","value":0.0454545},
{"id":"709","value":0.0734266},
{"id":"710","value":0.0734266},
{"id":"711","value":0.0410839},
{"id":"712","value":0.0192308},
{"id":"713","value":0.0174825},
{"id":"714","value":0.0236014},
{"id":"715","value":0.0104895},
{"id":"716","value":0.0236014},
{"id":"717","value":0.0506993},
{"id":"718","value":0.0236014},
{"id":"719","value":0.0253497},
{"id":"720","value":0.0428322},
{"id":"721","value":0.0297203},
{"id":"722","value":0.0463287},
{"id":"723","value":0.0297203},
{"id":"724","value":0.0463287},
{"id":"725","value":0.0515734},
{"id":"726","value":0.0166084},
{"id":"727","value":0.0270979},
{"id":"728","value":0.0218531},
{"id":"729","value":0.0131119},
{"id":"730","value":0.0166084},
{"id":"731","value":0.0166084},
{"id":"732","value":0.0340909},
{"id":"733","value":0.0288462},
{"id":"734","value":0.0332168},
{"id":"735","value":0.0375874},
{"id":"736","value":0.0638112},
{"id":"737","value":0.0638112},
{"id":"738","value":0.013986},
{"id":"739","value":0.0244755},
{"id":"740","value":0.0244755},
{"id":"741","value":0.0270979},
{"id":"742","value":0.013986},
{"id":"743","value":0.013986},
{"id":"744","value":0.0131119},
{"id":"745","value":0.0244755},
{"id":"746","value":0.0122378},
{"id":"747","value":0.0262238},
{"id":"748","value":0.0270979},
{"id":"749","value":0.0192308},
{"id":"750","value":0.0236014},
{"id":"751","value":0.0113636},
{"id":"752","value":0.0174825},
{"id":"753","value":0.0244755},
{"id":"754","value":0.0148601},
{"id":"755","value":0.0183566},
{"id":"756","value":0.0174825},
{"id":"757","value":0.0157343},
{"id":"758","value":0.0131119},
{"id":"759","value":0.0253497},
{"id":"760","value":0.0297203},
{"id":"761","value":0.0201049},
{"id":"762","value":0.0218531},
{"id":"763","value":0.0236014},
{"id":"764","value":0.0148601},
{"id":"765","value":0.0174825},
{"id":"766","value":0.0699301},
{"id":"767","value":0.0393357},
{"id":"768","value":0.0131119},
{"id":"769","value":0.0288462},
{"id":"770","value":0.0428322},
{"id":"771","value":0.0270979},
{"id":"772","value":0.0673077},
{"id":"773","value":0.0673077},
{"id":"774","value":0.0305944},
{"id":"775","value":0.013986},
{"id":"776","value":0.0375874},
{"id":"777","value":0.0166084},
{"id":"778","value":0.0166084},
{"id":"779","value":0.0166084},
{"id":"780","value":0.0104895},
{"id":"781","value":0.0253497},
{"id":"782","value":0.0384615},
{"id":"783","value":0.0384615},
{"id":"784","value":0.020979},
{"id":"785","value":0.020979},
{"id":"786","value":0.090035},
{"id":"787","value":0.0113636},
{"id":"788","value":0.0131119},
{"id":"789","value":0.0201049},
{"id":"790","value":0.0227273},
{"id":"791","value":0.0253497},
{"id":"792","value":0.0236014},
{"id":"793","value":0.0340909},
{"id":"794","value":0.0201049},
{"id":"795","value":0.0227273},
{"id":"796","value":0.0332168},
{"id":"797","value":0.0104895},
{"id":"798","value":0.0498252},
{"id":"799","value":0.0498252},
{"id":"800","value":0.0332168},
{"id":"801","value":0.0113636},
{"id":"802","value":0.0113636},
{"id":"803","value":0.0166084},
{"id":"804","value":0.0122378},
{"id":"805","value":0.0148601},
{"id":"806","value":0.0192308},
{"id":"807","value":0.0384615},
{"id":"808","value":0.0244755},
{"id":"809","value":0.0166084},
{"id":"810","value":0.0113636},
{"id":"811","value":0.0314685},
{"id":"812","value":0.0236014},
{"id":"813","value":0.0218531},
{"id":"814","value":0.0244755},
{"id":"815","value":0.0340909},
{"id":"816","value":0.0122378},
{"id":"817","value":0.020979},
{"id":"818","value":0.0104895},
{"id":"819","value":0.0262238},
{"id":"820","value":0.013986},
{"id":"821","value":0.0148601},
{"id":"822","value":0.0104895},
{"id":"823","value":0.0201049},
{"id":"824","value":0.0157343},
{"id":"825","value":0.0131119},
{"id":"826","value":0.0113636},
{"id":"827","value":0.0174825},
{"id":"828","value":0.0166084},
{"id":"829","value":0.0122378},
{"id":"830","value":0.0122378},
{"id":"831","value":0.013986},
{"id":"832","value":0.0270979},
{"id":"833","value":0.0192308},
{"id":"834","value":0.0166084},
{"id":"835","value":0.0148601},
{"id":"836","value":0.0227273},
{"id":"837","value":0.0131119},
{"id":"838","value":0.0104895},
{"id":"839","value":0.0104895},
{"id":"840","value":0.0131119},
{"id":"841","value":0.0131119},
{"id":"842","value":0.0122378},
{"id":"843","value":0.0157343},
{"id":"844","value":0.0262238},
{"id":"845","value":0.0174825},
{"id":"846","value":0.0183566},
{"id":"847","value":0.0113636},
{"id":"848","value":0.0104895},
{"id":"849","value":0.0122378},
{"id":"850","value":0.013986},
{"id":"851","value":0.0157343},
{"id":"852","value":0.0131119},
{"id":"853","value":0.0104895},
{"id":"854","value":0.0157343},
{"id":"855","value":0.013986},
{"id":"856","value":0.0629371},
{"id":"857","value":0.0201049},
{"id":"858","value":0.766608},
{"id":"859","value":0.0463287},
{"id":"860","value":0.0891608},
{"id":"861","value":0.0174825},
{"id":"862","value":0.0288462},
{"id":"863","value":0.0218531},
{"id":"864","value":0.0716783},
{"id":"865","value":0.013986},
{"id":"866","value":0.0428322},
{"id":"867","value":0.0594406},
{"id":"868","value":0.0305944},
{"id":"869","value":0.0786713},
{"id":"870","value":0.0305944},
{"id":"871","value":0.0157343},
{"id":"872","value":0.0218531},
{"id":"873","value":0.0166084},
{"id":"874","value":0.0113636},
{"id":"875","value":0.118007}
]}