{
"vertices":[
{"id":"0","name":"wall","Leaves":[{"name":"wall","frequency":0.236759 }],"frequency":0.988636},
{"id":"1","name":"floor","Leaves":[],"frequency":0.990385},
{"id":"2","name":"wardrobe_cabinet","Leaves":[{"name":"wardrobe_cabinet","frequency":0.696106 }],"frequency":0.640734},
{"id":"3","name":"piano","Leaves":[],"frequency":0.020979}
],
"rules":[
{"id":"0","source":"0","target":"1","factor":"Horizontal-Support"},
{"id":"1","source":"0","target":"0","factor":"proximity"},
{"id":"2","source":"1","target":"0","factor":"proximity"},
{"id":"3","source":"2","target":"2","factor":"proximity"},
{"id":"4","source":"1","target":"2","factor":"proximity"},
{"id":"5","source":"0","target":"2","factor":"proximity"},
{"id":"6","source":"2","target":"0","factor":"orientation_parallel"},
{"id":"7","source":"1","target":"0","factor":"orientation_parallel"},
{"id":"8","source":"0","target":"0","factor":"orientation_parallel"},
{"id":"9","source":"2","target":"1","factor":"orientation_parallel"},
{"id":"10","source":"2","target":"2","factor":"orientation_parallel"},
{"id":"11","source":"1","target":"0","factor":"orientation_perpendicular"},
{"id":"12","source":"0","target":"0","factor":"orientation_perpendicular"},
{"id":"13","source":"2","target":"0","factor":"orientation_perpendicular"},
{"id":"14","source":"2","target":"2","factor":"orientation_perpendicular"},
{"id":"15","source":"2","target":"1","factor":"orientation_perpendicular"},
{"id":"16","source":"1","target":"2","factor":"orientation_perpendicular"},
{"id":"17","source":"0","target":"2","factor":"orientation_perpendicular"},
{"id":"18","source":"3","target":"0","factor":"orientation_perpendicular"},
{"id":"19","source":"0","target":"0","factor":"symmetry"},
{"id":"20","source":"2","target":"2","factor":"symmetry"},
{"id":"21","source":"0","target":"0","factor":"side_to_side"}
],
"probability":[
{"id":"0","value":0.660839},
{"id":"1","value":0.0909091},
{"id":"2","value":0.0603147},
{"id":"3","value":0.0594406},
{"id":"4","value":0.0568182},
{"id":"5","value":0.229895},
{"id":"6","value":0.41521},
{"id":"7","value":0.269231},
{"id":"8","value":0.717657},
{"id":"9","value":0.202797},
{"id":"10","value":0.126748},
{"id":"11","value":0.937937},
{"id":"12","value":0.957168},
{"id":"13","value":0.523601},
{"id":"14","value":0.041958},
{"id":"15","value":0.214161},
{"id":"16","value":0.0262238},
{"id":"17","value":0.0236014},
{"id":"18","value":0.0166084},
{"id":"19","value":0.766608},
{"id":"20","value":0.0786713},
{"id":"21","value":0.118007}
]}