{
"vertices":[
{"id":"0","name":"curtain","Leaves":[{"name":"curtain","frequency":0.682411 }],"frequency":0.366259},
{"id":"1","name":"wall","Leaves":[{"name":"wall","frequency":0.236759 }],"frequency":0.988636},
{"id":"2","name":"floor","Leaves":[],"frequency":0.990385},
{"id":"3","name":"ceiling","Leaves":[],"frequency":0.98951},
{"id":"4","name":"desk","Leaves":[{"name":"desk","frequency":0.890603 }],"frequency":0.55507},
{"id":"5","name":"chandelier","Leaves":[{"name":"chandelier","frequency":0.709945 }],"frequency":0.449301},
{"id":"6","name":"door","Leaves":[{"name":"door","frequency":0.867209 }],"frequency":0.559441},
{"id":"7","name":"chair","Leaves":[{"name":"chair","frequency":0.507399 }],"frequency":0.20979},
{"id":"8","name":"books","Leaves":[{"name":"books","frequency":0.530568 }],"frequency":0.212413},
{"id":"9","name":"air_conditioner","Leaves":[{"name":"air_conditioner","frequency":0.930108 }],"frequency":0.151224},
{"id":"10","name":"laptop","Leaves":[],"frequency":0.243007},
{"id":"11","name":"office_chair","Leaves":[{"name":"office_chair","frequency":0.859649 }],"frequency":0.342657},
{"id":"12","name":"wardrobe_cabinet","Leaves":[{"name":"wardrobe_cabinet","frequency":0.696106 }],"frequency":0.640734},
{"id":"13","name":"single_bed","Leaves":[{"name":"single_bed","frequency":0.84046 }],"frequency":0.446678},
{"id":"14","name":"shelving","Leaves":[{"name":"shelving","frequency":0.67462 }],"frequency":0.271853},
{"id":"15","name":"window","Leaves":[{"name":"window","frequency":0.687933 }],"frequency":0.782343},
{"id":"16","name":"computer","Leaves":[{"name":"computer","frequency":0.921569 }],"frequency":0.246504},
{"id":"17","name":"heater","Leaves":[{"name":"heater","frequency":0.888158 }],"frequency":0.118007},
{"id":"18","name":"table_lamp","Leaves":[{"name":"table_lamp","frequency":0.800416 }],"frequency":0.336538},
{"id":"19","name":"rug","Leaves":[{"name":"rug","frequency":0.915929 }],"frequency":0.361888},
{"id":"20","name":"picture_frame","Leaves":[{"name":"picture_frame","frequency":0.531761 }],"frequency":0.256119},
{"id":"21","name":"coffee_table","Leaves":[],"frequency":0.115385},
{"id":"22","name":"switch","Leaves":[{"name":"switch","frequency":0.488505 }],"frequency":0.148601},
{"id":"23","name":"clock","Leaves":[],"frequency":0.131119},
{"id":"24","name":"mirror","Leaves":[],"frequency":0.115385},
{"id":"25","name":"wall_lamp","Leaves":[{"name":"wall_lamp","frequency":0.565789 }],"frequency":0.112762},
{"id":"26","name":"curtain","Leaves":[{"name":"curtain","frequency":0.682411 }],"frequency":4.30533e+21},
{"id":"27","name":"shelving","Leaves":[{"name":"shelving","frequency":0.67462 }],"frequency":2.305e-12},
{"id":"28","name":"shelving","Leaves":[{"name":"shelving","frequency":0.67462 }],"frequency":0},
{"id":"29","name":"chandelier","Leaves":[{"name":"chandelier","frequency":0.709945 }],"frequency":0},
{"id":"30","name":"chandelier","Leaves":[{"name":"chandelier","frequency":0.709945 }],"frequency":0},
{"id":"31","name":"chandelier","Leaves":[{"name":"chandelier","frequency":0.709945 }],"frequency":0}
],
"rules":[
{"id":"0","source":"3","target":"0","factor":"proximity"},
{"id":"1","source":"0","target":"15","factor":"proximity"},
{"id":"2","source":"0","target":"1","factor":"proximity"},
{"id":"3","source":"4","target":"0","factor":"orientation_parallel"},
{"id":"4","source":"15","target":"0","factor":"orientation_parallel"},
{"id":"5","source":"0","target":"1","factor":"orientation_parallel"},
{"id":"6","source":"0","target":"5","factor":"orientation_parallel"},
{"id":"7","source":"3","target":"0","factor":"orientation_parallel"},
{"id":"8","source":"2","target":"0","factor":"orientation_parallel"},
{"id":"9","source":"0","target":"14","factor":"orientation_perpendicular"},
{"id":"10","source":"0","target":"1","factor":"orientation_perpendicular"},
{"id":"11","source":"0","target":"19","factor":"orientation_perpendicular"},
{"id":"12","source":"0","target":"3","factor":"orientation_perpendicular"},
{"id":"13","source":"0","target":"2","factor":"orientation_perpendicular"},
{"id":"14","source":"0","target":"5","factor":"orientation_perpendicular"},
{"id":"15","source":"0","target":"21","factor":"orientation_perpendicular"},
{"id":"16","source":"0","target":"20","factor":"orientation_perpendicular"},
{"id":"17","source":"0","target":"18","factor":"orientation_perpendicular"},
{"id":"18","source":"0","target":"7","factor":"orientation_perpendicular"},
{"id":"19","source":"0","target":"11","factor":"orientation_perpendicular"},
{"id":"20","source":"0","target":"10","factor":"orientation_perpendicular"},
{"id":"21","source":"0","target":"22","factor":"orientation_perpendicular"},
{"id":"22","source":"0","target":"15","factor":"orientation_perpendicular"},
{"id":"23","source":"0","target":"9","factor":"orientation_perpendicular"},
{"id":"24","source":"0","target":"12","factor":"orientation_perpendicular"},
{"id":"25","source":"0","target":"4","factor":"orientation_perpendicular"},
{"id":"26","source":"0","target":"16","factor":"orientation_perpendicular"},
{"id":"27","source":"0","target":"8","factor":"orientation_perpendicular"},
{"id":"28","source":"0","target":"25","factor":"orientation_perpendicular"},
{"id":"29","source":"0","target":"23","factor":"orientation_perpendicular"},
{"id":"30","source":"6","target":"0","factor":"orientation_perpendicular"},
{"id":"31","source":"12","target":"0","factor":"orientation_perpendicular"},
{"id":"32","source":"13","target":"0","factor":"orientation_perpendicular"},
{"id":"33","source":"0","target":"24","factor":"orientation_perpendicular"},
{"id":"34","source":"1","target":"0","factor":"orientation_perpendicular"},
{"id":"35","source":"15","target":"0","factor":"orientation_perpendicular"},
{"id":"36","source":"0","target":"26","factor":"orientation_parallel"},
{"id":"37","source":"0","target":"26","factor":"orientation_perpendicular"},
{"id":"38","source":"0","target":"26","factor":"symmetry"},
{"id":"39","source":"3","target":"26","factor":"proximity"},
{"id":"40","source":"26","target":"15","factor":"proximity"},
{"id":"41","source":"26","target":"1","factor":"proximity"},
{"id":"42","source":"4","target":"26","factor":"orientation_parallel"},
{"id":"43","source":"15","target":"26","factor":"orientation_parallel"},
{"id":"44","source":"26","target":"1","factor":"orientation_parallel"},
{"id":"45","source":"26","target":"5","factor":"orientation_parallel"},
{"id":"46","source":"3","target":"26","factor":"orientation_parallel"},
{"id":"47","source":"2","target":"26","factor":"orientation_parallel"},
{"id":"48","source":"26","target":"14","factor":"orientation_perpendicular"},
{"id":"49","source":"26","target":"1","factor":"orientation_perpendicular"},
{"id":"50","source":"26","target":"19","factor":"orientation_perpendicular"},
{"id":"51","source":"26","target":"3","factor":"orientation_perpendicular"},
{"id":"52","source":"26","target":"2","factor":"orientation_perpendicular"},
{"id":"53","source":"26","target":"5","factor":"orientation_perpendicular"},
{"id":"54","source":"26","target":"21","factor":"orientation_perpendicular"},
{"id":"55","source":"26","target":"20","factor":"orientation_perpendicular"},
{"id":"56","source":"26","target":"18","factor":"orientation_perpendicular"},
{"id":"57","source":"26","target":"7","factor":"orientation_perpendicular"},
{"id":"58","source":"26","target":"11","factor":"orientation_perpendicular"},
{"id":"59","source":"26","target":"10","factor":"orientation_perpendicular"},
{"id":"60","source":"26","target":"22","factor":"orientation_perpendicular"},
{"id":"61","source":"26","target":"15","factor":"orientation_perpendicular"},
{"id":"62","source":"26","target":"9","factor":"orientation_perpendicular"},
{"id":"63","source":"26","target":"12","factor":"orientation_perpendicular"},
{"id":"64","source":"26","target":"4","factor":"orientation_perpendicular"},
{"id":"65","source":"26","target":"16","factor":"orientation_perpendicular"},
{"id":"66","source":"26","target":"8","factor":"orientation_perpendicular"},
{"id":"67","source":"26","target":"25","factor":"orientation_perpendicular"},
{"id":"68","source":"26","target":"23","factor":"orientation_perpendicular"},
{"id":"69","source":"6","target":"26","factor":"orientation_perpendicular"},
{"id":"70","source":"12","target":"26","factor":"orientation_perpendicular"},
{"id":"71","source":"13","target":"26","factor":"orientation_perpendicular"},
{"id":"72","source":"26","target":"24","factor":"orientation_perpendicular"},
{"id":"73","source":"1","target":"26","factor":"orientation_perpendicular"},
{"id":"74","source":"15","target":"26","factor":"orientation_perpendicular"},
{"id":"75","source":"14","target":"1","factor":"proximity"},
{"id":"76","source":"12","target":"14","factor":"orientation_parallel"},
{"id":"77","source":"14","target":"1","factor":"orientation_parallel"},
{"id":"78","source":"3","target":"14","factor":"orientation_parallel"},
{"id":"79","source":"2","target":"14","factor":"orientation_parallel"},
{"id":"80","source":"4","target":"14","factor":"orientation_parallel"},
{"id":"81","source":"14","target":"19","factor":"orientation_parallel"},
{"id":"82","source":"4","target":"14","factor":"orientation_perpendicular"},
{"id":"83","source":"2","target":"14","factor":"orientation_perpendicular"},
{"id":"84","source":"3","target":"14","factor":"orientation_perpendicular"},
{"id":"85","source":"15","target":"14","factor":"orientation_perpendicular"},
{"id":"86","source":"14","target":"1","factor":"orientation_perpendicular"},
{"id":"87","source":"13","target":"14","factor":"orientation_perpendicular"},
{"id":"88","source":"14","target":"19","factor":"orientation_perpendicular"},
{"id":"89","source":"14","target":"16","factor":"orientation_perpendicular"},
{"id":"90","source":"14","target":"18","factor":"orientation_perpendicular"},
{"id":"91","source":"14","target":"8","factor":"orientation_perpendicular"},
{"id":"92","source":"12","target":"14","factor":"orientation_perpendicular"},
{"id":"93","source":"14","target":"12","factor":"orientation_perpendicular"},
{"id":"94","source":"1","target":"14","factor":"orientation_perpendicular"},
{"id":"95","source":"14","target":"11","factor":"orientation_perpendicular"},
{"id":"96","source":"14","target":"22","factor":"orientation_perpendicular"},
{"id":"97","source":"6","target":"14","factor":"orientation_perpendicular"},
{"id":"98","source":"14","target":"17","factor":"orientation_perpendicular"},
{"id":"99","source":"14","target":"23","factor":"orientation_perpendicular"},
{"id":"100","source":"14","target":"15","factor":"orientation_perpendicular"},
{"id":"101","source":"14","target":"25","factor":"orientation_perpendicular"},
{"id":"102","source":"14","target":"20","factor":"orientation_perpendicular"},
{"id":"103","source":"14","target":"5","factor":"orientation_perpendicular"},
{"id":"104","source":"14","target":"10","factor":"orientation_perpendicular"},
{"id":"105","source":"14","target":"7","factor":"orientation_perpendicular"},
{"id":"106","source":"14","target":"24","factor":"orientation_perpendicular"},
{"id":"107","source":"20","target":"14","factor":"orientation_perpendicular"},
{"id":"108","source":"14","target":"27","factor":"orientation_perpendicular"},
{"id":"109","source":"14","target":"27","factor":"symmetry"},
{"id":"110","source":"27","target":"1","factor":"proximity"},
{"id":"111","source":"12","target":"27","factor":"orientation_parallel"},
{"id":"112","source":"27","target":"1","factor":"orientation_parallel"},
{"id":"113","source":"3","target":"27","factor":"orientation_parallel"},
{"id":"114","source":"2","target":"27","factor":"orientation_parallel"},
{"id":"115","source":"4","target":"27","factor":"orientation_parallel"},
{"id":"116","source":"27","target":"19","factor":"orientation_parallel"},
{"id":"117","source":"4","target":"27","factor":"orientation_perpendicular"},
{"id":"118","source":"2","target":"27","factor":"orientation_perpendicular"},
{"id":"119","source":"3","target":"27","factor":"orientation_perpendicular"},
{"id":"120","source":"15","target":"27","factor":"orientation_perpendicular"},
{"id":"121","source":"27","target":"1","factor":"orientation_perpendicular"},
{"id":"122","source":"13","target":"27","factor":"orientation_perpendicular"},
{"id":"123","source":"27","target":"19","factor":"orientation_perpendicular"},
{"id":"124","source":"27","target":"16","factor":"orientation_perpendicular"},
{"id":"125","source":"27","target":"18","factor":"orientation_perpendicular"},
{"id":"126","source":"27","target":"8","factor":"orientation_perpendicular"},
{"id":"127","source":"12","target":"27","factor":"orientation_perpendicular"},
{"id":"128","source":"27","target":"12","factor":"orientation_perpendicular"},
{"id":"129","source":"1","target":"27","factor":"orientation_perpendicular"},
{"id":"130","source":"27","target":"11","factor":"orientation_perpendicular"},
{"id":"131","source":"27","target":"22","factor":"orientation_perpendicular"},
{"id":"132","source":"6","target":"27","factor":"orientation_perpendicular"},
{"id":"133","source":"27","target":"17","factor":"orientation_perpendicular"},
{"id":"134","source":"27","target":"23","factor":"orientation_perpendicular"},
{"id":"135","source":"27","target":"15","factor":"orientation_perpendicular"},
{"id":"136","source":"27","target":"25","factor":"orientation_perpendicular"},
{"id":"137","source":"27","target":"20","factor":"orientation_perpendicular"},
{"id":"138","source":"27","target":"5","factor":"orientation_perpendicular"},
{"id":"139","source":"27","target":"10","factor":"orientation_perpendicular"},
{"id":"140","source":"27","target":"7","factor":"orientation_perpendicular"},
{"id":"141","source":"27","target":"24","factor":"orientation_perpendicular"},
{"id":"142","source":"20","target":"27","factor":"orientation_perpendicular"},
{"id":"143","source":"14","target":"28","factor":"orientation_perpendicular"},
{"id":"144","source":"27","target":"28","factor":"orientation_perpendicular"},
{"id":"145","source":"14","target":"28","factor":"symmetry"},
{"id":"146","source":"27","target":"28","factor":"symmetry"},
{"id":"147","source":"28","target":"1","factor":"proximity"},
{"id":"148","source":"12","target":"28","factor":"orientation_parallel"},
{"id":"149","source":"28","target":"1","factor":"orientation_parallel"},
{"id":"150","source":"3","target":"28","factor":"orientation_parallel"},
{"id":"151","source":"2","target":"28","factor":"orientation_parallel"},
{"id":"152","source":"4","target":"28","factor":"orientation_parallel"},
{"id":"153","source":"28","target":"19","factor":"orientation_parallel"},
{"id":"154","source":"4","target":"28","factor":"orientation_perpendicular"},
{"id":"155","source":"2","target":"28","factor":"orientation_perpendicular"},
{"id":"156","source":"3","target":"28","factor":"orientation_perpendicular"},
{"id":"157","source":"15","target":"28","factor":"orientation_perpendicular"},
{"id":"158","source":"28","target":"1","factor":"orientation_perpendicular"},
{"id":"159","source":"13","target":"28","factor":"orientation_perpendicular"},
{"id":"160","source":"28","target":"19","factor":"orientation_perpendicular"},
{"id":"161","source":"28","target":"16","factor":"orientation_perpendicular"},
{"id":"162","source":"28","target":"18","factor":"orientation_perpendicular"},
{"id":"163","source":"28","target":"8","factor":"orientation_perpendicular"},
{"id":"164","source":"12","target":"28","factor":"orientation_perpendicular"},
{"id":"165","source":"28","target":"12","factor":"orientation_perpendicular"},
{"id":"166","source":"1","target":"28","factor":"orientation_perpendicular"},
{"id":"167","source":"28","target":"11","factor":"orientation_perpendicular"},
{"id":"168","source":"28","target":"22","factor":"orientation_perpendicular"},
{"id":"169","source":"6","target":"28","factor":"orientation_perpendicular"},
{"id":"170","source":"28","target":"17","factor":"orientation_perpendicular"},
{"id":"171","source":"28","target":"23","factor":"orientation_perpendicular"},
{"id":"172","source":"28","target":"15","factor":"orientation_perpendicular"},
{"id":"173","source":"28","target":"25","factor":"orientation_perpendicular"},
{"id":"174","source":"28","target":"20","factor":"orientation_perpendicular"},
{"id":"175","source":"28","target":"5","factor":"orientation_perpendicular"},
{"id":"176","source":"28","target":"10","factor":"orientation_perpendicular"},
{"id":"177","source":"28","target":"7","factor":"orientation_perpendicular"},
{"id":"178","source":"28","target":"24","factor":"orientation_perpendicular"},
{"id":"179","source":"20","target":"28","factor":"orientation_perpendicular"},
{"id":"180","source":"3","target":"5","factor":"proximity"},
{"id":"181","source":"3","target":"5","factor":"orientation_parallel"},
{"id":"182","source":"2","target":"5","factor":"orientation_parallel"},
{"id":"183","source":"15","target":"5","factor":"orientation_parallel"},
{"id":"184","source":"5","target":"19","factor":"orientation_parallel"},
{"id":"185","source":"5","target":"1","factor":"orientation_parallel"},
{"id":"186","source":"5","target":"18","factor":"orientation_parallel"},
{"id":"187","source":"12","target":"5","factor":"orientation_parallel"},
{"id":"188","source":"13","target":"5","factor":"orientation_parallel"},
{"id":"189","source":"4","target":"5","factor":"orientation_parallel"},
{"id":"190","source":"5","target":"19","factor":"orientation_perpendicular"},
{"id":"191","source":"5","target":"1","factor":"orientation_perpendicular"},
{"id":"192","source":"6","target":"5","factor":"orientation_perpendicular"},
{"id":"193","source":"12","target":"5","factor":"orientation_perpendicular"},
{"id":"194","source":"15","target":"5","factor":"orientation_perpendicular"},
{"id":"195","source":"5","target":"20","factor":"orientation_perpendicular"},
{"id":"196","source":"5","target":"22","factor":"orientation_perpendicular"},
{"id":"197","source":"5","target":"8","factor":"orientation_perpendicular"},
{"id":"198","source":"5","target":"15","factor":"orientation_perpendicular"},
{"id":"199","source":"5","target":"23","factor":"orientation_perpendicular"},
{"id":"200","source":"1","target":"5","factor":"orientation_perpendicular"},
{"id":"201","source":"4","target":"5","factor":"orientation_perpendicular"},
{"id":"202","source":"13","target":"5","factor":"orientation_perpendicular"},
{"id":"203","source":"5","target":"25","factor":"orientation_perpendicular"},
{"id":"204","source":"5","target":"12","factor":"orientation_perpendicular"},
{"id":"205","source":"5","target":"11","factor":"orientation_perpendicular"},
{"id":"206","source":"2","target":"5","factor":"orientation_perpendicular"},
{"id":"207","source":"3","target":"5","factor":"orientation_perpendicular"},
{"id":"208","source":"5","target":"24","factor":"orientation_perpendicular"},
{"id":"209","source":"5","target":"16","factor":"orientation_perpendicular"},
{"id":"210","source":"5","target":"17","factor":"orientation_perpendicular"},
{"id":"211","source":"5","target":"18","factor":"orientation_perpendicular"},
{"id":"212","source":"5","target":"10","factor":"orientation_perpendicular"},
{"id":"213","source":"7","target":"5","factor":"orientation_perpendicular"},
{"id":"214","source":"5","target":"9","factor":"orientation_perpendicular"},
{"id":"215","source":"5","target":"29","factor":"orientation_parallel"},
{"id":"216","source":"5","target":"29","factor":"symmetry"},
{"id":"217","source":"3","target":"29","factor":"proximity"},
{"id":"218","source":"3","target":"29","factor":"orientation_parallel"},
{"id":"219","source":"2","target":"29","factor":"orientation_parallel"},
{"id":"220","source":"15","target":"29","factor":"orientation_parallel"},
{"id":"221","source":"29","target":"19","factor":"orientation_parallel"},
{"id":"222","source":"29","target":"1","factor":"orientation_parallel"},
{"id":"223","source":"29","target":"18","factor":"orientation_parallel"},
{"id":"224","source":"12","target":"29","factor":"orientation_parallel"},
{"id":"225","source":"13","target":"29","factor":"orientation_parallel"},
{"id":"226","source":"4","target":"29","factor":"orientation_parallel"},
{"id":"227","source":"29","target":"19","factor":"orientation_perpendicular"},
{"id":"228","source":"29","target":"1","factor":"orientation_perpendicular"},
{"id":"229","source":"6","target":"29","factor":"orientation_perpendicular"},
{"id":"230","source":"12","target":"29","factor":"orientation_perpendicular"},
{"id":"231","source":"15","target":"29","factor":"orientation_perpendicular"},
{"id":"232","source":"29","target":"20","factor":"orientation_perpendicular"},
{"id":"233","source":"29","target":"22","factor":"orientation_perpendicular"},
{"id":"234","source":"29","target":"8","factor":"orientation_perpendicular"},
{"id":"235","source":"29","target":"15","factor":"orientation_perpendicular"},
{"id":"236","source":"29","target":"23","factor":"orientation_perpendicular"},
{"id":"237","source":"1","target":"29","factor":"orientation_perpendicular"},
{"id":"238","source":"4","target":"29","factor":"orientation_perpendicular"},
{"id":"239","source":"13","target":"29","factor":"orientation_perpendicular"},
{"id":"240","source":"29","target":"25","factor":"orientation_perpendicular"},
{"id":"241","source":"29","target":"12","factor":"orientation_perpendicular"},
{"id":"242","source":"29","target":"11","factor":"orientation_perpendicular"},
{"id":"243","source":"2","target":"29","factor":"orientation_perpendicular"},
{"id":"244","source":"3","target":"29","factor":"orientation_perpendicular"},
{"id":"245","source":"29","target":"24","factor":"orientation_perpendicular"},
{"id":"246","source":"29","target":"16","factor":"orientation_perpendicular"},
{"id":"247","source":"29","target":"17","factor":"orientation_perpendicular"},
{"id":"248","source":"29","target":"18","factor":"orientation_perpendicular"},
{"id":"249","source":"29","target":"10","factor":"orientation_perpendicular"},
{"id":"250","source":"7","target":"29","factor":"orientation_perpendicular"},
{"id":"251","source":"29","target":"9","factor":"orientation_perpendicular"},
{"id":"252","source":"5","target":"30","factor":"orientation_parallel"},
{"id":"253","source":"29","target":"30","factor":"orientation_parallel"},
{"id":"254","source":"5","target":"30","factor":"symmetry"},
{"id":"255","source":"29","target":"30","factor":"symmetry"},
{"id":"256","source":"3","target":"30","factor":"proximity"},
{"id":"257","source":"3","target":"30","factor":"orientation_parallel"},
{"id":"258","source":"2","target":"30","factor":"orientation_parallel"},
{"id":"259","source":"15","target":"30","factor":"orientation_parallel"},
{"id":"260","source":"30","target":"19","factor":"orientation_parallel"},
{"id":"261","source":"30","target":"1","factor":"orientation_parallel"},
{"id":"262","source":"30","target":"18","factor":"orientation_parallel"},
{"id":"263","source":"12","target":"30","factor":"orientation_parallel"},
{"id":"264","source":"13","target":"30","factor":"orientation_parallel"},
{"id":"265","source":"4","target":"30","factor":"orientation_parallel"},
{"id":"266","source":"30","target":"19","factor":"orientation_perpendicular"},
{"id":"267","source":"30","target":"1","factor":"orientation_perpendicular"},
{"id":"268","source":"6","target":"30","factor":"orientation_perpendicular"},
{"id":"269","source":"12","target":"30","factor":"orientation_perpendicular"},
{"id":"270","source":"15","target":"30","factor":"orientation_perpendicular"},
{"id":"271","source":"30","target":"20","factor":"orientation_perpendicular"},
{"id":"272","source":"30","target":"22","factor":"orientation_perpendicular"},
{"id":"273","source":"30","target":"8","factor":"orientation_perpendicular"},
{"id":"274","source":"30","target":"15","factor":"orientation_perpendicular"},
{"id":"275","source":"30","target":"23","factor":"orientation_perpendicular"},
{"id":"276","source":"1","target":"30","factor":"orientation_perpendicular"},
{"id":"277","source":"4","target":"30","factor":"orientation_perpendicular"},
{"id":"278","source":"13","target":"30","factor":"orientation_perpendicular"},
{"id":"279","source":"30","target":"25","factor":"orientation_perpendicular"},
{"id":"280","source":"30","target":"12","factor":"orientation_perpendicular"},
{"id":"281","source":"30","target":"11","factor":"orientation_perpendicular"},
{"id":"282","source":"2","target":"30","factor":"orientation_perpendicular"},
{"id":"283","source":"3","target":"30","factor":"orientation_perpendicular"},
{"id":"284","source":"30","target":"24","factor":"orientation_perpendicular"},
{"id":"285","source":"30","target":"16","factor":"orientation_perpendicular"},
{"id":"286","source":"30","target":"17","factor":"orientation_perpendicular"},
{"id":"287","source":"30","target":"18","factor":"orientation_perpendicular"},
{"id":"288","source":"30","target":"10","factor":"orientation_perpendicular"},
{"id":"289","source":"7","target":"30","factor":"orientation_perpendicular"},
{"id":"290","source":"30","target":"9","factor":"orientation_perpendicular"},
{"id":"291","source":"5","target":"31","factor":"orientation_parallel"},
{"id":"292","source":"29","target":"31","factor":"orientation_parallel"},
{"id":"293","source":"30","target":"31","factor":"orientation_parallel"},
{"id":"294","source":"5","target":"31","factor":"symmetry"},
{"id":"295","source":"29","target":"31","factor":"symmetry"},
{"id":"296","source":"30","target":"31","factor":"symmetry"},
{"id":"297","source":"3","target":"31","factor":"proximity"},
{"id":"298","source":"3","target":"31","factor":"orientation_parallel"},
{"id":"299","source":"2","target":"31","factor":"orientation_parallel"},
{"id":"300","source":"15","target":"31","factor":"orientation_parallel"},
{"id":"301","source":"31","target":"19","factor":"orientation_parallel"},
{"id":"302","source":"31","target":"1","factor":"orientation_parallel"},
{"id":"303","source":"31","target":"18","factor":"orientation_parallel"},
{"id":"304","source":"12","target":"31","factor":"orientation_parallel"},
{"id":"305","source":"13","target":"31","factor":"orientation_parallel"},
{"id":"306","source":"4","target":"31","factor":"orientation_parallel"},
{"id":"307","source":"31","target":"19","factor":"orientation_perpendicular"},
{"id":"308","source":"31","target":"1","factor":"orientation_perpendicular"},
{"id":"309","source":"6","target":"31","factor":"orientation_perpendicular"},
{"id":"310","source":"12","target":"31","factor":"orientation_perpendicular"},
{"id":"311","source":"15","target":"31","factor":"orientation_perpendicular"},
{"id":"312","source":"31","target":"20","factor":"orientation_perpendicular"},
{"id":"313","source":"31","target":"22","factor":"orientation_perpendicular"},
{"id":"314","source":"31","target":"8","factor":"orientation_perpendicular"},
{"id":"315","source":"31","target":"15","factor":"orientation_perpendicular"},
{"id":"316","source":"31","target":"23","factor":"orientation_perpendicular"},
{"id":"317","source":"1","target":"31","factor":"orientation_perpendicular"},
{"id":"318","source":"4","target":"31","factor":"orientation_perpendicular"},
{"id":"319","source":"13","target":"31","factor":"orientation_perpendicular"},
{"id":"320","source":"31","target":"25","factor":"orientation_perpendicular"},
{"id":"321","source":"31","target":"12","factor":"orientation_perpendicular"},
{"id":"322","source":"31","target":"11","factor":"orientation_perpendicular"},
{"id":"323","source":"2","target":"31","factor":"orientation_perpendicular"},
{"id":"324","source":"3","target":"31","factor":"orientation_perpendicular"},
{"id":"325","source":"31","target":"24","factor":"orientation_perpendicular"},
{"id":"326","source":"31","target":"16","factor":"orientation_perpendicular"},
{"id":"327","source":"31","target":"17","factor":"orientation_perpendicular"},
{"id":"328","source":"31","target":"18","factor":"orientation_perpendicular"},
{"id":"329","source":"31","target":"10","factor":"orientation_perpendicular"},
{"id":"330","source":"7","target":"31","factor":"orientation_perpendicular"},
{"id":"331","source":"31","target":"9","factor":"orientation_perpendicular"},
{"id":"332","source":"1","target":"2","factor":"Horizontal-Support"},
{"id":"333","source":"3","target":"4","factor":"proximity"},
{"id":"334","source":"3","target":"1","factor":"proximity"},
{"id":"335","source":"6","target":"2","factor":"proximity"},
{"id":"336","source":"6","target":"1","factor":"proximity"},
{"id":"337","source":"3","target":"7","factor":"proximity"},
{"id":"338","source":"3","target":"6","factor":"proximity"},
{"id":"339","source":"8","target":"1","factor":"proximity"},
{"id":"340","source":"9","target":"1","factor":"proximity"},
{"id":"341","source":"8","target":"8","factor":"proximity"},
{"id":"342","source":"9","target":"3","factor":"proximity"},
{"id":"343","source":"1","target":"1","factor":"proximity"},
{"id":"344","source":"4","target":"2","factor":"proximity"},
{"id":"345","source":"4","target":"10","factor":"proximity"},
{"id":"346","source":"4","target":"11","factor":"proximity"},
{"id":"347","source":"2","target":"1","factor":"proximity"},
{"id":"348","source":"8","target":"3","factor":"proximity"},
{"id":"349","source":"12","target":"12","factor":"proximity"},
{"id":"350","source":"13","target":"1","factor":"proximity"},
{"id":"351","source":"2","target":"13","factor":"proximity"},
{"id":"352","source":"7","target":"7","factor":"proximity"},
{"id":"353","source":"3","target":"2","factor":"proximity"},
{"id":"354","source":"2","target":"12","factor":"proximity"},
{"id":"355","source":"6","target":"12","factor":"proximity"},
{"id":"356","source":"16","target":"1","factor":"proximity"},
{"id":"357","source":"4","target":"1","factor":"proximity"},
{"id":"358","source":"8","target":"16","factor":"proximity"},
{"id":"359","source":"17","target":"1","factor":"proximity"},
{"id":"360","source":"10","target":"18","factor":"proximity"},
{"id":"361","source":"1","target":"12","factor":"proximity"},
{"id":"362","source":"1","target":"15","factor":"proximity"},
{"id":"363","source":"2","target":"19","factor":"proximity"},
{"id":"364","source":"16","target":"4","factor":"proximity"},
{"id":"365","source":"7","target":"4","factor":"proximity"},
{"id":"366","source":"7","target":"2","factor":"proximity"},
{"id":"367","source":"7","target":"1","factor":"proximity"},
{"id":"368","source":"12","target":"1","factor":"orientation_parallel"},
{"id":"369","source":"4","target":"15","factor":"orientation_parallel"},
{"id":"370","source":"4","target":"11","factor":"orientation_parallel"},
{"id":"371","source":"4","target":"20","factor":"orientation_parallel"},
{"id":"372","source":"4","target":"1","factor":"orientation_parallel"},
{"id":"373","source":"2","target":"3","factor":"orientation_parallel"},
{"id":"374","source":"2","target":"1","factor":"orientation_parallel"},
{"id":"375","source":"2","target":"7","factor":"orientation_parallel"},
{"id":"376","source":"2","target":"20","factor":"orientation_parallel"},
{"id":"377","source":"2","target":"10","factor":"orientation_parallel"},
{"id":"378","source":"2","target":"18","factor":"orientation_parallel"},
{"id":"379","source":"3","target":"1","factor":"orientation_parallel"},
{"id":"380","source":"3","target":"7","factor":"orientation_parallel"},
{"id":"381","source":"3","target":"20","factor":"orientation_parallel"},
{"id":"382","source":"3","target":"18","factor":"orientation_parallel"},
{"id":"383","source":"15","target":"1","factor":"orientation_parallel"},
{"id":"384","source":"11","target":"1","factor":"orientation_parallel"},
{"id":"385","source":"20","target":"1","factor":"orientation_parallel"},
{"id":"386","source":"6","target":"1","factor":"orientation_parallel"},
{"id":"387","source":"3","target":"15","factor":"orientation_parallel"},
{"id":"388","source":"3","target":"19","factor":"orientation_parallel"},
{"id":"389","source":"2","target":"15","factor":"orientation_parallel"},
{"id":"390","source":"2","target":"19","factor":"orientation_parallel"},
{"id":"391","source":"15","target":"19","factor":"orientation_parallel"},
{"id":"392","source":"19","target":"1","factor":"orientation_parallel"},
{"id":"393","source":"17","target":"1","factor":"orientation_parallel"},
{"id":"394","source":"1","target":"1","factor":"orientation_parallel"},
{"id":"395","source":"13","target":"1","factor":"orientation_parallel"},
{"id":"396","source":"3","target":"21","factor":"orientation_parallel"},
{"id":"397","source":"3","target":"8","factor":"orientation_parallel"},
{"id":"398","source":"3","target":"22","factor":"orientation_parallel"},
{"id":"399","source":"2","target":"21","factor":"orientation_parallel"},
{"id":"400","source":"2","target":"8","factor":"orientation_parallel"},
{"id":"401","source":"2","target":"22","factor":"orientation_parallel"},
{"id":"402","source":"8","target":"1","factor":"orientation_parallel"},
{"id":"403","source":"2","target":"9","factor":"orientation_parallel"},
{"id":"404","source":"3","target":"9","factor":"orientation_parallel"},
{"id":"405","source":"6","target":"15","factor":"orientation_parallel"},
{"id":"406","source":"12","target":"3","factor":"orientation_parallel"},
{"id":"407","source":"12","target":"2","factor":"orientation_parallel"},
{"id":"408","source":"12","target":"18","factor":"orientation_parallel"},
{"id":"409","source":"12","target":"20","factor":"orientation_parallel"},
{"id":"410","source":"13","target":"13","factor":"orientation_parallel"},
{"id":"411","source":"13","target":"12","factor":"orientation_parallel"},
{"id":"412","source":"13","target":"2","factor":"orientation_parallel"},
{"id":"413","source":"13","target":"3","factor":"orientation_parallel"},
{"id":"414","source":"13","target":"4","factor":"orientation_parallel"},
{"id":"415","source":"12","target":"12","factor":"orientation_parallel"},
{"id":"416","source":"12","target":"4","factor":"orientation_parallel"},
{"id":"417","source":"2","target":"4","factor":"orientation_parallel"},
{"id":"418","source":"3","target":"4","factor":"orientation_parallel"},
{"id":"419","source":"4","target":"10","factor":"orientation_parallel"},
{"id":"420","source":"22","target":"1","factor":"orientation_parallel"},
{"id":"421","source":"12","target":"15","factor":"orientation_parallel"},
{"id":"422","source":"12","target":"19","factor":"orientation_parallel"},
{"id":"423","source":"13","target":"18","factor":"orientation_parallel"},
{"id":"424","source":"9","target":"1","factor":"orientation_parallel"},
{"id":"425","source":"4","target":"16","factor":"orientation_parallel"},
{"id":"426","source":"4","target":"8","factor":"orientation_parallel"},
{"id":"427","source":"4","target":"19","factor":"orientation_parallel"},
{"id":"428","source":"16","target":"1","factor":"orientation_parallel"},
{"id":"429","source":"8","target":"8","factor":"orientation_parallel"},
{"id":"430","source":"18","target":"1","factor":"orientation_parallel"},
{"id":"431","source":"23","target":"1","factor":"orientation_parallel"},
{"id":"432","source":"24","target":"1","factor":"orientation_parallel"},
{"id":"433","source":"2","target":"11","factor":"orientation_parallel"},
{"id":"434","source":"3","target":"11","factor":"orientation_parallel"},
{"id":"435","source":"15","target":"15","factor":"orientation_parallel"},
{"id":"436","source":"20","target":"20","factor":"orientation_parallel"},
{"id":"437","source":"12","target":"8","factor":"orientation_parallel"},
{"id":"438","source":"10","target":"1","factor":"orientation_parallel"},
{"id":"439","source":"25","target":"1","factor":"orientation_parallel"},
{"id":"440","source":"15","target":"18","factor":"orientation_parallel"},
{"id":"441","source":"13","target":"15","factor":"orientation_parallel"},
{"id":"442","source":"6","target":"3","factor":"orientation_parallel"},
{"id":"443","source":"6","target":"2","factor":"orientation_parallel"},
{"id":"444","source":"7","target":"1","factor":"orientation_parallel"},
{"id":"445","source":"4","target":"1","factor":"orientation_perpendicular"},
{"id":"446","source":"2","target":"1","factor":"orientation_perpendicular"},
{"id":"447","source":"3","target":"1","factor":"orientation_perpendicular"},
{"id":"448","source":"15","target":"1","factor":"orientation_perpendicular"},
{"id":"449","source":"11","target":"1","factor":"orientation_perpendicular"},
{"id":"450","source":"1","target":"1","factor":"orientation_perpendicular"},
{"id":"451","source":"7","target":"1","factor":"orientation_perpendicular"},
{"id":"452","source":"20","target":"1","factor":"orientation_perpendicular"},
{"id":"453","source":"10","target":"1","factor":"orientation_perpendicular"},
{"id":"454","source":"18","target":"1","factor":"orientation_perpendicular"},
{"id":"455","source":"6","target":"13","factor":"orientation_perpendicular"},
{"id":"456","source":"6","target":"1","factor":"orientation_perpendicular"},
{"id":"457","source":"1","target":"19","factor":"orientation_perpendicular"},
{"id":"458","source":"1","target":"17","factor":"orientation_perpendicular"},
{"id":"459","source":"6","target":"15","factor":"orientation_perpendicular"},
{"id":"460","source":"3","target":"15","factor":"orientation_perpendicular"},
{"id":"461","source":"2","target":"15","factor":"orientation_perpendicular"},
{"id":"462","source":"4","target":"15","factor":"orientation_perpendicular"},
{"id":"463","source":"17","target":"1","factor":"orientation_perpendicular"},
{"id":"464","source":"3","target":"19","factor":"orientation_perpendicular"},
{"id":"465","source":"2","target":"19","factor":"orientation_perpendicular"},
{"id":"466","source":"15","target":"19","factor":"orientation_perpendicular"},
{"id":"467","source":"21","target":"1","factor":"orientation_perpendicular"},
{"id":"468","source":"8","target":"1","factor":"orientation_perpendicular"},
{"id":"469","source":"1","target":"9","factor":"orientation_perpendicular"},
{"id":"470","source":"9","target":"9","factor":"orientation_perpendicular"},
{"id":"471","source":"6","target":"12","factor":"orientation_perpendicular"},
{"id":"472","source":"6","target":"3","factor":"orientation_perpendicular"},
{"id":"473","source":"6","target":"2","factor":"orientation_perpendicular"},
{"id":"474","source":"6","target":"21","factor":"orientation_perpendicular"},
{"id":"475","source":"6","target":"20","factor":"orientation_perpendicular"},
{"id":"476","source":"6","target":"18","factor":"orientation_perpendicular"},
{"id":"477","source":"12","target":"1","factor":"orientation_perpendicular"},
{"id":"478","source":"15","target":"21","factor":"orientation_perpendicular"},
{"id":"479","source":"15","target":"20","factor":"orientation_perpendicular"},
{"id":"480","source":"15","target":"18","factor":"orientation_perpendicular"},
{"id":"481","source":"6","target":"7","factor":"orientation_perpendicular"},
{"id":"482","source":"12","target":"21","factor":"orientation_perpendicular"},
{"id":"483","source":"3","target":"21","factor":"orientation_perpendicular"},
{"id":"484","source":"2","target":"21","factor":"orientation_perpendicular"},
{"id":"485","source":"15","target":"7","factor":"orientation_perpendicular"},
{"id":"486","source":"12","target":"13","factor":"orientation_perpendicular"},
{"id":"487","source":"12","target":"12","factor":"orientation_perpendicular"},
{"id":"488","source":"12","target":"2","factor":"orientation_perpendicular"},
{"id":"489","source":"12","target":"3","factor":"orientation_perpendicular"},
{"id":"490","source":"12","target":"4","factor":"orientation_perpendicular"},
{"id":"491","source":"12","target":"11","factor":"orientation_perpendicular"},
{"id":"492","source":"12","target":"10","factor":"orientation_perpendicular"},
{"id":"493","source":"12","target":"22","factor":"orientation_perpendicular"},
{"id":"494","source":"13","target":"20","factor":"orientation_perpendicular"},
{"id":"495","source":"13","target":"22","factor":"orientation_perpendicular"},
{"id":"496","source":"13","target":"1","factor":"orientation_perpendicular"},
{"id":"497","source":"12","target":"20","factor":"orientation_perpendicular"},
{"id":"498","source":"2","target":"20","factor":"orientation_perpendicular"},
{"id":"499","source":"2","target":"22","factor":"orientation_perpendicular"},
{"id":"500","source":"3","target":"20","factor":"orientation_perpendicular"},
{"id":"501","source":"3","target":"22","factor":"orientation_perpendicular"},
{"id":"502","source":"22","target":"12","factor":"orientation_perpendicular"},
{"id":"503","source":"4","target":"20","factor":"orientation_perpendicular"},
{"id":"504","source":"4","target":"22","factor":"orientation_perpendicular"},
{"id":"505","source":"15","target":"11","factor":"orientation_perpendicular"},
{"id":"506","source":"15","target":"10","factor":"orientation_perpendicular"},
{"id":"507","source":"15","target":"22","factor":"orientation_perpendicular"},
{"id":"508","source":"11","target":"20","factor":"orientation_perpendicular"},
{"id":"509","source":"11","target":"22","factor":"orientation_perpendicular"},
{"id":"510","source":"10","target":"22","factor":"orientation_perpendicular"},
{"id":"511","source":"20","target":"22","factor":"orientation_perpendicular"},
{"id":"512","source":"22","target":"22","factor":"orientation_perpendicular"},
{"id":"513","source":"22","target":"1","factor":"orientation_perpendicular"},
{"id":"514","source":"12","target":"19","factor":"orientation_perpendicular"},
{"id":"515","source":"13","target":"19","factor":"orientation_perpendicular"},
{"id":"516","source":"6","target":"19","factor":"orientation_perpendicular"},
{"id":"517","source":"15","target":"15","factor":"orientation_perpendicular"},
{"id":"518","source":"15","target":"9","factor":"orientation_perpendicular"},
{"id":"519","source":"19","target":"1","factor":"orientation_perpendicular"},
{"id":"520","source":"4","target":"19","factor":"orientation_perpendicular"},
{"id":"521","source":"1","target":"16","factor":"orientation_perpendicular"},
{"id":"522","source":"1","target":"8","factor":"orientation_perpendicular"},
{"id":"523","source":"16","target":"19","factor":"orientation_perpendicular"},
{"id":"524","source":"8","target":"19","factor":"orientation_perpendicular"},
{"id":"525","source":"12","target":"23","factor":"orientation_perpendicular"},
{"id":"526","source":"3","target":"23","factor":"orientation_perpendicular"},
{"id":"527","source":"2","target":"23","factor":"orientation_perpendicular"},
{"id":"528","source":"4","target":"12","factor":"orientation_perpendicular"},
{"id":"529","source":"16","target":"20","factor":"orientation_perpendicular"},
{"id":"530","source":"16","target":"1","factor":"orientation_perpendicular"},
{"id":"531","source":"19","target":"23","factor":"orientation_perpendicular"},
{"id":"532","source":"20","target":"23","factor":"orientation_perpendicular"},
{"id":"533","source":"3","target":"12","factor":"orientation_perpendicular"},
{"id":"534","source":"2","target":"12","factor":"orientation_perpendicular"},
{"id":"535","source":"19","target":"15","factor":"orientation_perpendicular"},
{"id":"536","source":"24","target":"1","factor":"orientation_perpendicular"},
{"id":"537","source":"12","target":"15","factor":"orientation_perpendicular"},
{"id":"538","source":"1","target":"15","factor":"orientation_perpendicular"},
{"id":"539","source":"1","target":"23","factor":"orientation_perpendicular"},
{"id":"540","source":"2","target":"4","factor":"orientation_perpendicular"},
{"id":"541","source":"3","target":"4","factor":"orientation_perpendicular"},
{"id":"542","source":"4","target":"23","factor":"orientation_perpendicular"},
{"id":"543","source":"11","target":"23","factor":"orientation_perpendicular"},
{"id":"544","source":"8","target":"23","factor":"orientation_perpendicular"},
{"id":"545","source":"12","target":"18","factor":"orientation_perpendicular"},
{"id":"546","source":"4","target":"18","factor":"orientation_perpendicular"},
{"id":"547","source":"6","target":"17","factor":"orientation_perpendicular"},
{"id":"548","source":"13","target":"17","factor":"orientation_perpendicular"},
{"id":"549","source":"2","target":"17","factor":"orientation_perpendicular"},
{"id":"550","source":"3","target":"17","factor":"orientation_perpendicular"},
{"id":"551","source":"4","target":"17","factor":"orientation_perpendicular"},
{"id":"552","source":"15","target":"16","factor":"orientation_perpendicular"},
{"id":"553","source":"15","target":"8","factor":"orientation_perpendicular"},
{"id":"554","source":"15","target":"25","factor":"orientation_perpendicular"},
{"id":"555","source":"11","target":"17","factor":"orientation_perpendicular"},
{"id":"556","source":"16","target":"17","factor":"orientation_perpendicular"},
{"id":"557","source":"8","target":"8","factor":"orientation_perpendicular"},
{"id":"558","source":"8","target":"25","factor":"orientation_perpendicular"},
{"id":"559","source":"8","target":"22","factor":"orientation_perpendicular"},
{"id":"560","source":"25","target":"1","factor":"orientation_perpendicular"},
{"id":"561","source":"20","target":"20","factor":"orientation_perpendicular"},
{"id":"562","source":"20","target":"10","factor":"orientation_perpendicular"},
{"id":"563","source":"20","target":"8","factor":"orientation_perpendicular"},
{"id":"564","source":"20","target":"25","factor":"orientation_perpendicular"},
{"id":"565","source":"13","target":"3","factor":"orientation_perpendicular"},
{"id":"566","source":"13","target":"2","factor":"orientation_perpendicular"},
{"id":"567","source":"13","target":"15","factor":"orientation_perpendicular"},
{"id":"568","source":"13","target":"21","factor":"orientation_perpendicular"},
{"id":"569","source":"13","target":"8","factor":"orientation_perpendicular"},
{"id":"570","source":"3","target":"25","factor":"orientation_perpendicular"},
{"id":"571","source":"2","target":"25","factor":"orientation_perpendicular"},
{"id":"572","source":"4","target":"21","factor":"orientation_perpendicular"},
{"id":"573","source":"4","target":"8","factor":"orientation_perpendicular"},
{"id":"574","source":"21","target":"20","factor":"orientation_perpendicular"},
{"id":"575","source":"10","target":"8","factor":"orientation_perpendicular"},
{"id":"576","source":"18","target":"8","factor":"orientation_perpendicular"},
{"id":"577","source":"1","target":"20","factor":"orientation_perpendicular"},
{"id":"578","source":"15","target":"23","factor":"orientation_perpendicular"},
{"id":"579","source":"7","target":"23","factor":"orientation_perpendicular"},
{"id":"580","source":"23","target":"20","factor":"orientation_perpendicular"},
{"id":"581","source":"12","target":"9","factor":"orientation_perpendicular"},
{"id":"582","source":"6","target":"11","factor":"orientation_perpendicular"},
{"id":"583","source":"3","target":"11","factor":"orientation_perpendicular"},
{"id":"584","source":"2","target":"11","factor":"orientation_perpendicular"},
{"id":"585","source":"4","target":"9","factor":"orientation_perpendicular"},
{"id":"586","source":"15","target":"12","factor":"orientation_perpendicular"},
{"id":"587","source":"19","target":"12","factor":"orientation_perpendicular"},
{"id":"588","source":"9","target":"12","factor":"orientation_perpendicular"},
{"id":"589","source":"1","target":"12","factor":"orientation_perpendicular"},
{"id":"590","source":"20","target":"19","factor":"orientation_perpendicular"},
{"id":"591","source":"6","target":"6","factor":"orientation_perpendicular"},
{"id":"592","source":"3","target":"7","factor":"orientation_perpendicular"},
{"id":"593","source":"3","target":"16","factor":"orientation_perpendicular"},
{"id":"594","source":"2","target":"7","factor":"orientation_perpendicular"},
{"id":"595","source":"2","target":"16","factor":"orientation_perpendicular"},
{"id":"596","source":"12","target":"7","factor":"orientation_perpendicular"},
{"id":"597","source":"12","target":"8","factor":"orientation_perpendicular"},
{"id":"598","source":"4","target":"7","factor":"orientation_perpendicular"},
{"id":"599","source":"11","target":"7","factor":"orientation_perpendicular"},
{"id":"600","source":"11","target":"8","factor":"orientation_perpendicular"},
{"id":"601","source":"7","target":"19","factor":"orientation_perpendicular"},
{"id":"602","source":"6","target":"9","factor":"orientation_perpendicular"},
{"id":"603","source":"6","target":"10","factor":"orientation_perpendicular"},
{"id":"604","source":"3","target":"10","factor":"orientation_perpendicular"},
{"id":"605","source":"2","target":"10","factor":"orientation_perpendicular"},
{"id":"606","source":"3","target":"24","factor":"orientation_perpendicular"},
{"id":"607","source":"2","target":"24","factor":"orientation_perpendicular"},
{"id":"608","source":"12","target":"24","factor":"orientation_perpendicular"},
{"id":"609","source":"3","target":"18","factor":"orientation_perpendicular"},
{"id":"610","source":"2","target":"18","factor":"orientation_perpendicular"},
{"id":"611","source":"7","target":"18","factor":"orientation_perpendicular"},
{"id":"612","source":"19","target":"18","factor":"orientation_perpendicular"},
{"id":"613","source":"9","target":"1","factor":"orientation_perpendicular"},
{"id":"614","source":"9","target":"18","factor":"orientation_perpendicular"},
{"id":"615","source":"4","target":"11","factor":"orientation_perpendicular"},
{"id":"616","source":"11","target":"16","factor":"orientation_perpendicular"},
{"id":"617","source":"12","target":"16","factor":"orientation_perpendicular"},
{"id":"618","source":"13","target":"16","factor":"orientation_perpendicular"},
{"id":"619","source":"12","target":"17","factor":"orientation_perpendicular"},
{"id":"620","source":"13","target":"9","factor":"orientation_perpendicular"},
{"id":"621","source":"13","target":"23","factor":"orientation_perpendicular"},
{"id":"622","source":"6","target":"23","factor":"orientation_perpendicular"},
{"id":"623","source":"3","target":"9","factor":"orientation_perpendicular"},
{"id":"624","source":"2","target":"9","factor":"orientation_perpendicular"},
{"id":"625","source":"7","target":"9","factor":"orientation_perpendicular"},
{"id":"626","source":"13","target":"4","factor":"orientation_perpendicular"},
{"id":"627","source":"6","target":"4","factor":"orientation_perpendicular"},
{"id":"628","source":"13","target":"24","factor":"orientation_perpendicular"},
{"id":"629","source":"6","target":"24","factor":"orientation_perpendicular"},
{"id":"630","source":"23","target":"1","factor":"orientation_perpendicular"},
{"id":"631","source":"11","target":"19","factor":"orientation_perpendicular"},
{"id":"632","source":"11","target":"18","factor":"orientation_perpendicular"},
{"id":"633","source":"7","target":"20","factor":"orientation_perpendicular"},
{"id":"634","source":"20","target":"18","factor":"orientation_perpendicular"},
{"id":"635","source":"9","target":"23","factor":"orientation_perpendicular"},
{"id":"636","source":"2","target":"8","factor":"orientation_perpendicular"},
{"id":"637","source":"3","target":"8","factor":"orientation_perpendicular"},
{"id":"638","source":"9","target":"8","factor":"orientation_perpendicular"},
{"id":"639","source":"9","target":"22","factor":"orientation_perpendicular"},
{"id":"640","source":"18","target":"22","factor":"orientation_perpendicular"},
{"id":"641","source":"19","target":"22","factor":"orientation_perpendicular"},
{"id":"642","source":"23","target":"22","factor":"orientation_perpendicular"},
{"id":"643","source":"22","target":"20","factor":"orientation_perpendicular"},
{"id":"644","source":"12","target":"6","factor":"orientation_perpendicular"},
{"id":"645","source":"13","target":"11","factor":"orientation_perpendicular"},
{"id":"646","source":"13","target":"25","factor":"orientation_perpendicular"},
{"id":"647","source":"11","target":"10","factor":"orientation_perpendicular"},
{"id":"648","source":"21","target":"10","factor":"orientation_perpendicular"},
{"id":"649","source":"12","target":"25","factor":"orientation_perpendicular"},
{"id":"650","source":"6","target":"8","factor":"orientation_perpendicular"},
{"id":"651","source":"6","target":"25","factor":"orientation_perpendicular"},
{"id":"652","source":"4","target":"25","factor":"orientation_perpendicular"},
{"id":"653","source":"7","target":"25","factor":"orientation_perpendicular"},
{"id":"654","source":"18","target":"25","factor":"orientation_perpendicular"},
{"id":"655","source":"13","target":"18","factor":"orientation_perpendicular"},
{"id":"656","source":"13","target":"10","factor":"orientation_perpendicular"},
{"id":"657","source":"16","target":"18","factor":"orientation_perpendicular"},
{"id":"658","source":"1","target":"25","factor":"orientation_perpendicular"},
{"id":"659","source":"4","target":"10","factor":"orientation_perpendicular"},
{"id":"660","source":"25","target":"22","factor":"orientation_perpendicular"},
{"id":"661","source":"24","target":"23","factor":"orientation_perpendicular"},
{"id":"662","source":"15","target":"24","factor":"orientation_perpendicular"},
{"id":"663","source":"18","target":"12","factor":"orientation_perpendicular"},
{"id":"664","source":"11","target":"24","factor":"orientation_perpendicular"},
{"id":"665","source":"7","target":"8","factor":"orientation_perpendicular"},
{"id":"666","source":"19","target":"10","factor":"orientation_perpendicular"},
{"id":"667","source":"6","target":"16","factor":"orientation_perpendicular"},
{"id":"668","source":"10","target":"15","factor":"orientation_perpendicular"},
{"id":"669","source":"8","target":"15","factor":"orientation_perpendicular"},
{"id":"670","source":"13","target":"7","factor":"orientation_perpendicular"},
{"id":"671","source":"11","target":"12","factor":"orientation_perpendicular"},
{"id":"672","source":"16","target":"12","factor":"orientation_perpendicular"},
{"id":"673","source":"4","target":"24","factor":"orientation_perpendicular"},
{"id":"674","source":"1","target":"22","factor":"orientation_perpendicular"},
{"id":"675","source":"15","target":"17","factor":"orientation_perpendicular"},
{"id":"676","source":"19","target":"17","factor":"orientation_perpendicular"},
{"id":"677","source":"11","target":"21","factor":"orientation_perpendicular"},
{"id":"678","source":"13","target":"12","factor":"orientation_perpendicular"},
{"id":"679","source":"18","target":"10","factor":"orientation_perpendicular"},
{"id":"680","source":"6","target":"22","factor":"orientation_perpendicular"},
{"id":"681","source":"16","target":"9","factor":"orientation_perpendicular"},
{"id":"682","source":"11","target":"9","factor":"orientation_perpendicular"},
{"id":"683","source":"22","target":"8","factor":"orientation_perpendicular"},
{"id":"684","source":"7","target":"7","factor":"orientation_perpendicular"},
{"id":"685","source":"16","target":"22","factor":"orientation_perpendicular"},
{"id":"686","source":"20","target":"20","factor":"symmetry"},
{"id":"687","source":"1","target":"1","factor":"symmetry"},
{"id":"688","source":"11","target":"11","factor":"symmetry"},
{"id":"689","source":"22","target":"22","factor":"symmetry"},
{"id":"690","source":"16","target":"16","factor":"symmetry"},
{"id":"691","source":"13","target":"13","factor":"symmetry"},
{"id":"692","source":"19","target":"19","factor":"symmetry"},
{"id":"693","source":"18","target":"18","factor":"symmetry"},
{"id":"694","source":"8","target":"8","factor":"symmetry"},
{"id":"695","source":"6","target":"6","factor":"symmetry"},
{"id":"696","source":"12","target":"12","factor":"symmetry"},
{"id":"697","source":"15","target":"15","factor":"symmetry"},
{"id":"698","source":"7","target":"7","factor":"symmetry"},
{"id":"699","source":"4","target":"4","factor":"symmetry"},
{"id":"700","source":"25","target":"25","factor":"symmetry"},
{"id":"701","source":"17","target":"17","factor":"symmetry"},
{"id":"702","source":"1","target":"1","factor":"side_to_side"}
],
"probability":[
{"id":"0","value":0.0795455},
{"id":"1","value":0.0541958},
{"id":"2","value":0.13986},
{"id":"3","value":0.0515734},
{"id":"4","value":0.270979},
{"id":"5","value":0.23514},
{"id":"6","value":0.0576923},
{"id":"7","value":0.11014},
{"id":"8","value":0.11014},
{"id":"9","value":0.0594406},
{"id":"10","value":0.307692},
{"id":"11","value":0.0568182},
{"id":"12","value":0.0961538},
{"id":"13","value":0.0961538},
{"id":"14","value":0.0716783},
{"id":"15","value":0.0174825},
{"id":"16","value":0.0760489},
{"id":"17","value":0.0402098},
{"id":"18","value":0.0454545},
{"id":"19","value":0.0445804},
{"id":"20","value":0.0358392},
{"id":"21","value":0.0253497},
{"id":"22","value":0.083042},
{"id":"23","value":0.0236014},
{"id":"24","value":0.133741},
{"id":"25","value":0.0743007},
{"id":"26","value":0.034965},
{"id":"27","value":0.0629371},
{"id":"28","value":0.0244755},
{"id":"29","value":0.0236014},
{"id":"30","value":0.0463287},
{"id":"31","value":0.0201049},
{"id":"32","value":0.0358392},
{"id":"33","value":0.0174825},
{"id":"34","value":0.0148601},
{"id":"35","value":0.0113636},
{"id":"36","value":0.0734266},
{"id":"37","value":0.0472028},
{"id":"38","value":0.0594406},
{"id":"39","value":0.0795455},
{"id":"40","value":0.0541958},
{"id":"41","value":0.13986},
{"id":"42","value":0.0515734},
{"id":"43","value":0.270979},
{"id":"44","value":0.23514},
{"id":"45","value":0.0576923},
{"id":"46","value":0.11014},
{"id":"47","value":0.11014},
{"id":"48","value":0.0594406},
{"id":"49","value":0.307692},
{"id":"50","value":0.0568182},
{"id":"51","value":0.0961538},
{"id":"52","value":0.0961538},
{"id":"53","value":0.0716783},
{"id":"54","value":0.0174825},
{"id":"55","value":0.0760489},
{"id":"56","value":0.0402098},
{"id":"57","value":0.0454545},
{"id":"58","value":0.0445804},
{"id":"59","value":0.0358392},
{"id":"60","value":0.0253497},
{"id":"61","value":0.083042},
{"id":"62","value":0.0236014},
{"id":"63","value":0.133741},
{"id":"64","value":0.0743007},
{"id":"65","value":0.034965},
{"id":"66","value":0.0629371},
{"id":"67","value":0.0244755},
{"id":"68","value":0.0236014},
{"id":"69","value":0.0463287},
{"id":"70","value":0.0201049},
{"id":"71","value":0.0358392},
{"id":"72","value":0.0174825},
{"id":"73","value":0.0148601},
{"id":"74","value":0.0113636},
{"id":"75","value":0.0541958},
{"id":"76","value":0.0620629},
{"id":"77","value":0.157343},
{"id":"78","value":0.11014},
{"id":"79","value":0.111014},
{"id":"80","value":0.0541958},
{"id":"81","value":0.0515734},
{"id":"82","value":0.0690559},
{"id":"83","value":0.0559441},
{"id":"84","value":0.0559441},
{"id":"85","value":0.0952797},
{"id":"86","value":0.229895},
{"id":"87","value":0.0244755},
{"id":"88","value":0.0410839},
{"id":"89","value":0.013986},
{"id":"90","value":0.027972},
{"id":"91","value":0.0201049},
{"id":"92","value":0.0550699},
{"id":"93","value":0.0122378},
{"id":"94","value":0.0201049},
{"id":"95","value":0.0104895},
{"id":"96","value":0.0236014},
{"id":"97","value":0.0550699},
{"id":"98","value":0.0166084},
{"id":"99","value":0.0192308},
{"id":"100","value":0.0157343},
{"id":"101","value":0.013986},
{"id":"102","value":0.0253497},
{"id":"103","value":0.0270979},
{"id":"104","value":0.0122378},
{"id":"105","value":0.0113636},
{"id":"106","value":0.0174825},
{"id":"107","value":0.0122378},
{"id":"108","value":0.020979},
{"id":"109","value":0.0437063},
{"id":"110","value":0.0541958},
{"id":"111","value":0.0620629},
{"id":"112","value":0.157343},
{"id":"113","value":0.11014},
{"id":"114","value":0.111014},
{"id":"115","value":0.0541958},
{"id":"116","value":0.0515734},
{"id":"117","value":0.0690559},
{"id":"118","value":0.0559441},
{"id":"119","value":0.0559441},
{"id":"120","value":0.0952797},
{"id":"121","value":0.229895},
{"id":"122","value":0.0244755},
{"id":"123","value":0.0410839},
{"id":"124","value":0.013986},
{"id":"125","value":0.027972},
{"id":"126","value":0.0201049},
{"id":"127","value":0.0550699},
{"id":"128","value":0.0122378},
{"id":"129","value":0.0201049},
{"id":"130","value":0.0104895},
{"id":"131","value":0.0236014},
{"id":"132","value":0.0550699},
{"id":"133","value":0.0166084},
{"id":"134","value":0.0192308},
{"id":"135","value":0.0157343},
{"id":"136","value":0.013986},
{"id":"137","value":0.0253497},
{"id":"138","value":0.0270979},
{"id":"139","value":0.0122378},
{"id":"140","value":0.0113636},
{"id":"141","value":0.0174825},
{"id":"142","value":0.0122378},
{"id":"143","value":0.020979},
{"id":"144","value":0.020979},
{"id":"145","value":0.0437063},
{"id":"146","value":0.0437063},
{"id":"147","value":0.0541958},
{"id":"148","value":0.0620629},
{"id":"149","value":0.157343},
{"id":"150","value":0.11014},
{"id":"151","value":0.111014},
{"id":"152","value":0.0541958},
{"id":"153","value":0.0515734},
{"id":"154","value":0.0690559},
{"id":"155","value":0.0559441},
{"id":"156","value":0.0559441},
{"id":"157","value":0.0952797},
{"id":"158","value":0.229895},
{"id":"159","value":0.0244755},
{"id":"160","value":0.0410839},
{"id":"161","value":0.013986},
{"id":"162","value":0.027972},
{"id":"163","value":0.0201049},
{"id":"164","value":0.0550699},
{"id":"165","value":0.0122378},
{"id":"166","value":0.0201049},
{"id":"167","value":0.0104895},
{"id":"168","value":0.0236014},
{"id":"169","value":0.0550699},
{"id":"170","value":0.0166084},
{"id":"171","value":0.0192308},
{"id":"172","value":0.0157343},
{"id":"173","value":0.013986},
{"id":"174","value":0.0253497},
{"id":"175","value":0.0270979},
{"id":"176","value":0.0122378},
{"id":"177","value":0.0113636},
{"id":"178","value":0.0174825},
{"id":"179","value":0.0122378},
{"id":"180","value":0.0769231},
{"id":"181","value":0.409091},
{"id":"182","value":0.410839},
{"id":"183","value":0.102273},
{"id":"184","value":0.0804196},
{"id":"185","value":0.153846},
{"id":"186","value":0.131993},
{"id":"187","value":0.0979021},
{"id":"188","value":0.0743007},
{"id":"189","value":0.0568182},
{"id":"190","value":0.0262238},
{"id":"191","value":0.411713},
{"id":"192","value":0.0611888},
{"id":"193","value":0.109266},
{"id":"194","value":0.116259},
{"id":"195","value":0.048951},
{"id":"196","value":0.0384615},
{"id":"197","value":0.0288462},
{"id":"198","value":0.0236014},
{"id":"199","value":0.0157343},
{"id":"200","value":0.0253497},
{"id":"201","value":0.0804196},
{"id":"202","value":0.0410839},
{"id":"203","value":0.0201049},
{"id":"204","value":0.0192308},
{"id":"205","value":0.0506993},
{"id":"206","value":0.0166084},
{"id":"207","value":0.0166084},
{"id":"208","value":0.013986},
{"id":"209","value":0.0227273},
{"id":"210","value":0.0192308},
{"id":"211","value":0.0166084},
{"id":"212","value":0.0340909},
{"id":"213","value":0.0157343},
{"id":"214","value":0.0131119},
{"id":"215","value":0.090035},
{"id":"216","value":0.0891608},
{"id":"217","value":0.0769231},
{"id":"218","value":0.409091},
{"id":"219","value":0.410839},
{"id":"220","value":0.102273},
{"id":"221","value":0.0804196},
{"id":"222","value":0.153846},
{"id":"223","value":0.131993},
{"id":"224","value":0.0979021},
{"id":"225","value":0.0743007},
{"id":"226","value":0.0568182},
{"id":"227","value":0.0262238},
{"id":"228","value":0.411713},
{"id":"229","value":0.0611888},
{"id":"230","value":0.109266},
{"id":"231","value":0.116259},
{"id":"232","value":0.048951},
{"id":"233","value":0.0384615},
{"id":"234","value":0.0288462},
{"id":"235","value":0.0236014},
{"id":"236","value":0.0157343},
{"id":"237","value":0.0253497},
{"id":"238","value":0.0804196},
{"id":"239","value":0.0410839},
{"id":"240","value":0.0201049},
{"id":"241","value":0.0192308},
{"id":"242","value":0.0506993},
{"id":"243","value":0.0166084},
{"id":"244","value":0.0166084},
{"id":"245","value":0.013986},
{"id":"246","value":0.0227273},
{"id":"247","value":0.0192308},
{"id":"248","value":0.0166084},
{"id":"249","value":0.0340909},
{"id":"250","value":0.0157343},
{"id":"251","value":0.0131119},
{"id":"252","value":0.090035},
{"id":"253","value":0.090035},
{"id":"254","value":0.0891608},
{"id":"255","value":0.0891608},
{"id":"256","value":0.0769231},
{"id":"257","value":0.409091},
{"id":"258","value":0.410839},
{"id":"259","value":0.102273},
{"id":"260","value":0.0804196},
{"id":"261","value":0.153846},
{"id":"262","value":0.131993},
{"id":"263","value":0.0979021},
{"id":"264","value":0.0743007},
{"id":"265","value":0.0568182},
{"id":"266","value":0.0262238},
{"id":"267","value":0.411713},
{"id":"268","value":0.0611888},
{"id":"269","value":0.109266},
{"id":"270","value":0.116259},
{"id":"271","value":0.048951},
{"id":"272","value":0.0384615},
{"id":"273","value":0.0288462},
{"id":"274","value":0.0236014},
{"id":"275","value":0.0157343},
{"id":"276","value":0.0253497},
{"id":"277","value":0.0804196},
{"id":"278","value":0.0410839},
{"id":"279","value":0.0201049},
{"id":"280","value":0.0192308},
{"id":"281","value":0.0506993},
{"id":"282","value":0.0166084},
{"id":"283","value":0.0166084},
{"id":"284","value":0.013986},
{"id":"285","value":0.0227273},
{"id":"286","value":0.0192308},
{"id":"287","value":0.0166084},
{"id":"288","value":0.0340909},
{"id":"289","value":0.0157343},
{"id":"290","value":0.0131119},
{"id":"291","value":0.090035},
{"id":"292","value":0.090035},
{"id":"293","value":0.090035},
{"id":"294","value":0.0891608},
{"id":"295","value":0.0891608},
{"id":"296","value":0.0891608},
{"id":"297","value":0.0769231},
{"id":"298","value":0.409091},
{"id":"299","value":0.410839},
{"id":"300","value":0.102273},
{"id":"301","value":0.0804196},
{"id":"302","value":0.153846},
{"id":"303","value":0.131993},
{"id":"304","value":0.0979021},
{"id":"305","value":0.0743007},
{"id":"306","value":0.0568182},
{"id":"307","value":0.0262238},
{"id":"308","value":0.411713},
{"id":"309","value":0.0611888},
{"id":"310","value":0.109266},
{"id":"311","value":0.116259},
{"id":"312","value":0.048951},
{"id":"313","value":0.0384615},
{"id":"314","value":0.0288462},
{"id":"315","value":0.0236014},
{"id":"316","value":0.0157343},
{"id":"317","value":0.0253497},
{"id":"318","value":0.0804196},
{"id":"319","value":0.0410839},
{"id":"320","value":0.0201049},
{"id":"321","value":0.0192308},
{"id":"322","value":0.0506993},
{"id":"323","value":0.0166084},
{"id":"324","value":0.0166084},
{"id":"325","value":0.013986},
{"id":"326","value":0.0227273},
{"id":"327","value":0.0192308},
{"id":"328","value":0.0166084},
{"id":"329","value":0.0340909},
{"id":"330","value":0.0157343},
{"id":"331","value":0.0131119},
{"id":"332","value":0.660839},
{"id":"333","value":0.0786713},
{"id":"334","value":0.0769231},
{"id":"335","value":0.0751748},
{"id":"336","value":0.0751748},
{"id":"337","value":0.0743007},
{"id":"338","value":0.0716783},
{"id":"339","value":0.0708042},
{"id":"340","value":0.0699301},
{"id":"341","value":0.0699301},
{"id":"342","value":0.0699301},
{"id":"343","value":0.0909091},
{"id":"344","value":0.0664336},
{"id":"345","value":0.0655594},
{"id":"346","value":0.0620629},
{"id":"347","value":0.0603147},
{"id":"348","value":0.0594406},
{"id":"349","value":0.0594406},
{"id":"350","value":0.0585664},
{"id":"351","value":0.0585664},
{"id":"352","value":0.0576923},
{"id":"353","value":0.0576923},
{"id":"354","value":0.0568182},
{"id":"355","value":0.0568182},
{"id":"356","value":0.0524476},
{"id":"357","value":0.0524476},
{"id":"358","value":0.0524476},
{"id":"359","value":0.0515734},
{"id":"360","value":0.0506993},
{"id":"361","value":0.229895},
{"id":"362","value":0.199301},
{"id":"363","value":0.187063},
{"id":"364","value":0.120629},
{"id":"365","value":0.0944056},
{"id":"366","value":0.0909091},
{"id":"367","value":0.0909091},
{"id":"368","value":0.41521},
{"id":"369","value":0.119755},
{"id":"370","value":0.0743007},
{"id":"371","value":0.0550699},
{"id":"372","value":0.337413},
{"id":"373","value":0.986888},
{"id":"374","value":0.269231},
{"id":"375","value":0.0708042},
{"id":"376","value":0.103147},
{"id":"377","value":0.0506993},
{"id":"378","value":0.232517},
{"id":"379","value":0.268357},
{"id":"380","value":0.0699301},
{"id":"381","value":0.102273},
{"id":"382","value":0.230769},
{"id":"383","value":0.456294},
{"id":"384","value":0.128496},
{"id":"385","value":0.158217},
{"id":"386","value":0.228147},
{"id":"387","value":0.276224},
{"id":"388","value":0.228147},
{"id":"389","value":0.273601},
{"id":"390","value":0.229021},
{"id":"391","value":0.0777972},
{"id":"392","value":0.16521},
{"id":"393","value":0.0568182},
{"id":"394","value":0.717657},
{"id":"395","value":0.23514},
{"id":"396","value":0.0708042},
{"id":"397","value":0.116259},
{"id":"398","value":0.0550699},
{"id":"399","value":0.0708042},
{"id":"400","value":0.116259},
{"id":"401","value":0.0550699},
{"id":"402","value":0.0891608},
{"id":"403","value":0.0541958},
{"id":"404","value":0.0541958},
{"id":"405","value":0.136364},
{"id":"406","value":0.201923},
{"id":"407","value":0.202797},
{"id":"408","value":0.0568182},
{"id":"409","value":0.0673077},
{"id":"410","value":0.0568182},
{"id":"411","value":0.0515734},
{"id":"412","value":0.172203},
{"id":"413","value":0.172203},
{"id":"414","value":0.0515734},
{"id":"415","value":0.126748},
{"id":"416","value":0.0576923},
{"id":"417","value":0.146853},
{"id":"418","value":0.145979},
{"id":"419","value":0.0874126},
{"id":"420","value":0.0874126},
{"id":"421","value":0.0585664},
{"id":"422","value":0.0708042},
{"id":"423","value":0.0620629},
{"id":"424","value":0.0821678},
{"id":"425","value":0.0961538},
{"id":"426","value":0.0882867},
{"id":"427","value":0.0646853},
{"id":"428","value":0.0926573},
{"id":"429","value":0.0690559},
{"id":"430","value":0.0568182},
{"id":"431","value":0.0629371},
{"id":"432","value":0.0629371},
{"id":"433","value":0.0681818},
{"id":"434","value":0.0681818},
{"id":"435","value":0.125},
{"id":"436","value":0.0646853},
{"id":"437","value":0.0646853},
{"id":"438","value":0.0839161},
{"id":"439","value":0.0699301},
{"id":"440","value":0.0541958},
{"id":"441","value":0.115385},
{"id":"442","value":0.0909091},
{"id":"443","value":0.0917832},
{"id":"444","value":0.0821678},
{"id":"445","value":0.417832},
{"id":"446","value":0.937937},
{"id":"447","value":0.937063},
{"id":"448","value":0.671329},
{"id":"449","value":0.193182},
{"id":"450","value":0.957168},
{"id":"451","value":0.152972},
{"id":"452","value":0.231643},
{"id":"453","value":0.156469},
{"id":"454","value":0.276224},
{"id":"455","value":0.0856643},
{"id":"456","value":0.407343},
{"id":"457","value":0.308566},
{"id":"458","value":0.0944056},
{"id":"459","value":0.101399},
{"id":"460","value":0.20542},
{"id":"461","value":0.20542},
{"id":"462","value":0.148601},
{"id":"463","value":0.027972},
{"id":"464","value":0.0821678},
{"id":"465","value":0.083042},
{"id":"466","value":0.103147},
{"id":"467","value":0.090035},
{"id":"468","value":0.18007},
{"id":"469","value":0.125874},
{"id":"470","value":0.0104895},
{"id":"471","value":0.166084},
{"id":"472","value":0.138112},
{"id":"473","value":0.138986},
{"id":"474","value":0.0253497},
{"id":"475","value":0.0463287},
{"id":"476","value":0.0568182},
{"id":"477","value":0.523601},
{"id":"478","value":0.0262238},
{"id":"479","value":0.0952797},
{"id":"480","value":0.0743007},
{"id":"481","value":0.0646853},
{"id":"482","value":0.0148601},
{"id":"483","value":0.027972},
{"id":"484","value":0.027972},
{"id":"485","value":0.0646853},
{"id":"486","value":0.115385},
{"id":"487","value":0.041958},
{"id":"488","value":0.214161},
{"id":"489","value":0.213287},
{"id":"490","value":0.134615},
{"id":"491","value":0.0585664},
{"id":"492","value":0.048951},
{"id":"493","value":0.0480769},
{"id":"494","value":0.0323427},
{"id":"495","value":0.0332168},
{"id":"496","value":0.36451},
{"id":"497","value":0.0638112},
{"id":"498","value":0.0786713},
{"id":"499","value":0.0629371},
{"id":"500","value":0.0786713},
{"id":"501","value":0.0629371},
{"id":"502","value":0.013986},
{"id":"503","value":0.0506993},
{"id":"504","value":0.0367133},
{"id":"505","value":0.0699301},
{"id":"506","value":0.0629371},
{"id":"507","value":0.0498252},
{"id":"508","value":0.0166084},
{"id":"509","value":0.0297203},
{"id":"510","value":0.0122378},
{"id":"511","value":0.0332168},
{"id":"512","value":0.020979},
{"id":"513","value":0.137238},
{"id":"514","value":0.0646853},
{"id":"515","value":0.0454545},
{"id":"516","value":0.0699301},
{"id":"517","value":0.124126},
{"id":"518","value":0.0393357},
{"id":"519","value":0.0550699},
{"id":"520","value":0.0673077},
{"id":"521","value":0.159965},
{"id":"522","value":0.0227273},
{"id":"523","value":0.020979},
{"id":"524","value":0.0297203},
{"id":"525","value":0.0270979},
{"id":"526","value":0.0314685},
{"id":"527","value":0.0314685},
{"id":"528","value":0.020979},
{"id":"529","value":0.0104895},
{"id":"530","value":0.0445804},
{"id":"531","value":0.020979},
{"id":"532","value":0.0148601},
{"id":"533","value":0.0262238},
{"id":"534","value":0.0262238},
{"id":"535","value":0.0122378},
{"id":"536","value":0.0935315},
{"id":"537","value":0.245629},
{"id":"538","value":0.0253497},
{"id":"539","value":0.111014},
{"id":"540","value":0.166084},
{"id":"541","value":0.166084},
{"id":"542","value":0.0236014},
{"id":"543","value":0.0104895},
{"id":"544","value":0.0131119},
{"id":"545","value":0.0708042},
{"id":"546","value":0.0480769},
{"id":"547","value":0.0305944},
{"id":"548","value":0.0201049},
{"id":"549","value":0.0402098},
{"id":"550","value":0.0402098},
{"id":"551","value":0.0262238},
{"id":"552","value":0.0673077},
{"id":"553","value":0.090035},
{"id":"554","value":0.0428322},
{"id":"555","value":0.0174825},
{"id":"556","value":0.0122378},
{"id":"557","value":0.0104895},
{"id":"558","value":0.0148601},
{"id":"559","value":0.0270979},
{"id":"560","value":0.107517},
{"id":"561","value":0.0367133},
{"id":"562","value":0.0157343},
{"id":"563","value":0.0244755},
{"id":"564","value":0.0166084},
{"id":"565","value":0.0734266},
{"id":"566","value":0.0734266},
{"id":"567","value":0.0743007},
{"id":"568","value":0.0131119},
{"id":"569","value":0.0402098},
{"id":"570","value":0.027972},
{"id":"571","value":0.027972},
{"id":"572","value":0.0201049},
{"id":"573","value":0.0297203},
{"id":"574","value":0.0113636},
{"id":"575","value":0.0113636},
{"id":"576","value":0.0332168},
{"id":"577","value":0.0314685},
{"id":"578","value":0.0402098},
{"id":"579","value":0.0227273},
{"id":"580","value":0.0104895},
{"id":"581","value":0.0314685},
{"id":"582","value":0.0454545},
{"id":"583","value":0.0734266},
{"id":"584","value":0.0734266},
{"id":"585","value":0.0410839},
{"id":"586","value":0.0498252},
{"id":"587","value":0.0236014},
{"id":"588","value":0.0104895},
{"id":"589","value":0.0236014},
{"id":"590","value":0.0236014},
{"id":"591","value":0.0253497},
{"id":"592","value":0.0603147},
{"id":"593","value":0.0463287},
{"id":"594","value":0.0603147},
{"id":"595","value":0.0463287},
{"id":"596","value":0.0314685},
{"id":"597","value":0.0515734},
{"id":"598","value":0.0253497},
{"id":"599","value":0.0131119},
{"id":"600","value":0.0270979},
{"id":"601","value":0.0192308},
{"id":"602","value":0.0288462},
{"id":"603","value":0.0375874},
{"id":"604","value":0.0638112},
{"id":"605","value":0.0638112},
{"id":"606","value":0.0244755},
{"id":"607","value":0.0244755},
{"id":"608","value":0.0244755},
{"id":"609","value":0.0262238},
{"id":"610","value":0.0270979},
{"id":"611","value":0.027972},
{"id":"612","value":0.0157343},
{"id":"613","value":0.0297203},
{"id":"614","value":0.0201049},
{"id":"615","value":0.0218531},
{"id":"616","value":0.0236014},
{"id":"617","value":0.0393357},
{"id":"618","value":0.0262238},
{"id":"619","value":0.0305944},
{"id":"620","value":0.0270979},
{"id":"621","value":0.013986},
{"id":"622","value":0.0253497},
{"id":"623","value":0.0384615},
{"id":"624","value":0.0384615},
{"id":"625","value":0.0166084},
{"id":"626","value":0.083042},
{"id":"627","value":0.090035},
{"id":"628","value":0.0104895},
{"id":"629","value":0.0227273},
{"id":"630","value":0.0253497},
{"id":"631","value":0.0236014},
{"id":"632","value":0.0340909},
{"id":"633","value":0.0297203},
{"id":"634","value":0.0332168},
{"id":"635","value":0.0104895},
{"id":"636","value":0.0498252},
{"id":"637","value":0.0498252},
{"id":"638","value":0.0113636},
{"id":"639","value":0.0104895},
{"id":"640","value":0.0227273},
{"id":"641","value":0.0340909},
{"id":"642","value":0.0166084},
{"id":"643","value":0.013986},
{"id":"644","value":0.0113636},
{"id":"645","value":0.0323427},
{"id":"646","value":0.013986},
{"id":"647","value":0.0166084},
{"id":"648","value":0.0148601},
{"id":"649","value":0.0218531},
{"id":"650","value":0.0384615},
{"id":"651","value":0.0227273},
{"id":"652","value":0.0113636},
{"id":"653","value":0.0104895},
{"id":"654","value":0.0104895},
{"id":"655","value":0.0340909},
{"id":"656","value":0.0323427},
{"id":"657","value":0.0113636},
{"id":"658","value":0.0174825},
{"id":"659","value":0.0244755},
{"id":"660","value":0.0104895},
{"id":"661","value":0.0104895},
{"id":"662","value":0.0288462},
{"id":"663","value":0.013986},
{"id":"664","value":0.0148601},
{"id":"665","value":0.0131119},
{"id":"666","value":0.0104895},
{"id":"667","value":0.0201049},
{"id":"668","value":0.0122378},
{"id":"669","value":0.0122378},
{"id":"670","value":0.0131119},
{"id":"671","value":0.0122378},
{"id":"672","value":0.0122378},
{"id":"673","value":0.0192308},
{"id":"674","value":0.0297203},
{"id":"675","value":0.0192308},
{"id":"676","value":0.0227273},
{"id":"677","value":0.0157343},
{"id":"678","value":0.0157343},
{"id":"679","value":0.0174825},
{"id":"680","value":0.0174825},
{"id":"681","value":0.0183566},
{"id":"682","value":0.013986},
{"id":"683","value":0.0122378},
{"id":"684","value":0.0192308},
{"id":"685","value":0.0148601},
{"id":"686","value":0.0629371},
{"id":"687","value":0.766608},
{"id":"688","value":0.0463287},
{"id":"689","value":0.0655594},
{"id":"690","value":0.0174825},
{"id":"691","value":0.0708042},
{"id":"692","value":0.013986},
{"id":"693","value":0.0428322},
{"id":"694","value":0.0594406},
{"id":"695","value":0.0305944},
{"id":"696","value":0.0786713},
{"id":"697","value":0.0935315},
{"id":"698","value":0.0655594},
{"id":"699","value":0.0305944},
{"id":"700","value":0.0506993},
{"id":"701","value":0.0113636},
{"id":"702","value":0.118007}
]}