{
"vertices":[
{"id":"0","name":"stand","Leaves":[{"name":"stand","frequency":0.641105 }],"frequency":0.365385},
{"id":"1","name":"wall","Leaves":[{"name":"wall","frequency":0.236759 }],"frequency":0.988636},
{"id":"2","name":"floor","Leaves":[],"frequency":0.990385},
{"id":"3","name":"ceiling","Leaves":[],"frequency":0.98951},
{"id":"4","name":"curtain","Leaves":[{"name":"curtain","frequency":0.682411 }],"frequency":0.366259},
{"id":"5","name":"desk","Leaves":[{"name":"desk","frequency":0.890603 }],"frequency":0.55507},
{"id":"6","name":"chair","Leaves":[{"name":"chair","frequency":0.507399 }],"frequency":0.20979},
{"id":"7","name":"single_bed","Leaves":[{"name":"single_bed","frequency":0.84046 }],"frequency":0.446678},
{"id":"8","name":"office_chair","Leaves":[{"name":"office_chair","frequency":0.859649 }],"frequency":0.342657},
{"id":"9","name":"wardrobe_cabinet","Leaves":[{"name":"wardrobe_cabinet","frequency":0.696106 }],"frequency":0.640734},
{"id":"10","name":"shelving","Leaves":[{"name":"shelving","frequency":0.67462 }],"frequency":0.271853},
{"id":"11","name":"window","Leaves":[{"name":"window","frequency":0.687933 }],"frequency":0.782343},
{"id":"12","name":"rug","Leaves":[{"name":"rug","frequency":0.915929 }],"frequency":0.361888},
{"id":"13","name":"picture_frame","Leaves":[{"name":"picture_frame","frequency":0.531761 }],"frequency":0.256119},
{"id":"14","name":"clock","Leaves":[],"frequency":0.131119},
{"id":"15","name":"mirror","Leaves":[],"frequency":0.115385},
{"id":"16","name":"stand","Leaves":[{"name":"stand","frequency":0.641105 }],"frequency":2.33285e-18},
{"id":"17","name":"stand","Leaves":[{"name":"stand","frequency":0.641105 }],"frequency":0},
{"id":"18","name":"picture_frame","Leaves":[{"name":"picture_frame","frequency":0.531761 }],"frequency":3.59726e-12},
{"id":"19","name":"shelving","Leaves":[{"name":"shelving","frequency":0.67462 }],"frequency":3.28487e-18},
{"id":"20","name":"wall","Leaves":[{"name":"wall","frequency":0.236759 }],"frequency":8.11352e-43}
],
"rules":[
{"id":"0","source":"7","target":"0","factor":"proximity"},
{"id":"1","source":"0","target":"1","factor":"proximity"},
{"id":"2","source":"7","target":"0","factor":"orientation_parallel"},
{"id":"3","source":"0","target":"1","factor":"orientation_parallel"},
{"id":"4","source":"3","target":"0","factor":"orientation_parallel"},
{"id":"5","source":"2","target":"0","factor":"orientation_parallel"},
{"id":"6","source":"0","target":"13","factor":"orientation_parallel"},
{"id":"7","source":"11","target":"0","factor":"orientation_parallel"},
{"id":"8","source":"9","target":"0","factor":"orientation_parallel"},
{"id":"9","source":"3","target":"0","factor":"orientation_perpendicular"},
{"id":"10","source":"2","target":"0","factor":"orientation_perpendicular"},
{"id":"11","source":"11","target":"0","factor":"orientation_perpendicular"},
{"id":"12","source":"9","target":"0","factor":"orientation_perpendicular"},
{"id":"13","source":"6","target":"0","factor":"orientation_perpendicular"},
{"id":"14","source":"4","target":"0","factor":"orientation_perpendicular"},
{"id":"15","source":"0","target":"12","factor":"orientation_perpendicular"},
{"id":"16","source":"0","target":"1","factor":"orientation_perpendicular"},
{"id":"17","source":"10","target":"0","factor":"orientation_perpendicular"},
{"id":"18","source":"5","target":"0","factor":"orientation_perpendicular"},
{"id":"19","source":"0","target":"13","factor":"orientation_perpendicular"},
{"id":"20","source":"0","target":"9","factor":"orientation_perpendicular"},
{"id":"21","source":"8","target":"0","factor":"orientation_perpendicular"},
{"id":"22","source":"0","target":"10","factor":"orientation_perpendicular"},
{"id":"23","source":"0","target":"4","factor":"orientation_perpendicular"},
{"id":"24","source":"7","target":"0","factor":"orientation_perpendicular"},
{"id":"25","source":"0","target":"14","factor":"orientation_perpendicular"},
{"id":"26","source":"1","target":"0","factor":"orientation_perpendicular"},
{"id":"27","source":"13","target":"0","factor":"orientation_perpendicular"},
{"id":"28","source":"0","target":"11","factor":"orientation_perpendicular"},
{"id":"29","source":"0","target":"6","factor":"orientation_perpendicular"},
{"id":"30","source":"0","target":"16","factor":"orientation_parallel"},
{"id":"31","source":"0","target":"16","factor":"orientation_perpendicular"},
{"id":"32","source":"0","target":"16","factor":"symmetry"},
{"id":"33","source":"7","target":"16","factor":"proximity"},
{"id":"34","source":"16","target":"1","factor":"proximity"},
{"id":"35","source":"7","target":"16","factor":"orientation_parallel"},
{"id":"36","source":"16","target":"1","factor":"orientation_parallel"},
{"id":"37","source":"3","target":"16","factor":"orientation_parallel"},
{"id":"38","source":"2","target":"16","factor":"orientation_parallel"},
{"id":"39","source":"16","target":"13","factor":"orientation_parallel"},
{"id":"40","source":"11","target":"16","factor":"orientation_parallel"},
{"id":"41","source":"9","target":"16","factor":"orientation_parallel"},
{"id":"42","source":"3","target":"16","factor":"orientation_perpendicular"},
{"id":"43","source":"2","target":"16","factor":"orientation_perpendicular"},
{"id":"44","source":"11","target":"16","factor":"orientation_perpendicular"},
{"id":"45","source":"9","target":"16","factor":"orientation_perpendicular"},
{"id":"46","source":"6","target":"16","factor":"orientation_perpendicular"},
{"id":"47","source":"4","target":"16","factor":"orientation_perpendicular"},
{"id":"48","source":"16","target":"12","factor":"orientation_perpendicular"},
{"id":"49","source":"16","target":"1","factor":"orientation_perpendicular"},
{"id":"50","source":"10","target":"16","factor":"orientation_perpendicular"},
{"id":"51","source":"5","target":"16","factor":"orientation_perpendicular"},
{"id":"52","source":"16","target":"13","factor":"orientation_perpendicular"},
{"id":"53","source":"16","target":"9","factor":"orientation_perpendicular"},
{"id":"54","source":"8","target":"16","factor":"orientation_perpendicular"},
{"id":"55","source":"16","target":"10","factor":"orientation_perpendicular"},
{"id":"56","source":"16","target":"4","factor":"orientation_perpendicular"},
{"id":"57","source":"7","target":"16","factor":"orientation_perpendicular"},
{"id":"58","source":"16","target":"14","factor":"orientation_perpendicular"},
{"id":"59","source":"1","target":"16","factor":"orientation_perpendicular"},
{"id":"60","source":"13","target":"16","factor":"orientation_perpendicular"},
{"id":"61","source":"16","target":"11","factor":"orientation_perpendicular"},
{"id":"62","source":"16","target":"6","factor":"orientation_perpendicular"},
{"id":"63","source":"0","target":"17","factor":"orientation_parallel"},
{"id":"64","source":"16","target":"17","factor":"orientation_parallel"},
{"id":"65","source":"0","target":"17","factor":"orientation_perpendicular"},
{"id":"66","source":"16","target":"17","factor":"orientation_perpendicular"},
{"id":"67","source":"0","target":"17","factor":"symmetry"},
{"id":"68","source":"16","target":"17","factor":"symmetry"},
{"id":"69","source":"7","target":"17","factor":"proximity"},
{"id":"70","source":"17","target":"1","factor":"proximity"},
{"id":"71","source":"7","target":"17","factor":"orientation_parallel"},
{"id":"72","source":"17","target":"1","factor":"orientation_parallel"},
{"id":"73","source":"3","target":"17","factor":"orientation_parallel"},
{"id":"74","source":"2","target":"17","factor":"orientation_parallel"},
{"id":"75","source":"17","target":"13","factor":"orientation_parallel"},
{"id":"76","source":"11","target":"17","factor":"orientation_parallel"},
{"id":"77","source":"9","target":"17","factor":"orientation_parallel"},
{"id":"78","source":"3","target":"17","factor":"orientation_perpendicular"},
{"id":"79","source":"2","target":"17","factor":"orientation_perpendicular"},
{"id":"80","source":"11","target":"17","factor":"orientation_perpendicular"},
{"id":"81","source":"9","target":"17","factor":"orientation_perpendicular"},
{"id":"82","source":"6","target":"17","factor":"orientation_perpendicular"},
{"id":"83","source":"4","target":"17","factor":"orientation_perpendicular"},
{"id":"84","source":"17","target":"12","factor":"orientation_perpendicular"},
{"id":"85","source":"17","target":"1","factor":"orientation_perpendicular"},
{"id":"86","source":"10","target":"17","factor":"orientation_perpendicular"},
{"id":"87","source":"5","target":"17","factor":"orientation_perpendicular"},
{"id":"88","source":"17","target":"13","factor":"orientation_perpendicular"},
{"id":"89","source":"17","target":"9","factor":"orientation_perpendicular"},
{"id":"90","source":"8","target":"17","factor":"orientation_perpendicular"},
{"id":"91","source":"17","target":"10","factor":"orientation_perpendicular"},
{"id":"92","source":"17","target":"4","factor":"orientation_perpendicular"},
{"id":"93","source":"7","target":"17","factor":"orientation_perpendicular"},
{"id":"94","source":"17","target":"14","factor":"orientation_perpendicular"},
{"id":"95","source":"1","target":"17","factor":"orientation_perpendicular"},
{"id":"96","source":"13","target":"17","factor":"orientation_perpendicular"},
{"id":"97","source":"17","target":"11","factor":"orientation_perpendicular"},
{"id":"98","source":"17","target":"6","factor":"orientation_perpendicular"},
{"id":"99","source":"5","target":"13","factor":"orientation_parallel"},
{"id":"100","source":"2","target":"13","factor":"orientation_parallel"},
{"id":"101","source":"3","target":"13","factor":"orientation_parallel"},
{"id":"102","source":"13","target":"1","factor":"orientation_parallel"},
{"id":"103","source":"9","target":"13","factor":"orientation_parallel"},
{"id":"104","source":"13","target":"1","factor":"orientation_perpendicular"},
{"id":"105","source":"4","target":"13","factor":"orientation_perpendicular"},
{"id":"106","source":"11","target":"13","factor":"orientation_perpendicular"},
{"id":"107","source":"7","target":"13","factor":"orientation_perpendicular"},
{"id":"108","source":"9","target":"13","factor":"orientation_perpendicular"},
{"id":"109","source":"2","target":"13","factor":"orientation_perpendicular"},
{"id":"110","source":"3","target":"13","factor":"orientation_perpendicular"},
{"id":"111","source":"5","target":"13","factor":"orientation_perpendicular"},
{"id":"112","source":"8","target":"13","factor":"orientation_perpendicular"},
{"id":"113","source":"13","target":"14","factor":"orientation_perpendicular"},
{"id":"114","source":"1","target":"13","factor":"orientation_perpendicular"},
{"id":"115","source":"14","target":"13","factor":"orientation_perpendicular"},
{"id":"116","source":"13","target":"12","factor":"orientation_perpendicular"},
{"id":"117","source":"6","target":"13","factor":"orientation_perpendicular"},
{"id":"118","source":"10","target":"13","factor":"orientation_perpendicular"},
{"id":"119","source":"13","target":"10","factor":"orientation_perpendicular"},
{"id":"120","source":"13","target":"18","factor":"orientation_parallel"},
{"id":"121","source":"13","target":"18","factor":"orientation_perpendicular"},
{"id":"122","source":"13","target":"18","factor":"symmetry"},
{"id":"123","source":"5","target":"18","factor":"orientation_parallel"},
{"id":"124","source":"2","target":"18","factor":"orientation_parallel"},
{"id":"125","source":"3","target":"18","factor":"orientation_parallel"},
{"id":"126","source":"18","target":"1","factor":"orientation_parallel"},
{"id":"127","source":"9","target":"18","factor":"orientation_parallel"},
{"id":"128","source":"18","target":"1","factor":"orientation_perpendicular"},
{"id":"129","source":"4","target":"18","factor":"orientation_perpendicular"},
{"id":"130","source":"11","target":"18","factor":"orientation_perpendicular"},
{"id":"131","source":"7","target":"18","factor":"orientation_perpendicular"},
{"id":"132","source":"9","target":"18","factor":"orientation_perpendicular"},
{"id":"133","source":"2","target":"18","factor":"orientation_perpendicular"},
{"id":"134","source":"3","target":"18","factor":"orientation_perpendicular"},
{"id":"135","source":"5","target":"18","factor":"orientation_perpendicular"},
{"id":"136","source":"8","target":"18","factor":"orientation_perpendicular"},
{"id":"137","source":"18","target":"14","factor":"orientation_perpendicular"},
{"id":"138","source":"1","target":"18","factor":"orientation_perpendicular"},
{"id":"139","source":"14","target":"18","factor":"orientation_perpendicular"},
{"id":"140","source":"18","target":"12","factor":"orientation_perpendicular"},
{"id":"141","source":"6","target":"18","factor":"orientation_perpendicular"},
{"id":"142","source":"10","target":"18","factor":"orientation_perpendicular"},
{"id":"143","source":"18","target":"10","factor":"orientation_perpendicular"},
{"id":"144","source":"10","target":"1","factor":"proximity"},
{"id":"145","source":"9","target":"10","factor":"orientation_parallel"},
{"id":"146","source":"10","target":"1","factor":"orientation_parallel"},
{"id":"147","source":"3","target":"10","factor":"orientation_parallel"},
{"id":"148","source":"2","target":"10","factor":"orientation_parallel"},
{"id":"149","source":"5","target":"10","factor":"orientation_parallel"},
{"id":"150","source":"10","target":"12","factor":"orientation_parallel"},
{"id":"151","source":"5","target":"10","factor":"orientation_perpendicular"},
{"id":"152","source":"2","target":"10","factor":"orientation_perpendicular"},
{"id":"153","source":"3","target":"10","factor":"orientation_perpendicular"},
{"id":"154","source":"11","target":"10","factor":"orientation_perpendicular"},
{"id":"155","source":"4","target":"10","factor":"orientation_perpendicular"},
{"id":"156","source":"10","target":"1","factor":"orientation_perpendicular"},
{"id":"157","source":"7","target":"10","factor":"orientation_perpendicular"},
{"id":"158","source":"10","target":"12","factor":"orientation_perpendicular"},
{"id":"159","source":"9","target":"10","factor":"orientation_perpendicular"},
{"id":"160","source":"10","target":"9","factor":"orientation_perpendicular"},
{"id":"161","source":"1","target":"10","factor":"orientation_perpendicular"},
{"id":"162","source":"10","target":"8","factor":"orientation_perpendicular"},
{"id":"163","source":"10","target":"14","factor":"orientation_perpendicular"},
{"id":"164","source":"10","target":"11","factor":"orientation_perpendicular"},
{"id":"165","source":"10","target":"6","factor":"orientation_perpendicular"},
{"id":"166","source":"10","target":"15","factor":"orientation_perpendicular"},
{"id":"167","source":"10","target":"19","factor":"orientation_perpendicular"},
{"id":"168","source":"10","target":"19","factor":"symmetry"},
{"id":"169","source":"19","target":"1","factor":"proximity"},
{"id":"170","source":"9","target":"19","factor":"orientation_parallel"},
{"id":"171","source":"19","target":"1","factor":"orientation_parallel"},
{"id":"172","source":"3","target":"19","factor":"orientation_parallel"},
{"id":"173","source":"2","target":"19","factor":"orientation_parallel"},
{"id":"174","source":"5","target":"19","factor":"orientation_parallel"},
{"id":"175","source":"19","target":"12","factor":"orientation_parallel"},
{"id":"176","source":"5","target":"19","factor":"orientation_perpendicular"},
{"id":"177","source":"2","target":"19","factor":"orientation_perpendicular"},
{"id":"178","source":"3","target":"19","factor":"orientation_perpendicular"},
{"id":"179","source":"11","target":"19","factor":"orientation_perpendicular"},
{"id":"180","source":"4","target":"19","factor":"orientation_perpendicular"},
{"id":"181","source":"19","target":"1","factor":"orientation_perpendicular"},
{"id":"182","source":"7","target":"19","factor":"orientation_perpendicular"},
{"id":"183","source":"19","target":"12","factor":"orientation_perpendicular"},
{"id":"184","source":"9","target":"19","factor":"orientation_perpendicular"},
{"id":"185","source":"19","target":"9","factor":"orientation_perpendicular"},
{"id":"186","source":"1","target":"19","factor":"orientation_perpendicular"},
{"id":"187","source":"19","target":"8","factor":"orientation_perpendicular"},
{"id":"188","source":"19","target":"14","factor":"orientation_perpendicular"},
{"id":"189","source":"19","target":"11","factor":"orientation_perpendicular"},
{"id":"190","source":"19","target":"6","factor":"orientation_perpendicular"},
{"id":"191","source":"19","target":"15","factor":"orientation_perpendicular"},
{"id":"192","source":"1","target":"2","factor":"Horizontal-Support"},
{"id":"193","source":"3","target":"1","factor":"proximity"},
{"id":"194","source":"2","target":"1","factor":"proximity"},
{"id":"195","source":"7","target":"1","factor":"proximity"},
{"id":"196","source":"5","target":"1","factor":"proximity"},
{"id":"197","source":"1","target":"9","factor":"proximity"},
{"id":"198","source":"1","target":"11","factor":"proximity"},
{"id":"199","source":"4","target":"1","factor":"proximity"},
{"id":"200","source":"6","target":"1","factor":"proximity"},
{"id":"201","source":"9","target":"1","factor":"orientation_parallel"},
{"id":"202","source":"5","target":"1","factor":"orientation_parallel"},
{"id":"203","source":"2","target":"1","factor":"orientation_parallel"},
{"id":"204","source":"3","target":"1","factor":"orientation_parallel"},
{"id":"205","source":"11","target":"1","factor":"orientation_parallel"},
{"id":"206","source":"8","target":"1","factor":"orientation_parallel"},
{"id":"207","source":"4","target":"1","factor":"orientation_parallel"},
{"id":"208","source":"12","target":"1","factor":"orientation_parallel"},
{"id":"209","source":"7","target":"1","factor":"orientation_parallel"},
{"id":"210","source":"14","target":"1","factor":"orientation_parallel"},
{"id":"211","source":"15","target":"1","factor":"orientation_parallel"},
{"id":"212","source":"6","target":"1","factor":"orientation_parallel"},
{"id":"213","source":"5","target":"1","factor":"orientation_perpendicular"},
{"id":"214","source":"2","target":"1","factor":"orientation_perpendicular"},
{"id":"215","source":"3","target":"1","factor":"orientation_perpendicular"},
{"id":"216","source":"11","target":"1","factor":"orientation_perpendicular"},
{"id":"217","source":"8","target":"1","factor":"orientation_perpendicular"},
{"id":"218","source":"4","target":"1","factor":"orientation_perpendicular"},
{"id":"219","source":"6","target":"1","factor":"orientation_perpendicular"},
{"id":"220","source":"1","target":"12","factor":"orientation_perpendicular"},
{"id":"221","source":"9","target":"1","factor":"orientation_perpendicular"},
{"id":"222","source":"7","target":"1","factor":"orientation_perpendicular"},
{"id":"223","source":"12","target":"1","factor":"orientation_perpendicular"},
{"id":"224","source":"15","target":"1","factor":"orientation_perpendicular"},
{"id":"225","source":"1","target":"11","factor":"orientation_perpendicular"},
{"id":"226","source":"1","target":"14","factor":"orientation_perpendicular"},
{"id":"227","source":"1","target":"9","factor":"orientation_perpendicular"},
{"id":"228","source":"14","target":"1","factor":"orientation_perpendicular"},
{"id":"229","source":"1","target":"4","factor":"orientation_perpendicular"},
{"id":"230","source":"1","target":"20","factor":"proximity"},
{"id":"231","source":"1","target":"20","factor":"orientation_parallel"},
{"id":"232","source":"1","target":"20","factor":"orientation_perpendicular"},
{"id":"233","source":"1","target":"20","factor":"symmetry"},
{"id":"234","source":"1","target":"20","factor":"side_to_side"},
{"id":"235","source":"20","target":"2","factor":"Horizontal-Support"},
{"id":"236","source":"3","target":"20","factor":"proximity"},
{"id":"237","source":"2","target":"20","factor":"proximity"},
{"id":"238","source":"7","target":"20","factor":"proximity"},
{"id":"239","source":"5","target":"20","factor":"proximity"},
{"id":"240","source":"20","target":"9","factor":"proximity"},
{"id":"241","source":"20","target":"11","factor":"proximity"},
{"id":"242","source":"4","target":"20","factor":"proximity"},
{"id":"243","source":"6","target":"20","factor":"proximity"},
{"id":"244","source":"9","target":"20","factor":"orientation_parallel"},
{"id":"245","source":"5","target":"20","factor":"orientation_parallel"},
{"id":"246","source":"2","target":"20","factor":"orientation_parallel"},
{"id":"247","source":"3","target":"20","factor":"orientation_parallel"},
{"id":"248","source":"11","target":"20","factor":"orientation_parallel"},
{"id":"249","source":"8","target":"20","factor":"orientation_parallel"},
{"id":"250","source":"4","target":"20","factor":"orientation_parallel"},
{"id":"251","source":"12","target":"20","factor":"orientation_parallel"},
{"id":"252","source":"7","target":"20","factor":"orientation_parallel"},
{"id":"253","source":"14","target":"20","factor":"orientation_parallel"},
{"id":"254","source":"15","target":"20","factor":"orientation_parallel"},
{"id":"255","source":"6","target":"20","factor":"orientation_parallel"},
{"id":"256","source":"5","target":"20","factor":"orientation_perpendicular"},
{"id":"257","source":"2","target":"20","factor":"orientation_perpendicular"},
{"id":"258","source":"3","target":"20","factor":"orientation_perpendicular"},
{"id":"259","source":"11","target":"20","factor":"orientation_perpendicular"},
{"id":"260","source":"8","target":"20","factor":"orientation_perpendicular"},
{"id":"261","source":"4","target":"20","factor":"orientation_perpendicular"},
{"id":"262","source":"6","target":"20","factor":"orientation_perpendicular"},
{"id":"263","source":"20","target":"12","factor":"orientation_perpendicular"},
{"id":"264","source":"9","target":"20","factor":"orientation_perpendicular"},
{"id":"265","source":"7","target":"20","factor":"orientation_perpendicular"},
{"id":"266","source":"12","target":"20","factor":"orientation_perpendicular"},
{"id":"267","source":"15","target":"20","factor":"orientation_perpendicular"},
{"id":"268","source":"20","target":"11","factor":"orientation_perpendicular"},
{"id":"269","source":"20","target":"14","factor":"orientation_perpendicular"},
{"id":"270","source":"20","target":"9","factor":"orientation_perpendicular"},
{"id":"271","source":"14","target":"20","factor":"orientation_perpendicular"},
{"id":"272","source":"20","target":"4","factor":"orientation_perpendicular"},
{"id":"273","source":"3","target":"4","factor":"proximity"},
{"id":"274","source":"3","target":"5","factor":"proximity"},
{"id":"275","source":"3","target":"6","factor":"proximity"},
{"id":"276","source":"5","target":"2","factor":"proximity"},
{"id":"277","source":"5","target":"8","factor":"proximity"},
{"id":"278","source":"9","target":"9","factor":"proximity"},
{"id":"279","source":"2","target":"7","factor":"proximity"},
{"id":"280","source":"6","target":"6","factor":"proximity"},
{"id":"281","source":"3","target":"2","factor":"proximity"},
{"id":"282","source":"2","target":"9","factor":"proximity"},
{"id":"283","source":"4","target":"11","factor":"proximity"},
{"id":"284","source":"2","target":"12","factor":"proximity"},
{"id":"285","source":"6","target":"5","factor":"proximity"},
{"id":"286","source":"6","target":"2","factor":"proximity"},
{"id":"287","source":"5","target":"11","factor":"orientation_parallel"},
{"id":"288","source":"5","target":"8","factor":"orientation_parallel"},
{"id":"289","source":"5","target":"4","factor":"orientation_parallel"},
{"id":"290","source":"2","target":"3","factor":"orientation_parallel"},
{"id":"291","source":"2","target":"6","factor":"orientation_parallel"},
{"id":"292","source":"3","target":"6","factor":"orientation_parallel"},
{"id":"293","source":"11","target":"4","factor":"orientation_parallel"},
{"id":"294","source":"3","target":"11","factor":"orientation_parallel"},
{"id":"295","source":"3","target":"12","factor":"orientation_parallel"},
{"id":"296","source":"2","target":"11","factor":"orientation_parallel"},
{"id":"297","source":"2","target":"12","factor":"orientation_parallel"},
{"id":"298","source":"11","target":"12","factor":"orientation_parallel"},
{"id":"299","source":"9","target":"3","factor":"orientation_parallel"},
{"id":"300","source":"9","target":"2","factor":"orientation_parallel"},
{"id":"301","source":"7","target":"7","factor":"orientation_parallel"},
{"id":"302","source":"7","target":"9","factor":"orientation_parallel"},
{"id":"303","source":"7","target":"2","factor":"orientation_parallel"},
{"id":"304","source":"7","target":"3","factor":"orientation_parallel"},
{"id":"305","source":"7","target":"5","factor":"orientation_parallel"},
{"id":"306","source":"9","target":"9","factor":"orientation_parallel"},
{"id":"307","source":"9","target":"5","factor":"orientation_parallel"},
{"id":"308","source":"2","target":"5","factor":"orientation_parallel"},
{"id":"309","source":"3","target":"5","factor":"orientation_parallel"},
{"id":"310","source":"9","target":"11","factor":"orientation_parallel"},
{"id":"311","source":"9","target":"12","factor":"orientation_parallel"},
{"id":"312","source":"5","target":"12","factor":"orientation_parallel"},
{"id":"313","source":"3","target":"4","factor":"orientation_parallel"},
{"id":"314","source":"2","target":"4","factor":"orientation_parallel"},
{"id":"315","source":"2","target":"8","factor":"orientation_parallel"},
{"id":"316","source":"3","target":"8","factor":"orientation_parallel"},
{"id":"317","source":"11","target":"11","factor":"orientation_parallel"},
{"id":"318","source":"7","target":"11","factor":"orientation_parallel"},
{"id":"319","source":"4","target":"4","factor":"orientation_parallel"},
{"id":"320","source":"3","target":"11","factor":"orientation_perpendicular"},
{"id":"321","source":"2","target":"11","factor":"orientation_perpendicular"},
{"id":"322","source":"5","target":"11","factor":"orientation_perpendicular"},
{"id":"323","source":"4","target":"12","factor":"orientation_perpendicular"},
{"id":"324","source":"3","target":"12","factor":"orientation_perpendicular"},
{"id":"325","source":"2","target":"12","factor":"orientation_perpendicular"},
{"id":"326","source":"11","target":"12","factor":"orientation_perpendicular"},
{"id":"327","source":"4","target":"3","factor":"orientation_perpendicular"},
{"id":"328","source":"4","target":"2","factor":"orientation_perpendicular"},
{"id":"329","source":"4","target":"6","factor":"orientation_perpendicular"},
{"id":"330","source":"11","target":"6","factor":"orientation_perpendicular"},
{"id":"331","source":"9","target":"7","factor":"orientation_perpendicular"},
{"id":"332","source":"9","target":"9","factor":"orientation_perpendicular"},
{"id":"333","source":"9","target":"2","factor":"orientation_perpendicular"},
{"id":"334","source":"9","target":"3","factor":"orientation_perpendicular"},
{"id":"335","source":"9","target":"5","factor":"orientation_perpendicular"},
{"id":"336","source":"9","target":"8","factor":"orientation_perpendicular"},
{"id":"337","source":"4","target":"8","factor":"orientation_perpendicular"},
{"id":"338","source":"11","target":"8","factor":"orientation_perpendicular"},
{"id":"339","source":"9","target":"12","factor":"orientation_perpendicular"},
{"id":"340","source":"7","target":"12","factor":"orientation_perpendicular"},
{"id":"341","source":"4","target":"11","factor":"orientation_perpendicular"},
{"id":"342","source":"11","target":"11","factor":"orientation_perpendicular"},
{"id":"343","source":"5","target":"12","factor":"orientation_perpendicular"},
{"id":"344","source":"9","target":"14","factor":"orientation_perpendicular"},
{"id":"345","source":"3","target":"14","factor":"orientation_perpendicular"},
{"id":"346","source":"2","target":"14","factor":"orientation_perpendicular"},
{"id":"347","source":"5","target":"9","factor":"orientation_perpendicular"},
{"id":"348","source":"12","target":"14","factor":"orientation_perpendicular"},
{"id":"349","source":"3","target":"9","factor":"orientation_perpendicular"},
{"id":"350","source":"2","target":"9","factor":"orientation_perpendicular"},
{"id":"351","source":"12","target":"11","factor":"orientation_perpendicular"},
{"id":"352","source":"4","target":"9","factor":"orientation_perpendicular"},
{"id":"353","source":"9","target":"11","factor":"orientation_perpendicular"},
{"id":"354","source":"4","target":"4","factor":"orientation_perpendicular"},
{"id":"355","source":"2","target":"5","factor":"orientation_perpendicular"},
{"id":"356","source":"3","target":"5","factor":"orientation_perpendicular"},
{"id":"357","source":"5","target":"14","factor":"orientation_perpendicular"},
{"id":"358","source":"8","target":"14","factor":"orientation_perpendicular"},
{"id":"359","source":"4","target":"5","factor":"orientation_perpendicular"},
{"id":"360","source":"7","target":"3","factor":"orientation_perpendicular"},
{"id":"361","source":"7","target":"2","factor":"orientation_perpendicular"},
{"id":"362","source":"7","target":"11","factor":"orientation_perpendicular"},
{"id":"363","source":"11","target":"14","factor":"orientation_perpendicular"},
{"id":"364","source":"6","target":"14","factor":"orientation_perpendicular"},
{"id":"365","source":"4","target":"14","factor":"orientation_perpendicular"},
{"id":"366","source":"3","target":"8","factor":"orientation_perpendicular"},
{"id":"367","source":"2","target":"8","factor":"orientation_perpendicular"},
{"id":"368","source":"11","target":"9","factor":"orientation_perpendicular"},
{"id":"369","source":"12","target":"9","factor":"orientation_perpendicular"},
{"id":"370","source":"3","target":"6","factor":"orientation_perpendicular"},
{"id":"371","source":"2","target":"6","factor":"orientation_perpendicular"},
{"id":"372","source":"9","target":"6","factor":"orientation_perpendicular"},
{"id":"373","source":"5","target":"6","factor":"orientation_perpendicular"},
{"id":"374","source":"8","target":"6","factor":"orientation_perpendicular"},
{"id":"375","source":"6","target":"12","factor":"orientation_perpendicular"},
{"id":"376","source":"3","target":"15","factor":"orientation_perpendicular"},
{"id":"377","source":"2","target":"15","factor":"orientation_perpendicular"},
{"id":"378","source":"9","target":"15","factor":"orientation_perpendicular"},
{"id":"379","source":"5","target":"8","factor":"orientation_perpendicular"},
{"id":"380","source":"7","target":"14","factor":"orientation_perpendicular"},
{"id":"381","source":"7","target":"5","factor":"orientation_perpendicular"},
{"id":"382","source":"7","target":"15","factor":"orientation_perpendicular"},
{"id":"383","source":"9","target":"4","factor":"orientation_perpendicular"},
{"id":"384","source":"8","target":"12","factor":"orientation_perpendicular"},
{"id":"385","source":"7","target":"8","factor":"orientation_perpendicular"},
{"id":"386","source":"7","target":"4","factor":"orientation_perpendicular"},
{"id":"387","source":"15","target":"14","factor":"orientation_perpendicular"},
{"id":"388","source":"11","target":"15","factor":"orientation_perpendicular"},
{"id":"389","source":"8","target":"15","factor":"orientation_perpendicular"},
{"id":"390","source":"7","target":"6","factor":"orientation_perpendicular"},
{"id":"391","source":"8","target":"9","factor":"orientation_perpendicular"},
{"id":"392","source":"5","target":"15","factor":"orientation_perpendicular"},
{"id":"393","source":"4","target":"15","factor":"orientation_perpendicular"},
{"id":"394","source":"7","target":"9","factor":"orientation_perpendicular"},
{"id":"395","source":"11","target":"4","factor":"orientation_perpendicular"},
{"id":"396","source":"6","target":"6","factor":"orientation_perpendicular"},
{"id":"397","source":"8","target":"8","factor":"symmetry"},
{"id":"398","source":"7","target":"7","factor":"symmetry"},
{"id":"399","source":"12","target":"12","factor":"symmetry"},
{"id":"400","source":"9","target":"9","factor":"symmetry"},
{"id":"401","source":"11","target":"11","factor":"symmetry"},
{"id":"402","source":"6","target":"6","factor":"symmetry"},
{"id":"403","source":"5","target":"5","factor":"symmetry"},
{"id":"404","source":"4","target":"4","factor":"symmetry"}
],
"probability":[
{"id":"0","value":0.0646853},
{"id":"1","value":0.118007},
{"id":"2","value":0.125},
{"id":"3","value":0.212413},
{"id":"4","value":0.164336},
{"id":"5","value":0.164336},
{"id":"6","value":0.0559441},
{"id":"7","value":0.097028},
{"id":"8","value":0.0533217},
{"id":"9","value":0.097028},
{"id":"10","value":0.0987762},
{"id":"11","value":0.090035},
{"id":"12","value":0.0944056},
{"id":"13","value":0.0576923},
{"id":"14","value":0.0664336},
{"id":"15","value":0.0314685},
{"id":"16","value":0.286713},
{"id":"17","value":0.0445804},
{"id":"18","value":0.0716783},
{"id":"19","value":0.0472028},
{"id":"20","value":0.0174825},
{"id":"21","value":0.0288462},
{"id":"22","value":0.0104895},
{"id":"23","value":0.0104895},
{"id":"24","value":0.0314685},
{"id":"25","value":0.020979},
{"id":"26","value":0.0262238},
{"id":"27","value":0.0174825},
{"id":"28","value":0.0148601},
{"id":"29","value":0.0201049},
{"id":"30","value":0.0734266},
{"id":"31","value":0.0201049},
{"id":"32","value":0.0716783},
{"id":"33","value":0.0646853},
{"id":"34","value":0.118007},
{"id":"35","value":0.125},
{"id":"36","value":0.212413},
{"id":"37","value":0.164336},
{"id":"38","value":0.164336},
{"id":"39","value":0.0559441},
{"id":"40","value":0.097028},
{"id":"41","value":0.0533217},
{"id":"42","value":0.097028},
{"id":"43","value":0.0987762},
{"id":"44","value":0.090035},
{"id":"45","value":0.0944056},
{"id":"46","value":0.0576923},
{"id":"47","value":0.0664336},
{"id":"48","value":0.0314685},
{"id":"49","value":0.286713},
{"id":"50","value":0.0445804},
{"id":"51","value":0.0716783},
{"id":"52","value":0.0472028},
{"id":"53","value":0.0174825},
{"id":"54","value":0.0288462},
{"id":"55","value":0.0104895},
{"id":"56","value":0.0104895},
{"id":"57","value":0.0314685},
{"id":"58","value":0.020979},
{"id":"59","value":0.0262238},
{"id":"60","value":0.0174825},
{"id":"61","value":0.0148601},
{"id":"62","value":0.0201049},
{"id":"63","value":0.0734266},
{"id":"64","value":0.0734266},
{"id":"65","value":0.0201049},
{"id":"66","value":0.0201049},
{"id":"67","value":0.0716783},
{"id":"68","value":0.0716783},
{"id":"69","value":0.0646853},
{"id":"70","value":0.118007},
{"id":"71","value":0.125},
{"id":"72","value":0.212413},
{"id":"73","value":0.164336},
{"id":"74","value":0.164336},
{"id":"75","value":0.0559441},
{"id":"76","value":0.097028},
{"id":"77","value":0.0533217},
{"id":"78","value":0.097028},
{"id":"79","value":0.0987762},
{"id":"80","value":0.090035},
{"id":"81","value":0.0944056},
{"id":"82","value":0.0576923},
{"id":"83","value":0.0664336},
{"id":"84","value":0.0314685},
{"id":"85","value":0.286713},
{"id":"86","value":0.0445804},
{"id":"87","value":0.0716783},
{"id":"88","value":0.0472028},
{"id":"89","value":0.0174825},
{"id":"90","value":0.0288462},
{"id":"91","value":0.0104895},
{"id":"92","value":0.0104895},
{"id":"93","value":0.0314685},
{"id":"94","value":0.020979},
{"id":"95","value":0.0262238},
{"id":"96","value":0.0174825},
{"id":"97","value":0.0148601},
{"id":"98","value":0.0201049},
{"id":"99","value":0.0550699},
{"id":"100","value":0.103147},
{"id":"101","value":0.102273},
{"id":"102","value":0.158217},
{"id":"103","value":0.0673077},
{"id":"104","value":0.231643},
{"id":"105","value":0.0760489},
{"id":"106","value":0.0952797},
{"id":"107","value":0.0323427},
{"id":"108","value":0.0638112},
{"id":"109","value":0.0786713},
{"id":"110","value":0.0786713},
{"id":"111","value":0.0506993},
{"id":"112","value":0.0166084},
{"id":"113","value":0.0148601},
{"id":"114","value":0.0314685},
{"id":"115","value":0.0104895},
{"id":"116","value":0.0236014},
{"id":"117","value":0.0297203},
{"id":"118","value":0.0253497},
{"id":"119","value":0.0122378},
{"id":"120","value":0.0646853},
{"id":"121","value":0.0367133},
{"id":"122","value":0.0629371},
{"id":"123","value":0.0550699},
{"id":"124","value":0.103147},
{"id":"125","value":0.102273},
{"id":"126","value":0.158217},
{"id":"127","value":0.0673077},
{"id":"128","value":0.231643},
{"id":"129","value":0.0760489},
{"id":"130","value":0.0952797},
{"id":"131","value":0.0323427},
{"id":"132","value":0.0638112},
{"id":"133","value":0.0786713},
{"id":"134","value":0.0786713},
{"id":"135","value":0.0506993},
{"id":"136","value":0.0166084},
{"id":"137","value":0.0148601},
{"id":"138","value":0.0314685},
{"id":"139","value":0.0104895},
{"id":"140","value":0.0236014},
{"id":"141","value":0.0297203},
{"id":"142","value":0.0253497},
{"id":"143","value":0.0122378},
{"id":"144","value":0.0541958},
{"id":"145","value":0.0620629},
{"id":"146","value":0.157343},
{"id":"147","value":0.11014},
{"id":"148","value":0.111014},
{"id":"149","value":0.0541958},
{"id":"150","value":0.0515734},
{"id":"151","value":0.0690559},
{"id":"152","value":0.0559441},
{"id":"153","value":0.0559441},
{"id":"154","value":0.0952797},
{"id":"155","value":0.0594406},
{"id":"156","value":0.229895},
{"id":"157","value":0.0244755},
{"id":"158","value":0.0410839},
{"id":"159","value":0.0550699},
{"id":"160","value":0.0122378},
{"id":"161","value":0.0201049},
{"id":"162","value":0.0104895},
{"id":"163","value":0.0192308},
{"id":"164","value":0.0157343},
{"id":"165","value":0.0113636},
{"id":"166","value":0.0174825},
{"id":"167","value":0.020979},
{"id":"168","value":0.0437063},
{"id":"169","value":0.0541958},
{"id":"170","value":0.0620629},
{"id":"171","value":0.157343},
{"id":"172","value":0.11014},
{"id":"173","value":0.111014},
{"id":"174","value":0.0541958},
{"id":"175","value":0.0515734},
{"id":"176","value":0.0690559},
{"id":"177","value":0.0559441},
{"id":"178","value":0.0559441},
{"id":"179","value":0.0952797},
{"id":"180","value":0.0594406},
{"id":"181","value":0.229895},
{"id":"182","value":0.0244755},
{"id":"183","value":0.0410839},
{"id":"184","value":0.0550699},
{"id":"185","value":0.0122378},
{"id":"186","value":0.0201049},
{"id":"187","value":0.0104895},
{"id":"188","value":0.0192308},
{"id":"189","value":0.0157343},
{"id":"190","value":0.0113636},
{"id":"191","value":0.0174825},
{"id":"192","value":0.660839},
{"id":"193","value":0.0769231},
{"id":"194","value":0.0603147},
{"id":"195","value":0.0585664},
{"id":"196","value":0.0524476},
{"id":"197","value":0.229895},
{"id":"198","value":0.199301},
{"id":"199","value":0.13986},
{"id":"200","value":0.0909091},
{"id":"201","value":0.41521},
{"id":"202","value":0.337413},
{"id":"203","value":0.269231},
{"id":"204","value":0.268357},
{"id":"205","value":0.456294},
{"id":"206","value":0.128496},
{"id":"207","value":0.23514},
{"id":"208","value":0.16521},
{"id":"209","value":0.23514},
{"id":"210","value":0.0629371},
{"id":"211","value":0.0629371},
{"id":"212","value":0.0821678},
{"id":"213","value":0.417832},
{"id":"214","value":0.937937},
{"id":"215","value":0.937063},
{"id":"216","value":0.671329},
{"id":"217","value":0.193182},
{"id":"218","value":0.307692},
{"id":"219","value":0.152972},
{"id":"220","value":0.308566},
{"id":"221","value":0.523601},
{"id":"222","value":0.36451},
{"id":"223","value":0.0550699},
{"id":"224","value":0.0935315},
{"id":"225","value":0.0253497},
{"id":"226","value":0.111014},
{"id":"227","value":0.0236014},
{"id":"228","value":0.0253497},
{"id":"229","value":0.0148601},
{"id":"230","value":0.0909091},
{"id":"231","value":0.717657},
{"id":"232","value":0.957168},
{"id":"233","value":0.766608},
{"id":"234","value":0.118007},
{"id":"235","value":0.660839},
{"id":"236","value":0.0769231},
{"id":"237","value":0.0603147},
{"id":"238","value":0.0585664},
{"id":"239","value":0.0524476},
{"id":"240","value":0.229895},
{"id":"241","value":0.199301},
{"id":"242","value":0.13986},
{"id":"243","value":0.0909091},
{"id":"244","value":0.41521},
{"id":"245","value":0.337413},
{"id":"246","value":0.269231},
{"id":"247","value":0.268357},
{"id":"248","value":0.456294},
{"id":"249","value":0.128496},
{"id":"250","value":0.23514},
{"id":"251","value":0.16521},
{"id":"252","value":0.23514},
{"id":"253","value":0.0629371},
{"id":"254","value":0.0629371},
{"id":"255","value":0.0821678},
{"id":"256","value":0.417832},
{"id":"257","value":0.937937},
{"id":"258","value":0.937063},
{"id":"259","value":0.671329},
{"id":"260","value":0.193182},
{"id":"261","value":0.307692},
{"id":"262","value":0.152972},
{"id":"263","value":0.308566},
{"id":"264","value":0.523601},
{"id":"265","value":0.36451},
{"id":"266","value":0.0550699},
{"id":"267","value":0.0935315},
{"id":"268","value":0.0253497},
{"id":"269","value":0.111014},
{"id":"270","value":0.0236014},
{"id":"271","value":0.0253497},
{"id":"272","value":0.0148601},
{"id":"273","value":0.0795455},
{"id":"274","value":0.0786713},
{"id":"275","value":0.0743007},
{"id":"276","value":0.0664336},
{"id":"277","value":0.0620629},
{"id":"278","value":0.0594406},
{"id":"279","value":0.0585664},
{"id":"280","value":0.0576923},
{"id":"281","value":0.0576923},
{"id":"282","value":0.0568182},
{"id":"283","value":0.0541958},
{"id":"284","value":0.187063},
{"id":"285","value":0.0944056},
{"id":"286","value":0.0909091},
{"id":"287","value":0.119755},
{"id":"288","value":0.0743007},
{"id":"289","value":0.0515734},
{"id":"290","value":0.986888},
{"id":"291","value":0.0708042},
{"id":"292","value":0.0699301},
{"id":"293","value":0.270979},
{"id":"294","value":0.276224},
{"id":"295","value":0.228147},
{"id":"296","value":0.273601},
{"id":"297","value":0.229021},
{"id":"298","value":0.0777972},
{"id":"299","value":0.201923},
{"id":"300","value":0.202797},
{"id":"301","value":0.0568182},
{"id":"302","value":0.0515734},
{"id":"303","value":0.172203},
{"id":"304","value":0.172203},
{"id":"305","value":0.0515734},
{"id":"306","value":0.126748},
{"id":"307","value":0.0576923},
{"id":"308","value":0.146853},
{"id":"309","value":0.145979},
{"id":"310","value":0.0585664},
{"id":"311","value":0.0708042},
{"id":"312","value":0.0646853},
{"id":"313","value":0.11014},
{"id":"314","value":0.11014},
{"id":"315","value":0.0681818},
{"id":"316","value":0.0681818},
{"id":"317","value":0.125},
{"id":"318","value":0.115385},
{"id":"319","value":0.0734266},
{"id":"320","value":0.20542},
{"id":"321","value":0.20542},
{"id":"322","value":0.148601},
{"id":"323","value":0.0568182},
{"id":"324","value":0.0821678},
{"id":"325","value":0.083042},
{"id":"326","value":0.103147},
{"id":"327","value":0.0961538},
{"id":"328","value":0.0961538},
{"id":"329","value":0.0454545},
{"id":"330","value":0.0646853},
{"id":"331","value":0.115385},
{"id":"332","value":0.041958},
{"id":"333","value":0.214161},
{"id":"334","value":0.213287},
{"id":"335","value":0.134615},
{"id":"336","value":0.0585664},
{"id":"337","value":0.0445804},
{"id":"338","value":0.0699301},
{"id":"339","value":0.0646853},
{"id":"340","value":0.0454545},
{"id":"341","value":0.083042},
{"id":"342","value":0.124126},
{"id":"343","value":0.0673077},
{"id":"344","value":0.0270979},
{"id":"345","value":0.0314685},
{"id":"346","value":0.0314685},
{"id":"347","value":0.020979},
{"id":"348","value":0.020979},
{"id":"349","value":0.0262238},
{"id":"350","value":0.0262238},
{"id":"351","value":0.0122378},
{"id":"352","value":0.133741},
{"id":"353","value":0.245629},
{"id":"354","value":0.0472028},
{"id":"355","value":0.166084},
{"id":"356","value":0.166084},
{"id":"357","value":0.0236014},
{"id":"358","value":0.0104895},
{"id":"359","value":0.0743007},
{"id":"360","value":0.0734266},
{"id":"361","value":0.0734266},
{"id":"362","value":0.0743007},
{"id":"363","value":0.0402098},
{"id":"364","value":0.0227273},
{"id":"365","value":0.0236014},
{"id":"366","value":0.0734266},
{"id":"367","value":0.0734266},
{"id":"368","value":0.0498252},
{"id":"369","value":0.0236014},
{"id":"370","value":0.0603147},
{"id":"371","value":0.0603147},
{"id":"372","value":0.0314685},
{"id":"373","value":0.0253497},
{"id":"374","value":0.0131119},
{"id":"375","value":0.0192308},
{"id":"376","value":0.0244755},
{"id":"377","value":0.0244755},
{"id":"378","value":0.0244755},
{"id":"379","value":0.0218531},
{"id":"380","value":0.013986},
{"id":"381","value":0.083042},
{"id":"382","value":0.0104895},
{"id":"383","value":0.0201049},
{"id":"384","value":0.0236014},
{"id":"385","value":0.0323427},
{"id":"386","value":0.0358392},
{"id":"387","value":0.0104895},
{"id":"388","value":0.0288462},
{"id":"389","value":0.0148601},
{"id":"390","value":0.0131119},
{"id":"391","value":0.0122378},
{"id":"392","value":0.0192308},
{"id":"393","value":0.0174825},
{"id":"394","value":0.0157343},
{"id":"395","value":0.0113636},
{"id":"396","value":0.0192308},
{"id":"397","value":0.0463287},
{"id":"398","value":0.0708042},
{"id":"399","value":0.013986},
{"id":"400","value":0.0786713},
{"id":"401","value":0.0935315},
{"id":"402","value":0.0655594},
{"id":"403","value":0.0305944},
{"id":"404","value":0.0594406}
]}