{
"vertices":[
{"id":"0","name":"window","Leaves":[{"name":"window","frequency":0.687933 }],"frequency":0.782343},
{"id":"1","name":"wall","Leaves":[{"name":"wall","frequency":0.236759 }],"frequency":0.988636},
{"id":"2","name":"floor","Leaves":[],"frequency":0.990385},
{"id":"3","name":"computer","Leaves":[{"name":"computer","frequency":0.921569 }],"frequency":0.246504},
{"id":"4","name":"rug","Leaves":[{"name":"rug","frequency":0.915929 }],"frequency":0.361888},
{"id":"5","name":"window","Leaves":[{"name":"window","frequency":0.687933 }],"frequency":0}
],
"rules":[
{"id":"0","source":"1","target":"0","factor":"proximity"},
{"id":"1","source":"0","target":"1","factor":"orientation_parallel"},
{"id":"2","source":"2","target":"0","factor":"orientation_parallel"},
{"id":"3","source":"0","target":"4","factor":"orientation_parallel"},
{"id":"4","source":"0","target":"1","factor":"orientation_perpendicular"},
{"id":"5","source":"2","target":"0","factor":"orientation_perpendicular"},
{"id":"6","source":"0","target":"4","factor":"orientation_perpendicular"},
{"id":"7","source":"4","target":"0","factor":"orientation_perpendicular"},
{"id":"8","source":"1","target":"0","factor":"orientation_perpendicular"},
{"id":"9","source":"0","target":"3","factor":"orientation_perpendicular"},
{"id":"10","source":"0","target":"5","factor":"orientation_parallel"},
{"id":"11","source":"0","target":"5","factor":"orientation_perpendicular"},
{"id":"12","source":"0","target":"5","factor":"symmetry"},
{"id":"13","source":"1","target":"5","factor":"proximity"},
{"id":"14","source":"5","target":"1","factor":"orientation_parallel"},
{"id":"15","source":"2","target":"5","factor":"orientation_parallel"},
{"id":"16","source":"5","target":"4","factor":"orientation_parallel"},
{"id":"17","source":"5","target":"1","factor":"orientation_perpendicular"},
{"id":"18","source":"2","target":"5","factor":"orientation_perpendicular"},
{"id":"19","source":"5","target":"4","factor":"orientation_perpendicular"},
{"id":"20","source":"4","target":"5","factor":"orientation_perpendicular"},
{"id":"21","source":"1","target":"5","factor":"orientation_perpendicular"},
{"id":"22","source":"5","target":"3","factor":"orientation_perpendicular"},
{"id":"23","source":"1","target":"2","factor":"Horizontal-Support"},
{"id":"24","source":"1","target":"1","factor":"proximity"},
{"id":"25","source":"2","target":"1","factor":"proximity"},
{"id":"26","source":"3","target":"1","factor":"proximity"},
{"id":"27","source":"2","target":"4","factor":"proximity"},
{"id":"28","source":"2","target":"1","factor":"orientation_parallel"},
{"id":"29","source":"2","target":"4","factor":"orientation_parallel"},
{"id":"30","source":"4","target":"1","factor":"orientation_parallel"},
{"id":"31","source":"1","target":"1","factor":"orientation_parallel"},
{"id":"32","source":"3","target":"1","factor":"orientation_parallel"},
{"id":"33","source":"2","target":"1","factor":"orientation_perpendicular"},
{"id":"34","source":"1","target":"1","factor":"orientation_perpendicular"},
{"id":"35","source":"1","target":"4","factor":"orientation_perpendicular"},
{"id":"36","source":"2","target":"4","factor":"orientation_perpendicular"},
{"id":"37","source":"4","target":"1","factor":"orientation_perpendicular"},
{"id":"38","source":"1","target":"3","factor":"orientation_perpendicular"},
{"id":"39","source":"3","target":"4","factor":"orientation_perpendicular"},
{"id":"40","source":"3","target":"1","factor":"orientation_perpendicular"},
{"id":"41","source":"2","target":"3","factor":"orientation_perpendicular"},
{"id":"42","source":"1","target":"1","factor":"symmetry"},
{"id":"43","source":"3","target":"3","factor":"symmetry"},
{"id":"44","source":"4","target":"4","factor":"symmetry"},
{"id":"45","source":"1","target":"1","factor":"side_to_side"}
],
"probability":[
{"id":"0","value":0.199301},
{"id":"1","value":0.456294},
{"id":"2","value":0.273601},
{"id":"3","value":0.0777972},
{"id":"4","value":0.671329},
{"id":"5","value":0.20542},
{"id":"6","value":0.103147},
{"id":"7","value":0.0122378},
{"id":"8","value":0.0253497},
{"id":"9","value":0.0673077},
{"id":"10","value":0.125},
{"id":"11","value":0.124126},
{"id":"12","value":0.0935315},
{"id":"13","value":0.199301},
{"id":"14","value":0.456294},
{"id":"15","value":0.273601},
{"id":"16","value":0.0777972},
{"id":"17","value":0.671329},
{"id":"18","value":0.20542},
{"id":"19","value":0.103147},
{"id":"20","value":0.0122378},
{"id":"21","value":0.0253497},
{"id":"22","value":0.0673077},
{"id":"23","value":0.660839},
{"id":"24","value":0.0909091},
{"id":"25","value":0.0603147},
{"id":"26","value":0.0524476},
{"id":"27","value":0.187063},
{"id":"28","value":0.269231},
{"id":"29","value":0.229021},
{"id":"30","value":0.16521},
{"id":"31","value":0.717657},
{"id":"32","value":0.0926573},
{"id":"33","value":0.937937},
{"id":"34","value":0.957168},
{"id":"35","value":0.308566},
{"id":"36","value":0.083042},
{"id":"37","value":0.0550699},
{"id":"38","value":0.159965},
{"id":"39","value":0.020979},
{"id":"40","value":0.0445804},
{"id":"41","value":0.0463287},
{"id":"42","value":0.766608},
{"id":"43","value":0.0174825},
{"id":"44","value":0.013986},
{"id":"45","value":0.118007}
]}