{
"vertices":[
{"id":"0","name":"wall","Leaves":[{"name":"wall","frequency":0.236759 }],"frequency":0.988636},
{"id":"1","name":"floor","Leaves":[],"frequency":0.990385},
{"id":"2","name":"single_bed","Leaves":[{"name":"single_bed","frequency":0.84046 }],"frequency":0.446678},
{"id":"3","name":"rug","Leaves":[{"name":"rug","frequency":0.915929 }],"frequency":0.361888},
{"id":"4","name":"plant","Leaves":[{"name":"plant","frequency":0.738739 }],"frequency":0.143357},
{"id":"5","name":"wall","Leaves":[{"name":"wall","frequency":0.236759 }],"frequency":8.11352e-43},
{"id":"6","name":"wall","Leaves":[{"name":"wall","frequency":0.236759 }],"frequency":0}
],
"rules":[
{"id":"0","source":"0","target":"1","factor":"Horizontal-Support"},
{"id":"1","source":"1","target":"0","factor":"proximity"},
{"id":"2","source":"2","target":"0","factor":"proximity"},
{"id":"3","source":"1","target":"0","factor":"orientation_parallel"},
{"id":"4","source":"3","target":"0","factor":"orientation_parallel"},
{"id":"5","source":"2","target":"0","factor":"orientation_parallel"},
{"id":"6","source":"1","target":"0","factor":"orientation_perpendicular"},
{"id":"7","source":"0","target":"3","factor":"orientation_perpendicular"},
{"id":"8","source":"2","target":"0","factor":"orientation_perpendicular"},
{"id":"9","source":"4","target":"0","factor":"orientation_perpendicular"},
{"id":"10","source":"3","target":"0","factor":"orientation_perpendicular"},
{"id":"11","source":"0","target":"5","factor":"proximity"},
{"id":"12","source":"0","target":"5","factor":"orientation_parallel"},
{"id":"13","source":"0","target":"5","factor":"orientation_perpendicular"},
{"id":"14","source":"0","target":"5","factor":"symmetry"},
{"id":"15","source":"0","target":"5","factor":"side_to_side"},
{"id":"16","source":"5","target":"1","factor":"Horizontal-Support"},
{"id":"17","source":"1","target":"5","factor":"proximity"},
{"id":"18","source":"2","target":"5","factor":"proximity"},
{"id":"19","source":"1","target":"5","factor":"orientation_parallel"},
{"id":"20","source":"3","target":"5","factor":"orientation_parallel"},
{"id":"21","source":"2","target":"5","factor":"orientation_parallel"},
{"id":"22","source":"1","target":"5","factor":"orientation_perpendicular"},
{"id":"23","source":"5","target":"3","factor":"orientation_perpendicular"},
{"id":"24","source":"2","target":"5","factor":"orientation_perpendicular"},
{"id":"25","source":"4","target":"5","factor":"orientation_perpendicular"},
{"id":"26","source":"3","target":"5","factor":"orientation_perpendicular"},
{"id":"27","source":"0","target":"6","factor":"proximity"},
{"id":"28","source":"5","target":"6","factor":"proximity"},
{"id":"29","source":"0","target":"6","factor":"orientation_parallel"},
{"id":"30","source":"5","target":"6","factor":"orientation_parallel"},
{"id":"31","source":"0","target":"6","factor":"orientation_perpendicular"},
{"id":"32","source":"5","target":"6","factor":"orientation_perpendicular"},
{"id":"33","source":"0","target":"6","factor":"symmetry"},
{"id":"34","source":"5","target":"6","factor":"symmetry"},
{"id":"35","source":"0","target":"6","factor":"side_to_side"},
{"id":"36","source":"5","target":"6","factor":"side_to_side"},
{"id":"37","source":"6","target":"1","factor":"Horizontal-Support"},
{"id":"38","source":"1","target":"6","factor":"proximity"},
{"id":"39","source":"2","target":"6","factor":"proximity"},
{"id":"40","source":"1","target":"6","factor":"orientation_parallel"},
{"id":"41","source":"3","target":"6","factor":"orientation_parallel"},
{"id":"42","source":"2","target":"6","factor":"orientation_parallel"},
{"id":"43","source":"1","target":"6","factor":"orientation_perpendicular"},
{"id":"44","source":"6","target":"3","factor":"orientation_perpendicular"},
{"id":"45","source":"2","target":"6","factor":"orientation_perpendicular"},
{"id":"46","source":"4","target":"6","factor":"orientation_perpendicular"},
{"id":"47","source":"3","target":"6","factor":"orientation_perpendicular"},
{"id":"48","source":"1","target":"2","factor":"proximity"},
{"id":"49","source":"1","target":"3","factor":"proximity"},
{"id":"50","source":"1","target":"3","factor":"orientation_parallel"},
{"id":"51","source":"2","target":"2","factor":"orientation_parallel"},
{"id":"52","source":"2","target":"1","factor":"orientation_parallel"},
{"id":"53","source":"1","target":"4","factor":"orientation_parallel"},
{"id":"54","source":"1","target":"3","factor":"orientation_perpendicular"},
{"id":"55","source":"4","target":"3","factor":"orientation_perpendicular"},
{"id":"56","source":"2","target":"3","factor":"orientation_perpendicular"},
{"id":"57","source":"2","target":"1","factor":"orientation_perpendicular"},
{"id":"58","source":"2","target":"4","factor":"orientation_perpendicular"},
{"id":"59","source":"2","target":"2","factor":"symmetry"},
{"id":"60","source":"4","target":"4","factor":"symmetry"},
{"id":"61","source":"3","target":"3","factor":"symmetry"}
],
"probability":[
{"id":"0","value":0.660839},
{"id":"1","value":0.0603147},
{"id":"2","value":0.0585664},
{"id":"3","value":0.269231},
{"id":"4","value":0.16521},
{"id":"5","value":0.23514},
{"id":"6","value":0.937937},
{"id":"7","value":0.308566},
{"id":"8","value":0.36451},
{"id":"9","value":0.111888},
{"id":"10","value":0.0550699},
{"id":"11","value":0.0909091},
{"id":"12","value":0.717657},
{"id":"13","value":0.957168},
{"id":"14","value":0.766608},
{"id":"15","value":0.118007},
{"id":"16","value":0.660839},
{"id":"17","value":0.0603147},
{"id":"18","value":0.0585664},
{"id":"19","value":0.269231},
{"id":"20","value":0.16521},
{"id":"21","value":0.23514},
{"id":"22","value":0.937937},
{"id":"23","value":0.308566},
{"id":"24","value":0.36451},
{"id":"25","value":0.111888},
{"id":"26","value":0.0550699},
{"id":"27","value":0.0909091},
{"id":"28","value":0.0909091},
{"id":"29","value":0.717657},
{"id":"30","value":0.717657},
{"id":"31","value":0.957168},
{"id":"32","value":0.957168},
{"id":"33","value":0.766608},
{"id":"34","value":0.766608},
{"id":"35","value":0.118007},
{"id":"36","value":0.118007},
{"id":"37","value":0.660839},
{"id":"38","value":0.0603147},
{"id":"39","value":0.0585664},
{"id":"40","value":0.269231},
{"id":"41","value":0.16521},
{"id":"42","value":0.23514},
{"id":"43","value":0.937937},
{"id":"44","value":0.308566},
{"id":"45","value":0.36451},
{"id":"46","value":0.111888},
{"id":"47","value":0.0550699},
{"id":"48","value":0.0585664},
{"id":"49","value":0.187063},
{"id":"50","value":0.229021},
{"id":"51","value":0.0568182},
{"id":"52","value":0.172203},
{"id":"53","value":0.11014},
{"id":"54","value":0.083042},
{"id":"55","value":0.0157343},
{"id":"56","value":0.0454545},
{"id":"57","value":0.0734266},
{"id":"58","value":0.0148601},
{"id":"59","value":0.0708042},
{"id":"60","value":0.0288462},
{"id":"61","value":0.013986}
]}