{
"vertices":[
{"id":"0","name":"door","Leaves":[{"name":"door","frequency":0.714285 }],"frequency":0.454545},
{"id":"1","name":"window","Leaves":[{"name":"window","frequency":0.583334 }],"frequency":0.636364},
{"id":"2","name":"curtain","Leaves":[{"name":"curtain","frequency":0.375 }],"frequency":0.272727},
{"id":"3","name":"mirror","Leaves":[{"name":"mirror","frequency":0.5 }],"frequency":0.0909091},
{"id":"4","name":"dresser","Leaves":[{"name":"dresser","frequency":0.333333 }],"frequency":0.0909091},
{"id":"5","name":"chair","Leaves":[{"name":"chair","frequency":0.186441 }],"frequency":1},
{"id":"6","name":"wall","Leaves":[{"name":"wall","frequency":0.217391 }],"frequency":0.909091},
{"id":"7","name":"floor","Leaves":[],"frequency":1},
{"id":"8","name":"ceiling","Leaves":[],"frequency":1},
{"id":"9","name":"chandelier","Leaves":[{"name":"chandelier","frequency":0.208333 }],"frequency":0.454545},
{"id":"10","name":"sofa","Leaves":[{"name":"sofa","frequency":0.833333 }],"frequency":0.454545},
{"id":"11","name":"shelving","Leaves":[{"name":"shelving","frequency":0.571428 }],"frequency":0.363636},
{"id":"12","name":"column","Leaves":[{"name":"column","frequency":0.666666 }],"frequency":0.181818},
{"id":"13","name":"ottoman","Leaves":[{"name":"ottoman","frequency":0.375 }],"frequency":0.272727},
{"id":"14","name":"bottle","Leaves":[],"frequency":0.0909091},
{"id":"15","name":"plant","Leaves":[{"name":"plant","frequency":0.2 }],"frequency":0.181818},
{"id":"16","name":"bicycle","Leaves":[{"name":"bicycle","frequency":0.6 }],"frequency":0.272727},
{"id":"17","name":"wardrobe_cabinet","Leaves":[],"frequency":0.0909091},
{"id":"18","name":"rug","Leaves":[{"name":"rug","frequency":0.625 }],"frequency":0.454545},
{"id":"19","name":"stand","Leaves":[{"name":"stand","frequency":0.333333 }],"frequency":0.0909091},
{"id":"20","name":"cutting_board","Leaves":[{"name":"cutting_board","frequency":0.5 }],"frequency":0.0909091},
{"id":"21","name":"plates","Leaves":[{"name":"plates","frequency":0.5 }],"frequency":0.0909091},
{"id":"22","name":"toy","Leaves":[],"frequency":0.0909091},
{"id":"23","name":"door","Leaves":[{"name":"door","frequency":0.714285 }],"frequency":2.52259e-18},
{"id":"24","name":"stand","Leaves":[{"name":"stand","frequency":0.333333 }],"frequency":1.51086e-07},
{"id":"25","name":"chair","Leaves":[{"name":"chair","frequency":0.186441 }],"frequency":2.30527e-12},
{"id":"26","name":"chair","Leaves":[{"name":"chair","frequency":0.186441 }],"frequency":0},
{"id":"27","name":"chair","Leaves":[{"name":"chair","frequency":0.186441 }],"frequency":0},
{"id":"28","name":"chair","Leaves":[{"name":"chair","frequency":0.186441 }],"frequency":0},
{"id":"29","name":"curtain","Leaves":[{"name":"curtain","frequency":0.375 }],"frequency":4.75634e+30},
{"id":"30","name":"wall","Leaves":[{"name":"wall","frequency":0.217391 }],"frequency":8.11352e-43}
],
"rules":[
{"id":"0","source":"14","target":"0","factor":"proximity"},
{"id":"1","source":"0","target":"6","factor":"proximity"},
{"id":"2","source":"8","target":"0","factor":"proximity"},
{"id":"3","source":"5","target":"0","factor":"proximity"},
{"id":"4","source":"0","target":"8","factor":"orientation_parallel"},
{"id":"5","source":"0","target":"7","factor":"orientation_parallel"},
{"id":"6","source":"0","target":"9","factor":"orientation_parallel"},
{"id":"7","source":"0","target":"2","factor":"orientation_parallel"},
{"id":"8","source":"0","target":"5","factor":"orientation_parallel"},
{"id":"9","source":"0","target":"13","factor":"orientation_parallel"},
{"id":"10","source":"0","target":"19","factor":"orientation_parallel"},
{"id":"11","source":"0","target":"15","factor":"orientation_parallel"},
{"id":"12","source":"0","target":"1","factor":"orientation_parallel"},
{"id":"13","source":"0","target":"3","factor":"orientation_parallel"},
{"id":"14","source":"0","target":"4","factor":"orientation_parallel"},
{"id":"15","source":"0","target":"14","factor":"orientation_parallel"},
{"id":"16","source":"0","target":"6","factor":"orientation_parallel"},
{"id":"17","source":"9","target":"0","factor":"orientation_parallel"},
{"id":"18","source":"2","target":"0","factor":"orientation_parallel"},
{"id":"19","source":"5","target":"0","factor":"orientation_parallel"},
{"id":"20","source":"13","target":"0","factor":"orientation_parallel"},
{"id":"21","source":"19","target":"0","factor":"orientation_parallel"},
{"id":"22","source":"15","target":"0","factor":"orientation_parallel"},
{"id":"23","source":"3","target":"0","factor":"orientation_parallel"},
{"id":"24","source":"4","target":"0","factor":"orientation_parallel"},
{"id":"25","source":"14","target":"0","factor":"orientation_parallel"},
{"id":"26","source":"0","target":"11","factor":"orientation_perpendicular"},
{"id":"27","source":"0","target":"1","factor":"orientation_perpendicular"},
{"id":"28","source":"0","target":"5","factor":"orientation_perpendicular"},
{"id":"29","source":"0","target":"6","factor":"orientation_perpendicular"},
{"id":"30","source":"0","target":"10","factor":"orientation_perpendicular"},
{"id":"31","source":"0","target":"17","factor":"orientation_perpendicular"},
{"id":"32","source":"0","target":"13","factor":"orientation_perpendicular"},
{"id":"33","source":"0","target":"18","factor":"orientation_perpendicular"},
{"id":"34","source":"0","target":"16","factor":"orientation_perpendicular"},
{"id":"35","source":"18","target":"0","factor":"orientation_perpendicular"},
{"id":"36","source":"4","target":"0","factor":"orientation_perpendicular"},
{"id":"37","source":"16","target":"0","factor":"orientation_perpendicular"},
{"id":"38","source":"0","target":"23","factor":"orientation_parallel"},
{"id":"39","source":"14","target":"23","factor":"proximity"},
{"id":"40","source":"23","target":"6","factor":"proximity"},
{"id":"41","source":"8","target":"23","factor":"proximity"},
{"id":"42","source":"5","target":"23","factor":"proximity"},
{"id":"43","source":"23","target":"8","factor":"orientation_parallel"},
{"id":"44","source":"23","target":"7","factor":"orientation_parallel"},
{"id":"45","source":"23","target":"9","factor":"orientation_parallel"},
{"id":"46","source":"23","target":"2","factor":"orientation_parallel"},
{"id":"47","source":"23","target":"5","factor":"orientation_parallel"},
{"id":"48","source":"23","target":"13","factor":"orientation_parallel"},
{"id":"49","source":"23","target":"19","factor":"orientation_parallel"},
{"id":"50","source":"23","target":"15","factor":"orientation_parallel"},
{"id":"51","source":"23","target":"1","factor":"orientation_parallel"},
{"id":"52","source":"23","target":"3","factor":"orientation_parallel"},
{"id":"53","source":"23","target":"4","factor":"orientation_parallel"},
{"id":"54","source":"23","target":"14","factor":"orientation_parallel"},
{"id":"55","source":"23","target":"6","factor":"orientation_parallel"},
{"id":"56","source":"9","target":"23","factor":"orientation_parallel"},
{"id":"57","source":"2","target":"23","factor":"orientation_parallel"},
{"id":"58","source":"5","target":"23","factor":"orientation_parallel"},
{"id":"59","source":"13","target":"23","factor":"orientation_parallel"},
{"id":"60","source":"19","target":"23","factor":"orientation_parallel"},
{"id":"61","source":"15","target":"23","factor":"orientation_parallel"},
{"id":"62","source":"3","target":"23","factor":"orientation_parallel"},
{"id":"63","source":"4","target":"23","factor":"orientation_parallel"},
{"id":"64","source":"14","target":"23","factor":"orientation_parallel"},
{"id":"65","source":"23","target":"11","factor":"orientation_perpendicular"},
{"id":"66","source":"23","target":"1","factor":"orientation_perpendicular"},
{"id":"67","source":"23","target":"5","factor":"orientation_perpendicular"},
{"id":"68","source":"23","target":"6","factor":"orientation_perpendicular"},
{"id":"69","source":"23","target":"10","factor":"orientation_perpendicular"},
{"id":"70","source":"23","target":"17","factor":"orientation_perpendicular"},
{"id":"71","source":"23","target":"13","factor":"orientation_perpendicular"},
{"id":"72","source":"23","target":"18","factor":"orientation_perpendicular"},
{"id":"73","source":"23","target":"16","factor":"orientation_perpendicular"},
{"id":"74","source":"18","target":"23","factor":"orientation_perpendicular"},
{"id":"75","source":"4","target":"23","factor":"orientation_perpendicular"},
{"id":"76","source":"16","target":"23","factor":"orientation_perpendicular"},
{"id":"77","source":"19","target":"6","factor":"proximity"},
{"id":"78","source":"8","target":"19","factor":"orientation_parallel"},
{"id":"79","source":"7","target":"19","factor":"orientation_parallel"},
{"id":"80","source":"9","target":"19","factor":"orientation_parallel"},
{"id":"81","source":"2","target":"19","factor":"orientation_parallel"},
{"id":"82","source":"19","target":"2","factor":"orientation_parallel"},
{"id":"83","source":"5","target":"19","factor":"orientation_parallel"},
{"id":"84","source":"19","target":"5","factor":"orientation_parallel"},
{"id":"85","source":"13","target":"19","factor":"orientation_parallel"},
{"id":"86","source":"19","target":"13","factor":"orientation_parallel"},
{"id":"87","source":"19","target":"15","factor":"orientation_parallel"},
{"id":"88","source":"19","target":"1","factor":"orientation_parallel"},
{"id":"89","source":"19","target":"3","factor":"orientation_parallel"},
{"id":"90","source":"19","target":"4","factor":"orientation_parallel"},
{"id":"91","source":"19","target":"14","factor":"orientation_parallel"},
{"id":"92","source":"19","target":"9","factor":"orientation_parallel"},
{"id":"93","source":"19","target":"6","factor":"orientation_parallel"},
{"id":"94","source":"15","target":"19","factor":"orientation_parallel"},
{"id":"95","source":"3","target":"19","factor":"orientation_parallel"},
{"id":"96","source":"4","target":"19","factor":"orientation_parallel"},
{"id":"97","source":"14","target":"19","factor":"orientation_parallel"},
{"id":"98","source":"4","target":"19","factor":"orientation_perpendicular"},
{"id":"99","source":"19","target":"16","factor":"orientation_perpendicular"},
{"id":"100","source":"19","target":"6","factor":"orientation_perpendicular"},
{"id":"101","source":"16","target":"19","factor":"orientation_perpendicular"},
{"id":"102","source":"19","target":"24","factor":"orientation_parallel"},
{"id":"103","source":"19","target":"24","factor":"symmetry"},
{"id":"104","source":"19","target":"24","factor":"side_to_side"},
{"id":"105","source":"24","target":"6","factor":"proximity"},
{"id":"106","source":"8","target":"24","factor":"orientation_parallel"},
{"id":"107","source":"7","target":"24","factor":"orientation_parallel"},
{"id":"108","source":"9","target":"24","factor":"orientation_parallel"},
{"id":"109","source":"2","target":"24","factor":"orientation_parallel"},
{"id":"110","source":"24","target":"2","factor":"orientation_parallel"},
{"id":"111","source":"5","target":"24","factor":"orientation_parallel"},
{"id":"112","source":"24","target":"5","factor":"orientation_parallel"},
{"id":"113","source":"13","target":"24","factor":"orientation_parallel"},
{"id":"114","source":"24","target":"13","factor":"orientation_parallel"},
{"id":"115","source":"24","target":"15","factor":"orientation_parallel"},
{"id":"116","source":"24","target":"1","factor":"orientation_parallel"},
{"id":"117","source":"24","target":"3","factor":"orientation_parallel"},
{"id":"118","source":"24","target":"4","factor":"orientation_parallel"},
{"id":"119","source":"24","target":"14","factor":"orientation_parallel"},
{"id":"120","source":"24","target":"9","factor":"orientation_parallel"},
{"id":"121","source":"24","target":"6","factor":"orientation_parallel"},
{"id":"122","source":"15","target":"24","factor":"orientation_parallel"},
{"id":"123","source":"3","target":"24","factor":"orientation_parallel"},
{"id":"124","source":"4","target":"24","factor":"orientation_parallel"},
{"id":"125","source":"14","target":"24","factor":"orientation_parallel"},
{"id":"126","source":"4","target":"24","factor":"orientation_perpendicular"},
{"id":"127","source":"24","target":"16","factor":"orientation_perpendicular"},
{"id":"128","source":"24","target":"6","factor":"orientation_perpendicular"},
{"id":"129","source":"16","target":"24","factor":"orientation_perpendicular"},
{"id":"130","source":"5","target":"6","factor":"proximity"},
{"id":"131","source":"5","target":"7","factor":"proximity"},
{"id":"132","source":"8","target":"5","factor":"proximity"},
{"id":"133","source":"5","target":"9","factor":"proximity"},
{"id":"134","source":"5","target":"10","factor":"proximity"},
{"id":"135","source":"5","target":"2","factor":"proximity"},
{"id":"136","source":"5","target":"13","factor":"proximity"},
{"id":"137","source":"14","target":"5","factor":"proximity"},
{"id":"138","source":"5","target":"12","factor":"proximity"},
{"id":"139","source":"5","target":"1","factor":"proximity"},
{"id":"140","source":"5","target":"11","factor":"proximity"},
{"id":"141","source":"5","target":"18","factor":"proximity"},
{"id":"142","source":"8","target":"5","factor":"orientation_parallel"},
{"id":"143","source":"7","target":"5","factor":"orientation_parallel"},
{"id":"144","source":"5","target":"21","factor":"orientation_parallel"},
{"id":"145","source":"15","target":"5","factor":"orientation_parallel"},
{"id":"146","source":"9","target":"5","factor":"orientation_parallel"},
{"id":"147","source":"5","target":"6","factor":"orientation_parallel"},
{"id":"148","source":"5","target":"20","factor":"orientation_parallel"},
{"id":"149","source":"5","target":"15","factor":"orientation_parallel"},
{"id":"150","source":"5","target":"18","factor":"orientation_parallel"},
{"id":"151","source":"10","target":"5","factor":"orientation_parallel"},
{"id":"152","source":"12","target":"5","factor":"orientation_parallel"},
{"id":"153","source":"5","target":"10","factor":"orientation_parallel"},
{"id":"154","source":"11","target":"5","factor":"orientation_parallel"},
{"id":"155","source":"6","target":"5","factor":"orientation_parallel"},
{"id":"156","source":"1","target":"5","factor":"orientation_parallel"},
{"id":"157","source":"5","target":"9","factor":"orientation_parallel"},
{"id":"158","source":"2","target":"5","factor":"orientation_parallel"},
{"id":"159","source":"5","target":"2","factor":"orientation_parallel"},
{"id":"160","source":"5","target":"13","factor":"orientation_parallel"},
{"id":"161","source":"5","target":"3","factor":"orientation_parallel"},
{"id":"162","source":"5","target":"4","factor":"orientation_parallel"},
{"id":"163","source":"5","target":"14","factor":"orientation_parallel"},
{"id":"164","source":"13","target":"5","factor":"orientation_parallel"},
{"id":"165","source":"5","target":"1","factor":"orientation_parallel"},
{"id":"166","source":"3","target":"5","factor":"orientation_parallel"},
{"id":"167","source":"4","target":"5","factor":"orientation_parallel"},
{"id":"168","source":"14","target":"5","factor":"orientation_parallel"},
{"id":"169","source":"16","target":"5","factor":"orientation_parallel"},
{"id":"170","source":"5","target":"12","factor":"orientation_parallel"},
{"id":"171","source":"18","target":"5","factor":"orientation_parallel"},
{"id":"172","source":"1","target":"5","factor":"orientation_perpendicular"},
{"id":"173","source":"5","target":"15","factor":"orientation_perpendicular"},
{"id":"174","source":"5","target":"6","factor":"orientation_perpendicular"},
{"id":"175","source":"6","target":"5","factor":"orientation_perpendicular"},
{"id":"176","source":"8","target":"5","factor":"orientation_perpendicular"},
{"id":"177","source":"7","target":"5","factor":"orientation_perpendicular"},
{"id":"178","source":"4","target":"5","factor":"orientation_perpendicular"},
{"id":"179","source":"5","target":"18","factor":"orientation_perpendicular"},
{"id":"180","source":"5","target":"16","factor":"orientation_perpendicular"},
{"id":"181","source":"5","target":"1","factor":"orientation_perpendicular"},
{"id":"182","source":"18","target":"5","factor":"orientation_perpendicular"},
{"id":"183","source":"16","target":"5","factor":"orientation_perpendicular"},
{"id":"184","source":"2","target":"5","factor":"orientation_perpendicular"},
{"id":"185","source":"5","target":"9","factor":"orientation_perpendicular"},
{"id":"186","source":"5","target":"12","factor":"orientation_perpendicular"},
{"id":"187","source":"10","target":"5","factor":"orientation_perpendicular"},
{"id":"188","source":"5","target":"2","factor":"orientation_perpendicular"},
{"id":"189","source":"5","target":"13","factor":"orientation_perpendicular"},
{"id":"190","source":"13","target":"5","factor":"orientation_perpendicular"},
{"id":"191","source":"5","target":"25","factor":"proximity"},
{"id":"192","source":"5","target":"25","factor":"orientation_parallel"},
{"id":"193","source":"5","target":"25","factor":"orientation_perpendicular"},
{"id":"194","source":"5","target":"25","factor":"symmetry"},
{"id":"195","source":"5","target":"25","factor":"side_to_side"},
{"id":"196","source":"25","target":"6","factor":"proximity"},
{"id":"197","source":"25","target":"7","factor":"proximity"},
{"id":"198","source":"8","target":"25","factor":"proximity"},
{"id":"199","source":"25","target":"9","factor":"proximity"},
{"id":"200","source":"25","target":"10","factor":"proximity"},
{"id":"201","source":"25","target":"2","factor":"proximity"},
{"id":"202","source":"25","target":"13","factor":"proximity"},
{"id":"203","source":"14","target":"25","factor":"proximity"},
{"id":"204","source":"25","target":"12","factor":"proximity"},
{"id":"205","source":"25","target":"1","factor":"proximity"},
{"id":"206","source":"25","target":"11","factor":"proximity"},
{"id":"207","source":"25","target":"18","factor":"proximity"},
{"id":"208","source":"8","target":"25","factor":"orientation_parallel"},
{"id":"209","source":"7","target":"25","factor":"orientation_parallel"},
{"id":"210","source":"25","target":"21","factor":"orientation_parallel"},
{"id":"211","source":"15","target":"25","factor":"orientation_parallel"},
{"id":"212","source":"9","target":"25","factor":"orientation_parallel"},
{"id":"213","source":"25","target":"6","factor":"orientation_parallel"},
{"id":"214","source":"25","target":"20","factor":"orientation_parallel"},
{"id":"215","source":"25","target":"15","factor":"orientation_parallel"},
{"id":"216","source":"25","target":"18","factor":"orientation_parallel"},
{"id":"217","source":"10","target":"25","factor":"orientation_parallel"},
{"id":"218","source":"12","target":"25","factor":"orientation_parallel"},
{"id":"219","source":"25","target":"10","factor":"orientation_parallel"},
{"id":"220","source":"11","target":"25","factor":"orientation_parallel"},
{"id":"221","source":"6","target":"25","factor":"orientation_parallel"},
{"id":"222","source":"1","target":"25","factor":"orientation_parallel"},
{"id":"223","source":"25","target":"9","factor":"orientation_parallel"},
{"id":"224","source":"2","target":"25","factor":"orientation_parallel"},
{"id":"225","source":"25","target":"2","factor":"orientation_parallel"},
{"id":"226","source":"25","target":"13","factor":"orientation_parallel"},
{"id":"227","source":"25","target":"3","factor":"orientation_parallel"},
{"id":"228","source":"25","target":"4","factor":"orientation_parallel"},
{"id":"229","source":"25","target":"14","factor":"orientation_parallel"},
{"id":"230","source":"13","target":"25","factor":"orientation_parallel"},
{"id":"231","source":"25","target":"1","factor":"orientation_parallel"},
{"id":"232","source":"3","target":"25","factor":"orientation_parallel"},
{"id":"233","source":"4","target":"25","factor":"orientation_parallel"},
{"id":"234","source":"14","target":"25","factor":"orientation_parallel"},
{"id":"235","source":"16","target":"25","factor":"orientation_parallel"},
{"id":"236","source":"25","target":"12","factor":"orientation_parallel"},
{"id":"237","source":"18","target":"25","factor":"orientation_parallel"},
{"id":"238","source":"1","target":"25","factor":"orientation_perpendicular"},
{"id":"239","source":"25","target":"15","factor":"orientation_perpendicular"},
{"id":"240","source":"25","target":"6","factor":"orientation_perpendicular"},
{"id":"241","source":"6","target":"25","factor":"orientation_perpendicular"},
{"id":"242","source":"8","target":"25","factor":"orientation_perpendicular"},
{"id":"243","source":"7","target":"25","factor":"orientation_perpendicular"},
{"id":"244","source":"4","target":"25","factor":"orientation_perpendicular"},
{"id":"245","source":"25","target":"18","factor":"orientation_perpendicular"},
{"id":"246","source":"25","target":"16","factor":"orientation_perpendicular"},
{"id":"247","source":"25","target":"1","factor":"orientation_perpendicular"},
{"id":"248","source":"18","target":"25","factor":"orientation_perpendicular"},
{"id":"249","source":"16","target":"25","factor":"orientation_perpendicular"},
{"id":"250","source":"2","target":"25","factor":"orientation_perpendicular"},
{"id":"251","source":"25","target":"9","factor":"orientation_perpendicular"},
{"id":"252","source":"25","target":"12","factor":"orientation_perpendicular"},
{"id":"253","source":"10","target":"25","factor":"orientation_perpendicular"},
{"id":"254","source":"25","target":"2","factor":"orientation_perpendicular"},
{"id":"255","source":"25","target":"13","factor":"orientation_perpendicular"},
{"id":"256","source":"13","target":"25","factor":"orientation_perpendicular"},
{"id":"257","source":"5","target":"26","factor":"proximity"},
{"id":"258","source":"25","target":"26","factor":"proximity"},
{"id":"259","source":"5","target":"26","factor":"orientation_parallel"},
{"id":"260","source":"25","target":"26","factor":"orientation_parallel"},
{"id":"261","source":"5","target":"26","factor":"orientation_perpendicular"},
{"id":"262","source":"25","target":"26","factor":"orientation_perpendicular"},
{"id":"263","source":"5","target":"26","factor":"symmetry"},
{"id":"264","source":"25","target":"26","factor":"symmetry"},
{"id":"265","source":"5","target":"26","factor":"side_to_side"},
{"id":"266","source":"25","target":"26","factor":"side_to_side"},
{"id":"267","source":"26","target":"6","factor":"proximity"},
{"id":"268","source":"26","target":"7","factor":"proximity"},
{"id":"269","source":"8","target":"26","factor":"proximity"},
{"id":"270","source":"26","target":"9","factor":"proximity"},
{"id":"271","source":"26","target":"10","factor":"proximity"},
{"id":"272","source":"26","target":"2","factor":"proximity"},
{"id":"273","source":"26","target":"13","factor":"proximity"},
{"id":"274","source":"14","target":"26","factor":"proximity"},
{"id":"275","source":"26","target":"12","factor":"proximity"},
{"id":"276","source":"26","target":"1","factor":"proximity"},
{"id":"277","source":"26","target":"11","factor":"proximity"},
{"id":"278","source":"26","target":"18","factor":"proximity"},
{"id":"279","source":"8","target":"26","factor":"orientation_parallel"},
{"id":"280","source":"7","target":"26","factor":"orientation_parallel"},
{"id":"281","source":"26","target":"21","factor":"orientation_parallel"},
{"id":"282","source":"15","target":"26","factor":"orientation_parallel"},
{"id":"283","source":"9","target":"26","factor":"orientation_parallel"},
{"id":"284","source":"26","target":"6","factor":"orientation_parallel"},
{"id":"285","source":"26","target":"20","factor":"orientation_parallel"},
{"id":"286","source":"26","target":"15","factor":"orientation_parallel"},
{"id":"287","source":"26","target":"18","factor":"orientation_parallel"},
{"id":"288","source":"10","target":"26","factor":"orientation_parallel"},
{"id":"289","source":"12","target":"26","factor":"orientation_parallel"},
{"id":"290","source":"26","target":"10","factor":"orientation_parallel"},
{"id":"291","source":"11","target":"26","factor":"orientation_parallel"},
{"id":"292","source":"6","target":"26","factor":"orientation_parallel"},
{"id":"293","source":"1","target":"26","factor":"orientation_parallel"},
{"id":"294","source":"26","target":"9","factor":"orientation_parallel"},
{"id":"295","source":"2","target":"26","factor":"orientation_parallel"},
{"id":"296","source":"26","target":"2","factor":"orientation_parallel"},
{"id":"297","source":"26","target":"13","factor":"orientation_parallel"},
{"id":"298","source":"26","target":"3","factor":"orientation_parallel"},
{"id":"299","source":"26","target":"4","factor":"orientation_parallel"},
{"id":"300","source":"26","target":"14","factor":"orientation_parallel"},
{"id":"301","source":"13","target":"26","factor":"orientation_parallel"},
{"id":"302","source":"26","target":"1","factor":"orientation_parallel"},
{"id":"303","source":"3","target":"26","factor":"orientation_parallel"},
{"id":"304","source":"4","target":"26","factor":"orientation_parallel"},
{"id":"305","source":"14","target":"26","factor":"orientation_parallel"},
{"id":"306","source":"16","target":"26","factor":"orientation_parallel"},
{"id":"307","source":"26","target":"12","factor":"orientation_parallel"},
{"id":"308","source":"18","target":"26","factor":"orientation_parallel"},
{"id":"309","source":"1","target":"26","factor":"orientation_perpendicular"},
{"id":"310","source":"26","target":"15","factor":"orientation_perpendicular"},
{"id":"311","source":"26","target":"6","factor":"orientation_perpendicular"},
{"id":"312","source":"6","target":"26","factor":"orientation_perpendicular"},
{"id":"313","source":"8","target":"26","factor":"orientation_perpendicular"},
{"id":"314","source":"7","target":"26","factor":"orientation_perpendicular"},
{"id":"315","source":"4","target":"26","factor":"orientation_perpendicular"},
{"id":"316","source":"26","target":"18","factor":"orientation_perpendicular"},
{"id":"317","source":"26","target":"16","factor":"orientation_perpendicular"},
{"id":"318","source":"26","target":"1","factor":"orientation_perpendicular"},
{"id":"319","source":"18","target":"26","factor":"orientation_perpendicular"},
{"id":"320","source":"16","target":"26","factor":"orientation_perpendicular"},
{"id":"321","source":"2","target":"26","factor":"orientation_perpendicular"},
{"id":"322","source":"26","target":"9","factor":"orientation_perpendicular"},
{"id":"323","source":"26","target":"12","factor":"orientation_perpendicular"},
{"id":"324","source":"10","target":"26","factor":"orientation_perpendicular"},
{"id":"325","source":"26","target":"2","factor":"orientation_perpendicular"},
{"id":"326","source":"26","target":"13","factor":"orientation_perpendicular"},
{"id":"327","source":"13","target":"26","factor":"orientation_perpendicular"},
{"id":"328","source":"5","target":"27","factor":"proximity"},
{"id":"329","source":"25","target":"27","factor":"proximity"},
{"id":"330","source":"26","target":"27","factor":"proximity"},
{"id":"331","source":"5","target":"27","factor":"orientation_parallel"},
{"id":"332","source":"25","target":"27","factor":"orientation_parallel"},
{"id":"333","source":"26","target":"27","factor":"orientation_parallel"},
{"id":"334","source":"5","target":"27","factor":"orientation_perpendicular"},
{"id":"335","source":"25","target":"27","factor":"orientation_perpendicular"},
{"id":"336","source":"26","target":"27","factor":"orientation_perpendicular"},
{"id":"337","source":"5","target":"27","factor":"symmetry"},
{"id":"338","source":"25","target":"27","factor":"symmetry"},
{"id":"339","source":"26","target":"27","factor":"symmetry"},
{"id":"340","source":"5","target":"27","factor":"side_to_side"},
{"id":"341","source":"25","target":"27","factor":"side_to_side"},
{"id":"342","source":"26","target":"27","factor":"side_to_side"},
{"id":"343","source":"27","target":"6","factor":"proximity"},
{"id":"344","source":"27","target":"7","factor":"proximity"},
{"id":"345","source":"8","target":"27","factor":"proximity"},
{"id":"346","source":"27","target":"9","factor":"proximity"},
{"id":"347","source":"27","target":"10","factor":"proximity"},
{"id":"348","source":"27","target":"2","factor":"proximity"},
{"id":"349","source":"27","target":"13","factor":"proximity"},
{"id":"350","source":"14","target":"27","factor":"proximity"},
{"id":"351","source":"27","target":"12","factor":"proximity"},
{"id":"352","source":"27","target":"1","factor":"proximity"},
{"id":"353","source":"27","target":"11","factor":"proximity"},
{"id":"354","source":"27","target":"18","factor":"proximity"},
{"id":"355","source":"8","target":"27","factor":"orientation_parallel"},
{"id":"356","source":"7","target":"27","factor":"orientation_parallel"},
{"id":"357","source":"27","target":"21","factor":"orientation_parallel"},
{"id":"358","source":"15","target":"27","factor":"orientation_parallel"},
{"id":"359","source":"9","target":"27","factor":"orientation_parallel"},
{"id":"360","source":"27","target":"6","factor":"orientation_parallel"},
{"id":"361","source":"27","target":"20","factor":"orientation_parallel"},
{"id":"362","source":"27","target":"15","factor":"orientation_parallel"},
{"id":"363","source":"27","target":"18","factor":"orientation_parallel"},
{"id":"364","source":"10","target":"27","factor":"orientation_parallel"},
{"id":"365","source":"12","target":"27","factor":"orientation_parallel"},
{"id":"366","source":"27","target":"10","factor":"orientation_parallel"},
{"id":"367","source":"11","target":"27","factor":"orientation_parallel"},
{"id":"368","source":"6","target":"27","factor":"orientation_parallel"},
{"id":"369","source":"1","target":"27","factor":"orientation_parallel"},
{"id":"370","source":"27","target":"9","factor":"orientation_parallel"},
{"id":"371","source":"2","target":"27","factor":"orientation_parallel"},
{"id":"372","source":"27","target":"2","factor":"orientation_parallel"},
{"id":"373","source":"27","target":"13","factor":"orientation_parallel"},
{"id":"374","source":"27","target":"3","factor":"orientation_parallel"},
{"id":"375","source":"27","target":"4","factor":"orientation_parallel"},
{"id":"376","source":"27","target":"14","factor":"orientation_parallel"},
{"id":"377","source":"13","target":"27","factor":"orientation_parallel"},
{"id":"378","source":"27","target":"1","factor":"orientation_parallel"},
{"id":"379","source":"3","target":"27","factor":"orientation_parallel"},
{"id":"380","source":"4","target":"27","factor":"orientation_parallel"},
{"id":"381","source":"14","target":"27","factor":"orientation_parallel"},
{"id":"382","source":"16","target":"27","factor":"orientation_parallel"},
{"id":"383","source":"27","target":"12","factor":"orientation_parallel"},
{"id":"384","source":"18","target":"27","factor":"orientation_parallel"},
{"id":"385","source":"1","target":"27","factor":"orientation_perpendicular"},
{"id":"386","source":"27","target":"15","factor":"orientation_perpendicular"},
{"id":"387","source":"27","target":"6","factor":"orientation_perpendicular"},
{"id":"388","source":"6","target":"27","factor":"orientation_perpendicular"},
{"id":"389","source":"8","target":"27","factor":"orientation_perpendicular"},
{"id":"390","source":"7","target":"27","factor":"orientation_perpendicular"},
{"id":"391","source":"4","target":"27","factor":"orientation_perpendicular"},
{"id":"392","source":"27","target":"18","factor":"orientation_perpendicular"},
{"id":"393","source":"27","target":"16","factor":"orientation_perpendicular"},
{"id":"394","source":"27","target":"1","factor":"orientation_perpendicular"},
{"id":"395","source":"18","target":"27","factor":"orientation_perpendicular"},
{"id":"396","source":"16","target":"27","factor":"orientation_perpendicular"},
{"id":"397","source":"2","target":"27","factor":"orientation_perpendicular"},
{"id":"398","source":"27","target":"9","factor":"orientation_perpendicular"},
{"id":"399","source":"27","target":"12","factor":"orientation_perpendicular"},
{"id":"400","source":"10","target":"27","factor":"orientation_perpendicular"},
{"id":"401","source":"27","target":"2","factor":"orientation_perpendicular"},
{"id":"402","source":"27","target":"13","factor":"orientation_perpendicular"},
{"id":"403","source":"13","target":"27","factor":"orientation_perpendicular"},
{"id":"404","source":"5","target":"28","factor":"proximity"},
{"id":"405","source":"25","target":"28","factor":"proximity"},
{"id":"406","source":"26","target":"28","factor":"proximity"},
{"id":"407","source":"27","target":"28","factor":"proximity"},
{"id":"408","source":"5","target":"28","factor":"orientation_parallel"},
{"id":"409","source":"25","target":"28","factor":"orientation_parallel"},
{"id":"410","source":"26","target":"28","factor":"orientation_parallel"},
{"id":"411","source":"27","target":"28","factor":"orientation_parallel"},
{"id":"412","source":"5","target":"28","factor":"orientation_perpendicular"},
{"id":"413","source":"25","target":"28","factor":"orientation_perpendicular"},
{"id":"414","source":"26","target":"28","factor":"orientation_perpendicular"},
{"id":"415","source":"27","target":"28","factor":"orientation_perpendicular"},
{"id":"416","source":"5","target":"28","factor":"symmetry"},
{"id":"417","source":"25","target":"28","factor":"symmetry"},
{"id":"418","source":"26","target":"28","factor":"symmetry"},
{"id":"419","source":"27","target":"28","factor":"symmetry"},
{"id":"420","source":"5","target":"28","factor":"side_to_side"},
{"id":"421","source":"25","target":"28","factor":"side_to_side"},
{"id":"422","source":"26","target":"28","factor":"side_to_side"},
{"id":"423","source":"27","target":"28","factor":"side_to_side"},
{"id":"424","source":"28","target":"6","factor":"proximity"},
{"id":"425","source":"28","target":"7","factor":"proximity"},
{"id":"426","source":"8","target":"28","factor":"proximity"},
{"id":"427","source":"28","target":"9","factor":"proximity"},
{"id":"428","source":"28","target":"10","factor":"proximity"},
{"id":"429","source":"28","target":"2","factor":"proximity"},
{"id":"430","source":"28","target":"13","factor":"proximity"},
{"id":"431","source":"14","target":"28","factor":"proximity"},
{"id":"432","source":"28","target":"12","factor":"proximity"},
{"id":"433","source":"28","target":"1","factor":"proximity"},
{"id":"434","source":"28","target":"11","factor":"proximity"},
{"id":"435","source":"28","target":"18","factor":"proximity"},
{"id":"436","source":"8","target":"28","factor":"orientation_parallel"},
{"id":"437","source":"7","target":"28","factor":"orientation_parallel"},
{"id":"438","source":"28","target":"21","factor":"orientation_parallel"},
{"id":"439","source":"15","target":"28","factor":"orientation_parallel"},
{"id":"440","source":"9","target":"28","factor":"orientation_parallel"},
{"id":"441","source":"28","target":"6","factor":"orientation_parallel"},
{"id":"442","source":"28","target":"20","factor":"orientation_parallel"},
{"id":"443","source":"28","target":"15","factor":"orientation_parallel"},
{"id":"444","source":"28","target":"18","factor":"orientation_parallel"},
{"id":"445","source":"10","target":"28","factor":"orientation_parallel"},
{"id":"446","source":"12","target":"28","factor":"orientation_parallel"},
{"id":"447","source":"28","target":"10","factor":"orientation_parallel"},
{"id":"448","source":"11","target":"28","factor":"orientation_parallel"},
{"id":"449","source":"6","target":"28","factor":"orientation_parallel"},
{"id":"450","source":"1","target":"28","factor":"orientation_parallel"},
{"id":"451","source":"28","target":"9","factor":"orientation_parallel"},
{"id":"452","source":"2","target":"28","factor":"orientation_parallel"},
{"id":"453","source":"28","target":"2","factor":"orientation_parallel"},
{"id":"454","source":"28","target":"13","factor":"orientation_parallel"},
{"id":"455","source":"28","target":"3","factor":"orientation_parallel"},
{"id":"456","source":"28","target":"4","factor":"orientation_parallel"},
{"id":"457","source":"28","target":"14","factor":"orientation_parallel"},
{"id":"458","source":"13","target":"28","factor":"orientation_parallel"},
{"id":"459","source":"28","target":"1","factor":"orientation_parallel"},
{"id":"460","source":"3","target":"28","factor":"orientation_parallel"},
{"id":"461","source":"4","target":"28","factor":"orientation_parallel"},
{"id":"462","source":"14","target":"28","factor":"orientation_parallel"},
{"id":"463","source":"16","target":"28","factor":"orientation_parallel"},
{"id":"464","source":"28","target":"12","factor":"orientation_parallel"},
{"id":"465","source":"18","target":"28","factor":"orientation_parallel"},
{"id":"466","source":"1","target":"28","factor":"orientation_perpendicular"},
{"id":"467","source":"28","target":"15","factor":"orientation_perpendicular"},
{"id":"468","source":"28","target":"6","factor":"orientation_perpendicular"},
{"id":"469","source":"6","target":"28","factor":"orientation_perpendicular"},
{"id":"470","source":"8","target":"28","factor":"orientation_perpendicular"},
{"id":"471","source":"7","target":"28","factor":"orientation_perpendicular"},
{"id":"472","source":"4","target":"28","factor":"orientation_perpendicular"},
{"id":"473","source":"28","target":"18","factor":"orientation_perpendicular"},
{"id":"474","source":"28","target":"16","factor":"orientation_perpendicular"},
{"id":"475","source":"28","target":"1","factor":"orientation_perpendicular"},
{"id":"476","source":"18","target":"28","factor":"orientation_perpendicular"},
{"id":"477","source":"16","target":"28","factor":"orientation_perpendicular"},
{"id":"478","source":"2","target":"28","factor":"orientation_perpendicular"},
{"id":"479","source":"28","target":"9","factor":"orientation_perpendicular"},
{"id":"480","source":"28","target":"12","factor":"orientation_perpendicular"},
{"id":"481","source":"10","target":"28","factor":"orientation_perpendicular"},
{"id":"482","source":"28","target":"2","factor":"orientation_perpendicular"},
{"id":"483","source":"28","target":"13","factor":"orientation_perpendicular"},
{"id":"484","source":"13","target":"28","factor":"orientation_perpendicular"},
{"id":"485","source":"1","target":"2","factor":"Horizontal-Support"},
{"id":"486","source":"2","target":"1","factor":"proximity"},
{"id":"487","source":"14","target":"2","factor":"proximity"},
{"id":"488","source":"16","target":"2","factor":"proximity"},
{"id":"489","source":"8","target":"2","factor":"orientation_parallel"},
{"id":"490","source":"7","target":"2","factor":"orientation_parallel"},
{"id":"491","source":"2","target":"1","factor":"orientation_parallel"},
{"id":"492","source":"2","target":"15","factor":"orientation_parallel"},
{"id":"493","source":"2","target":"6","factor":"orientation_parallel"},
{"id":"494","source":"9","target":"2","factor":"orientation_parallel"},
{"id":"495","source":"2","target":"13","factor":"orientation_parallel"},
{"id":"496","source":"2","target":"3","factor":"orientation_parallel"},
{"id":"497","source":"2","target":"4","factor":"orientation_parallel"},
{"id":"498","source":"2","target":"14","factor":"orientation_parallel"},
{"id":"499","source":"2","target":"9","factor":"orientation_parallel"},
{"id":"500","source":"13","target":"2","factor":"orientation_parallel"},
{"id":"501","source":"15","target":"2","factor":"orientation_parallel"},
{"id":"502","source":"3","target":"2","factor":"orientation_parallel"},
{"id":"503","source":"4","target":"2","factor":"orientation_parallel"},
{"id":"504","source":"14","target":"2","factor":"orientation_parallel"},
{"id":"505","source":"1","target":"2","factor":"orientation_parallel"},
{"id":"506","source":"2","target":"16","factor":"orientation_parallel"},
{"id":"507","source":"2","target":"13","factor":"orientation_perpendicular"},
{"id":"508","source":"2","target":"1","factor":"orientation_perpendicular"},
{"id":"509","source":"2","target":"18","factor":"orientation_perpendicular"},
{"id":"510","source":"2","target":"16","factor":"orientation_perpendicular"},
{"id":"511","source":"2","target":"6","factor":"orientation_perpendicular"},
{"id":"512","source":"4","target":"2","factor":"orientation_perpendicular"},
{"id":"513","source":"18","target":"2","factor":"orientation_perpendicular"},
{"id":"514","source":"16","target":"2","factor":"orientation_perpendicular"},
{"id":"515","source":"6","target":"2","factor":"orientation_perpendicular"},
{"id":"516","source":"2","target":"7","factor":"orientation_perpendicular"},
{"id":"517","source":"2","target":"8","factor":"orientation_perpendicular"},
{"id":"518","source":"2","target":"9","factor":"orientation_perpendicular"},
{"id":"519","source":"2","target":"12","factor":"orientation_perpendicular"},
{"id":"520","source":"10","target":"2","factor":"orientation_perpendicular"},
{"id":"521","source":"2","target":"1","factor":"side_to_side"},
{"id":"522","source":"2","target":"29","factor":"orientation_parallel"},
{"id":"523","source":"2","target":"29","factor":"orientation_perpendicular"},
{"id":"524","source":"2","target":"29","factor":"symmetry"},
{"id":"525","source":"2","target":"29","factor":"side_to_side"},
{"id":"526","source":"1","target":"29","factor":"Horizontal-Support"},
{"id":"527","source":"29","target":"1","factor":"proximity"},
{"id":"528","source":"14","target":"29","factor":"proximity"},
{"id":"529","source":"16","target":"29","factor":"proximity"},
{"id":"530","source":"8","target":"29","factor":"orientation_parallel"},
{"id":"531","source":"7","target":"29","factor":"orientation_parallel"},
{"id":"532","source":"29","target":"1","factor":"orientation_parallel"},
{"id":"533","source":"29","target":"15","factor":"orientation_parallel"},
{"id":"534","source":"29","target":"6","factor":"orientation_parallel"},
{"id":"535","source":"9","target":"29","factor":"orientation_parallel"},
{"id":"536","source":"29","target":"13","factor":"orientation_parallel"},
{"id":"537","source":"29","target":"3","factor":"orientation_parallel"},
{"id":"538","source":"29","target":"4","factor":"orientation_parallel"},
{"id":"539","source":"29","target":"14","factor":"orientation_parallel"},
{"id":"540","source":"29","target":"9","factor":"orientation_parallel"},
{"id":"541","source":"13","target":"29","factor":"orientation_parallel"},
{"id":"542","source":"15","target":"29","factor":"orientation_parallel"},
{"id":"543","source":"3","target":"29","factor":"orientation_parallel"},
{"id":"544","source":"4","target":"29","factor":"orientation_parallel"},
{"id":"545","source":"14","target":"29","factor":"orientation_parallel"},
{"id":"546","source":"1","target":"29","factor":"orientation_parallel"},
{"id":"547","source":"29","target":"16","factor":"orientation_parallel"},
{"id":"548","source":"29","target":"13","factor":"orientation_perpendicular"},
{"id":"549","source":"29","target":"1","factor":"orientation_perpendicular"},
{"id":"550","source":"29","target":"18","factor":"orientation_perpendicular"},
{"id":"551","source":"29","target":"16","factor":"orientation_perpendicular"},
{"id":"552","source":"29","target":"6","factor":"orientation_perpendicular"},
{"id":"553","source":"4","target":"29","factor":"orientation_perpendicular"},
{"id":"554","source":"18","target":"29","factor":"orientation_perpendicular"},
{"id":"555","source":"16","target":"29","factor":"orientation_perpendicular"},
{"id":"556","source":"6","target":"29","factor":"orientation_perpendicular"},
{"id":"557","source":"29","target":"7","factor":"orientation_perpendicular"},
{"id":"558","source":"29","target":"8","factor":"orientation_perpendicular"},
{"id":"559","source":"29","target":"9","factor":"orientation_perpendicular"},
{"id":"560","source":"29","target":"12","factor":"orientation_perpendicular"},
{"id":"561","source":"10","target":"29","factor":"orientation_perpendicular"},
{"id":"562","source":"29","target":"1","factor":"side_to_side"},
{"id":"563","source":"11","target":"6","factor":"proximity"},
{"id":"564","source":"8","target":"6","factor":"proximity"},
{"id":"565","source":"14","target":"6","factor":"proximity"},
{"id":"566","source":"10","target":"6","factor":"proximity"},
{"id":"567","source":"9","target":"6","factor":"proximity"},
{"id":"568","source":"8","target":"6","factor":"orientation_parallel"},
{"id":"569","source":"7","target":"6","factor":"orientation_parallel"},
{"id":"570","source":"15","target":"6","factor":"orientation_parallel"},
{"id":"571","source":"9","target":"6","factor":"orientation_parallel"},
{"id":"572","source":"6","target":"20","factor":"orientation_parallel"},
{"id":"573","source":"6","target":"15","factor":"orientation_parallel"},
{"id":"574","source":"6","target":"21","factor":"orientation_parallel"},
{"id":"575","source":"6","target":"18","factor":"orientation_parallel"},
{"id":"576","source":"22","target":"6","factor":"orientation_parallel"},
{"id":"577","source":"18","target":"6","factor":"orientation_parallel"},
{"id":"578","source":"10","target":"6","factor":"orientation_parallel"},
{"id":"579","source":"12","target":"6","factor":"orientation_parallel"},
{"id":"580","source":"11","target":"6","factor":"orientation_parallel"},
{"id":"581","source":"6","target":"1","factor":"orientation_parallel"},
{"id":"582","source":"1","target":"6","factor":"orientation_parallel"},
{"id":"583","source":"17","target":"6","factor":"orientation_parallel"},
{"id":"584","source":"13","target":"6","factor":"orientation_parallel"},
{"id":"585","source":"3","target":"6","factor":"orientation_parallel"},
{"id":"586","source":"4","target":"6","factor":"orientation_parallel"},
{"id":"587","source":"14","target":"6","factor":"orientation_parallel"},
{"id":"588","source":"6","target":"9","factor":"orientation_parallel"},
{"id":"589","source":"16","target":"6","factor":"orientation_parallel"},
{"id":"590","source":"8","target":"6","factor":"orientation_perpendicular"},
{"id":"591","source":"7","target":"6","factor":"orientation_perpendicular"},
{"id":"592","source":"1","target":"6","factor":"orientation_perpendicular"},
{"id":"593","source":"15","target":"6","factor":"orientation_perpendicular"},
{"id":"594","source":"9","target":"6","factor":"orientation_perpendicular"},
{"id":"595","source":"22","target":"6","factor":"orientation_perpendicular"},
{"id":"596","source":"20","target":"6","factor":"orientation_perpendicular"},
{"id":"597","source":"21","target":"6","factor":"orientation_perpendicular"},
{"id":"598","source":"18","target":"6","factor":"orientation_perpendicular"},
{"id":"599","source":"10","target":"6","factor":"orientation_perpendicular"},
{"id":"600","source":"12","target":"6","factor":"orientation_perpendicular"},
{"id":"601","source":"11","target":"6","factor":"orientation_perpendicular"},
{"id":"602","source":"6","target":"1","factor":"orientation_perpendicular"},
{"id":"603","source":"6","target":"9","factor":"orientation_perpendicular"},
{"id":"604","source":"6","target":"17","factor":"orientation_perpendicular"},
{"id":"605","source":"6","target":"13","factor":"orientation_perpendicular"},
{"id":"606","source":"6","target":"16","factor":"orientation_perpendicular"},
{"id":"607","source":"4","target":"6","factor":"orientation_perpendicular"},
{"id":"608","source":"13","target":"6","factor":"orientation_perpendicular"},
{"id":"609","source":"3","target":"6","factor":"orientation_perpendicular"},
{"id":"610","source":"6","target":"15","factor":"orientation_perpendicular"},
{"id":"611","source":"16","target":"6","factor":"orientation_perpendicular"},
{"id":"612","source":"14","target":"6","factor":"orientation_perpendicular"},
{"id":"613","source":"6","target":"11","factor":"orientation_perpendicular"},
{"id":"614","source":"6","target":"30","factor":"orientation_parallel"},
{"id":"615","source":"6","target":"30","factor":"orientation_perpendicular"},
{"id":"616","source":"6","target":"30","factor":"symmetry"},
{"id":"617","source":"6","target":"30","factor":"side_to_side"},
{"id":"618","source":"11","target":"30","factor":"proximity"},
{"id":"619","source":"8","target":"30","factor":"proximity"},
{"id":"620","source":"14","target":"30","factor":"proximity"},
{"id":"621","source":"10","target":"30","factor":"proximity"},
{"id":"622","source":"9","target":"30","factor":"proximity"},
{"id":"623","source":"8","target":"30","factor":"orientation_parallel"},
{"id":"624","source":"7","target":"30","factor":"orientation_parallel"},
{"id":"625","source":"15","target":"30","factor":"orientation_parallel"},
{"id":"626","source":"9","target":"30","factor":"orientation_parallel"},
{"id":"627","source":"30","target":"20","factor":"orientation_parallel"},
{"id":"628","source":"30","target":"15","factor":"orientation_parallel"},
{"id":"629","source":"30","target":"21","factor":"orientation_parallel"},
{"id":"630","source":"30","target":"18","factor":"orientation_parallel"},
{"id":"631","source":"22","target":"30","factor":"orientation_parallel"},
{"id":"632","source":"18","target":"30","factor":"orientation_parallel"},
{"id":"633","source":"10","target":"30","factor":"orientation_parallel"},
{"id":"634","source":"12","target":"30","factor":"orientation_parallel"},
{"id":"635","source":"11","target":"30","factor":"orientation_parallel"},
{"id":"636","source":"30","target":"1","factor":"orientation_parallel"},
{"id":"637","source":"1","target":"30","factor":"orientation_parallel"},
{"id":"638","source":"17","target":"30","factor":"orientation_parallel"},
{"id":"639","source":"13","target":"30","factor":"orientation_parallel"},
{"id":"640","source":"3","target":"30","factor":"orientation_parallel"},
{"id":"641","source":"4","target":"30","factor":"orientation_parallel"},
{"id":"642","source":"14","target":"30","factor":"orientation_parallel"},
{"id":"643","source":"30","target":"9","factor":"orientation_parallel"},
{"id":"644","source":"16","target":"30","factor":"orientation_parallel"},
{"id":"645","source":"8","target":"30","factor":"orientation_perpendicular"},
{"id":"646","source":"7","target":"30","factor":"orientation_perpendicular"},
{"id":"647","source":"1","target":"30","factor":"orientation_perpendicular"},
{"id":"648","source":"15","target":"30","factor":"orientation_perpendicular"},
{"id":"649","source":"9","target":"30","factor":"orientation_perpendicular"},
{"id":"650","source":"22","target":"30","factor":"orientation_perpendicular"},
{"id":"651","source":"20","target":"30","factor":"orientation_perpendicular"},
{"id":"652","source":"21","target":"30","factor":"orientation_perpendicular"},
{"id":"653","source":"18","target":"30","factor":"orientation_perpendicular"},
{"id":"654","source":"10","target":"30","factor":"orientation_perpendicular"},
{"id":"655","source":"12","target":"30","factor":"orientation_perpendicular"},
{"id":"656","source":"11","target":"30","factor":"orientation_perpendicular"},
{"id":"657","source":"30","target":"1","factor":"orientation_perpendicular"},
{"id":"658","source":"30","target":"9","factor":"orientation_perpendicular"},
{"id":"659","source":"30","target":"17","factor":"orientation_perpendicular"},
{"id":"660","source":"30","target":"13","factor":"orientation_perpendicular"},
{"id":"661","source":"30","target":"16","factor":"orientation_perpendicular"},
{"id":"662","source":"4","target":"30","factor":"orientation_perpendicular"},
{"id":"663","source":"13","target":"30","factor":"orientation_perpendicular"},
{"id":"664","source":"3","target":"30","factor":"orientation_perpendicular"},
{"id":"665","source":"30","target":"15","factor":"orientation_perpendicular"},
{"id":"666","source":"16","target":"30","factor":"orientation_perpendicular"},
{"id":"667","source":"14","target":"30","factor":"orientation_perpendicular"},
{"id":"668","source":"30","target":"11","factor":"orientation_perpendicular"},
{"id":"669","source":"3","target":"4","factor":"Horizontal-Support"},
{"id":"670","source":"8","target":"12","factor":"proximity"},
{"id":"671","source":"8","target":"1","factor":"proximity"},
{"id":"672","source":"14","target":"9","factor":"proximity"},
{"id":"673","source":"14","target":"4","factor":"proximity"},
{"id":"674","source":"14","target":"15","factor":"proximity"},
{"id":"675","source":"14","target":"13","factor":"proximity"},
{"id":"676","source":"14","target":"1","factor":"proximity"},
{"id":"677","source":"14","target":"8","factor":"proximity"},
{"id":"678","source":"14","target":"7","factor":"proximity"},
{"id":"679","source":"11","target":"11","factor":"proximity"},
{"id":"680","source":"11","target":"1","factor":"proximity"},
{"id":"681","source":"8","target":"11","factor":"proximity"},
{"id":"682","source":"16","target":"17","factor":"proximity"},
{"id":"683","source":"9","target":"18","factor":"proximity"},
{"id":"684","source":"16","target":"9","factor":"proximity"},
{"id":"685","source":"9","target":"4","factor":"proximity"},
{"id":"686","source":"9","target":"9","factor":"proximity"},
{"id":"687","source":"16","target":"8","factor":"proximity"},
{"id":"688","source":"13","target":"13","factor":"proximity"},
{"id":"689","source":"20","target":"21","factor":"proximity"},
{"id":"690","source":"9","target":"7","factor":"proximity"},
{"id":"691","source":"8","target":"7","factor":"proximity"},
{"id":"692","source":"8","target":"9","factor":"proximity"},
{"id":"693","source":"15","target":"15","factor":"proximity"},
{"id":"694","source":"20","target":"18","factor":"proximity"},
{"id":"695","source":"13","target":"18","factor":"proximity"},
{"id":"696","source":"8","target":"7","factor":"orientation_parallel"},
{"id":"697","source":"8","target":"15","factor":"orientation_parallel"},
{"id":"698","source":"8","target":"9","factor":"orientation_parallel"},
{"id":"699","source":"8","target":"20","factor":"orientation_parallel"},
{"id":"700","source":"8","target":"21","factor":"orientation_parallel"},
{"id":"701","source":"8","target":"18","factor":"orientation_parallel"},
{"id":"702","source":"7","target":"15","factor":"orientation_parallel"},
{"id":"703","source":"7","target":"9","factor":"orientation_parallel"},
{"id":"704","source":"7","target":"20","factor":"orientation_parallel"},
{"id":"705","source":"7","target":"21","factor":"orientation_parallel"},
{"id":"706","source":"7","target":"18","factor":"orientation_parallel"},
{"id":"707","source":"15","target":"9","factor":"orientation_parallel"},
{"id":"708","source":"15","target":"20","factor":"orientation_parallel"},
{"id":"709","source":"15","target":"15","factor":"orientation_parallel"},
{"id":"710","source":"15","target":"21","factor":"orientation_parallel"},
{"id":"711","source":"15","target":"18","factor":"orientation_parallel"},
{"id":"712","source":"9","target":"9","factor":"orientation_parallel"},
{"id":"713","source":"9","target":"20","factor":"orientation_parallel"},
{"id":"714","source":"9","target":"15","factor":"orientation_parallel"},
{"id":"715","source":"9","target":"21","factor":"orientation_parallel"},
{"id":"716","source":"9","target":"18","factor":"orientation_parallel"},
{"id":"717","source":"18","target":"9","factor":"orientation_parallel"},
{"id":"718","source":"20","target":"15","factor":"orientation_parallel"},
{"id":"719","source":"20","target":"21","factor":"orientation_parallel"},
{"id":"720","source":"20","target":"18","factor":"orientation_parallel"},
{"id":"721","source":"18","target":"15","factor":"orientation_parallel"},
{"id":"722","source":"21","target":"15","factor":"orientation_parallel"},
{"id":"723","source":"21","target":"18","factor":"orientation_parallel"},
{"id":"724","source":"18","target":"18","factor":"orientation_parallel"},
{"id":"725","source":"10","target":"8","factor":"orientation_parallel"},
{"id":"726","source":"10","target":"7","factor":"orientation_parallel"},
{"id":"727","source":"10","target":"12","factor":"orientation_parallel"},
{"id":"728","source":"10","target":"10","factor":"orientation_parallel"},
{"id":"729","source":"10","target":"11","factor":"orientation_parallel"},
{"id":"730","source":"10","target":"1","factor":"orientation_parallel"},
{"id":"731","source":"8","target":"12","factor":"orientation_parallel"},
{"id":"732","source":"8","target":"11","factor":"orientation_parallel"},
{"id":"733","source":"8","target":"1","factor":"orientation_parallel"},
{"id":"734","source":"7","target":"12","factor":"orientation_parallel"},
{"id":"735","source":"7","target":"11","factor":"orientation_parallel"},
{"id":"736","source":"7","target":"1","factor":"orientation_parallel"},
{"id":"737","source":"12","target":"11","factor":"orientation_parallel"},
{"id":"738","source":"12","target":"1","factor":"orientation_parallel"},
{"id":"739","source":"11","target":"10","factor":"orientation_parallel"},
{"id":"740","source":"1","target":"10","factor":"orientation_parallel"},
{"id":"741","source":"11","target":"1","factor":"orientation_parallel"},
{"id":"742","source":"1","target":"1","factor":"orientation_parallel"},
{"id":"743","source":"8","target":"13","factor":"orientation_parallel"},
{"id":"744","source":"8","target":"3","factor":"orientation_parallel"},
{"id":"745","source":"8","target":"4","factor":"orientation_parallel"},
{"id":"746","source":"8","target":"14","factor":"orientation_parallel"},
{"id":"747","source":"7","target":"13","factor":"orientation_parallel"},
{"id":"748","source":"7","target":"3","factor":"orientation_parallel"},
{"id":"749","source":"7","target":"4","factor":"orientation_parallel"},
{"id":"750","source":"7","target":"14","factor":"orientation_parallel"},
{"id":"751","source":"10","target":"17","factor":"orientation_parallel"},
{"id":"752","source":"10","target":"13","factor":"orientation_parallel"},
{"id":"753","source":"10","target":"18","factor":"orientation_parallel"},
{"id":"754","source":"17","target":"13","factor":"orientation_parallel"},
{"id":"755","source":"17","target":"1","factor":"orientation_parallel"},
{"id":"756","source":"17","target":"18","factor":"orientation_parallel"},
{"id":"757","source":"9","target":"13","factor":"orientation_parallel"},
{"id":"758","source":"9","target":"1","factor":"orientation_parallel"},
{"id":"759","source":"9","target":"3","factor":"orientation_parallel"},
{"id":"760","source":"9","target":"4","factor":"orientation_parallel"},
{"id":"761","source":"9","target":"14","factor":"orientation_parallel"},
{"id":"762","source":"1","target":"15","factor":"orientation_parallel"},
{"id":"763","source":"13","target":"1","factor":"orientation_parallel"},
{"id":"764","source":"13","target":"18","factor":"orientation_parallel"},
{"id":"765","source":"1","target":"18","factor":"orientation_parallel"},
{"id":"766","source":"13","target":"13","factor":"orientation_parallel"},
{"id":"767","source":"13","target":"15","factor":"orientation_parallel"},
{"id":"768","source":"13","target":"3","factor":"orientation_parallel"},
{"id":"769","source":"13","target":"4","factor":"orientation_parallel"},
{"id":"770","source":"13","target":"14","factor":"orientation_parallel"},
{"id":"771","source":"13","target":"9","factor":"orientation_parallel"},
{"id":"772","source":"15","target":"13","factor":"orientation_parallel"},
{"id":"773","source":"3","target":"13","factor":"orientation_parallel"},
{"id":"774","source":"4","target":"13","factor":"orientation_parallel"},
{"id":"775","source":"14","target":"13","factor":"orientation_parallel"},
{"id":"776","source":"15","target":"3","factor":"orientation_parallel"},
{"id":"777","source":"15","target":"4","factor":"orientation_parallel"},
{"id":"778","source":"15","target":"14","factor":"orientation_parallel"},
{"id":"779","source":"1","target":"3","factor":"orientation_parallel"},
{"id":"780","source":"1","target":"4","factor":"orientation_parallel"},
{"id":"781","source":"1","target":"14","factor":"orientation_parallel"},
{"id":"782","source":"1","target":"9","factor":"orientation_parallel"},
{"id":"783","source":"3","target":"15","factor":"orientation_parallel"},
{"id":"784","source":"4","target":"15","factor":"orientation_parallel"},
{"id":"785","source":"14","target":"15","factor":"orientation_parallel"},
{"id":"786","source":"3","target":"3","factor":"orientation_parallel"},
{"id":"787","source":"3","target":"4","factor":"orientation_parallel"},
{"id":"788","source":"3","target":"14","factor":"orientation_parallel"},
{"id":"789","source":"3","target":"9","factor":"orientation_parallel"},
{"id":"790","source":"4","target":"3","factor":"orientation_parallel"},
{"id":"791","source":"14","target":"3","factor":"orientation_parallel"},
{"id":"792","source":"4","target":"4","factor":"orientation_parallel"},
{"id":"793","source":"4","target":"14","factor":"orientation_parallel"},
{"id":"794","source":"4","target":"9","factor":"orientation_parallel"},
{"id":"795","source":"14","target":"4","factor":"orientation_parallel"},
{"id":"796","source":"14","target":"9","factor":"orientation_parallel"},
{"id":"797","source":"16","target":"16","factor":"orientation_parallel"},
{"id":"798","source":"16","target":"1","factor":"orientation_parallel"},
{"id":"799","source":"1","target":"16","factor":"orientation_parallel"},
{"id":"800","source":"18","target":"12","factor":"orientation_parallel"},
{"id":"801","source":"9","target":"12","factor":"orientation_parallel"},
{"id":"802","source":"12","target":"9","factor":"orientation_parallel"},
{"id":"803","source":"12","target":"12","factor":"orientation_parallel"},
{"id":"804","source":"11","target":"11","factor":"orientation_parallel"},
{"id":"805","source":"16","target":"9","factor":"orientation_parallel"},
{"id":"806","source":"18","target":"13","factor":"orientation_parallel"},
{"id":"807","source":"8","target":"15","factor":"orientation_perpendicular"},
{"id":"808","source":"7","target":"15","factor":"orientation_perpendicular"},
{"id":"809","source":"1","target":"15","factor":"orientation_perpendicular"},
{"id":"810","source":"1","target":"9","factor":"orientation_perpendicular"},
{"id":"811","source":"1","target":"20","factor":"orientation_perpendicular"},
{"id":"812","source":"1","target":"21","factor":"orientation_perpendicular"},
{"id":"813","source":"1","target":"18","factor":"orientation_perpendicular"},
{"id":"814","source":"15","target":"15","factor":"orientation_perpendicular"},
{"id":"815","source":"9","target":"15","factor":"orientation_perpendicular"},
{"id":"816","source":"22","target":"20","factor":"orientation_perpendicular"},
{"id":"817","source":"22","target":"15","factor":"orientation_perpendicular"},
{"id":"818","source":"22","target":"21","factor":"orientation_perpendicular"},
{"id":"819","source":"22","target":"18","factor":"orientation_perpendicular"},
{"id":"820","source":"8","target":"11","factor":"orientation_perpendicular"},
{"id":"821","source":"8","target":"1","factor":"orientation_perpendicular"},
{"id":"822","source":"7","target":"11","factor":"orientation_perpendicular"},
{"id":"823","source":"7","target":"1","factor":"orientation_perpendicular"},
{"id":"824","source":"8","target":"10","factor":"orientation_perpendicular"},
{"id":"825","source":"8","target":"17","factor":"orientation_perpendicular"},
{"id":"826","source":"8","target":"13","factor":"orientation_perpendicular"},
{"id":"827","source":"8","target":"18","factor":"orientation_perpendicular"},
{"id":"828","source":"8","target":"16","factor":"orientation_perpendicular"},
{"id":"829","source":"7","target":"10","factor":"orientation_perpendicular"},
{"id":"830","source":"7","target":"17","factor":"orientation_perpendicular"},
{"id":"831","source":"7","target":"13","factor":"orientation_perpendicular"},
{"id":"832","source":"7","target":"18","factor":"orientation_perpendicular"},
{"id":"833","source":"7","target":"16","factor":"orientation_perpendicular"},
{"id":"834","source":"4","target":"9","factor":"orientation_perpendicular"},
{"id":"835","source":"4","target":"1","factor":"orientation_perpendicular"},
{"id":"836","source":"4","target":"13","factor":"orientation_perpendicular"},
{"id":"837","source":"4","target":"15","factor":"orientation_perpendicular"},
{"id":"838","source":"4","target":"3","factor":"orientation_perpendicular"},
{"id":"839","source":"4","target":"4","factor":"orientation_perpendicular"},
{"id":"840","source":"4","target":"14","factor":"orientation_perpendicular"},
{"id":"841","source":"9","target":"13","factor":"orientation_perpendicular"},
{"id":"842","source":"9","target":"18","factor":"orientation_perpendicular"},
{"id":"843","source":"9","target":"16","factor":"orientation_perpendicular"},
{"id":"844","source":"1","target":"13","factor":"orientation_perpendicular"},
{"id":"845","source":"1","target":"1","factor":"orientation_perpendicular"},
{"id":"846","source":"1","target":"16","factor":"orientation_perpendicular"},
{"id":"847","source":"13","target":"16","factor":"orientation_perpendicular"},
{"id":"848","source":"15","target":"16","factor":"orientation_perpendicular"},
{"id":"849","source":"16","target":"15","factor":"orientation_perpendicular"},
{"id":"850","source":"3","target":"16","factor":"orientation_perpendicular"},
{"id":"851","source":"16","target":"4","factor":"orientation_perpendicular"},
{"id":"852","source":"16","target":"14","factor":"orientation_perpendicular"},
{"id":"853","source":"16","target":"9","factor":"orientation_perpendicular"},
{"id":"854","source":"16","target":"18","factor":"orientation_perpendicular"},
{"id":"855","source":"16","target":"12","factor":"orientation_perpendicular"},
{"id":"856","source":"18","target":"16","factor":"orientation_perpendicular"},
{"id":"857","source":"12","target":"16","factor":"orientation_perpendicular"},
{"id":"858","source":"1","target":"12","factor":"orientation_perpendicular"},
{"id":"859","source":"11","target":"1","factor":"orientation_perpendicular"},
{"id":"860","source":"1","target":"11","factor":"orientation_perpendicular"},
{"id":"861","source":"10","target":"16","factor":"orientation_perpendicular"},
{"id":"862","source":"10","target":"1","factor":"orientation_perpendicular"},
{"id":"863","source":"10","target":"9","factor":"orientation_perpendicular"},
{"id":"864","source":"8","target":"9","factor":"orientation_perpendicular"},
{"id":"865","source":"7","target":"9","factor":"orientation_perpendicular"},
{"id":"866","source":"9","target":"9","factor":"symmetry"},
{"id":"867","source":"15","target":"15","factor":"symmetry"},
{"id":"868","source":"18","target":"18","factor":"symmetry"},
{"id":"869","source":"1","target":"1","factor":"symmetry"},
{"id":"870","source":"13","target":"13","factor":"symmetry"},
{"id":"871","source":"3","target":"3","factor":"symmetry"},
{"id":"872","source":"16","target":"16","factor":"symmetry"},
{"id":"873","source":"4","target":"4","factor":"symmetry"},
{"id":"874","source":"12","target":"12","factor":"symmetry"},
{"id":"875","source":"11","target":"11","factor":"symmetry"},
{"id":"876","source":"3","target":"4","factor":"side_to_side"}
],
"probability":[
{"id":"0","value":0.0909091},
{"id":"1","value":0.0909091},
{"id":"2","value":0.0909091},
{"id":"3","value":0.0909091},
{"id":"4","value":0.272727},
{"id":"5","value":0.272727},
{"id":"6","value":0.0909091},
{"id":"7","value":0.0909091},
{"id":"8","value":0.181818},
{"id":"9","value":0.0909091},
{"id":"10","value":0.0909091},
{"id":"11","value":0.0909091},
{"id":"12","value":0.0909091},
{"id":"13","value":0.0909091},
{"id":"14","value":0.0909091},
{"id":"15","value":0.0909091},
{"id":"16","value":0.181818},
{"id":"17","value":0.0909091},
{"id":"18","value":0.0909091},
{"id":"19","value":0.0909091},
{"id":"20","value":0.0909091},
{"id":"21","value":0.0909091},
{"id":"22","value":0.0909091},
{"id":"23","value":0.0909091},
{"id":"24","value":0.0909091},
{"id":"25","value":0.0909091},
{"id":"26","value":0.0909091},
{"id":"27","value":0.181818},
{"id":"28","value":0.363636},
{"id":"29","value":0.454545},
{"id":"30","value":0.0909091},
{"id":"31","value":0.0909091},
{"id":"32","value":0.0909091},
{"id":"33","value":0.0909091},
{"id":"34","value":0.0909091},
{"id":"35","value":0.0909091},
{"id":"36","value":0.0909091},
{"id":"37","value":0.0909091},
{"id":"38","value":0.0909091},
{"id":"39","value":0.0909091},
{"id":"40","value":0.0909091},
{"id":"41","value":0.0909091},
{"id":"42","value":0.0909091},
{"id":"43","value":0.272727},
{"id":"44","value":0.272727},
{"id":"45","value":0.0909091},
{"id":"46","value":0.0909091},
{"id":"47","value":0.181818},
{"id":"48","value":0.0909091},
{"id":"49","value":0.0909091},
{"id":"50","value":0.0909091},
{"id":"51","value":0.0909091},
{"id":"52","value":0.0909091},
{"id":"53","value":0.0909091},
{"id":"54","value":0.0909091},
{"id":"55","value":0.181818},
{"id":"56","value":0.0909091},
{"id":"57","value":0.0909091},
{"id":"58","value":0.0909091},
{"id":"59","value":0.0909091},
{"id":"60","value":0.0909091},
{"id":"61","value":0.0909091},
{"id":"62","value":0.0909091},
{"id":"63","value":0.0909091},
{"id":"64","value":0.0909091},
{"id":"65","value":0.0909091},
{"id":"66","value":0.181818},
{"id":"67","value":0.363636},
{"id":"68","value":0.454545},
{"id":"69","value":0.0909091},
{"id":"70","value":0.0909091},
{"id":"71","value":0.0909091},
{"id":"72","value":0.0909091},
{"id":"73","value":0.0909091},
{"id":"74","value":0.0909091},
{"id":"75","value":0.0909091},
{"id":"76","value":0.0909091},
{"id":"77","value":0.0909091},
{"id":"78","value":0.0909091},
{"id":"79","value":0.0909091},
{"id":"80","value":0.181818},
{"id":"81","value":0.0909091},
{"id":"82","value":0.0909091},
{"id":"83","value":0.0909091},
{"id":"84","value":0.0909091},
{"id":"85","value":0.0909091},
{"id":"86","value":0.0909091},
{"id":"87","value":0.0909091},
{"id":"88","value":0.0909091},
{"id":"89","value":0.0909091},
{"id":"90","value":0.0909091},
{"id":"91","value":0.0909091},
{"id":"92","value":0.0909091},
{"id":"93","value":0.0909091},
{"id":"94","value":0.0909091},
{"id":"95","value":0.0909091},
{"id":"96","value":0.0909091},
{"id":"97","value":0.0909091},
{"id":"98","value":0.0909091},
{"id":"99","value":0.0909091},
{"id":"100","value":0.0909091},
{"id":"101","value":0.0909091},
{"id":"102","value":0.0909091},
{"id":"103","value":0.0909091},
{"id":"104","value":0.0909091},
{"id":"105","value":0.0909091},
{"id":"106","value":0.0909091},
{"id":"107","value":0.0909091},
{"id":"108","value":0.181818},
{"id":"109","value":0.0909091},
{"id":"110","value":0.0909091},
{"id":"111","value":0.0909091},
{"id":"112","value":0.0909091},
{"id":"113","value":0.0909091},
{"id":"114","value":0.0909091},
{"id":"115","value":0.0909091},
{"id":"116","value":0.0909091},
{"id":"117","value":0.0909091},
{"id":"118","value":0.0909091},
{"id":"119","value":0.0909091},
{"id":"120","value":0.0909091},
{"id":"121","value":0.0909091},
{"id":"122","value":0.0909091},
{"id":"123","value":0.0909091},
{"id":"124","value":0.0909091},
{"id":"125","value":0.0909091},
{"id":"126","value":0.0909091},
{"id":"127","value":0.0909091},
{"id":"128","value":0.0909091},
{"id":"129","value":0.0909091},
{"id":"130","value":0.545455},
{"id":"131","value":0.545455},
{"id":"132","value":0.454545},
{"id":"133","value":0.363636},
{"id":"134","value":0.272727},
{"id":"135","value":0.181818},
{"id":"136","value":0.181818},
{"id":"137","value":0.0909091},
{"id":"138","value":0.0909091},
{"id":"139","value":0.0909091},
{"id":"140","value":0.0909091},
{"id":"141","value":0.0909091},
{"id":"142","value":0.727273},
{"id":"143","value":0.727273},
{"id":"144","value":0.0909091},
{"id":"145","value":0.272727},
{"id":"146","value":0.454545},
{"id":"147","value":0.909091},
{"id":"148","value":0.0909091},
{"id":"149","value":0.181818},
{"id":"150","value":0.363636},
{"id":"151","value":0.181818},
{"id":"152","value":0.181818},
{"id":"153","value":0.0909091},
{"id":"154","value":0.181818},
{"id":"155","value":0.363636},
{"id":"156","value":0.363636},
{"id":"157","value":0.272727},
{"id":"158","value":0.272727},
{"id":"159","value":0.0909091},
{"id":"160","value":0.272727},
{"id":"161","value":0.0909091},
{"id":"162","value":0.0909091},
{"id":"163","value":0.0909091},
{"id":"164","value":0.272727},
{"id":"165","value":0.0909091},
{"id":"166","value":0.0909091},
{"id":"167","value":0.0909091},
{"id":"168","value":0.0909091},
{"id":"169","value":0.0909091},
{"id":"170","value":0.0909091},
{"id":"171","value":0.181818},
{"id":"172","value":0.363636},
{"id":"173","value":0.0909091},
{"id":"174","value":1.09091},
{"id":"175","value":0.545455},
{"id":"176","value":0.454545},
{"id":"177","value":0.454545},
{"id":"178","value":0.0909091},
{"id":"179","value":0.272727},
{"id":"180","value":0.181818},
{"id":"181","value":0.181818},
{"id":"182","value":0.0909091},
{"id":"183","value":0.181818},
{"id":"184","value":0.181818},
{"id":"185","value":0.181818},
{"id":"186","value":0.0909091},
{"id":"187","value":0.272727},
{"id":"188","value":0.0909091},
{"id":"189","value":0.181818},
{"id":"190","value":0.0909091},
{"id":"191","value":0.818182},
{"id":"192","value":0.818182},
{"id":"193","value":0.454545},
{"id":"194","value":0.909091},
{"id":"195","value":0.0909091},
{"id":"196","value":0.545455},
{"id":"197","value":0.545455},
{"id":"198","value":0.454545},
{"id":"199","value":0.363636},
{"id":"200","value":0.272727},
{"id":"201","value":0.181818},
{"id":"202","value":0.181818},
{"id":"203","value":0.0909091},
{"id":"204","value":0.0909091},
{"id":"205","value":0.0909091},
{"id":"206","value":0.0909091},
{"id":"207","value":0.0909091},
{"id":"208","value":0.727273},
{"id":"209","value":0.727273},
{"id":"210","value":0.0909091},
{"id":"211","value":0.272727},
{"id":"212","value":0.454545},
{"id":"213","value":0.909091},
{"id":"214","value":0.0909091},
{"id":"215","value":0.181818},
{"id":"216","value":0.363636},
{"id":"217","value":0.181818},
{"id":"218","value":0.181818},
{"id":"219","value":0.0909091},
{"id":"220","value":0.181818},
{"id":"221","value":0.363636},
{"id":"222","value":0.363636},
{"id":"223","value":0.272727},
{"id":"224","value":0.272727},
{"id":"225","value":0.0909091},
{"id":"226","value":0.272727},
{"id":"227","value":0.0909091},
{"id":"228","value":0.0909091},
{"id":"229","value":0.0909091},
{"id":"230","value":0.272727},
{"id":"231","value":0.0909091},
{"id":"232","value":0.0909091},
{"id":"233","value":0.0909091},
{"id":"234","value":0.0909091},
{"id":"235","value":0.0909091},
{"id":"236","value":0.0909091},
{"id":"237","value":0.181818},
{"id":"238","value":0.363636},
{"id":"239","value":0.0909091},
{"id":"240","value":1.09091},
{"id":"241","value":0.545455},
{"id":"242","value":0.454545},
{"id":"243","value":0.454545},
{"id":"244","value":0.0909091},
{"id":"245","value":0.272727},
{"id":"246","value":0.181818},
{"id":"247","value":0.181818},
{"id":"248","value":0.0909091},
{"id":"249","value":0.181818},
{"id":"250","value":0.181818},
{"id":"251","value":0.181818},
{"id":"252","value":0.0909091},
{"id":"253","value":0.272727},
{"id":"254","value":0.0909091},
{"id":"255","value":0.181818},
{"id":"256","value":0.0909091},
{"id":"257","value":0.818182},
{"id":"258","value":0.818182},
{"id":"259","value":0.818182},
{"id":"260","value":0.818182},
{"id":"261","value":0.454545},
{"id":"262","value":0.454545},
{"id":"263","value":0.909091},
{"id":"264","value":0.909091},
{"id":"265","value":0.0909091},
{"id":"266","value":0.0909091},
{"id":"267","value":0.545455},
{"id":"268","value":0.545455},
{"id":"269","value":0.454545},
{"id":"270","value":0.363636},
{"id":"271","value":0.272727},
{"id":"272","value":0.181818},
{"id":"273","value":0.181818},
{"id":"274","value":0.0909091},
{"id":"275","value":0.0909091},
{"id":"276","value":0.0909091},
{"id":"277","value":0.0909091},
{"id":"278","value":0.0909091},
{"id":"279","value":0.727273},
{"id":"280","value":0.727273},
{"id":"281","value":0.0909091},
{"id":"282","value":0.272727},
{"id":"283","value":0.454545},
{"id":"284","value":0.909091},
{"id":"285","value":0.0909091},
{"id":"286","value":0.181818},
{"id":"287","value":0.363636},
{"id":"288","value":0.181818},
{"id":"289","value":0.181818},
{"id":"290","value":0.0909091},
{"id":"291","value":0.181818},
{"id":"292","value":0.363636},
{"id":"293","value":0.363636},
{"id":"294","value":0.272727},
{"id":"295","value":0.272727},
{"id":"296","value":0.0909091},
{"id":"297","value":0.272727},
{"id":"298","value":0.0909091},
{"id":"299","value":0.0909091},
{"id":"300","value":0.0909091},
{"id":"301","value":0.272727},
{"id":"302","value":0.0909091},
{"id":"303","value":0.0909091},
{"id":"304","value":0.0909091},
{"id":"305","value":0.0909091},
{"id":"306","value":0.0909091},
{"id":"307","value":0.0909091},
{"id":"308","value":0.181818},
{"id":"309","value":0.363636},
{"id":"310","value":0.0909091},
{"id":"311","value":1.09091},
{"id":"312","value":0.545455},
{"id":"313","value":0.454545},
{"id":"314","value":0.454545},
{"id":"315","value":0.0909091},
{"id":"316","value":0.272727},
{"id":"317","value":0.181818},
{"id":"318","value":0.181818},
{"id":"319","value":0.0909091},
{"id":"320","value":0.181818},
{"id":"321","value":0.181818},
{"id":"322","value":0.181818},
{"id":"323","value":0.0909091},
{"id":"324","value":0.272727},
{"id":"325","value":0.0909091},
{"id":"326","value":0.181818},
{"id":"327","value":0.0909091},
{"id":"328","value":0.818182},
{"id":"329","value":0.818182},
{"id":"330","value":0.818182},
{"id":"331","value":0.818182},
{"id":"332","value":0.818182},
{"id":"333","value":0.818182},
{"id":"334","value":0.454545},
{"id":"335","value":0.454545},
{"id":"336","value":0.454545},
{"id":"337","value":0.909091},
{"id":"338","value":0.909091},
{"id":"339","value":0.909091},
{"id":"340","value":0.0909091},
{"id":"341","value":0.0909091},
{"id":"342","value":0.0909091},
{"id":"343","value":0.545455},
{"id":"344","value":0.545455},
{"id":"345","value":0.454545},
{"id":"346","value":0.363636},
{"id":"347","value":0.272727},
{"id":"348","value":0.181818},
{"id":"349","value":0.181818},
{"id":"350","value":0.0909091},
{"id":"351","value":0.0909091},
{"id":"352","value":0.0909091},
{"id":"353","value":0.0909091},
{"id":"354","value":0.0909091},
{"id":"355","value":0.727273},
{"id":"356","value":0.727273},
{"id":"357","value":0.0909091},
{"id":"358","value":0.272727},
{"id":"359","value":0.454545},
{"id":"360","value":0.909091},
{"id":"361","value":0.0909091},
{"id":"362","value":0.181818},
{"id":"363","value":0.363636},
{"id":"364","value":0.181818},
{"id":"365","value":0.181818},
{"id":"366","value":0.0909091},
{"id":"367","value":0.181818},
{"id":"368","value":0.363636},
{"id":"369","value":0.363636},
{"id":"370","value":0.272727},
{"id":"371","value":0.272727},
{"id":"372","value":0.0909091},
{"id":"373","value":0.272727},
{"id":"374","value":0.0909091},
{"id":"375","value":0.0909091},
{"id":"376","value":0.0909091},
{"id":"377","value":0.272727},
{"id":"378","value":0.0909091},
{"id":"379","value":0.0909091},
{"id":"380","value":0.0909091},
{"id":"381","value":0.0909091},
{"id":"382","value":0.0909091},
{"id":"383","value":0.0909091},
{"id":"384","value":0.181818},
{"id":"385","value":0.363636},
{"id":"386","value":0.0909091},
{"id":"387","value":1.09091},
{"id":"388","value":0.545455},
{"id":"389","value":0.454545},
{"id":"390","value":0.454545},
{"id":"391","value":0.0909091},
{"id":"392","value":0.272727},
{"id":"393","value":0.181818},
{"id":"394","value":0.181818},
{"id":"395","value":0.0909091},
{"id":"396","value":0.181818},
{"id":"397","value":0.181818},
{"id":"398","value":0.181818},
{"id":"399","value":0.0909091},
{"id":"400","value":0.272727},
{"id":"401","value":0.0909091},
{"id":"402","value":0.181818},
{"id":"403","value":0.0909091},
{"id":"404","value":0.818182},
{"id":"405","value":0.818182},
{"id":"406","value":0.818182},
{"id":"407","value":0.818182},
{"id":"408","value":0.818182},
{"id":"409","value":0.818182},
{"id":"410","value":0.818182},
{"id":"411","value":0.818182},
{"id":"412","value":0.454545},
{"id":"413","value":0.454545},
{"id":"414","value":0.454545},
{"id":"415","value":0.454545},
{"id":"416","value":0.909091},
{"id":"417","value":0.909091},
{"id":"418","value":0.909091},
{"id":"419","value":0.909091},
{"id":"420","value":0.0909091},
{"id":"421","value":0.0909091},
{"id":"422","value":0.0909091},
{"id":"423","value":0.0909091},
{"id":"424","value":0.545455},
{"id":"425","value":0.545455},
{"id":"426","value":0.454545},
{"id":"427","value":0.363636},
{"id":"428","value":0.272727},
{"id":"429","value":0.181818},
{"id":"430","value":0.181818},
{"id":"431","value":0.0909091},
{"id":"432","value":0.0909091},
{"id":"433","value":0.0909091},
{"id":"434","value":0.0909091},
{"id":"435","value":0.0909091},
{"id":"436","value":0.727273},
{"id":"437","value":0.727273},
{"id":"438","value":0.0909091},
{"id":"439","value":0.272727},
{"id":"440","value":0.454545},
{"id":"441","value":0.909091},
{"id":"442","value":0.0909091},
{"id":"443","value":0.181818},
{"id":"444","value":0.363636},
{"id":"445","value":0.181818},
{"id":"446","value":0.181818},
{"id":"447","value":0.0909091},
{"id":"448","value":0.181818},
{"id":"449","value":0.363636},
{"id":"450","value":0.363636},
{"id":"451","value":0.272727},
{"id":"452","value":0.272727},
{"id":"453","value":0.0909091},
{"id":"454","value":0.272727},
{"id":"455","value":0.0909091},
{"id":"456","value":0.0909091},
{"id":"457","value":0.0909091},
{"id":"458","value":0.272727},
{"id":"459","value":0.0909091},
{"id":"460","value":0.0909091},
{"id":"461","value":0.0909091},
{"id":"462","value":0.0909091},
{"id":"463","value":0.0909091},
{"id":"464","value":0.0909091},
{"id":"465","value":0.181818},
{"id":"466","value":0.363636},
{"id":"467","value":0.0909091},
{"id":"468","value":1.09091},
{"id":"469","value":0.545455},
{"id":"470","value":0.454545},
{"id":"471","value":0.454545},
{"id":"472","value":0.0909091},
{"id":"473","value":0.272727},
{"id":"474","value":0.181818},
{"id":"475","value":0.181818},
{"id":"476","value":0.0909091},
{"id":"477","value":0.181818},
{"id":"478","value":0.181818},
{"id":"479","value":0.181818},
{"id":"480","value":0.0909091},
{"id":"481","value":0.272727},
{"id":"482","value":0.0909091},
{"id":"483","value":0.181818},
{"id":"484","value":0.0909091},
{"id":"485","value":0.363636},
{"id":"486","value":0.181818},
{"id":"487","value":0.0909091},
{"id":"488","value":0.0909091},
{"id":"489","value":0.181818},
{"id":"490","value":0.181818},
{"id":"491","value":0.272727},
{"id":"492","value":0.0909091},
{"id":"493","value":0.181818},
{"id":"494","value":0.272727},
{"id":"495","value":0.0909091},
{"id":"496","value":0.0909091},
{"id":"497","value":0.0909091},
{"id":"498","value":0.0909091},
{"id":"499","value":0.0909091},
{"id":"500","value":0.0909091},
{"id":"501","value":0.0909091},
{"id":"502","value":0.0909091},
{"id":"503","value":0.0909091},
{"id":"504","value":0.0909091},
{"id":"505","value":0.0909091},
{"id":"506","value":0.181818},
{"id":"507","value":0.0909091},
{"id":"508","value":0.0909091},
{"id":"509","value":0.181818},
{"id":"510","value":0.0909091},
{"id":"511","value":0.272727},
{"id":"512","value":0.0909091},
{"id":"513","value":0.0909091},
{"id":"514","value":0.0909091},
{"id":"515","value":0.0909091},
{"id":"516","value":0.181818},
{"id":"517","value":0.181818},
{"id":"518","value":0.0909091},
{"id":"519","value":0.0909091},
{"id":"520","value":0.0909091},
{"id":"521","value":0.181818},
{"id":"522","value":0.0909091},
{"id":"523","value":0.0909091},
{"id":"524","value":0.0909091},
{"id":"525","value":0.0909091},
{"id":"526","value":0.363636},
{"id":"527","value":0.181818},
{"id":"528","value":0.0909091},
{"id":"529","value":0.0909091},
{"id":"530","value":0.181818},
{"id":"531","value":0.181818},
{"id":"532","value":0.272727},
{"id":"533","value":0.0909091},
{"id":"534","value":0.181818},
{"id":"535","value":0.272727},
{"id":"536","value":0.0909091},
{"id":"537","value":0.0909091},
{"id":"538","value":0.0909091},
{"id":"539","value":0.0909091},
{"id":"540","value":0.0909091},
{"id":"541","value":0.0909091},
{"id":"542","value":0.0909091},
{"id":"543","value":0.0909091},
{"id":"544","value":0.0909091},
{"id":"545","value":0.0909091},
{"id":"546","value":0.0909091},
{"id":"547","value":0.181818},
{"id":"548","value":0.0909091},
{"id":"549","value":0.0909091},
{"id":"550","value":0.181818},
{"id":"551","value":0.0909091},
{"id":"552","value":0.272727},
{"id":"553","value":0.0909091},
{"id":"554","value":0.0909091},
{"id":"555","value":0.0909091},
{"id":"556","value":0.0909091},
{"id":"557","value":0.181818},
{"id":"558","value":0.181818},
{"id":"559","value":0.0909091},
{"id":"560","value":0.0909091},
{"id":"561","value":0.0909091},
{"id":"562","value":0.181818},
{"id":"563","value":0.272727},
{"id":"564","value":0.181818},
{"id":"565","value":0.0909091},
{"id":"566","value":0.0909091},
{"id":"567","value":0.0909091},
{"id":"568","value":0.454545},
{"id":"569","value":0.454545},
{"id":"570","value":0.272727},
{"id":"571","value":0.363636},
{"id":"572","value":0.181818},
{"id":"573","value":0.0909091},
{"id":"574","value":0.181818},
{"id":"575","value":0.454545},
{"id":"576","value":0.0909091},
{"id":"577","value":0.181818},
{"id":"578","value":0.272727},
{"id":"579","value":0.181818},
{"id":"580","value":0.272727},
{"id":"581","value":0.454545},
{"id":"582","value":0.272727},
{"id":"583","value":0.0909091},
{"id":"584","value":0.0909091},
{"id":"585","value":0.0909091},
{"id":"586","value":0.0909091},
{"id":"587","value":0.0909091},
{"id":"588","value":0.0909091},
{"id":"589","value":0.0909091},
{"id":"590","value":0.909091},
{"id":"591","value":0.909091},
{"id":"592","value":0.545455},
{"id":"593","value":0.272727},
{"id":"594","value":0.454545},
{"id":"595","value":0.0909091},
{"id":"596","value":0.0909091},
{"id":"597","value":0.0909091},
{"id":"598","value":0.454545},
{"id":"599","value":0.454545},
{"id":"600","value":0.181818},
{"id":"601","value":0.272727},
{"id":"602","value":0.0909091},
{"id":"603","value":0.181818},
{"id":"604","value":0.0909091},
{"id":"605","value":0.272727},
{"id":"606","value":0.272727},
{"id":"607","value":0.0909091},
{"id":"608","value":0.181818},
{"id":"609","value":0.0909091},
{"id":"610","value":0.0909091},
{"id":"611","value":0.181818},
{"id":"612","value":0.0909091},
{"id":"613","value":0.0909091},
{"id":"614","value":0.545455},
{"id":"615","value":0.909091},
{"id":"616","value":0.454545},
{"id":"617","value":0.0909091},
{"id":"618","value":0.272727},
{"id":"619","value":0.181818},
{"id":"620","value":0.0909091},
{"id":"621","value":0.0909091},
{"id":"622","value":0.0909091},
{"id":"623","value":0.454545},
{"id":"624","value":0.454545},
{"id":"625","value":0.272727},
{"id":"626","value":0.363636},
{"id":"627","value":0.181818},
{"id":"628","value":0.0909091},
{"id":"629","value":0.181818},
{"id":"630","value":0.454545},
{"id":"631","value":0.0909091},
{"id":"632","value":0.181818},
{"id":"633","value":0.272727},
{"id":"634","value":0.181818},
{"id":"635","value":0.272727},
{"id":"636","value":0.454545},
{"id":"637","value":0.272727},
{"id":"638","value":0.0909091},
{"id":"639","value":0.0909091},
{"id":"640","value":0.0909091},
{"id":"641","value":0.0909091},
{"id":"642","value":0.0909091},
{"id":"643","value":0.0909091},
{"id":"644","value":0.0909091},
{"id":"645","value":0.909091},
{"id":"646","value":0.909091},
{"id":"647","value":0.545455},
{"id":"648","value":0.272727},
{"id":"649","value":0.454545},
{"id":"650","value":0.0909091},
{"id":"651","value":0.0909091},
{"id":"652","value":0.0909091},
{"id":"653","value":0.454545},
{"id":"654","value":0.454545},
{"id":"655","value":0.181818},
{"id":"656","value":0.272727},
{"id":"657","value":0.0909091},
{"id":"658","value":0.181818},
{"id":"659","value":0.0909091},
{"id":"660","value":0.272727},
{"id":"661","value":0.272727},
{"id":"662","value":0.0909091},
{"id":"663","value":0.181818},
{"id":"664","value":0.0909091},
{"id":"665","value":0.0909091},
{"id":"666","value":0.181818},
{"id":"667","value":0.0909091},
{"id":"668","value":0.0909091},
{"id":"669","value":0.181818},
{"id":"670","value":0.181818},
{"id":"671","value":0.181818},
{"id":"672","value":0.0909091},
{"id":"673","value":0.0909091},
{"id":"674","value":0.0909091},
{"id":"675","value":0.0909091},
{"id":"676","value":0.0909091},
{"id":"677","value":0.0909091},
{"id":"678","value":0.0909091},
{"id":"679","value":0.0909091},
{"id":"680","value":0.0909091},
{"id":"681","value":0.0909091},
{"id":"682","value":0.0909091},
{"id":"683","value":0.0909091},
{"id":"684","value":0.0909091},
{"id":"685","value":0.0909091},
{"id":"686","value":0.0909091},
{"id":"687","value":0.0909091},
{"id":"688","value":0.0909091},
{"id":"689","value":0.0909091},
{"id":"690","value":0.0909091},
{"id":"691","value":0.0909091},
{"id":"692","value":0.0909091},
{"id":"693","value":0.0909091},
{"id":"694","value":0.0909091},
{"id":"695","value":0.0909091},
{"id":"696","value":1},
{"id":"697","value":0.181818},
{"id":"698","value":0.363636},
{"id":"699","value":0.0909091},
{"id":"700","value":0.0909091},
{"id":"701","value":0.272727},
{"id":"702","value":0.181818},
{"id":"703","value":0.363636},
{"id":"704","value":0.0909091},
{"id":"705","value":0.0909091},
{"id":"706","value":0.272727},
{"id":"707","value":0.363636},
{"id":"708","value":0.181818},
{"id":"709","value":0.181818},
{"id":"710","value":0.0909091},
{"id":"711","value":0.0909091},
{"id":"712","value":0.363636},
{"id":"713","value":0.0909091},
{"id":"714","value":0.181818},
{"id":"715","value":0.0909091},
{"id":"716","value":0.181818},
{"id":"717","value":0.181818},
{"id":"718","value":0.0909091},
{"id":"719","value":0.0909091},
{"id":"720","value":0.0909091},
{"id":"721","value":0.0909091},
{"id":"722","value":0.0909091},
{"id":"723","value":0.0909091},
{"id":"724","value":0.0909091},
{"id":"725","value":0.181818},
{"id":"726","value":0.181818},
{"id":"727","value":0.181818},
{"id":"728","value":0.0909091},
{"id":"729","value":0.0909091},
{"id":"730","value":0.181818},
{"id":"731","value":0.181818},
{"id":"732","value":0.181818},
{"id":"733","value":0.181818},
{"id":"734","value":0.181818},
{"id":"735","value":0.181818},
{"id":"736","value":0.181818},
{"id":"737","value":0.0909091},
{"id":"738","value":0.0909091},
{"id":"739","value":0.0909091},
{"id":"740","value":0.0909091},
{"id":"741","value":0.181818},
{"id":"742","value":0.181818},
{"id":"743","value":0.272727},
{"id":"744","value":0.0909091},
{"id":"745","value":0.0909091},
{"id":"746","value":0.0909091},
{"id":"747","value":0.272727},
{"id":"748","value":0.0909091},
{"id":"749","value":0.0909091},
{"id":"750","value":0.0909091},
{"id":"751","value":0.0909091},
{"id":"752","value":0.0909091},
{"id":"753","value":0.0909091},
{"id":"754","value":0.0909091},
{"id":"755","value":0.0909091},
{"id":"756","value":0.0909091},
{"id":"757","value":0.181818},
{"id":"758","value":0.272727},
{"id":"759","value":0.181818},
{"id":"760","value":0.181818},
{"id":"761","value":0.181818},
{"id":"762","value":0.181818},
{"id":"763","value":0.0909091},
{"id":"764","value":0.272727},
{"id":"765","value":0.0909091},
{"id":"766","value":0.181818},
{"id":"767","value":0.0909091},
{"id":"768","value":0.0909091},
{"id":"769","value":0.0909091},
{"id":"770","value":0.0909091},
{"id":"771","value":0.0909091},
{"id":"772","value":0.0909091},
{"id":"773","value":0.0909091},
{"id":"774","value":0.0909091},
{"id":"775","value":0.0909091},
{"id":"776","value":0.181818},
{"id":"777","value":0.0909091},
{"id":"778","value":0.0909091},
{"id":"779","value":0.0909091},
{"id":"780","value":0.0909091},
{"id":"781","value":0.0909091},
{"id":"782","value":0.0909091},
{"id":"783","value":0.0909091},
{"id":"784","value":0.0909091},
{"id":"785","value":0.0909091},
{"id":"786","value":0.0909091},
{"id":"787","value":0.0909091},
{"id":"788","value":0.0909091},
{"id":"789","value":0.0909091},
{"id":"790","value":0.0909091},
{"id":"791","value":0.0909091},
{"id":"792","value":0.0909091},
{"id":"793","value":0.0909091},
{"id":"794","value":0.0909091},
{"id":"795","value":0.0909091},
{"id":"796","value":0.0909091},
{"id":"797","value":0.0909091},
{"id":"798","value":0.181818},
{"id":"799","value":0.0909091},
{"id":"800","value":0.0909091},
{"id":"801","value":0.0909091},
{"id":"802","value":0.0909091},
{"id":"803","value":0.0909091},
{"id":"804","value":0.0909091},
{"id":"805","value":0.0909091},
{"id":"806","value":0.0909091},
{"id":"807","value":0.0909091},
{"id":"808","value":0.0909091},
{"id":"809","value":0.0909091},
{"id":"810","value":0.272727},
{"id":"811","value":0.0909091},
{"id":"812","value":0.0909091},
{"id":"813","value":0.272727},
{"id":"814","value":0.0909091},
{"id":"815","value":0.0909091},
{"id":"816","value":0.0909091},
{"id":"817","value":0.0909091},
{"id":"818","value":0.0909091},
{"id":"819","value":0.0909091},
{"id":"820","value":0.0909091},
{"id":"821","value":0.272727},
{"id":"822","value":0.0909091},
{"id":"823","value":0.272727},
{"id":"824","value":0.0909091},
{"id":"825","value":0.0909091},
{"id":"826","value":0.181818},
{"id":"827","value":0.0909091},
{"id":"828","value":0.0909091},
{"id":"829","value":0.0909091},
{"id":"830","value":0.0909091},
{"id":"831","value":0.181818},
{"id":"832","value":0.0909091},
{"id":"833","value":0.0909091},
{"id":"834","value":0.0909091},
{"id":"835","value":0.0909091},
{"id":"836","value":0.0909091},
{"id":"837","value":0.0909091},
{"id":"838","value":0.0909091},
{"id":"839","value":0.0909091},
{"id":"840","value":0.0909091},
{"id":"841","value":0.0909091},
{"id":"842","value":0.181818},
{"id":"843","value":0.272727},
{"id":"844","value":0.0909091},
{"id":"845","value":0.0909091},
{"id":"846","value":0.0909091},
{"id":"847","value":0.0909091},
{"id":"848","value":0.0909091},
{"id":"849","value":0.0909091},
{"id":"850","value":0.0909091},
{"id":"851","value":0.0909091},
{"id":"852","value":0.0909091},
{"id":"853","value":0.181818},
{"id":"854","value":0.0909091},
{"id":"855","value":0.0909091},
{"id":"856","value":0.0909091},
{"id":"857","value":0.0909091},
{"id":"858","value":0.0909091},
{"id":"859","value":0.0909091},
{"id":"860","value":0.0909091},
{"id":"861","value":0.0909091},
{"id":"862","value":0.0909091},
{"id":"863","value":0.0909091},
{"id":"864","value":0.0909091},
{"id":"865","value":0.0909091},
{"id":"866","value":0.363636},
{"id":"867","value":0.181818},
{"id":"868","value":0.0909091},
{"id":"869","value":0.181818},
{"id":"870","value":0.181818},
{"id":"871","value":0.0909091},
{"id":"872","value":0.181818},
{"id":"873","value":0.0909091},
{"id":"874","value":0.0909091},
{"id":"875","value":0.0909091},
{"id":"876","value":0.0909091}
]}