{
"vertices":[
{"id":"0","name":"wall","Leaves":[{"name":"wall","frequency":0.217391 }],"frequency":0.909091},
{"id":"1","name":"door","Leaves":[{"name":"door","frequency":0.714285 }],"frequency":0.454545},
{"id":"2","name":"chandelier","Leaves":[{"name":"chandelier","frequency":0.208333 }],"frequency":0.454545},
{"id":"3","name":"rug","Leaves":[{"name":"rug","frequency":0.625 }],"frequency":0.454545},
{"id":"4","name":"floor","Leaves":[],"frequency":1},
{"id":"5","name":"plant","Leaves":[{"name":"plant","frequency":0.2 }],"frequency":0.181818},
{"id":"6","name":"cutting_board","Leaves":[{"name":"cutting_board","frequency":0.5 }],"frequency":0.0909091},
{"id":"7","name":"mirror","Leaves":[{"name":"mirror","frequency":0.5 }],"frequency":0.0909091},
{"id":"8","name":"bread","Leaves":[],"frequency":0.0909091},
{"id":"9","name":"wall","Leaves":[{"name":"wall","frequency":0.217391 }],"frequency":8.11352e-43},
{"id":"10","name":"wall","Leaves":[{"name":"wall","frequency":0.217391 }],"frequency":0},
{"id":"11","name":"chandelier","Leaves":[{"name":"chandelier","frequency":0.208333 }],"frequency":0},
{"id":"12","name":"chandelier","Leaves":[{"name":"chandelier","frequency":0.208333 }],"frequency":0},
{"id":"13","name":"chandelier","Leaves":[{"name":"chandelier","frequency":0.208333 }],"frequency":0},
{"id":"14","name":"chandelier","Leaves":[{"name":"chandelier","frequency":0.208333 }],"frequency":0},
{"id":"15","name":"chandelier","Leaves":[{"name":"chandelier","frequency":0.208333 }],"frequency":0},
{"id":"16","name":"chandelier","Leaves":[{"name":"chandelier","frequency":0.208333 }],"frequency":0},
{"id":"17","name":"chandelier","Leaves":[{"name":"chandelier","frequency":0.208333 }],"frequency":0},
{"id":"18","name":"chandelier","Leaves":[{"name":"chandelier","frequency":0.208333 }],"frequency":0},
{"id":"19","name":"chandelier","Leaves":[{"name":"chandelier","frequency":0.208333 }],"frequency":0},
{"id":"20","name":"chandelier","Leaves":[{"name":"chandelier","frequency":0.208333 }],"frequency":0}
],
"rules":[
{"id":"0","source":"1","target":"0","factor":"proximity"},
{"id":"1","source":"2","target":"0","factor":"proximity"},
{"id":"2","source":"4","target":"0","factor":"orientation_parallel"},
{"id":"3","source":"5","target":"0","factor":"orientation_parallel"},
{"id":"4","source":"2","target":"0","factor":"orientation_parallel"},
{"id":"5","source":"0","target":"6","factor":"orientation_parallel"},
{"id":"6","source":"0","target":"5","factor":"orientation_parallel"},
{"id":"7","source":"0","target":"3","factor":"orientation_parallel"},
{"id":"8","source":"3","target":"0","factor":"orientation_parallel"},
{"id":"9","source":"1","target":"0","factor":"orientation_parallel"},
{"id":"10","source":"7","target":"0","factor":"orientation_parallel"},
{"id":"11","source":"0","target":"2","factor":"orientation_parallel"},
{"id":"12","source":"4","target":"0","factor":"orientation_perpendicular"},
{"id":"13","source":"5","target":"0","factor":"orientation_perpendicular"},
{"id":"14","source":"2","target":"0","factor":"orientation_perpendicular"},
{"id":"15","source":"6","target":"0","factor":"orientation_perpendicular"},
{"id":"16","source":"3","target":"0","factor":"orientation_perpendicular"},
{"id":"17","source":"1","target":"0","factor":"orientation_perpendicular"},
{"id":"18","source":"0","target":"2","factor":"orientation_perpendicular"},
{"id":"19","source":"0","target":"8","factor":"orientation_perpendicular"},
{"id":"20","source":"7","target":"0","factor":"orientation_perpendicular"},
{"id":"21","source":"0","target":"5","factor":"orientation_perpendicular"},
{"id":"22","source":"0","target":"9","factor":"orientation_parallel"},
{"id":"23","source":"0","target":"9","factor":"orientation_perpendicular"},
{"id":"24","source":"0","target":"9","factor":"symmetry"},
{"id":"25","source":"0","target":"9","factor":"side_to_side"},
{"id":"26","source":"1","target":"9","factor":"proximity"},
{"id":"27","source":"2","target":"9","factor":"proximity"},
{"id":"28","source":"4","target":"9","factor":"orientation_parallel"},
{"id":"29","source":"5","target":"9","factor":"orientation_parallel"},
{"id":"30","source":"2","target":"9","factor":"orientation_parallel"},
{"id":"31","source":"9","target":"6","factor":"orientation_parallel"},
{"id":"32","source":"9","target":"5","factor":"orientation_parallel"},
{"id":"33","source":"9","target":"3","factor":"orientation_parallel"},
{"id":"34","source":"3","target":"9","factor":"orientation_parallel"},
{"id":"35","source":"1","target":"9","factor":"orientation_parallel"},
{"id":"36","source":"7","target":"9","factor":"orientation_parallel"},
{"id":"37","source":"9","target":"2","factor":"orientation_parallel"},
{"id":"38","source":"4","target":"9","factor":"orientation_perpendicular"},
{"id":"39","source":"5","target":"9","factor":"orientation_perpendicular"},
{"id":"40","source":"2","target":"9","factor":"orientation_perpendicular"},
{"id":"41","source":"6","target":"9","factor":"orientation_perpendicular"},
{"id":"42","source":"3","target":"9","factor":"orientation_perpendicular"},
{"id":"43","source":"1","target":"9","factor":"orientation_perpendicular"},
{"id":"44","source":"9","target":"2","factor":"orientation_perpendicular"},
{"id":"45","source":"9","target":"8","factor":"orientation_perpendicular"},
{"id":"46","source":"7","target":"9","factor":"orientation_perpendicular"},
{"id":"47","source":"9","target":"5","factor":"orientation_perpendicular"},
{"id":"48","source":"0","target":"10","factor":"orientation_parallel"},
{"id":"49","source":"9","target":"10","factor":"orientation_parallel"},
{"id":"50","source":"0","target":"10","factor":"orientation_perpendicular"},
{"id":"51","source":"9","target":"10","factor":"orientation_perpendicular"},
{"id":"52","source":"0","target":"10","factor":"symmetry"},
{"id":"53","source":"9","target":"10","factor":"symmetry"},
{"id":"54","source":"0","target":"10","factor":"side_to_side"},
{"id":"55","source":"9","target":"10","factor":"side_to_side"},
{"id":"56","source":"1","target":"10","factor":"proximity"},
{"id":"57","source":"2","target":"10","factor":"proximity"},
{"id":"58","source":"4","target":"10","factor":"orientation_parallel"},
{"id":"59","source":"5","target":"10","factor":"orientation_parallel"},
{"id":"60","source":"2","target":"10","factor":"orientation_parallel"},
{"id":"61","source":"10","target":"6","factor":"orientation_parallel"},
{"id":"62","source":"10","target":"5","factor":"orientation_parallel"},
{"id":"63","source":"10","target":"3","factor":"orientation_parallel"},
{"id":"64","source":"3","target":"10","factor":"orientation_parallel"},
{"id":"65","source":"1","target":"10","factor":"orientation_parallel"},
{"id":"66","source":"7","target":"10","factor":"orientation_parallel"},
{"id":"67","source":"10","target":"2","factor":"orientation_parallel"},
{"id":"68","source":"4","target":"10","factor":"orientation_perpendicular"},
{"id":"69","source":"5","target":"10","factor":"orientation_perpendicular"},
{"id":"70","source":"2","target":"10","factor":"orientation_perpendicular"},
{"id":"71","source":"6","target":"10","factor":"orientation_perpendicular"},
{"id":"72","source":"3","target":"10","factor":"orientation_perpendicular"},
{"id":"73","source":"1","target":"10","factor":"orientation_perpendicular"},
{"id":"74","source":"10","target":"2","factor":"orientation_perpendicular"},
{"id":"75","source":"10","target":"8","factor":"orientation_perpendicular"},
{"id":"76","source":"7","target":"10","factor":"orientation_perpendicular"},
{"id":"77","source":"10","target":"5","factor":"orientation_perpendicular"},
{"id":"78","source":"2","target":"3","factor":"proximity"},
{"id":"79","source":"2","target":"4","factor":"proximity"},
{"id":"80","source":"4","target":"2","factor":"orientation_parallel"},
{"id":"81","source":"5","target":"2","factor":"orientation_parallel"},
{"id":"82","source":"2","target":"6","factor":"orientation_parallel"},
{"id":"83","source":"2","target":"5","factor":"orientation_parallel"},
{"id":"84","source":"2","target":"3","factor":"orientation_parallel"},
{"id":"85","source":"3","target":"2","factor":"orientation_parallel"},
{"id":"86","source":"1","target":"2","factor":"orientation_parallel"},
{"id":"87","source":"2","target":"1","factor":"orientation_parallel"},
{"id":"88","source":"2","target":"7","factor":"orientation_parallel"},
{"id":"89","source":"7","target":"2","factor":"orientation_parallel"},
{"id":"90","source":"2","target":"5","factor":"orientation_perpendicular"},
{"id":"91","source":"2","target":"3","factor":"orientation_perpendicular"},
{"id":"92","source":"2","target":"8","factor":"orientation_perpendicular"},
{"id":"93","source":"4","target":"2","factor":"orientation_perpendicular"},
{"id":"94","source":"2","target":"11","factor":"proximity"},
{"id":"95","source":"2","target":"11","factor":"orientation_parallel"},
{"id":"96","source":"2","target":"11","factor":"symmetry"},
{"id":"97","source":"11","target":"3","factor":"proximity"},
{"id":"98","source":"11","target":"4","factor":"proximity"},
{"id":"99","source":"4","target":"11","factor":"orientation_parallel"},
{"id":"100","source":"5","target":"11","factor":"orientation_parallel"},
{"id":"101","source":"11","target":"6","factor":"orientation_parallel"},
{"id":"102","source":"11","target":"5","factor":"orientation_parallel"},
{"id":"103","source":"11","target":"3","factor":"orientation_parallel"},
{"id":"104","source":"3","target":"11","factor":"orientation_parallel"},
{"id":"105","source":"1","target":"11","factor":"orientation_parallel"},
{"id":"106","source":"11","target":"1","factor":"orientation_parallel"},
{"id":"107","source":"11","target":"7","factor":"orientation_parallel"},
{"id":"108","source":"7","target":"11","factor":"orientation_parallel"},
{"id":"109","source":"11","target":"5","factor":"orientation_perpendicular"},
{"id":"110","source":"11","target":"3","factor":"orientation_perpendicular"},
{"id":"111","source":"11","target":"8","factor":"orientation_perpendicular"},
{"id":"112","source":"4","target":"11","factor":"orientation_perpendicular"},
{"id":"113","source":"2","target":"12","factor":"proximity"},
{"id":"114","source":"11","target":"12","factor":"proximity"},
{"id":"115","source":"2","target":"12","factor":"orientation_parallel"},
{"id":"116","source":"11","target":"12","factor":"orientation_parallel"},
{"id":"117","source":"2","target":"12","factor":"symmetry"},
{"id":"118","source":"11","target":"12","factor":"symmetry"},
{"id":"119","source":"12","target":"3","factor":"proximity"},
{"id":"120","source":"12","target":"4","factor":"proximity"},
{"id":"121","source":"4","target":"12","factor":"orientation_parallel"},
{"id":"122","source":"5","target":"12","factor":"orientation_parallel"},
{"id":"123","source":"12","target":"6","factor":"orientation_parallel"},
{"id":"124","source":"12","target":"5","factor":"orientation_parallel"},
{"id":"125","source":"12","target":"3","factor":"orientation_parallel"},
{"id":"126","source":"3","target":"12","factor":"orientation_parallel"},
{"id":"127","source":"1","target":"12","factor":"orientation_parallel"},
{"id":"128","source":"12","target":"1","factor":"orientation_parallel"},
{"id":"129","source":"12","target":"7","factor":"orientation_parallel"},
{"id":"130","source":"7","target":"12","factor":"orientation_parallel"},
{"id":"131","source":"12","target":"5","factor":"orientation_perpendicular"},
{"id":"132","source":"12","target":"3","factor":"orientation_perpendicular"},
{"id":"133","source":"12","target":"8","factor":"orientation_perpendicular"},
{"id":"134","source":"4","target":"12","factor":"orientation_perpendicular"},
{"id":"135","source":"2","target":"13","factor":"proximity"},
{"id":"136","source":"11","target":"13","factor":"proximity"},
{"id":"137","source":"12","target":"13","factor":"proximity"},
{"id":"138","source":"2","target":"13","factor":"orientation_parallel"},
{"id":"139","source":"11","target":"13","factor":"orientation_parallel"},
{"id":"140","source":"12","target":"13","factor":"orientation_parallel"},
{"id":"141","source":"2","target":"13","factor":"symmetry"},
{"id":"142","source":"11","target":"13","factor":"symmetry"},
{"id":"143","source":"12","target":"13","factor":"symmetry"},
{"id":"144","source":"13","target":"3","factor":"proximity"},
{"id":"145","source":"13","target":"4","factor":"proximity"},
{"id":"146","source":"4","target":"13","factor":"orientation_parallel"},
{"id":"147","source":"5","target":"13","factor":"orientation_parallel"},
{"id":"148","source":"13","target":"6","factor":"orientation_parallel"},
{"id":"149","source":"13","target":"5","factor":"orientation_parallel"},
{"id":"150","source":"13","target":"3","factor":"orientation_parallel"},
{"id":"151","source":"3","target":"13","factor":"orientation_parallel"},
{"id":"152","source":"1","target":"13","factor":"orientation_parallel"},
{"id":"153","source":"13","target":"1","factor":"orientation_parallel"},
{"id":"154","source":"13","target":"7","factor":"orientation_parallel"},
{"id":"155","source":"7","target":"13","factor":"orientation_parallel"},
{"id":"156","source":"13","target":"5","factor":"orientation_perpendicular"},
{"id":"157","source":"13","target":"3","factor":"orientation_perpendicular"},
{"id":"158","source":"13","target":"8","factor":"orientation_perpendicular"},
{"id":"159","source":"4","target":"13","factor":"orientation_perpendicular"},
{"id":"160","source":"2","target":"14","factor":"proximity"},
{"id":"161","source":"11","target":"14","factor":"proximity"},
{"id":"162","source":"12","target":"14","factor":"proximity"},
{"id":"163","source":"13","target":"14","factor":"proximity"},
{"id":"164","source":"2","target":"14","factor":"orientation_parallel"},
{"id":"165","source":"11","target":"14","factor":"orientation_parallel"},
{"id":"166","source":"12","target":"14","factor":"orientation_parallel"},
{"id":"167","source":"13","target":"14","factor":"orientation_parallel"},
{"id":"168","source":"2","target":"14","factor":"symmetry"},
{"id":"169","source":"11","target":"14","factor":"symmetry"},
{"id":"170","source":"12","target":"14","factor":"symmetry"},
{"id":"171","source":"13","target":"14","factor":"symmetry"},
{"id":"172","source":"14","target":"3","factor":"proximity"},
{"id":"173","source":"14","target":"4","factor":"proximity"},
{"id":"174","source":"4","target":"14","factor":"orientation_parallel"},
{"id":"175","source":"5","target":"14","factor":"orientation_parallel"},
{"id":"176","source":"14","target":"6","factor":"orientation_parallel"},
{"id":"177","source":"14","target":"5","factor":"orientation_parallel"},
{"id":"178","source":"14","target":"3","factor":"orientation_parallel"},
{"id":"179","source":"3","target":"14","factor":"orientation_parallel"},
{"id":"180","source":"1","target":"14","factor":"orientation_parallel"},
{"id":"181","source":"14","target":"1","factor":"orientation_parallel"},
{"id":"182","source":"14","target":"7","factor":"orientation_parallel"},
{"id":"183","source":"7","target":"14","factor":"orientation_parallel"},
{"id":"184","source":"14","target":"5","factor":"orientation_perpendicular"},
{"id":"185","source":"14","target":"3","factor":"orientation_perpendicular"},
{"id":"186","source":"14","target":"8","factor":"orientation_perpendicular"},
{"id":"187","source":"4","target":"14","factor":"orientation_perpendicular"},
{"id":"188","source":"2","target":"15","factor":"proximity"},
{"id":"189","source":"11","target":"15","factor":"proximity"},
{"id":"190","source":"12","target":"15","factor":"proximity"},
{"id":"191","source":"13","target":"15","factor":"proximity"},
{"id":"192","source":"14","target":"15","factor":"proximity"},
{"id":"193","source":"2","target":"15","factor":"orientation_parallel"},
{"id":"194","source":"11","target":"15","factor":"orientation_parallel"},
{"id":"195","source":"12","target":"15","factor":"orientation_parallel"},
{"id":"196","source":"13","target":"15","factor":"orientation_parallel"},
{"id":"197","source":"14","target":"15","factor":"orientation_parallel"},
{"id":"198","source":"2","target":"15","factor":"symmetry"},
{"id":"199","source":"11","target":"15","factor":"symmetry"},
{"id":"200","source":"12","target":"15","factor":"symmetry"},
{"id":"201","source":"13","target":"15","factor":"symmetry"},
{"id":"202","source":"14","target":"15","factor":"symmetry"},
{"id":"203","source":"15","target":"3","factor":"proximity"},
{"id":"204","source":"15","target":"4","factor":"proximity"},
{"id":"205","source":"4","target":"15","factor":"orientation_parallel"},
{"id":"206","source":"5","target":"15","factor":"orientation_parallel"},
{"id":"207","source":"15","target":"6","factor":"orientation_parallel"},
{"id":"208","source":"15","target":"5","factor":"orientation_parallel"},
{"id":"209","source":"15","target":"3","factor":"orientation_parallel"},
{"id":"210","source":"3","target":"15","factor":"orientation_parallel"},
{"id":"211","source":"1","target":"15","factor":"orientation_parallel"},
{"id":"212","source":"15","target":"1","factor":"orientation_parallel"},
{"id":"213","source":"15","target":"7","factor":"orientation_parallel"},
{"id":"214","source":"7","target":"15","factor":"orientation_parallel"},
{"id":"215","source":"15","target":"5","factor":"orientation_perpendicular"},
{"id":"216","source":"15","target":"3","factor":"orientation_perpendicular"},
{"id":"217","source":"15","target":"8","factor":"orientation_perpendicular"},
{"id":"218","source":"4","target":"15","factor":"orientation_perpendicular"},
{"id":"219","source":"2","target":"16","factor":"proximity"},
{"id":"220","source":"11","target":"16","factor":"proximity"},
{"id":"221","source":"12","target":"16","factor":"proximity"},
{"id":"222","source":"13","target":"16","factor":"proximity"},
{"id":"223","source":"14","target":"16","factor":"proximity"},
{"id":"224","source":"15","target":"16","factor":"proximity"},
{"id":"225","source":"2","target":"16","factor":"orientation_parallel"},
{"id":"226","source":"11","target":"16","factor":"orientation_parallel"},
{"id":"227","source":"12","target":"16","factor":"orientation_parallel"},
{"id":"228","source":"13","target":"16","factor":"orientation_parallel"},
{"id":"229","source":"14","target":"16","factor":"orientation_parallel"},
{"id":"230","source":"15","target":"16","factor":"orientation_parallel"},
{"id":"231","source":"2","target":"16","factor":"symmetry"},
{"id":"232","source":"11","target":"16","factor":"symmetry"},
{"id":"233","source":"12","target":"16","factor":"symmetry"},
{"id":"234","source":"13","target":"16","factor":"symmetry"},
{"id":"235","source":"14","target":"16","factor":"symmetry"},
{"id":"236","source":"15","target":"16","factor":"symmetry"},
{"id":"237","source":"16","target":"3","factor":"proximity"},
{"id":"238","source":"16","target":"4","factor":"proximity"},
{"id":"239","source":"4","target":"16","factor":"orientation_parallel"},
{"id":"240","source":"5","target":"16","factor":"orientation_parallel"},
{"id":"241","source":"16","target":"6","factor":"orientation_parallel"},
{"id":"242","source":"16","target":"5","factor":"orientation_parallel"},
{"id":"243","source":"16","target":"3","factor":"orientation_parallel"},
{"id":"244","source":"3","target":"16","factor":"orientation_parallel"},
{"id":"245","source":"1","target":"16","factor":"orientation_parallel"},
{"id":"246","source":"16","target":"1","factor":"orientation_parallel"},
{"id":"247","source":"16","target":"7","factor":"orientation_parallel"},
{"id":"248","source":"7","target":"16","factor":"orientation_parallel"},
{"id":"249","source":"16","target":"5","factor":"orientation_perpendicular"},
{"id":"250","source":"16","target":"3","factor":"orientation_perpendicular"},
{"id":"251","source":"16","target":"8","factor":"orientation_perpendicular"},
{"id":"252","source":"4","target":"16","factor":"orientation_perpendicular"},
{"id":"253","source":"2","target":"17","factor":"proximity"},
{"id":"254","source":"11","target":"17","factor":"proximity"},
{"id":"255","source":"12","target":"17","factor":"proximity"},
{"id":"256","source":"13","target":"17","factor":"proximity"},
{"id":"257","source":"14","target":"17","factor":"proximity"},
{"id":"258","source":"15","target":"17","factor":"proximity"},
{"id":"259","source":"16","target":"17","factor":"proximity"},
{"id":"260","source":"2","target":"17","factor":"orientation_parallel"},
{"id":"261","source":"11","target":"17","factor":"orientation_parallel"},
{"id":"262","source":"12","target":"17","factor":"orientation_parallel"},
{"id":"263","source":"13","target":"17","factor":"orientation_parallel"},
{"id":"264","source":"14","target":"17","factor":"orientation_parallel"},
{"id":"265","source":"15","target":"17","factor":"orientation_parallel"},
{"id":"266","source":"16","target":"17","factor":"orientation_parallel"},
{"id":"267","source":"2","target":"17","factor":"symmetry"},
{"id":"268","source":"11","target":"17","factor":"symmetry"},
{"id":"269","source":"12","target":"17","factor":"symmetry"},
{"id":"270","source":"13","target":"17","factor":"symmetry"},
{"id":"271","source":"14","target":"17","factor":"symmetry"},
{"id":"272","source":"15","target":"17","factor":"symmetry"},
{"id":"273","source":"16","target":"17","factor":"symmetry"},
{"id":"274","source":"17","target":"3","factor":"proximity"},
{"id":"275","source":"17","target":"4","factor":"proximity"},
{"id":"276","source":"4","target":"17","factor":"orientation_parallel"},
{"id":"277","source":"5","target":"17","factor":"orientation_parallel"},
{"id":"278","source":"17","target":"6","factor":"orientation_parallel"},
{"id":"279","source":"17","target":"5","factor":"orientation_parallel"},
{"id":"280","source":"17","target":"3","factor":"orientation_parallel"},
{"id":"281","source":"3","target":"17","factor":"orientation_parallel"},
{"id":"282","source":"1","target":"17","factor":"orientation_parallel"},
{"id":"283","source":"17","target":"1","factor":"orientation_parallel"},
{"id":"284","source":"17","target":"7","factor":"orientation_parallel"},
{"id":"285","source":"7","target":"17","factor":"orientation_parallel"},
{"id":"286","source":"17","target":"5","factor":"orientation_perpendicular"},
{"id":"287","source":"17","target":"3","factor":"orientation_perpendicular"},
{"id":"288","source":"17","target":"8","factor":"orientation_perpendicular"},
{"id":"289","source":"4","target":"17","factor":"orientation_perpendicular"},
{"id":"290","source":"2","target":"18","factor":"proximity"},
{"id":"291","source":"11","target":"18","factor":"proximity"},
{"id":"292","source":"12","target":"18","factor":"proximity"},
{"id":"293","source":"13","target":"18","factor":"proximity"},
{"id":"294","source":"14","target":"18","factor":"proximity"},
{"id":"295","source":"15","target":"18","factor":"proximity"},
{"id":"296","source":"16","target":"18","factor":"proximity"},
{"id":"297","source":"17","target":"18","factor":"proximity"},
{"id":"298","source":"2","target":"18","factor":"orientation_parallel"},
{"id":"299","source":"11","target":"18","factor":"orientation_parallel"},
{"id":"300","source":"12","target":"18","factor":"orientation_parallel"},
{"id":"301","source":"13","target":"18","factor":"orientation_parallel"},
{"id":"302","source":"14","target":"18","factor":"orientation_parallel"},
{"id":"303","source":"15","target":"18","factor":"orientation_parallel"},
{"id":"304","source":"16","target":"18","factor":"orientation_parallel"},
{"id":"305","source":"17","target":"18","factor":"orientation_parallel"},
{"id":"306","source":"2","target":"18","factor":"symmetry"},
{"id":"307","source":"11","target":"18","factor":"symmetry"},
{"id":"308","source":"12","target":"18","factor":"symmetry"},
{"id":"309","source":"13","target":"18","factor":"symmetry"},
{"id":"310","source":"14","target":"18","factor":"symmetry"},
{"id":"311","source":"15","target":"18","factor":"symmetry"},
{"id":"312","source":"16","target":"18","factor":"symmetry"},
{"id":"313","source":"17","target":"18","factor":"symmetry"},
{"id":"314","source":"18","target":"3","factor":"proximity"},
{"id":"315","source":"18","target":"4","factor":"proximity"},
{"id":"316","source":"4","target":"18","factor":"orientation_parallel"},
{"id":"317","source":"5","target":"18","factor":"orientation_parallel"},
{"id":"318","source":"18","target":"6","factor":"orientation_parallel"},
{"id":"319","source":"18","target":"5","factor":"orientation_parallel"},
{"id":"320","source":"18","target":"3","factor":"orientation_parallel"},
{"id":"321","source":"3","target":"18","factor":"orientation_parallel"},
{"id":"322","source":"1","target":"18","factor":"orientation_parallel"},
{"id":"323","source":"18","target":"1","factor":"orientation_parallel"},
{"id":"324","source":"18","target":"7","factor":"orientation_parallel"},
{"id":"325","source":"7","target":"18","factor":"orientation_parallel"},
{"id":"326","source":"18","target":"5","factor":"orientation_perpendicular"},
{"id":"327","source":"18","target":"3","factor":"orientation_perpendicular"},
{"id":"328","source":"18","target":"8","factor":"orientation_perpendicular"},
{"id":"329","source":"4","target":"18","factor":"orientation_perpendicular"},
{"id":"330","source":"2","target":"19","factor":"proximity"},
{"id":"331","source":"11","target":"19","factor":"proximity"},
{"id":"332","source":"12","target":"19","factor":"proximity"},
{"id":"333","source":"13","target":"19","factor":"proximity"},
{"id":"334","source":"14","target":"19","factor":"proximity"},
{"id":"335","source":"15","target":"19","factor":"proximity"},
{"id":"336","source":"16","target":"19","factor":"proximity"},
{"id":"337","source":"17","target":"19","factor":"proximity"},
{"id":"338","source":"18","target":"19","factor":"proximity"},
{"id":"339","source":"2","target":"19","factor":"orientation_parallel"},
{"id":"340","source":"11","target":"19","factor":"orientation_parallel"},
{"id":"341","source":"12","target":"19","factor":"orientation_parallel"},
{"id":"342","source":"13","target":"19","factor":"orientation_parallel"},
{"id":"343","source":"14","target":"19","factor":"orientation_parallel"},
{"id":"344","source":"15","target":"19","factor":"orientation_parallel"},
{"id":"345","source":"16","target":"19","factor":"orientation_parallel"},
{"id":"346","source":"17","target":"19","factor":"orientation_parallel"},
{"id":"347","source":"18","target":"19","factor":"orientation_parallel"},
{"id":"348","source":"2","target":"19","factor":"symmetry"},
{"id":"349","source":"11","target":"19","factor":"symmetry"},
{"id":"350","source":"12","target":"19","factor":"symmetry"},
{"id":"351","source":"13","target":"19","factor":"symmetry"},
{"id":"352","source":"14","target":"19","factor":"symmetry"},
{"id":"353","source":"15","target":"19","factor":"symmetry"},
{"id":"354","source":"16","target":"19","factor":"symmetry"},
{"id":"355","source":"17","target":"19","factor":"symmetry"},
{"id":"356","source":"18","target":"19","factor":"symmetry"},
{"id":"357","source":"19","target":"3","factor":"proximity"},
{"id":"358","source":"19","target":"4","factor":"proximity"},
{"id":"359","source":"4","target":"19","factor":"orientation_parallel"},
{"id":"360","source":"5","target":"19","factor":"orientation_parallel"},
{"id":"361","source":"19","target":"6","factor":"orientation_parallel"},
{"id":"362","source":"19","target":"5","factor":"orientation_parallel"},
{"id":"363","source":"19","target":"3","factor":"orientation_parallel"},
{"id":"364","source":"3","target":"19","factor":"orientation_parallel"},
{"id":"365","source":"1","target":"19","factor":"orientation_parallel"},
{"id":"366","source":"19","target":"1","factor":"orientation_parallel"},
{"id":"367","source":"19","target":"7","factor":"orientation_parallel"},
{"id":"368","source":"7","target":"19","factor":"orientation_parallel"},
{"id":"369","source":"19","target":"5","factor":"orientation_perpendicular"},
{"id":"370","source":"19","target":"3","factor":"orientation_perpendicular"},
{"id":"371","source":"19","target":"8","factor":"orientation_perpendicular"},
{"id":"372","source":"4","target":"19","factor":"orientation_perpendicular"},
{"id":"373","source":"2","target":"20","factor":"proximity"},
{"id":"374","source":"11","target":"20","factor":"proximity"},
{"id":"375","source":"12","target":"20","factor":"proximity"},
{"id":"376","source":"13","target":"20","factor":"proximity"},
{"id":"377","source":"14","target":"20","factor":"proximity"},
{"id":"378","source":"15","target":"20","factor":"proximity"},
{"id":"379","source":"16","target":"20","factor":"proximity"},
{"id":"380","source":"17","target":"20","factor":"proximity"},
{"id":"381","source":"18","target":"20","factor":"proximity"},
{"id":"382","source":"19","target":"20","factor":"proximity"},
{"id":"383","source":"2","target":"20","factor":"orientation_parallel"},
{"id":"384","source":"11","target":"20","factor":"orientation_parallel"},
{"id":"385","source":"12","target":"20","factor":"orientation_parallel"},
{"id":"386","source":"13","target":"20","factor":"orientation_parallel"},
{"id":"387","source":"14","target":"20","factor":"orientation_parallel"},
{"id":"388","source":"15","target":"20","factor":"orientation_parallel"},
{"id":"389","source":"16","target":"20","factor":"orientation_parallel"},
{"id":"390","source":"17","target":"20","factor":"orientation_parallel"},
{"id":"391","source":"18","target":"20","factor":"orientation_parallel"},
{"id":"392","source":"19","target":"20","factor":"orientation_parallel"},
{"id":"393","source":"2","target":"20","factor":"symmetry"},
{"id":"394","source":"11","target":"20","factor":"symmetry"},
{"id":"395","source":"12","target":"20","factor":"symmetry"},
{"id":"396","source":"13","target":"20","factor":"symmetry"},
{"id":"397","source":"14","target":"20","factor":"symmetry"},
{"id":"398","source":"15","target":"20","factor":"symmetry"},
{"id":"399","source":"16","target":"20","factor":"symmetry"},
{"id":"400","source":"17","target":"20","factor":"symmetry"},
{"id":"401","source":"18","target":"20","factor":"symmetry"},
{"id":"402","source":"19","target":"20","factor":"symmetry"},
{"id":"403","source":"20","target":"3","factor":"proximity"},
{"id":"404","source":"20","target":"4","factor":"proximity"},
{"id":"405","source":"4","target":"20","factor":"orientation_parallel"},
{"id":"406","source":"5","target":"20","factor":"orientation_parallel"},
{"id":"407","source":"20","target":"6","factor":"orientation_parallel"},
{"id":"408","source":"20","target":"5","factor":"orientation_parallel"},
{"id":"409","source":"20","target":"3","factor":"orientation_parallel"},
{"id":"410","source":"3","target":"20","factor":"orientation_parallel"},
{"id":"411","source":"1","target":"20","factor":"orientation_parallel"},
{"id":"412","source":"20","target":"1","factor":"orientation_parallel"},
{"id":"413","source":"20","target":"7","factor":"orientation_parallel"},
{"id":"414","source":"7","target":"20","factor":"orientation_parallel"},
{"id":"415","source":"20","target":"5","factor":"orientation_perpendicular"},
{"id":"416","source":"20","target":"3","factor":"orientation_perpendicular"},
{"id":"417","source":"20","target":"8","factor":"orientation_perpendicular"},
{"id":"418","source":"4","target":"20","factor":"orientation_perpendicular"},
{"id":"419","source":"5","target":"5","factor":"proximity"},
{"id":"420","source":"6","target":"3","factor":"proximity"},
{"id":"421","source":"4","target":"5","factor":"orientation_parallel"},
{"id":"422","source":"4","target":"6","factor":"orientation_parallel"},
{"id":"423","source":"4","target":"3","factor":"orientation_parallel"},
{"id":"424","source":"5","target":"6","factor":"orientation_parallel"},
{"id":"425","source":"5","target":"5","factor":"orientation_parallel"},
{"id":"426","source":"5","target":"3","factor":"orientation_parallel"},
{"id":"427","source":"6","target":"5","factor":"orientation_parallel"},
{"id":"428","source":"6","target":"3","factor":"orientation_parallel"},
{"id":"429","source":"3","target":"5","factor":"orientation_parallel"},
{"id":"430","source":"3","target":"3","factor":"orientation_parallel"},
{"id":"431","source":"1","target":"4","factor":"orientation_parallel"},
{"id":"432","source":"1","target":"1","factor":"orientation_parallel"},
{"id":"433","source":"1","target":"5","factor":"orientation_parallel"},
{"id":"434","source":"1","target":"7","factor":"orientation_parallel"},
{"id":"435","source":"4","target":"7","factor":"orientation_parallel"},
{"id":"436","source":"5","target":"1","factor":"orientation_parallel"},
{"id":"437","source":"7","target":"1","factor":"orientation_parallel"},
{"id":"438","source":"5","target":"7","factor":"orientation_parallel"},
{"id":"439","source":"7","target":"5","factor":"orientation_parallel"},
{"id":"440","source":"7","target":"7","factor":"orientation_parallel"},
{"id":"441","source":"4","target":"5","factor":"orientation_perpendicular"},
{"id":"442","source":"5","target":"5","factor":"orientation_perpendicular"},
{"id":"443","source":"1","target":"3","factor":"orientation_perpendicular"},
{"id":"444","source":"1","target":"8","factor":"orientation_perpendicular"},
{"id":"445","source":"4","target":"3","factor":"orientation_perpendicular"},
{"id":"446","source":"4","target":"8","factor":"orientation_perpendicular"},
{"id":"447","source":"3","target":"1","factor":"orientation_perpendicular"},
{"id":"448","source":"8","target":"1","factor":"orientation_perpendicular"},
{"id":"449","source":"5","target":"8","factor":"orientation_perpendicular"},
{"id":"450","source":"8","target":"5","factor":"orientation_perpendicular"},
{"id":"451","source":"7","target":"8","factor":"orientation_perpendicular"},
{"id":"452","source":"8","target":"7","factor":"orientation_perpendicular"},
{"id":"453","source":"5","target":"5","factor":"symmetry"},
{"id":"454","source":"3","target":"3","factor":"symmetry"},
{"id":"455","source":"7","target":"7","factor":"symmetry"}
],
"probability":[
{"id":"0","value":0.0909091},
{"id":"1","value":0.0909091},
{"id":"2","value":0.454545},
{"id":"3","value":0.272727},
{"id":"4","value":0.363636},
{"id":"5","value":0.181818},
{"id":"6","value":0.0909091},
{"id":"7","value":0.454545},
{"id":"8","value":0.181818},
{"id":"9","value":0.181818},
{"id":"10","value":0.0909091},
{"id":"11","value":0.0909091},
{"id":"12","value":0.909091},
{"id":"13","value":0.272727},
{"id":"14","value":0.454545},
{"id":"15","value":0.0909091},
{"id":"16","value":0.454545},
{"id":"17","value":0.454545},
{"id":"18","value":0.181818},
{"id":"19","value":0.0909091},
{"id":"20","value":0.0909091},
{"id":"21","value":0.0909091},
{"id":"22","value":0.545455},
{"id":"23","value":0.909091},
{"id":"24","value":0.454545},
{"id":"25","value":0.0909091},
{"id":"26","value":0.0909091},
{"id":"27","value":0.0909091},
{"id":"28","value":0.454545},
{"id":"29","value":0.272727},
{"id":"30","value":0.363636},
{"id":"31","value":0.181818},
{"id":"32","value":0.0909091},
{"id":"33","value":0.454545},
{"id":"34","value":0.181818},
{"id":"35","value":0.181818},
{"id":"36","value":0.0909091},
{"id":"37","value":0.0909091},
{"id":"38","value":0.909091},
{"id":"39","value":0.272727},
{"id":"40","value":0.454545},
{"id":"41","value":0.0909091},
{"id":"42","value":0.454545},
{"id":"43","value":0.454545},
{"id":"44","value":0.181818},
{"id":"45","value":0.0909091},
{"id":"46","value":0.0909091},
{"id":"47","value":0.0909091},
{"id":"48","value":0.545455},
{"id":"49","value":0.545455},
{"id":"50","value":0.909091},
{"id":"51","value":0.909091},
{"id":"52","value":0.454545},
{"id":"53","value":0.454545},
{"id":"54","value":0.0909091},
{"id":"55","value":0.0909091},
{"id":"56","value":0.0909091},
{"id":"57","value":0.0909091},
{"id":"58","value":0.454545},
{"id":"59","value":0.272727},
{"id":"60","value":0.363636},
{"id":"61","value":0.181818},
{"id":"62","value":0.0909091},
{"id":"63","value":0.454545},
{"id":"64","value":0.181818},
{"id":"65","value":0.181818},
{"id":"66","value":0.0909091},
{"id":"67","value":0.0909091},
{"id":"68","value":0.909091},
{"id":"69","value":0.272727},
{"id":"70","value":0.454545},
{"id":"71","value":0.0909091},
{"id":"72","value":0.454545},
{"id":"73","value":0.454545},
{"id":"74","value":0.181818},
{"id":"75","value":0.0909091},
{"id":"76","value":0.0909091},
{"id":"77","value":0.0909091},
{"id":"78","value":0.0909091},
{"id":"79","value":0.0909091},
{"id":"80","value":0.363636},
{"id":"81","value":0.363636},
{"id":"82","value":0.0909091},
{"id":"83","value":0.181818},
{"id":"84","value":0.181818},
{"id":"85","value":0.181818},
{"id":"86","value":0.0909091},
{"id":"87","value":0.0909091},
{"id":"88","value":0.181818},
{"id":"89","value":0.0909091},
{"id":"90","value":0.0909091},
{"id":"91","value":0.181818},
{"id":"92","value":0.0909091},
{"id":"93","value":0.0909091},
{"id":"94","value":0.0909091},
{"id":"95","value":0.363636},
{"id":"96","value":0.363636},
{"id":"97","value":0.0909091},
{"id":"98","value":0.0909091},
{"id":"99","value":0.363636},
{"id":"100","value":0.363636},
{"id":"101","value":0.0909091},
{"id":"102","value":0.181818},
{"id":"103","value":0.181818},
{"id":"104","value":0.181818},
{"id":"105","value":0.0909091},
{"id":"106","value":0.0909091},
{"id":"107","value":0.181818},
{"id":"108","value":0.0909091},
{"id":"109","value":0.0909091},
{"id":"110","value":0.181818},
{"id":"111","value":0.0909091},
{"id":"112","value":0.0909091},
{"id":"113","value":0.0909091},
{"id":"114","value":0.0909091},
{"id":"115","value":0.363636},
{"id":"116","value":0.363636},
{"id":"117","value":0.363636},
{"id":"118","value":0.363636},
{"id":"119","value":0.0909091},
{"id":"120","value":0.0909091},
{"id":"121","value":0.363636},
{"id":"122","value":0.363636},
{"id":"123","value":0.0909091},
{"id":"124","value":0.181818},
{"id":"125","value":0.181818},
{"id":"126","value":0.181818},
{"id":"127","value":0.0909091},
{"id":"128","value":0.0909091},
{"id":"129","value":0.181818},
{"id":"130","value":0.0909091},
{"id":"131","value":0.0909091},
{"id":"132","value":0.181818},
{"id":"133","value":0.0909091},
{"id":"134","value":0.0909091},
{"id":"135","value":0.0909091},
{"id":"136","value":0.0909091},
{"id":"137","value":0.0909091},
{"id":"138","value":0.363636},
{"id":"139","value":0.363636},
{"id":"140","value":0.363636},
{"id":"141","value":0.363636},
{"id":"142","value":0.363636},
{"id":"143","value":0.363636},
{"id":"144","value":0.0909091},
{"id":"145","value":0.0909091},
{"id":"146","value":0.363636},
{"id":"147","value":0.363636},
{"id":"148","value":0.0909091},
{"id":"149","value":0.181818},
{"id":"150","value":0.181818},
{"id":"151","value":0.181818},
{"id":"152","value":0.0909091},
{"id":"153","value":0.0909091},
{"id":"154","value":0.181818},
{"id":"155","value":0.0909091},
{"id":"156","value":0.0909091},
{"id":"157","value":0.181818},
{"id":"158","value":0.0909091},
{"id":"159","value":0.0909091},
{"id":"160","value":0.0909091},
{"id":"161","value":0.0909091},
{"id":"162","value":0.0909091},
{"id":"163","value":0.0909091},
{"id":"164","value":0.363636},
{"id":"165","value":0.363636},
{"id":"166","value":0.363636},
{"id":"167","value":0.363636},
{"id":"168","value":0.363636},
{"id":"169","value":0.363636},
{"id":"170","value":0.363636},
{"id":"171","value":0.363636},
{"id":"172","value":0.0909091},
{"id":"173","value":0.0909091},
{"id":"174","value":0.363636},
{"id":"175","value":0.363636},
{"id":"176","value":0.0909091},
{"id":"177","value":0.181818},
{"id":"178","value":0.181818},
{"id":"179","value":0.181818},
{"id":"180","value":0.0909091},
{"id":"181","value":0.0909091},
{"id":"182","value":0.181818},
{"id":"183","value":0.0909091},
{"id":"184","value":0.0909091},
{"id":"185","value":0.181818},
{"id":"186","value":0.0909091},
{"id":"187","value":0.0909091},
{"id":"188","value":0.0909091},
{"id":"189","value":0.0909091},
{"id":"190","value":0.0909091},
{"id":"191","value":0.0909091},
{"id":"192","value":0.0909091},
{"id":"193","value":0.363636},
{"id":"194","value":0.363636},
{"id":"195","value":0.363636},
{"id":"196","value":0.363636},
{"id":"197","value":0.363636},
{"id":"198","value":0.363636},
{"id":"199","value":0.363636},
{"id":"200","value":0.363636},
{"id":"201","value":0.363636},
{"id":"202","value":0.363636},
{"id":"203","value":0.0909091},
{"id":"204","value":0.0909091},
{"id":"205","value":0.363636},
{"id":"206","value":0.363636},
{"id":"207","value":0.0909091},
{"id":"208","value":0.181818},
{"id":"209","value":0.181818},
{"id":"210","value":0.181818},
{"id":"211","value":0.0909091},
{"id":"212","value":0.0909091},
{"id":"213","value":0.181818},
{"id":"214","value":0.0909091},
{"id":"215","value":0.0909091},
{"id":"216","value":0.181818},
{"id":"217","value":0.0909091},
{"id":"218","value":0.0909091},
{"id":"219","value":0.0909091},
{"id":"220","value":0.0909091},
{"id":"221","value":0.0909091},
{"id":"222","value":0.0909091},
{"id":"223","value":0.0909091},
{"id":"224","value":0.0909091},
{"id":"225","value":0.363636},
{"id":"226","value":0.363636},
{"id":"227","value":0.363636},
{"id":"228","value":0.363636},
{"id":"229","value":0.363636},
{"id":"230","value":0.363636},
{"id":"231","value":0.363636},
{"id":"232","value":0.363636},
{"id":"233","value":0.363636},
{"id":"234","value":0.363636},
{"id":"235","value":0.363636},
{"id":"236","value":0.363636},
{"id":"237","value":0.0909091},
{"id":"238","value":0.0909091},
{"id":"239","value":0.363636},
{"id":"240","value":0.363636},
{"id":"241","value":0.0909091},
{"id":"242","value":0.181818},
{"id":"243","value":0.181818},
{"id":"244","value":0.181818},
{"id":"245","value":0.0909091},
{"id":"246","value":0.0909091},
{"id":"247","value":0.181818},
{"id":"248","value":0.0909091},
{"id":"249","value":0.0909091},
{"id":"250","value":0.181818},
{"id":"251","value":0.0909091},
{"id":"252","value":0.0909091},
{"id":"253","value":0.0909091},
{"id":"254","value":0.0909091},
{"id":"255","value":0.0909091},
{"id":"256","value":0.0909091},
{"id":"257","value":0.0909091},
{"id":"258","value":0.0909091},
{"id":"259","value":0.0909091},
{"id":"260","value":0.363636},
{"id":"261","value":0.363636},
{"id":"262","value":0.363636},
{"id":"263","value":0.363636},
{"id":"264","value":0.363636},
{"id":"265","value":0.363636},
{"id":"266","value":0.363636},
{"id":"267","value":0.363636},
{"id":"268","value":0.363636},
{"id":"269","value":0.363636},
{"id":"270","value":0.363636},
{"id":"271","value":0.363636},
{"id":"272","value":0.363636},
{"id":"273","value":0.363636},
{"id":"274","value":0.0909091},
{"id":"275","value":0.0909091},
{"id":"276","value":0.363636},
{"id":"277","value":0.363636},
{"id":"278","value":0.0909091},
{"id":"279","value":0.181818},
{"id":"280","value":0.181818},
{"id":"281","value":0.181818},
{"id":"282","value":0.0909091},
{"id":"283","value":0.0909091},
{"id":"284","value":0.181818},
{"id":"285","value":0.0909091},
{"id":"286","value":0.0909091},
{"id":"287","value":0.181818},
{"id":"288","value":0.0909091},
{"id":"289","value":0.0909091},
{"id":"290","value":0.0909091},
{"id":"291","value":0.0909091},
{"id":"292","value":0.0909091},
{"id":"293","value":0.0909091},
{"id":"294","value":0.0909091},
{"id":"295","value":0.0909091},
{"id":"296","value":0.0909091},
{"id":"297","value":0.0909091},
{"id":"298","value":0.363636},
{"id":"299","value":0.363636},
{"id":"300","value":0.363636},
{"id":"301","value":0.363636},
{"id":"302","value":0.363636},
{"id":"303","value":0.363636},
{"id":"304","value":0.363636},
{"id":"305","value":0.363636},
{"id":"306","value":0.363636},
{"id":"307","value":0.363636},
{"id":"308","value":0.363636},
{"id":"309","value":0.363636},
{"id":"310","value":0.363636},
{"id":"311","value":0.363636},
{"id":"312","value":0.363636},
{"id":"313","value":0.363636},
{"id":"314","value":0.0909091},
{"id":"315","value":0.0909091},
{"id":"316","value":0.363636},
{"id":"317","value":0.363636},
{"id":"318","value":0.0909091},
{"id":"319","value":0.181818},
{"id":"320","value":0.181818},
{"id":"321","value":0.181818},
{"id":"322","value":0.0909091},
{"id":"323","value":0.0909091},
{"id":"324","value":0.181818},
{"id":"325","value":0.0909091},
{"id":"326","value":0.0909091},
{"id":"327","value":0.181818},
{"id":"328","value":0.0909091},
{"id":"329","value":0.0909091},
{"id":"330","value":0.0909091},
{"id":"331","value":0.0909091},
{"id":"332","value":0.0909091},
{"id":"333","value":0.0909091},
{"id":"334","value":0.0909091},
{"id":"335","value":0.0909091},
{"id":"336","value":0.0909091},
{"id":"337","value":0.0909091},
{"id":"338","value":0.0909091},
{"id":"339","value":0.363636},
{"id":"340","value":0.363636},
{"id":"341","value":0.363636},
{"id":"342","value":0.363636},
{"id":"343","value":0.363636},
{"id":"344","value":0.363636},
{"id":"345","value":0.363636},
{"id":"346","value":0.363636},
{"id":"347","value":0.363636},
{"id":"348","value":0.363636},
{"id":"349","value":0.363636},
{"id":"350","value":0.363636},
{"id":"351","value":0.363636},
{"id":"352","value":0.363636},
{"id":"353","value":0.363636},
{"id":"354","value":0.363636},
{"id":"355","value":0.363636},
{"id":"356","value":0.363636},
{"id":"357","value":0.0909091},
{"id":"358","value":0.0909091},
{"id":"359","value":0.363636},
{"id":"360","value":0.363636},
{"id":"361","value":0.0909091},
{"id":"362","value":0.181818},
{"id":"363","value":0.181818},
{"id":"364","value":0.181818},
{"id":"365","value":0.0909091},
{"id":"366","value":0.0909091},
{"id":"367","value":0.181818},
{"id":"368","value":0.0909091},
{"id":"369","value":0.0909091},
{"id":"370","value":0.181818},
{"id":"371","value":0.0909091},
{"id":"372","value":0.0909091},
{"id":"373","value":0.0909091},
{"id":"374","value":0.0909091},
{"id":"375","value":0.0909091},
{"id":"376","value":0.0909091},
{"id":"377","value":0.0909091},
{"id":"378","value":0.0909091},
{"id":"379","value":0.0909091},
{"id":"380","value":0.0909091},
{"id":"381","value":0.0909091},
{"id":"382","value":0.0909091},
{"id":"383","value":0.363636},
{"id":"384","value":0.363636},
{"id":"385","value":0.363636},
{"id":"386","value":0.363636},
{"id":"387","value":0.363636},
{"id":"388","value":0.363636},
{"id":"389","value":0.363636},
{"id":"390","value":0.363636},
{"id":"391","value":0.363636},
{"id":"392","value":0.363636},
{"id":"393","value":0.363636},
{"id":"394","value":0.363636},
{"id":"395","value":0.363636},
{"id":"396","value":0.363636},
{"id":"397","value":0.363636},
{"id":"398","value":0.363636},
{"id":"399","value":0.363636},
{"id":"400","value":0.363636},
{"id":"401","value":0.363636},
{"id":"402","value":0.363636},
{"id":"403","value":0.0909091},
{"id":"404","value":0.0909091},
{"id":"405","value":0.363636},
{"id":"406","value":0.363636},
{"id":"407","value":0.0909091},
{"id":"408","value":0.181818},
{"id":"409","value":0.181818},
{"id":"410","value":0.181818},
{"id":"411","value":0.0909091},
{"id":"412","value":0.0909091},
{"id":"413","value":0.181818},
{"id":"414","value":0.0909091},
{"id":"415","value":0.0909091},
{"id":"416","value":0.181818},
{"id":"417","value":0.0909091},
{"id":"418","value":0.0909091},
{"id":"419","value":0.0909091},
{"id":"420","value":0.0909091},
{"id":"421","value":0.181818},
{"id":"422","value":0.0909091},
{"id":"423","value":0.272727},
{"id":"424","value":0.181818},
{"id":"425","value":0.181818},
{"id":"426","value":0.0909091},
{"id":"427","value":0.0909091},
{"id":"428","value":0.0909091},
{"id":"429","value":0.0909091},
{"id":"430","value":0.0909091},
{"id":"431","value":0.272727},
{"id":"432","value":0.0909091},
{"id":"433","value":0.0909091},
{"id":"434","value":0.0909091},
{"id":"435","value":0.0909091},
{"id":"436","value":0.0909091},
{"id":"437","value":0.0909091},
{"id":"438","value":0.181818},
{"id":"439","value":0.0909091},
{"id":"440","value":0.0909091},
{"id":"441","value":0.0909091},
{"id":"442","value":0.0909091},
{"id":"443","value":0.0909091},
{"id":"444","value":0.0909091},
{"id":"445","value":0.0909091},
{"id":"446","value":0.0909091},
{"id":"447","value":0.0909091},
{"id":"448","value":0.0909091},
{"id":"449","value":0.0909091},
{"id":"450","value":0.0909091},
{"id":"451","value":0.0909091},
{"id":"452","value":0.0909091},
{"id":"453","value":0.181818},
{"id":"454","value":0.0909091},
{"id":"455","value":0.0909091}
]}