{
"vertices":[
{"id":"0","name":"wall","Leaves":[{"name":"wall","frequency":0.228532 }],"frequency":0.982143},
{"id":"1","name":"floor","Leaves":[],"frequency":0.995238},
{"id":"2","name":"wardrobe_cabinet","Leaves":[{"name":"wardrobe_cabinet","frequency":0.786886 }],"frequency":0.114286}
],
"rules":[
{"id":"0","source":"0","target":"1","factor":"Horizontal-Support"},
{"id":"1","source":"1","target":"0","factor":"proximity"},
{"id":"2","source":"0","target":"0","factor":"proximity"},
{"id":"3","source":"0","target":"0","factor":"orientation_parallel"},
{"id":"4","source":"1","target":"0","factor":"orientation_parallel"},
{"id":"5","source":"2","target":"0","factor":"orientation_parallel"},
{"id":"6","source":"1","target":"0","factor":"orientation_perpendicular"},
{"id":"7","source":"0","target":"0","factor":"orientation_perpendicular"},
{"id":"8","source":"2","target":"0","factor":"orientation_perpendicular"},
{"id":"9","source":"1","target":"2","factor":"orientation_perpendicular"},
{"id":"10","source":"0","target":"0","factor":"symmetry"},
{"id":"11","source":"2","target":"2","factor":"symmetry"},
{"id":"12","source":"0","target":"0","factor":"side_to_side"}
],
"probability":[
{"id":"0","value":0.890476},
{"id":"1","value":0.075},
{"id":"2","value":0.0571429},
{"id":"3","value":0.654762},
{"id":"4","value":0.364286},
{"id":"5","value":0.0642857},
{"id":"6","value":0.92381},
{"id":"7","value":0.952381},
{"id":"8","value":0.0726191},
{"id":"9","value":0.0321429},
{"id":"10","value":0.74881},
{"id":"11","value":0.0214286},
{"id":"12","value":0.136905}
]}