{
"vertices":[
{"id":"0","name":"chair","Leaves":[{"name":"chair","frequency":0.131864 }],"frequency":0.769048},
{"id":"1","name":"wall","Leaves":[{"name":"wall","frequency":0.228532 }],"frequency":0.982143},
{"id":"2","name":"floor","Leaves":[],"frequency":0.995238},
{"id":"3","name":"dining_table","Leaves":[{"name":"dining_table","frequency":0.695096 }],"frequency":0.77619},
{"id":"4","name":"ceiling","Leaves":[],"frequency":0.964286},
{"id":"5","name":"chair","Leaves":[{"name":"chair","frequency":0.131864 }],"frequency":0},
{"id":"6","name":"chair","Leaves":[{"name":"chair","frequency":0.131864 }],"frequency":0},
{"id":"7","name":"dining_table","Leaves":[{"name":"dining_table","frequency":0.695096 }],"frequency":8.11352e-43},
{"id":"8","name":"wall","Leaves":[{"name":"wall","frequency":0.228532 }],"frequency":8.11352e-43},
{"id":"9","name":"wall","Leaves":[{"name":"wall","frequency":0.228532 }],"frequency":0},
{"id":"10","name":"wall","Leaves":[{"name":"wall","frequency":0.228532 }],"frequency":0}
],
"rules":[
{"id":"0","source":"3","target":"0","factor":"Horizontal-Support"},
{"id":"1","source":"4","target":"0","factor":"proximity"},
{"id":"2","source":"0","target":"1","factor":"proximity"},
{"id":"3","source":"0","target":"3","factor":"proximity"},
{"id":"4","source":"0","target":"2","factor":"proximity"},
{"id":"5","source":"0","target":"1","factor":"orientation_parallel"},
{"id":"6","source":"3","target":"0","factor":"orientation_parallel"},
{"id":"7","source":"4","target":"0","factor":"orientation_parallel"},
{"id":"8","source":"2","target":"0","factor":"orientation_parallel"},
{"id":"9","source":"1","target":"0","factor":"orientation_parallel"},
{"id":"10","source":"3","target":"0","factor":"orientation_perpendicular"},
{"id":"11","source":"0","target":"1","factor":"orientation_perpendicular"},
{"id":"12","source":"4","target":"0","factor":"orientation_perpendicular"},
{"id":"13","source":"2","target":"0","factor":"orientation_perpendicular"},
{"id":"14","source":"1","target":"0","factor":"orientation_perpendicular"},
{"id":"15","source":"0","target":"3","factor":"orientation_perpendicular"},
{"id":"16","source":"3","target":"0","factor":"side_to_side"},
{"id":"17","source":"0","target":"5","factor":"proximity"},
{"id":"18","source":"0","target":"5","factor":"orientation_parallel"},
{"id":"19","source":"0","target":"5","factor":"orientation_perpendicular"},
{"id":"20","source":"0","target":"5","factor":"symmetry"},
{"id":"21","source":"3","target":"5","factor":"Horizontal-Support"},
{"id":"22","source":"4","target":"5","factor":"proximity"},
{"id":"23","source":"5","target":"1","factor":"proximity"},
{"id":"24","source":"5","target":"3","factor":"proximity"},
{"id":"25","source":"5","target":"2","factor":"proximity"},
{"id":"26","source":"5","target":"1","factor":"orientation_parallel"},
{"id":"27","source":"3","target":"5","factor":"orientation_parallel"},
{"id":"28","source":"4","target":"5","factor":"orientation_parallel"},
{"id":"29","source":"2","target":"5","factor":"orientation_parallel"},
{"id":"30","source":"1","target":"5","factor":"orientation_parallel"},
{"id":"31","source":"3","target":"5","factor":"orientation_perpendicular"},
{"id":"32","source":"5","target":"1","factor":"orientation_perpendicular"},
{"id":"33","source":"4","target":"5","factor":"orientation_perpendicular"},
{"id":"34","source":"2","target":"5","factor":"orientation_perpendicular"},
{"id":"35","source":"1","target":"5","factor":"orientation_perpendicular"},
{"id":"36","source":"5","target":"3","factor":"orientation_perpendicular"},
{"id":"37","source":"3","target":"5","factor":"side_to_side"},
{"id":"38","source":"0","target":"6","factor":"proximity"},
{"id":"39","source":"5","target":"6","factor":"proximity"},
{"id":"40","source":"0","target":"6","factor":"orientation_parallel"},
{"id":"41","source":"5","target":"6","factor":"orientation_parallel"},
{"id":"42","source":"0","target":"6","factor":"orientation_perpendicular"},
{"id":"43","source":"5","target":"6","factor":"orientation_perpendicular"},
{"id":"44","source":"0","target":"6","factor":"symmetry"},
{"id":"45","source":"5","target":"6","factor":"symmetry"},
{"id":"46","source":"3","target":"6","factor":"Horizontal-Support"},
{"id":"47","source":"4","target":"6","factor":"proximity"},
{"id":"48","source":"6","target":"1","factor":"proximity"},
{"id":"49","source":"6","target":"3","factor":"proximity"},
{"id":"50","source":"6","target":"2","factor":"proximity"},
{"id":"51","source":"6","target":"1","factor":"orientation_parallel"},
{"id":"52","source":"3","target":"6","factor":"orientation_parallel"},
{"id":"53","source":"4","target":"6","factor":"orientation_parallel"},
{"id":"54","source":"2","target":"6","factor":"orientation_parallel"},
{"id":"55","source":"1","target":"6","factor":"orientation_parallel"},
{"id":"56","source":"3","target":"6","factor":"orientation_perpendicular"},
{"id":"57","source":"6","target":"1","factor":"orientation_perpendicular"},
{"id":"58","source":"4","target":"6","factor":"orientation_perpendicular"},
{"id":"59","source":"2","target":"6","factor":"orientation_perpendicular"},
{"id":"60","source":"1","target":"6","factor":"orientation_perpendicular"},
{"id":"61","source":"6","target":"3","factor":"orientation_perpendicular"},
{"id":"62","source":"3","target":"6","factor":"side_to_side"},
{"id":"63","source":"3","target":"2","factor":"proximity"},
{"id":"64","source":"3","target":"2","factor":"orientation_parallel"},
{"id":"65","source":"3","target":"4","factor":"orientation_parallel"},
{"id":"66","source":"3","target":"1","factor":"orientation_parallel"},
{"id":"67","source":"3","target":"1","factor":"orientation_perpendicular"},
{"id":"68","source":"3","target":"4","factor":"orientation_perpendicular"},
{"id":"69","source":"3","target":"2","factor":"orientation_perpendicular"},
{"id":"70","source":"4","target":"3","factor":"orientation_perpendicular"},
{"id":"71","source":"2","target":"3","factor":"orientation_perpendicular"},
{"id":"72","source":"1","target":"3","factor":"orientation_perpendicular"},
{"id":"73","source":"3","target":"7","factor":"orientation_parallel"},
{"id":"74","source":"3","target":"7","factor":"orientation_perpendicular"},
{"id":"75","source":"3","target":"7","factor":"symmetry"},
{"id":"76","source":"7","target":"2","factor":"proximity"},
{"id":"77","source":"7","target":"2","factor":"orientation_parallel"},
{"id":"78","source":"7","target":"4","factor":"orientation_parallel"},
{"id":"79","source":"7","target":"1","factor":"orientation_parallel"},
{"id":"80","source":"7","target":"1","factor":"orientation_perpendicular"},
{"id":"81","source":"7","target":"4","factor":"orientation_perpendicular"},
{"id":"82","source":"7","target":"2","factor":"orientation_perpendicular"},
{"id":"83","source":"4","target":"7","factor":"orientation_perpendicular"},
{"id":"84","source":"2","target":"7","factor":"orientation_perpendicular"},
{"id":"85","source":"1","target":"7","factor":"orientation_perpendicular"},
{"id":"86","source":"1","target":"2","factor":"Horizontal-Support"},
{"id":"87","source":"4","target":"1","factor":"proximity"},
{"id":"88","source":"2","target":"1","factor":"proximity"},
{"id":"89","source":"4","target":"1","factor":"orientation_parallel"},
{"id":"90","source":"2","target":"1","factor":"orientation_parallel"},
{"id":"91","source":"2","target":"1","factor":"orientation_perpendicular"},
{"id":"92","source":"4","target":"1","factor":"orientation_perpendicular"},
{"id":"93","source":"1","target":"8","factor":"proximity"},
{"id":"94","source":"1","target":"8","factor":"orientation_parallel"},
{"id":"95","source":"1","target":"8","factor":"orientation_perpendicular"},
{"id":"96","source":"1","target":"8","factor":"symmetry"},
{"id":"97","source":"1","target":"8","factor":"side_to_side"},
{"id":"98","source":"8","target":"2","factor":"Horizontal-Support"},
{"id":"99","source":"4","target":"8","factor":"proximity"},
{"id":"100","source":"2","target":"8","factor":"proximity"},
{"id":"101","source":"4","target":"8","factor":"orientation_parallel"},
{"id":"102","source":"2","target":"8","factor":"orientation_parallel"},
{"id":"103","source":"2","target":"8","factor":"orientation_perpendicular"},
{"id":"104","source":"4","target":"8","factor":"orientation_perpendicular"},
{"id":"105","source":"1","target":"9","factor":"proximity"},
{"id":"106","source":"8","target":"9","factor":"proximity"},
{"id":"107","source":"1","target":"9","factor":"orientation_parallel"},
{"id":"108","source":"8","target":"9","factor":"orientation_parallel"},
{"id":"109","source":"1","target":"9","factor":"orientation_perpendicular"},
{"id":"110","source":"8","target":"9","factor":"orientation_perpendicular"},
{"id":"111","source":"1","target":"9","factor":"symmetry"},
{"id":"112","source":"8","target":"9","factor":"symmetry"},
{"id":"113","source":"1","target":"9","factor":"side_to_side"},
{"id":"114","source":"8","target":"9","factor":"side_to_side"},
{"id":"115","source":"9","target":"2","factor":"Horizontal-Support"},
{"id":"116","source":"4","target":"9","factor":"proximity"},
{"id":"117","source":"2","target":"9","factor":"proximity"},
{"id":"118","source":"4","target":"9","factor":"orientation_parallel"},
{"id":"119","source":"2","target":"9","factor":"orientation_parallel"},
{"id":"120","source":"2","target":"9","factor":"orientation_perpendicular"},
{"id":"121","source":"4","target":"9","factor":"orientation_perpendicular"},
{"id":"122","source":"1","target":"10","factor":"proximity"},
{"id":"123","source":"8","target":"10","factor":"proximity"},
{"id":"124","source":"9","target":"10","factor":"proximity"},
{"id":"125","source":"1","target":"10","factor":"orientation_parallel"},
{"id":"126","source":"8","target":"10","factor":"orientation_parallel"},
{"id":"127","source":"9","target":"10","factor":"orientation_parallel"},
{"id":"128","source":"1","target":"10","factor":"orientation_perpendicular"},
{"id":"129","source":"8","target":"10","factor":"orientation_perpendicular"},
{"id":"130","source":"9","target":"10","factor":"orientation_perpendicular"},
{"id":"131","source":"1","target":"10","factor":"symmetry"},
{"id":"132","source":"8","target":"10","factor":"symmetry"},
{"id":"133","source":"9","target":"10","factor":"symmetry"},
{"id":"134","source":"1","target":"10","factor":"side_to_side"},
{"id":"135","source":"8","target":"10","factor":"side_to_side"},
{"id":"136","source":"9","target":"10","factor":"side_to_side"},
{"id":"137","source":"10","target":"2","factor":"Horizontal-Support"},
{"id":"138","source":"4","target":"10","factor":"proximity"},
{"id":"139","source":"2","target":"10","factor":"proximity"},
{"id":"140","source":"4","target":"10","factor":"orientation_parallel"},
{"id":"141","source":"2","target":"10","factor":"orientation_parallel"},
{"id":"142","source":"2","target":"10","factor":"orientation_perpendicular"},
{"id":"143","source":"4","target":"10","factor":"orientation_perpendicular"},
{"id":"144","source":"4","target":"2","factor":"proximity"},
{"id":"145","source":"2","target":"4","factor":"orientation_parallel"}
],
"probability":[
{"id":"0","value":0.133333},
{"id":"1","value":0.116667},
{"id":"2","value":0.116667},
{"id":"3","value":0.115476},
{"id":"4","value":0.109524},
{"id":"5","value":0.769048},
{"id":"6","value":0.588095},
{"id":"7","value":0.591667},
{"id":"8","value":0.614286},
{"id":"9","value":0.341667},
{"id":"10","value":0.367857},
{"id":"11","value":0.889286},
{"id":"12","value":0.510714},
{"id":"13","value":0.534524},
{"id":"14","value":0.50119},
{"id":"15","value":0.0119048},
{"id":"16","value":0.0511905},
{"id":"17","value":0.116667},
{"id":"18","value":0.607143},
{"id":"19","value":0.495238},
{"id":"20","value":0.733333},
{"id":"21","value":0.133333},
{"id":"22","value":0.116667},
{"id":"23","value":0.116667},
{"id":"24","value":0.115476},
{"id":"25","value":0.109524},
{"id":"26","value":0.769048},
{"id":"27","value":0.588095},
{"id":"28","value":0.591667},
{"id":"29","value":0.614286},
{"id":"30","value":0.341667},
{"id":"31","value":0.367857},
{"id":"32","value":0.889286},
{"id":"33","value":0.510714},
{"id":"34","value":0.534524},
{"id":"35","value":0.50119},
{"id":"36","value":0.0119048},
{"id":"37","value":0.0511905},
{"id":"38","value":0.116667},
{"id":"39","value":0.116667},
{"id":"40","value":0.607143},
{"id":"41","value":0.607143},
{"id":"42","value":0.495238},
{"id":"43","value":0.495238},
{"id":"44","value":0.733333},
{"id":"45","value":0.733333},
{"id":"46","value":0.133333},
{"id":"47","value":0.116667},
{"id":"48","value":0.116667},
{"id":"49","value":0.115476},
{"id":"50","value":0.109524},
{"id":"51","value":0.769048},
{"id":"52","value":0.588095},
{"id":"53","value":0.591667},
{"id":"54","value":0.614286},
{"id":"55","value":0.341667},
{"id":"56","value":0.367857},
{"id":"57","value":0.889286},
{"id":"58","value":0.510714},
{"id":"59","value":0.534524},
{"id":"60","value":0.50119},
{"id":"61","value":0.0119048},
{"id":"62","value":0.0511905},
{"id":"63","value":0.10119},
{"id":"64","value":0.491667},
{"id":"65","value":0.471429},
{"id":"66","value":0.39881},
{"id":"67","value":0.561905},
{"id":"68","value":0.109524},
{"id":"69","value":0.111905},
{"id":"70","value":0.0178571},
{"id":"71","value":0.0178571},
{"id":"72","value":0.0321429},
{"id":"73","value":0.0726191},
{"id":"74","value":0.0166667},
{"id":"75","value":0.0690476},
{"id":"76","value":0.10119},
{"id":"77","value":0.491667},
{"id":"78","value":0.471429},
{"id":"79","value":0.39881},
{"id":"80","value":0.561905},
{"id":"81","value":0.109524},
{"id":"82","value":0.111905},
{"id":"83","value":0.0178571},
{"id":"84","value":0.0178571},
{"id":"85","value":0.0321429},
{"id":"86","value":0.890476},
{"id":"87","value":0.117857},
{"id":"88","value":0.075},
{"id":"89","value":0.35},
{"id":"90","value":0.364286},
{"id":"91","value":0.92381},
{"id":"92","value":0.891667},
{"id":"93","value":0.0571429},
{"id":"94","value":0.654762},
{"id":"95","value":0.952381},
{"id":"96","value":0.74881},
{"id":"97","value":0.136905},
{"id":"98","value":0.890476},
{"id":"99","value":0.117857},
{"id":"100","value":0.075},
{"id":"101","value":0.35},
{"id":"102","value":0.364286},
{"id":"103","value":0.92381},
{"id":"104","value":0.891667},
{"id":"105","value":0.0571429},
{"id":"106","value":0.0571429},
{"id":"107","value":0.654762},
{"id":"108","value":0.654762},
{"id":"109","value":0.952381},
{"id":"110","value":0.952381},
{"id":"111","value":0.74881},
{"id":"112","value":0.74881},
{"id":"113","value":0.136905},
{"id":"114","value":0.136905},
{"id":"115","value":0.890476},
{"id":"116","value":0.117857},
{"id":"117","value":0.075},
{"id":"118","value":0.35},
{"id":"119","value":0.364286},
{"id":"120","value":0.92381},
{"id":"121","value":0.891667},
{"id":"122","value":0.0571429},
{"id":"123","value":0.0571429},
{"id":"124","value":0.0571429},
{"id":"125","value":0.654762},
{"id":"126","value":0.654762},
{"id":"127","value":0.654762},
{"id":"128","value":0.952381},
{"id":"129","value":0.952381},
{"id":"130","value":0.952381},
{"id":"131","value":0.74881},
{"id":"132","value":0.74881},
{"id":"133","value":0.74881},
{"id":"134","value":0.136905},
{"id":"135","value":0.136905},
{"id":"136","value":0.136905},
{"id":"137","value":0.890476},
{"id":"138","value":0.117857},
{"id":"139","value":0.075},
{"id":"140","value":0.35},
{"id":"141","value":0.364286},
{"id":"142","value":0.92381},
{"id":"143","value":0.891667},
{"id":"144","value":0.0690476},
{"id":"145","value":0.960714}
]}