{
"vertices":[
{"id":"0","name":"wall","Leaves":[{"name":"wall","frequency":0.217391 }],"frequency":0.909091},
{"id":"1","name":"vase","Leaves":[{"name":"vase","frequency":0.25 }],"frequency":0.181818},
{"id":"2","name":"bottle","Leaves":[],"frequency":0.0909091},
{"id":"3","name":"chandelier","Leaves":[{"name":"chandelier","frequency":0.208333 }],"frequency":0.454545},
{"id":"4","name":"rug","Leaves":[{"name":"rug","frequency":0.625 }],"frequency":0.454545},
{"id":"5","name":"fruit_bowl","Leaves":[],"frequency":0.181818},
{"id":"6","name":"wall","Leaves":[{"name":"wall","frequency":0.217391 }],"frequency":0}
],
"rules":[
{"id":"0","source":"2","target":"0","factor":"proximity"},
{"id":"1","source":"3","target":"0","factor":"proximity"},
{"id":"2","source":"3","target":"0","factor":"orientation_parallel"},
{"id":"3","source":"0","target":"4","factor":"orientation_parallel"},
{"id":"4","source":"4","target":"0","factor":"orientation_parallel"},
{"id":"5","source":"1","target":"0","factor":"orientation_parallel"},
{"id":"6","source":"5","target":"0","factor":"orientation_parallel"},
{"id":"7","source":"2","target":"0","factor":"orientation_parallel"},
{"id":"8","source":"0","target":"3","factor":"orientation_parallel"},
{"id":"9","source":"3","target":"0","factor":"orientation_perpendicular"},
{"id":"10","source":"4","target":"0","factor":"orientation_perpendicular"},
{"id":"11","source":"0","target":"3","factor":"orientation_perpendicular"},
{"id":"12","source":"0","target":"1","factor":"orientation_perpendicular"},
{"id":"13","source":"1","target":"0","factor":"orientation_perpendicular"},
{"id":"14","source":"5","target":"0","factor":"orientation_perpendicular"},
{"id":"15","source":"2","target":"0","factor":"orientation_perpendicular"},
{"id":"16","source":"0","target":"6","factor":"orientation_parallel"},
{"id":"17","source":"0","target":"6","factor":"orientation_perpendicular"},
{"id":"18","source":"0","target":"6","factor":"symmetry"},
{"id":"19","source":"0","target":"6","factor":"side_to_side"},
{"id":"20","source":"2","target":"6","factor":"proximity"},
{"id":"21","source":"3","target":"6","factor":"proximity"},
{"id":"22","source":"3","target":"6","factor":"orientation_parallel"},
{"id":"23","source":"6","target":"4","factor":"orientation_parallel"},
{"id":"24","source":"4","target":"6","factor":"orientation_parallel"},
{"id":"25","source":"1","target":"6","factor":"orientation_parallel"},
{"id":"26","source":"5","target":"6","factor":"orientation_parallel"},
{"id":"27","source":"2","target":"6","factor":"orientation_parallel"},
{"id":"28","source":"6","target":"3","factor":"orientation_parallel"},
{"id":"29","source":"3","target":"6","factor":"orientation_perpendicular"},
{"id":"30","source":"4","target":"6","factor":"orientation_perpendicular"},
{"id":"31","source":"6","target":"3","factor":"orientation_perpendicular"},
{"id":"32","source":"6","target":"1","factor":"orientation_perpendicular"},
{"id":"33","source":"1","target":"6","factor":"orientation_perpendicular"},
{"id":"34","source":"5","target":"6","factor":"orientation_perpendicular"},
{"id":"35","source":"2","target":"6","factor":"orientation_perpendicular"},
{"id":"36","source":"1","target":"1","factor":"proximity"},
{"id":"37","source":"2","target":"3","factor":"proximity"},
{"id":"38","source":"2","target":"1","factor":"proximity"},
{"id":"39","source":"3","target":"4","factor":"proximity"},
{"id":"40","source":"3","target":"3","factor":"proximity"},
{"id":"41","source":"3","target":"3","factor":"orientation_parallel"},
{"id":"42","source":"3","target":"4","factor":"orientation_parallel"},
{"id":"43","source":"4","target":"3","factor":"orientation_parallel"},
{"id":"44","source":"4","target":"4","factor":"orientation_parallel"},
{"id":"45","source":"3","target":"1","factor":"orientation_parallel"},
{"id":"46","source":"3","target":"5","factor":"orientation_parallel"},
{"id":"47","source":"3","target":"2","factor":"orientation_parallel"},
{"id":"48","source":"1","target":"5","factor":"orientation_parallel"},
{"id":"49","source":"1","target":"1","factor":"orientation_parallel"},
{"id":"50","source":"1","target":"2","factor":"orientation_parallel"},
{"id":"51","source":"1","target":"3","factor":"orientation_parallel"},
{"id":"52","source":"5","target":"1","factor":"orientation_parallel"},
{"id":"53","source":"5","target":"2","factor":"orientation_parallel"},
{"id":"54","source":"5","target":"3","factor":"orientation_parallel"},
{"id":"55","source":"2","target":"1","factor":"orientation_parallel"},
{"id":"56","source":"2","target":"3","factor":"orientation_parallel"},
{"id":"57","source":"4","target":"5","factor":"orientation_parallel"},
{"id":"58","source":"3","target":"4","factor":"orientation_perpendicular"},
{"id":"59","source":"4","target":"1","factor":"orientation_perpendicular"},
{"id":"60","source":"3","target":"3","factor":"symmetry"},
{"id":"61","source":"4","target":"4","factor":"symmetry"},
{"id":"62","source":"1","target":"1","factor":"symmetry"}
],
"probability":[
{"id":"0","value":0.0909091},
{"id":"1","value":0.0909091},
{"id":"2","value":0.363636},
{"id":"3","value":0.454545},
{"id":"4","value":0.181818},
{"id":"5","value":0.0909091},
{"id":"6","value":0.181818},
{"id":"7","value":0.0909091},
{"id":"8","value":0.0909091},
{"id":"9","value":0.454545},
{"id":"10","value":0.454545},
{"id":"11","value":0.181818},
{"id":"12","value":0.272727},
{"id":"13","value":0.181818},
{"id":"14","value":0.181818},
{"id":"15","value":0.0909091},
{"id":"16","value":0.545455},
{"id":"17","value":0.909091},
{"id":"18","value":0.454545},
{"id":"19","value":0.0909091},
{"id":"20","value":0.0909091},
{"id":"21","value":0.0909091},
{"id":"22","value":0.363636},
{"id":"23","value":0.454545},
{"id":"24","value":0.181818},
{"id":"25","value":0.0909091},
{"id":"26","value":0.181818},
{"id":"27","value":0.0909091},
{"id":"28","value":0.0909091},
{"id":"29","value":0.454545},
{"id":"30","value":0.454545},
{"id":"31","value":0.181818},
{"id":"32","value":0.272727},
{"id":"33","value":0.181818},
{"id":"34","value":0.181818},
{"id":"35","value":0.0909091},
{"id":"36","value":0.181818},
{"id":"37","value":0.0909091},
{"id":"38","value":0.0909091},
{"id":"39","value":0.0909091},
{"id":"40","value":0.0909091},
{"id":"41","value":0.363636},
{"id":"42","value":0.181818},
{"id":"43","value":0.181818},
{"id":"44","value":0.0909091},
{"id":"45","value":0.181818},
{"id":"46","value":0.272727},
{"id":"47","value":0.181818},
{"id":"48","value":0.181818},
{"id":"49","value":0.181818},
{"id":"50","value":0.0909091},
{"id":"51","value":0.0909091},
{"id":"52","value":0.0909091},
{"id":"53","value":0.0909091},
{"id":"54","value":0.181818},
{"id":"55","value":0.0909091},
{"id":"56","value":0.0909091},
{"id":"57","value":0.0909091},
{"id":"58","value":0.181818},
{"id":"59","value":0.0909091},
{"id":"60","value":0.363636},
{"id":"61","value":0.0909091},
{"id":"62","value":0.181818}
]}