{
"vertices":[
{"id":"0","name":"chair","Leaves":[{"name":"chair","frequency":0.186441 }],"frequency":1},
{"id":"1","name":"dining_table","Leaves":[{"name":"dining_table","frequency":0.916667 }],"frequency":1},
{"id":"2","name":"wall","Leaves":[{"name":"wall","frequency":0.217391 }],"frequency":0.909091},
{"id":"3","name":"person","Leaves":[{"name":"person","frequency":0.272727 }],"frequency":0.272727},
{"id":"4","name":"ottoman","Leaves":[{"name":"ottoman","frequency":0.375 }],"frequency":0.272727},
{"id":"5","name":"cup","Leaves":[{"name":"cup","frequency":0.285714 }],"frequency":0.181818},
{"id":"6","name":"place_setting","Leaves":[{"name":"place_setting","frequency":0.166667 }],"frequency":0.0909091},
{"id":"7","name":"motorcycle","Leaves":[{"name":"motorcycle","frequency":0.8 }],"frequency":0.363636},
{"id":"8","name":"chair","Leaves":[{"name":"chair","frequency":0.186441 }],"frequency":0},
{"id":"9","name":"chair","Leaves":[{"name":"chair","frequency":0.186441 }],"frequency":0},
{"id":"10","name":"chair","Leaves":[{"name":"chair","frequency":0.186441 }],"frequency":0},
{"id":"11","name":"chair","Leaves":[{"name":"chair","frequency":0.186441 }],"frequency":0},
{"id":"12","name":"chair","Leaves":[{"name":"chair","frequency":0.186441 }],"frequency":0},
{"id":"13","name":"chair","Leaves":[{"name":"chair","frequency":0.186441 }],"frequency":0},
{"id":"14","name":"chair","Leaves":[{"name":"chair","frequency":0.186441 }],"frequency":0},
{"id":"15","name":"chair","Leaves":[{"name":"chair","frequency":0.186441 }],"frequency":0},
{"id":"16","name":"chair","Leaves":[{"name":"chair","frequency":0.186441 }],"frequency":0},
{"id":"17","name":"chair","Leaves":[{"name":"chair","frequency":0.186441 }],"frequency":0},
{"id":"18","name":"wall","Leaves":[{"name":"wall","frequency":0.217391 }],"frequency":0},
{"id":"19","name":"wall","Leaves":[{"name":"wall","frequency":0.217391 }],"frequency":0}
],
"rules":[
{"id":"0","source":"0","target":"1","factor":"proximity"},
{"id":"1","source":"0","target":"2","factor":"proximity"},
{"id":"2","source":"0","target":"3","factor":"proximity"},
{"id":"3","source":"0","target":"4","factor":"proximity"},
{"id":"4","source":"0","target":"5","factor":"proximity"},
{"id":"5","source":"1","target":"0","factor":"orientation_parallel"},
{"id":"6","source":"0","target":"2","factor":"orientation_parallel"},
{"id":"7","source":"0","target":"5","factor":"orientation_parallel"},
{"id":"8","source":"2","target":"0","factor":"orientation_parallel"},
{"id":"9","source":"0","target":"4","factor":"orientation_parallel"},
{"id":"10","source":"4","target":"0","factor":"orientation_parallel"},
{"id":"11","source":"5","target":"0","factor":"orientation_parallel"},
{"id":"12","source":"0","target":"6","factor":"orientation_parallel"},
{"id":"13","source":"6","target":"0","factor":"orientation_parallel"},
{"id":"14","source":"7","target":"0","factor":"orientation_parallel"},
{"id":"15","source":"3","target":"0","factor":"orientation_parallel"},
{"id":"16","source":"0","target":"3","factor":"orientation_parallel"},
{"id":"17","source":"0","target":"2","factor":"orientation_perpendicular"},
{"id":"18","source":"2","target":"0","factor":"orientation_perpendicular"},
{"id":"19","source":"1","target":"0","factor":"orientation_perpendicular"},
{"id":"20","source":"0","target":"1","factor":"orientation_perpendicular"},
{"id":"21","source":"7","target":"0","factor":"orientation_perpendicular"},
{"id":"22","source":"3","target":"0","factor":"orientation_perpendicular"},
{"id":"23","source":"0","target":"3","factor":"orientation_perpendicular"},
{"id":"24","source":"0","target":"4","factor":"orientation_perpendicular"},
{"id":"25","source":"4","target":"0","factor":"orientation_perpendicular"},
{"id":"26","source":"0","target":"8","factor":"proximity"},
{"id":"27","source":"0","target":"8","factor":"orientation_parallel"},
{"id":"28","source":"0","target":"8","factor":"orientation_perpendicular"},
{"id":"29","source":"0","target":"8","factor":"symmetry"},
{"id":"30","source":"0","target":"8","factor":"side_to_side"},
{"id":"31","source":"8","target":"1","factor":"proximity"},
{"id":"32","source":"8","target":"2","factor":"proximity"},
{"id":"33","source":"8","target":"3","factor":"proximity"},
{"id":"34","source":"8","target":"4","factor":"proximity"},
{"id":"35","source":"8","target":"5","factor":"proximity"},
{"id":"36","source":"1","target":"8","factor":"orientation_parallel"},
{"id":"37","source":"8","target":"2","factor":"orientation_parallel"},
{"id":"38","source":"8","target":"5","factor":"orientation_parallel"},
{"id":"39","source":"2","target":"8","factor":"orientation_parallel"},
{"id":"40","source":"8","target":"4","factor":"orientation_parallel"},
{"id":"41","source":"4","target":"8","factor":"orientation_parallel"},
{"id":"42","source":"5","target":"8","factor":"orientation_parallel"},
{"id":"43","source":"8","target":"6","factor":"orientation_parallel"},
{"id":"44","source":"6","target":"8","factor":"orientation_parallel"},
{"id":"45","source":"7","target":"8","factor":"orientation_parallel"},
{"id":"46","source":"3","target":"8","factor":"orientation_parallel"},
{"id":"47","source":"8","target":"3","factor":"orientation_parallel"},
{"id":"48","source":"8","target":"2","factor":"orientation_perpendicular"},
{"id":"49","source":"2","target":"8","factor":"orientation_perpendicular"},
{"id":"50","source":"1","target":"8","factor":"orientation_perpendicular"},
{"id":"51","source":"8","target":"1","factor":"orientation_perpendicular"},
{"id":"52","source":"7","target":"8","factor":"orientation_perpendicular"},
{"id":"53","source":"3","target":"8","factor":"orientation_perpendicular"},
{"id":"54","source":"8","target":"3","factor":"orientation_perpendicular"},
{"id":"55","source":"8","target":"4","factor":"orientation_perpendicular"},
{"id":"56","source":"4","target":"8","factor":"orientation_perpendicular"},
{"id":"57","source":"0","target":"9","factor":"proximity"},
{"id":"58","source":"8","target":"9","factor":"proximity"},
{"id":"59","source":"0","target":"9","factor":"orientation_parallel"},
{"id":"60","source":"8","target":"9","factor":"orientation_parallel"},
{"id":"61","source":"0","target":"9","factor":"orientation_perpendicular"},
{"id":"62","source":"8","target":"9","factor":"orientation_perpendicular"},
{"id":"63","source":"0","target":"9","factor":"symmetry"},
{"id":"64","source":"8","target":"9","factor":"symmetry"},
{"id":"65","source":"0","target":"9","factor":"side_to_side"},
{"id":"66","source":"8","target":"9","factor":"side_to_side"},
{"id":"67","source":"9","target":"1","factor":"proximity"},
{"id":"68","source":"9","target":"2","factor":"proximity"},
{"id":"69","source":"9","target":"3","factor":"proximity"},
{"id":"70","source":"9","target":"4","factor":"proximity"},
{"id":"71","source":"9","target":"5","factor":"proximity"},
{"id":"72","source":"1","target":"9","factor":"orientation_parallel"},
{"id":"73","source":"9","target":"2","factor":"orientation_parallel"},
{"id":"74","source":"9","target":"5","factor":"orientation_parallel"},
{"id":"75","source":"2","target":"9","factor":"orientation_parallel"},
{"id":"76","source":"9","target":"4","factor":"orientation_parallel"},
{"id":"77","source":"4","target":"9","factor":"orientation_parallel"},
{"id":"78","source":"5","target":"9","factor":"orientation_parallel"},
{"id":"79","source":"9","target":"6","factor":"orientation_parallel"},
{"id":"80","source":"6","target":"9","factor":"orientation_parallel"},
{"id":"81","source":"7","target":"9","factor":"orientation_parallel"},
{"id":"82","source":"3","target":"9","factor":"orientation_parallel"},
{"id":"83","source":"9","target":"3","factor":"orientation_parallel"},
{"id":"84","source":"9","target":"2","factor":"orientation_perpendicular"},
{"id":"85","source":"2","target":"9","factor":"orientation_perpendicular"},
{"id":"86","source":"1","target":"9","factor":"orientation_perpendicular"},
{"id":"87","source":"9","target":"1","factor":"orientation_perpendicular"},
{"id":"88","source":"7","target":"9","factor":"orientation_perpendicular"},
{"id":"89","source":"3","target":"9","factor":"orientation_perpendicular"},
{"id":"90","source":"9","target":"3","factor":"orientation_perpendicular"},
{"id":"91","source":"9","target":"4","factor":"orientation_perpendicular"},
{"id":"92","source":"4","target":"9","factor":"orientation_perpendicular"},
{"id":"93","source":"0","target":"10","factor":"proximity"},
{"id":"94","source":"8","target":"10","factor":"proximity"},
{"id":"95","source":"9","target":"10","factor":"proximity"},
{"id":"96","source":"0","target":"10","factor":"orientation_parallel"},
{"id":"97","source":"8","target":"10","factor":"orientation_parallel"},
{"id":"98","source":"9","target":"10","factor":"orientation_parallel"},
{"id":"99","source":"0","target":"10","factor":"orientation_perpendicular"},
{"id":"100","source":"8","target":"10","factor":"orientation_perpendicular"},
{"id":"101","source":"9","target":"10","factor":"orientation_perpendicular"},
{"id":"102","source":"0","target":"10","factor":"symmetry"},
{"id":"103","source":"8","target":"10","factor":"symmetry"},
{"id":"104","source":"9","target":"10","factor":"symmetry"},
{"id":"105","source":"0","target":"10","factor":"side_to_side"},
{"id":"106","source":"8","target":"10","factor":"side_to_side"},
{"id":"107","source":"9","target":"10","factor":"side_to_side"},
{"id":"108","source":"10","target":"1","factor":"proximity"},
{"id":"109","source":"10","target":"2","factor":"proximity"},
{"id":"110","source":"10","target":"3","factor":"proximity"},
{"id":"111","source":"10","target":"4","factor":"proximity"},
{"id":"112","source":"10","target":"5","factor":"proximity"},
{"id":"113","source":"1","target":"10","factor":"orientation_parallel"},
{"id":"114","source":"10","target":"2","factor":"orientation_parallel"},
{"id":"115","source":"10","target":"5","factor":"orientation_parallel"},
{"id":"116","source":"2","target":"10","factor":"orientation_parallel"},
{"id":"117","source":"10","target":"4","factor":"orientation_parallel"},
{"id":"118","source":"4","target":"10","factor":"orientation_parallel"},
{"id":"119","source":"5","target":"10","factor":"orientation_parallel"},
{"id":"120","source":"10","target":"6","factor":"orientation_parallel"},
{"id":"121","source":"6","target":"10","factor":"orientation_parallel"},
{"id":"122","source":"7","target":"10","factor":"orientation_parallel"},
{"id":"123","source":"3","target":"10","factor":"orientation_parallel"},
{"id":"124","source":"10","target":"3","factor":"orientation_parallel"},
{"id":"125","source":"10","target":"2","factor":"orientation_perpendicular"},
{"id":"126","source":"2","target":"10","factor":"orientation_perpendicular"},
{"id":"127","source":"1","target":"10","factor":"orientation_perpendicular"},
{"id":"128","source":"10","target":"1","factor":"orientation_perpendicular"},
{"id":"129","source":"7","target":"10","factor":"orientation_perpendicular"},
{"id":"130","source":"3","target":"10","factor":"orientation_perpendicular"},
{"id":"131","source":"10","target":"3","factor":"orientation_perpendicular"},
{"id":"132","source":"10","target":"4","factor":"orientation_perpendicular"},
{"id":"133","source":"4","target":"10","factor":"orientation_perpendicular"},
{"id":"134","source":"0","target":"11","factor":"proximity"},
{"id":"135","source":"8","target":"11","factor":"proximity"},
{"id":"136","source":"9","target":"11","factor":"proximity"},
{"id":"137","source":"10","target":"11","factor":"proximity"},
{"id":"138","source":"0","target":"11","factor":"orientation_parallel"},
{"id":"139","source":"8","target":"11","factor":"orientation_parallel"},
{"id":"140","source":"9","target":"11","factor":"orientation_parallel"},
{"id":"141","source":"10","target":"11","factor":"orientation_parallel"},
{"id":"142","source":"0","target":"11","factor":"orientation_perpendicular"},
{"id":"143","source":"8","target":"11","factor":"orientation_perpendicular"},
{"id":"144","source":"9","target":"11","factor":"orientation_perpendicular"},
{"id":"145","source":"10","target":"11","factor":"orientation_perpendicular"},
{"id":"146","source":"0","target":"11","factor":"symmetry"},
{"id":"147","source":"8","target":"11","factor":"symmetry"},
{"id":"148","source":"9","target":"11","factor":"symmetry"},
{"id":"149","source":"10","target":"11","factor":"symmetry"},
{"id":"150","source":"0","target":"11","factor":"side_to_side"},
{"id":"151","source":"8","target":"11","factor":"side_to_side"},
{"id":"152","source":"9","target":"11","factor":"side_to_side"},
{"id":"153","source":"10","target":"11","factor":"side_to_side"},
{"id":"154","source":"11","target":"1","factor":"proximity"},
{"id":"155","source":"11","target":"2","factor":"proximity"},
{"id":"156","source":"11","target":"3","factor":"proximity"},
{"id":"157","source":"11","target":"4","factor":"proximity"},
{"id":"158","source":"11","target":"5","factor":"proximity"},
{"id":"159","source":"1","target":"11","factor":"orientation_parallel"},
{"id":"160","source":"11","target":"2","factor":"orientation_parallel"},
{"id":"161","source":"11","target":"5","factor":"orientation_parallel"},
{"id":"162","source":"2","target":"11","factor":"orientation_parallel"},
{"id":"163","source":"11","target":"4","factor":"orientation_parallel"},
{"id":"164","source":"4","target":"11","factor":"orientation_parallel"},
{"id":"165","source":"5","target":"11","factor":"orientation_parallel"},
{"id":"166","source":"11","target":"6","factor":"orientation_parallel"},
{"id":"167","source":"6","target":"11","factor":"orientation_parallel"},
{"id":"168","source":"7","target":"11","factor":"orientation_parallel"},
{"id":"169","source":"3","target":"11","factor":"orientation_parallel"},
{"id":"170","source":"11","target":"3","factor":"orientation_parallel"},
{"id":"171","source":"11","target":"2","factor":"orientation_perpendicular"},
{"id":"172","source":"2","target":"11","factor":"orientation_perpendicular"},
{"id":"173","source":"1","target":"11","factor":"orientation_perpendicular"},
{"id":"174","source":"11","target":"1","factor":"orientation_perpendicular"},
{"id":"175","source":"7","target":"11","factor":"orientation_perpendicular"},
{"id":"176","source":"3","target":"11","factor":"orientation_perpendicular"},
{"id":"177","source":"11","target":"3","factor":"orientation_perpendicular"},
{"id":"178","source":"11","target":"4","factor":"orientation_perpendicular"},
{"id":"179","source":"4","target":"11","factor":"orientation_perpendicular"},
{"id":"180","source":"0","target":"12","factor":"proximity"},
{"id":"181","source":"8","target":"12","factor":"proximity"},
{"id":"182","source":"9","target":"12","factor":"proximity"},
{"id":"183","source":"10","target":"12","factor":"proximity"},
{"id":"184","source":"11","target":"12","factor":"proximity"},
{"id":"185","source":"0","target":"12","factor":"orientation_parallel"},
{"id":"186","source":"8","target":"12","factor":"orientation_parallel"},
{"id":"187","source":"9","target":"12","factor":"orientation_parallel"},
{"id":"188","source":"10","target":"12","factor":"orientation_parallel"},
{"id":"189","source":"11","target":"12","factor":"orientation_parallel"},
{"id":"190","source":"0","target":"12","factor":"orientation_perpendicular"},
{"id":"191","source":"8","target":"12","factor":"orientation_perpendicular"},
{"id":"192","source":"9","target":"12","factor":"orientation_perpendicular"},
{"id":"193","source":"10","target":"12","factor":"orientation_perpendicular"},
{"id":"194","source":"11","target":"12","factor":"orientation_perpendicular"},
{"id":"195","source":"0","target":"12","factor":"symmetry"},
{"id":"196","source":"8","target":"12","factor":"symmetry"},
{"id":"197","source":"9","target":"12","factor":"symmetry"},
{"id":"198","source":"10","target":"12","factor":"symmetry"},
{"id":"199","source":"11","target":"12","factor":"symmetry"},
{"id":"200","source":"0","target":"12","factor":"side_to_side"},
{"id":"201","source":"8","target":"12","factor":"side_to_side"},
{"id":"202","source":"9","target":"12","factor":"side_to_side"},
{"id":"203","source":"10","target":"12","factor":"side_to_side"},
{"id":"204","source":"11","target":"12","factor":"side_to_side"},
{"id":"205","source":"12","target":"1","factor":"proximity"},
{"id":"206","source":"12","target":"2","factor":"proximity"},
{"id":"207","source":"12","target":"3","factor":"proximity"},
{"id":"208","source":"12","target":"4","factor":"proximity"},
{"id":"209","source":"12","target":"5","factor":"proximity"},
{"id":"210","source":"1","target":"12","factor":"orientation_parallel"},
{"id":"211","source":"12","target":"2","factor":"orientation_parallel"},
{"id":"212","source":"12","target":"5","factor":"orientation_parallel"},
{"id":"213","source":"2","target":"12","factor":"orientation_parallel"},
{"id":"214","source":"12","target":"4","factor":"orientation_parallel"},
{"id":"215","source":"4","target":"12","factor":"orientation_parallel"},
{"id":"216","source":"5","target":"12","factor":"orientation_parallel"},
{"id":"217","source":"12","target":"6","factor":"orientation_parallel"},
{"id":"218","source":"6","target":"12","factor":"orientation_parallel"},
{"id":"219","source":"7","target":"12","factor":"orientation_parallel"},
{"id":"220","source":"3","target":"12","factor":"orientation_parallel"},
{"id":"221","source":"12","target":"3","factor":"orientation_parallel"},
{"id":"222","source":"12","target":"2","factor":"orientation_perpendicular"},
{"id":"223","source":"2","target":"12","factor":"orientation_perpendicular"},
{"id":"224","source":"1","target":"12","factor":"orientation_perpendicular"},
{"id":"225","source":"12","target":"1","factor":"orientation_perpendicular"},
{"id":"226","source":"7","target":"12","factor":"orientation_perpendicular"},
{"id":"227","source":"3","target":"12","factor":"orientation_perpendicular"},
{"id":"228","source":"12","target":"3","factor":"orientation_perpendicular"},
{"id":"229","source":"12","target":"4","factor":"orientation_perpendicular"},
{"id":"230","source":"4","target":"12","factor":"orientation_perpendicular"},
{"id":"231","source":"0","target":"13","factor":"proximity"},
{"id":"232","source":"8","target":"13","factor":"proximity"},
{"id":"233","source":"9","target":"13","factor":"proximity"},
{"id":"234","source":"10","target":"13","factor":"proximity"},
{"id":"235","source":"11","target":"13","factor":"proximity"},
{"id":"236","source":"12","target":"13","factor":"proximity"},
{"id":"237","source":"0","target":"13","factor":"orientation_parallel"},
{"id":"238","source":"8","target":"13","factor":"orientation_parallel"},
{"id":"239","source":"9","target":"13","factor":"orientation_parallel"},
{"id":"240","source":"10","target":"13","factor":"orientation_parallel"},
{"id":"241","source":"11","target":"13","factor":"orientation_parallel"},
{"id":"242","source":"12","target":"13","factor":"orientation_parallel"},
{"id":"243","source":"0","target":"13","factor":"orientation_perpendicular"},
{"id":"244","source":"8","target":"13","factor":"orientation_perpendicular"},
{"id":"245","source":"9","target":"13","factor":"orientation_perpendicular"},
{"id":"246","source":"10","target":"13","factor":"orientation_perpendicular"},
{"id":"247","source":"11","target":"13","factor":"orientation_perpendicular"},
{"id":"248","source":"12","target":"13","factor":"orientation_perpendicular"},
{"id":"249","source":"0","target":"13","factor":"symmetry"},
{"id":"250","source":"8","target":"13","factor":"symmetry"},
{"id":"251","source":"9","target":"13","factor":"symmetry"},
{"id":"252","source":"10","target":"13","factor":"symmetry"},
{"id":"253","source":"11","target":"13","factor":"symmetry"},
{"id":"254","source":"12","target":"13","factor":"symmetry"},
{"id":"255","source":"0","target":"13","factor":"side_to_side"},
{"id":"256","source":"8","target":"13","factor":"side_to_side"},
{"id":"257","source":"9","target":"13","factor":"side_to_side"},
{"id":"258","source":"10","target":"13","factor":"side_to_side"},
{"id":"259","source":"11","target":"13","factor":"side_to_side"},
{"id":"260","source":"12","target":"13","factor":"side_to_side"},
{"id":"261","source":"13","target":"1","factor":"proximity"},
{"id":"262","source":"13","target":"2","factor":"proximity"},
{"id":"263","source":"13","target":"3","factor":"proximity"},
{"id":"264","source":"13","target":"4","factor":"proximity"},
{"id":"265","source":"13","target":"5","factor":"proximity"},
{"id":"266","source":"1","target":"13","factor":"orientation_parallel"},
{"id":"267","source":"13","target":"2","factor":"orientation_parallel"},
{"id":"268","source":"13","target":"5","factor":"orientation_parallel"},
{"id":"269","source":"2","target":"13","factor":"orientation_parallel"},
{"id":"270","source":"13","target":"4","factor":"orientation_parallel"},
{"id":"271","source":"4","target":"13","factor":"orientation_parallel"},
{"id":"272","source":"5","target":"13","factor":"orientation_parallel"},
{"id":"273","source":"13","target":"6","factor":"orientation_parallel"},
{"id":"274","source":"6","target":"13","factor":"orientation_parallel"},
{"id":"275","source":"7","target":"13","factor":"orientation_parallel"},
{"id":"276","source":"3","target":"13","factor":"orientation_parallel"},
{"id":"277","source":"13","target":"3","factor":"orientation_parallel"},
{"id":"278","source":"13","target":"2","factor":"orientation_perpendicular"},
{"id":"279","source":"2","target":"13","factor":"orientation_perpendicular"},
{"id":"280","source":"1","target":"13","factor":"orientation_perpendicular"},
{"id":"281","source":"13","target":"1","factor":"orientation_perpendicular"},
{"id":"282","source":"7","target":"13","factor":"orientation_perpendicular"},
{"id":"283","source":"3","target":"13","factor":"orientation_perpendicular"},
{"id":"284","source":"13","target":"3","factor":"orientation_perpendicular"},
{"id":"285","source":"13","target":"4","factor":"orientation_perpendicular"},
{"id":"286","source":"4","target":"13","factor":"orientation_perpendicular"},
{"id":"287","source":"0","target":"14","factor":"proximity"},
{"id":"288","source":"8","target":"14","factor":"proximity"},
{"id":"289","source":"9","target":"14","factor":"proximity"},
{"id":"290","source":"10","target":"14","factor":"proximity"},
{"id":"291","source":"11","target":"14","factor":"proximity"},
{"id":"292","source":"12","target":"14","factor":"proximity"},
{"id":"293","source":"13","target":"14","factor":"proximity"},
{"id":"294","source":"0","target":"14","factor":"orientation_parallel"},
{"id":"295","source":"8","target":"14","factor":"orientation_parallel"},
{"id":"296","source":"9","target":"14","factor":"orientation_parallel"},
{"id":"297","source":"10","target":"14","factor":"orientation_parallel"},
{"id":"298","source":"11","target":"14","factor":"orientation_parallel"},
{"id":"299","source":"12","target":"14","factor":"orientation_parallel"},
{"id":"300","source":"13","target":"14","factor":"orientation_parallel"},
{"id":"301","source":"0","target":"14","factor":"orientation_perpendicular"},
{"id":"302","source":"8","target":"14","factor":"orientation_perpendicular"},
{"id":"303","source":"9","target":"14","factor":"orientation_perpendicular"},
{"id":"304","source":"10","target":"14","factor":"orientation_perpendicular"},
{"id":"305","source":"11","target":"14","factor":"orientation_perpendicular"},
{"id":"306","source":"12","target":"14","factor":"orientation_perpendicular"},
{"id":"307","source":"13","target":"14","factor":"orientation_perpendicular"},
{"id":"308","source":"0","target":"14","factor":"symmetry"},
{"id":"309","source":"8","target":"14","factor":"symmetry"},
{"id":"310","source":"9","target":"14","factor":"symmetry"},
{"id":"311","source":"10","target":"14","factor":"symmetry"},
{"id":"312","source":"11","target":"14","factor":"symmetry"},
{"id":"313","source":"12","target":"14","factor":"symmetry"},
{"id":"314","source":"13","target":"14","factor":"symmetry"},
{"id":"315","source":"0","target":"14","factor":"side_to_side"},
{"id":"316","source":"8","target":"14","factor":"side_to_side"},
{"id":"317","source":"9","target":"14","factor":"side_to_side"},
{"id":"318","source":"10","target":"14","factor":"side_to_side"},
{"id":"319","source":"11","target":"14","factor":"side_to_side"},
{"id":"320","source":"12","target":"14","factor":"side_to_side"},
{"id":"321","source":"13","target":"14","factor":"side_to_side"},
{"id":"322","source":"14","target":"1","factor":"proximity"},
{"id":"323","source":"14","target":"2","factor":"proximity"},
{"id":"324","source":"14","target":"3","factor":"proximity"},
{"id":"325","source":"14","target":"4","factor":"proximity"},
{"id":"326","source":"14","target":"5","factor":"proximity"},
{"id":"327","source":"1","target":"14","factor":"orientation_parallel"},
{"id":"328","source":"14","target":"2","factor":"orientation_parallel"},
{"id":"329","source":"14","target":"5","factor":"orientation_parallel"},
{"id":"330","source":"2","target":"14","factor":"orientation_parallel"},
{"id":"331","source":"14","target":"4","factor":"orientation_parallel"},
{"id":"332","source":"4","target":"14","factor":"orientation_parallel"},
{"id":"333","source":"5","target":"14","factor":"orientation_parallel"},
{"id":"334","source":"14","target":"6","factor":"orientation_parallel"},
{"id":"335","source":"6","target":"14","factor":"orientation_parallel"},
{"id":"336","source":"7","target":"14","factor":"orientation_parallel"},
{"id":"337","source":"3","target":"14","factor":"orientation_parallel"},
{"id":"338","source":"14","target":"3","factor":"orientation_parallel"},
{"id":"339","source":"14","target":"2","factor":"orientation_perpendicular"},
{"id":"340","source":"2","target":"14","factor":"orientation_perpendicular"},
{"id":"341","source":"1","target":"14","factor":"orientation_perpendicular"},
{"id":"342","source":"14","target":"1","factor":"orientation_perpendicular"},
{"id":"343","source":"7","target":"14","factor":"orientation_perpendicular"},
{"id":"344","source":"3","target":"14","factor":"orientation_perpendicular"},
{"id":"345","source":"14","target":"3","factor":"orientation_perpendicular"},
{"id":"346","source":"14","target":"4","factor":"orientation_perpendicular"},
{"id":"347","source":"4","target":"14","factor":"orientation_perpendicular"},
{"id":"348","source":"0","target":"15","factor":"proximity"},
{"id":"349","source":"8","target":"15","factor":"proximity"},
{"id":"350","source":"9","target":"15","factor":"proximity"},
{"id":"351","source":"10","target":"15","factor":"proximity"},
{"id":"352","source":"11","target":"15","factor":"proximity"},
{"id":"353","source":"12","target":"15","factor":"proximity"},
{"id":"354","source":"13","target":"15","factor":"proximity"},
{"id":"355","source":"14","target":"15","factor":"proximity"},
{"id":"356","source":"0","target":"15","factor":"orientation_parallel"},
{"id":"357","source":"8","target":"15","factor":"orientation_parallel"},
{"id":"358","source":"9","target":"15","factor":"orientation_parallel"},
{"id":"359","source":"10","target":"15","factor":"orientation_parallel"},
{"id":"360","source":"11","target":"15","factor":"orientation_parallel"},
{"id":"361","source":"12","target":"15","factor":"orientation_parallel"},
{"id":"362","source":"13","target":"15","factor":"orientation_parallel"},
{"id":"363","source":"14","target":"15","factor":"orientation_parallel"},
{"id":"364","source":"0","target":"15","factor":"orientation_perpendicular"},
{"id":"365","source":"8","target":"15","factor":"orientation_perpendicular"},
{"id":"366","source":"9","target":"15","factor":"orientation_perpendicular"},
{"id":"367","source":"10","target":"15","factor":"orientation_perpendicular"},
{"id":"368","source":"11","target":"15","factor":"orientation_perpendicular"},
{"id":"369","source":"12","target":"15","factor":"orientation_perpendicular"},
{"id":"370","source":"13","target":"15","factor":"orientation_perpendicular"},
{"id":"371","source":"14","target":"15","factor":"orientation_perpendicular"},
{"id":"372","source":"0","target":"15","factor":"symmetry"},
{"id":"373","source":"8","target":"15","factor":"symmetry"},
{"id":"374","source":"9","target":"15","factor":"symmetry"},
{"id":"375","source":"10","target":"15","factor":"symmetry"},
{"id":"376","source":"11","target":"15","factor":"symmetry"},
{"id":"377","source":"12","target":"15","factor":"symmetry"},
{"id":"378","source":"13","target":"15","factor":"symmetry"},
{"id":"379","source":"14","target":"15","factor":"symmetry"},
{"id":"380","source":"0","target":"15","factor":"side_to_side"},
{"id":"381","source":"8","target":"15","factor":"side_to_side"},
{"id":"382","source":"9","target":"15","factor":"side_to_side"},
{"id":"383","source":"10","target":"15","factor":"side_to_side"},
{"id":"384","source":"11","target":"15","factor":"side_to_side"},
{"id":"385","source":"12","target":"15","factor":"side_to_side"},
{"id":"386","source":"13","target":"15","factor":"side_to_side"},
{"id":"387","source":"14","target":"15","factor":"side_to_side"},
{"id":"388","source":"15","target":"1","factor":"proximity"},
{"id":"389","source":"15","target":"2","factor":"proximity"},
{"id":"390","source":"15","target":"3","factor":"proximity"},
{"id":"391","source":"15","target":"4","factor":"proximity"},
{"id":"392","source":"15","target":"5","factor":"proximity"},
{"id":"393","source":"1","target":"15","factor":"orientation_parallel"},
{"id":"394","source":"15","target":"2","factor":"orientation_parallel"},
{"id":"395","source":"15","target":"5","factor":"orientation_parallel"},
{"id":"396","source":"2","target":"15","factor":"orientation_parallel"},
{"id":"397","source":"15","target":"4","factor":"orientation_parallel"},
{"id":"398","source":"4","target":"15","factor":"orientation_parallel"},
{"id":"399","source":"5","target":"15","factor":"orientation_parallel"},
{"id":"400","source":"15","target":"6","factor":"orientation_parallel"},
{"id":"401","source":"6","target":"15","factor":"orientation_parallel"},
{"id":"402","source":"7","target":"15","factor":"orientation_parallel"},
{"id":"403","source":"3","target":"15","factor":"orientation_parallel"},
{"id":"404","source":"15","target":"3","factor":"orientation_parallel"},
{"id":"405","source":"15","target":"2","factor":"orientation_perpendicular"},
{"id":"406","source":"2","target":"15","factor":"orientation_perpendicular"},
{"id":"407","source":"1","target":"15","factor":"orientation_perpendicular"},
{"id":"408","source":"15","target":"1","factor":"orientation_perpendicular"},
{"id":"409","source":"7","target":"15","factor":"orientation_perpendicular"},
{"id":"410","source":"3","target":"15","factor":"orientation_perpendicular"},
{"id":"411","source":"15","target":"3","factor":"orientation_perpendicular"},
{"id":"412","source":"15","target":"4","factor":"orientation_perpendicular"},
{"id":"413","source":"4","target":"15","factor":"orientation_perpendicular"},
{"id":"414","source":"0","target":"16","factor":"proximity"},
{"id":"415","source":"8","target":"16","factor":"proximity"},
{"id":"416","source":"9","target":"16","factor":"proximity"},
{"id":"417","source":"10","target":"16","factor":"proximity"},
{"id":"418","source":"11","target":"16","factor":"proximity"},
{"id":"419","source":"12","target":"16","factor":"proximity"},
{"id":"420","source":"13","target":"16","factor":"proximity"},
{"id":"421","source":"14","target":"16","factor":"proximity"},
{"id":"422","source":"15","target":"16","factor":"proximity"},
{"id":"423","source":"0","target":"16","factor":"orientation_parallel"},
{"id":"424","source":"8","target":"16","factor":"orientation_parallel"},
{"id":"425","source":"9","target":"16","factor":"orientation_parallel"},
{"id":"426","source":"10","target":"16","factor":"orientation_parallel"},
{"id":"427","source":"11","target":"16","factor":"orientation_parallel"},
{"id":"428","source":"12","target":"16","factor":"orientation_parallel"},
{"id":"429","source":"13","target":"16","factor":"orientation_parallel"},
{"id":"430","source":"14","target":"16","factor":"orientation_parallel"},
{"id":"431","source":"15","target":"16","factor":"orientation_parallel"},
{"id":"432","source":"0","target":"16","factor":"orientation_perpendicular"},
{"id":"433","source":"8","target":"16","factor":"orientation_perpendicular"},
{"id":"434","source":"9","target":"16","factor":"orientation_perpendicular"},
{"id":"435","source":"10","target":"16","factor":"orientation_perpendicular"},
{"id":"436","source":"11","target":"16","factor":"orientation_perpendicular"},
{"id":"437","source":"12","target":"16","factor":"orientation_perpendicular"},
{"id":"438","source":"13","target":"16","factor":"orientation_perpendicular"},
{"id":"439","source":"14","target":"16","factor":"orientation_perpendicular"},
{"id":"440","source":"15","target":"16","factor":"orientation_perpendicular"},
{"id":"441","source":"0","target":"16","factor":"symmetry"},
{"id":"442","source":"8","target":"16","factor":"symmetry"},
{"id":"443","source":"9","target":"16","factor":"symmetry"},
{"id":"444","source":"10","target":"16","factor":"symmetry"},
{"id":"445","source":"11","target":"16","factor":"symmetry"},
{"id":"446","source":"12","target":"16","factor":"symmetry"},
{"id":"447","source":"13","target":"16","factor":"symmetry"},
{"id":"448","source":"14","target":"16","factor":"symmetry"},
{"id":"449","source":"15","target":"16","factor":"symmetry"},
{"id":"450","source":"0","target":"16","factor":"side_to_side"},
{"id":"451","source":"8","target":"16","factor":"side_to_side"},
{"id":"452","source":"9","target":"16","factor":"side_to_side"},
{"id":"453","source":"10","target":"16","factor":"side_to_side"},
{"id":"454","source":"11","target":"16","factor":"side_to_side"},
{"id":"455","source":"12","target":"16","factor":"side_to_side"},
{"id":"456","source":"13","target":"16","factor":"side_to_side"},
{"id":"457","source":"14","target":"16","factor":"side_to_side"},
{"id":"458","source":"15","target":"16","factor":"side_to_side"},
{"id":"459","source":"16","target":"1","factor":"proximity"},
{"id":"460","source":"16","target":"2","factor":"proximity"},
{"id":"461","source":"16","target":"3","factor":"proximity"},
{"id":"462","source":"16","target":"4","factor":"proximity"},
{"id":"463","source":"16","target":"5","factor":"proximity"},
{"id":"464","source":"1","target":"16","factor":"orientation_parallel"},
{"id":"465","source":"16","target":"2","factor":"orientation_parallel"},
{"id":"466","source":"16","target":"5","factor":"orientation_parallel"},
{"id":"467","source":"2","target":"16","factor":"orientation_parallel"},
{"id":"468","source":"16","target":"4","factor":"orientation_parallel"},
{"id":"469","source":"4","target":"16","factor":"orientation_parallel"},
{"id":"470","source":"5","target":"16","factor":"orientation_parallel"},
{"id":"471","source":"16","target":"6","factor":"orientation_parallel"},
{"id":"472","source":"6","target":"16","factor":"orientation_parallel"},
{"id":"473","source":"7","target":"16","factor":"orientation_parallel"},
{"id":"474","source":"3","target":"16","factor":"orientation_parallel"},
{"id":"475","source":"16","target":"3","factor":"orientation_parallel"},
{"id":"476","source":"16","target":"2","factor":"orientation_perpendicular"},
{"id":"477","source":"2","target":"16","factor":"orientation_perpendicular"},
{"id":"478","source":"1","target":"16","factor":"orientation_perpendicular"},
{"id":"479","source":"16","target":"1","factor":"orientation_perpendicular"},
{"id":"480","source":"7","target":"16","factor":"orientation_perpendicular"},
{"id":"481","source":"3","target":"16","factor":"orientation_perpendicular"},
{"id":"482","source":"16","target":"3","factor":"orientation_perpendicular"},
{"id":"483","source":"16","target":"4","factor":"orientation_perpendicular"},
{"id":"484","source":"4","target":"16","factor":"orientation_perpendicular"},
{"id":"485","source":"0","target":"17","factor":"proximity"},
{"id":"486","source":"8","target":"17","factor":"proximity"},
{"id":"487","source":"9","target":"17","factor":"proximity"},
{"id":"488","source":"10","target":"17","factor":"proximity"},
{"id":"489","source":"11","target":"17","factor":"proximity"},
{"id":"490","source":"12","target":"17","factor":"proximity"},
{"id":"491","source":"13","target":"17","factor":"proximity"},
{"id":"492","source":"14","target":"17","factor":"proximity"},
{"id":"493","source":"15","target":"17","factor":"proximity"},
{"id":"494","source":"16","target":"17","factor":"proximity"},
{"id":"495","source":"0","target":"17","factor":"orientation_parallel"},
{"id":"496","source":"8","target":"17","factor":"orientation_parallel"},
{"id":"497","source":"9","target":"17","factor":"orientation_parallel"},
{"id":"498","source":"10","target":"17","factor":"orientation_parallel"},
{"id":"499","source":"11","target":"17","factor":"orientation_parallel"},
{"id":"500","source":"12","target":"17","factor":"orientation_parallel"},
{"id":"501","source":"13","target":"17","factor":"orientation_parallel"},
{"id":"502","source":"14","target":"17","factor":"orientation_parallel"},
{"id":"503","source":"15","target":"17","factor":"orientation_parallel"},
{"id":"504","source":"16","target":"17","factor":"orientation_parallel"},
{"id":"505","source":"0","target":"17","factor":"orientation_perpendicular"},
{"id":"506","source":"8","target":"17","factor":"orientation_perpendicular"},
{"id":"507","source":"9","target":"17","factor":"orientation_perpendicular"},
{"id":"508","source":"10","target":"17","factor":"orientation_perpendicular"},
{"id":"509","source":"11","target":"17","factor":"orientation_perpendicular"},
{"id":"510","source":"12","target":"17","factor":"orientation_perpendicular"},
{"id":"511","source":"13","target":"17","factor":"orientation_perpendicular"},
{"id":"512","source":"14","target":"17","factor":"orientation_perpendicular"},
{"id":"513","source":"15","target":"17","factor":"orientation_perpendicular"},
{"id":"514","source":"16","target":"17","factor":"orientation_perpendicular"},
{"id":"515","source":"0","target":"17","factor":"symmetry"},
{"id":"516","source":"8","target":"17","factor":"symmetry"},
{"id":"517","source":"9","target":"17","factor":"symmetry"},
{"id":"518","source":"10","target":"17","factor":"symmetry"},
{"id":"519","source":"11","target":"17","factor":"symmetry"},
{"id":"520","source":"12","target":"17","factor":"symmetry"},
{"id":"521","source":"13","target":"17","factor":"symmetry"},
{"id":"522","source":"14","target":"17","factor":"symmetry"},
{"id":"523","source":"15","target":"17","factor":"symmetry"},
{"id":"524","source":"16","target":"17","factor":"symmetry"},
{"id":"525","source":"0","target":"17","factor":"side_to_side"},
{"id":"526","source":"8","target":"17","factor":"side_to_side"},
{"id":"527","source":"9","target":"17","factor":"side_to_side"},
{"id":"528","source":"10","target":"17","factor":"side_to_side"},
{"id":"529","source":"11","target":"17","factor":"side_to_side"},
{"id":"530","source":"12","target":"17","factor":"side_to_side"},
{"id":"531","source":"13","target":"17","factor":"side_to_side"},
{"id":"532","source":"14","target":"17","factor":"side_to_side"},
{"id":"533","source":"15","target":"17","factor":"side_to_side"},
{"id":"534","source":"16","target":"17","factor":"side_to_side"},
{"id":"535","source":"17","target":"1","factor":"proximity"},
{"id":"536","source":"17","target":"2","factor":"proximity"},
{"id":"537","source":"17","target":"3","factor":"proximity"},
{"id":"538","source":"17","target":"4","factor":"proximity"},
{"id":"539","source":"17","target":"5","factor":"proximity"},
{"id":"540","source":"1","target":"17","factor":"orientation_parallel"},
{"id":"541","source":"17","target":"2","factor":"orientation_parallel"},
{"id":"542","source":"17","target":"5","factor":"orientation_parallel"},
{"id":"543","source":"2","target":"17","factor":"orientation_parallel"},
{"id":"544","source":"17","target":"4","factor":"orientation_parallel"},
{"id":"545","source":"4","target":"17","factor":"orientation_parallel"},
{"id":"546","source":"5","target":"17","factor":"orientation_parallel"},
{"id":"547","source":"17","target":"6","factor":"orientation_parallel"},
{"id":"548","source":"6","target":"17","factor":"orientation_parallel"},
{"id":"549","source":"7","target":"17","factor":"orientation_parallel"},
{"id":"550","source":"3","target":"17","factor":"orientation_parallel"},
{"id":"551","source":"17","target":"3","factor":"orientation_parallel"},
{"id":"552","source":"17","target":"2","factor":"orientation_perpendicular"},
{"id":"553","source":"2","target":"17","factor":"orientation_perpendicular"},
{"id":"554","source":"1","target":"17","factor":"orientation_perpendicular"},
{"id":"555","source":"17","target":"1","factor":"orientation_perpendicular"},
{"id":"556","source":"7","target":"17","factor":"orientation_perpendicular"},
{"id":"557","source":"3","target":"17","factor":"orientation_perpendicular"},
{"id":"558","source":"17","target":"3","factor":"orientation_perpendicular"},
{"id":"559","source":"17","target":"4","factor":"orientation_perpendicular"},
{"id":"560","source":"4","target":"17","factor":"orientation_perpendicular"},
{"id":"561","source":"1","target":"2","factor":"orientation_parallel"},
{"id":"562","source":"2","target":"5","factor":"orientation_parallel"},
{"id":"563","source":"7","target":"2","factor":"orientation_parallel"},
{"id":"564","source":"4","target":"2","factor":"orientation_parallel"},
{"id":"565","source":"6","target":"2","factor":"orientation_parallel"},
{"id":"566","source":"5","target":"2","factor":"orientation_parallel"},
{"id":"567","source":"3","target":"2","factor":"orientation_parallel"},
{"id":"568","source":"2","target":"3","factor":"orientation_parallel"},
{"id":"569","source":"1","target":"2","factor":"orientation_perpendicular"},
{"id":"570","source":"5","target":"2","factor":"orientation_perpendicular"},
{"id":"571","source":"7","target":"2","factor":"orientation_perpendicular"},
{"id":"572","source":"2","target":"4","factor":"orientation_perpendicular"},
{"id":"573","source":"4","target":"2","factor":"orientation_perpendicular"},
{"id":"574","source":"6","target":"2","factor":"orientation_perpendicular"},
{"id":"575","source":"2","target":"6","factor":"orientation_perpendicular"},
{"id":"576","source":"2","target":"5","factor":"orientation_perpendicular"},
{"id":"577","source":"3","target":"2","factor":"orientation_perpendicular"},
{"id":"578","source":"2","target":"3","factor":"orientation_perpendicular"},
{"id":"579","source":"2","target":"18","factor":"orientation_parallel"},
{"id":"580","source":"2","target":"18","factor":"orientation_perpendicular"},
{"id":"581","source":"2","target":"18","factor":"symmetry"},
{"id":"582","source":"2","target":"18","factor":"side_to_side"},
{"id":"583","source":"1","target":"18","factor":"orientation_parallel"},
{"id":"584","source":"18","target":"5","factor":"orientation_parallel"},
{"id":"585","source":"7","target":"18","factor":"orientation_parallel"},
{"id":"586","source":"4","target":"18","factor":"orientation_parallel"},
{"id":"587","source":"6","target":"18","factor":"orientation_parallel"},
{"id":"588","source":"5","target":"18","factor":"orientation_parallel"},
{"id":"589","source":"3","target":"18","factor":"orientation_parallel"},
{"id":"590","source":"18","target":"3","factor":"orientation_parallel"},
{"id":"591","source":"1","target":"18","factor":"orientation_perpendicular"},
{"id":"592","source":"5","target":"18","factor":"orientation_perpendicular"},
{"id":"593","source":"7","target":"18","factor":"orientation_perpendicular"},
{"id":"594","source":"18","target":"4","factor":"orientation_perpendicular"},
{"id":"595","source":"4","target":"18","factor":"orientation_perpendicular"},
{"id":"596","source":"6","target":"18","factor":"orientation_perpendicular"},
{"id":"597","source":"18","target":"6","factor":"orientation_perpendicular"},
{"id":"598","source":"18","target":"5","factor":"orientation_perpendicular"},
{"id":"599","source":"3","target":"18","factor":"orientation_perpendicular"},
{"id":"600","source":"18","target":"3","factor":"orientation_perpendicular"},
{"id":"601","source":"2","target":"19","factor":"orientation_parallel"},
{"id":"602","source":"18","target":"19","factor":"orientation_parallel"},
{"id":"603","source":"2","target":"19","factor":"orientation_perpendicular"},
{"id":"604","source":"18","target":"19","factor":"orientation_perpendicular"},
{"id":"605","source":"2","target":"19","factor":"symmetry"},
{"id":"606","source":"18","target":"19","factor":"symmetry"},
{"id":"607","source":"2","target":"19","factor":"side_to_side"},
{"id":"608","source":"18","target":"19","factor":"side_to_side"},
{"id":"609","source":"1","target":"19","factor":"orientation_parallel"},
{"id":"610","source":"19","target":"5","factor":"orientation_parallel"},
{"id":"611","source":"7","target":"19","factor":"orientation_parallel"},
{"id":"612","source":"4","target":"19","factor":"orientation_parallel"},
{"id":"613","source":"6","target":"19","factor":"orientation_parallel"},
{"id":"614","source":"5","target":"19","factor":"orientation_parallel"},
{"id":"615","source":"3","target":"19","factor":"orientation_parallel"},
{"id":"616","source":"19","target":"3","factor":"orientation_parallel"},
{"id":"617","source":"1","target":"19","factor":"orientation_perpendicular"},
{"id":"618","source":"5","target":"19","factor":"orientation_perpendicular"},
{"id":"619","source":"7","target":"19","factor":"orientation_perpendicular"},
{"id":"620","source":"19","target":"4","factor":"orientation_perpendicular"},
{"id":"621","source":"4","target":"19","factor":"orientation_perpendicular"},
{"id":"622","source":"6","target":"19","factor":"orientation_perpendicular"},
{"id":"623","source":"19","target":"6","factor":"orientation_perpendicular"},
{"id":"624","source":"19","target":"5","factor":"orientation_perpendicular"},
{"id":"625","source":"3","target":"19","factor":"orientation_perpendicular"},
{"id":"626","source":"19","target":"3","factor":"orientation_perpendicular"},
{"id":"627","source":"5","target":"6","factor":"proximity"},
{"id":"628","source":"7","target":"7","factor":"proximity"},
{"id":"629","source":"4","target":"4","factor":"proximity"},
{"id":"630","source":"4","target":"3","factor":"proximity"},
{"id":"631","source":"1","target":"4","factor":"proximity"},
{"id":"632","source":"1","target":"5","factor":"orientation_parallel"},
{"id":"633","source":"1","target":"4","factor":"orientation_parallel"},
{"id":"634","source":"4","target":"4","factor":"orientation_parallel"},
{"id":"635","source":"4","target":"5","factor":"orientation_parallel"},
{"id":"636","source":"5","target":"4","factor":"orientation_parallel"},
{"id":"637","source":"6","target":"6","factor":"orientation_parallel"},
{"id":"638","source":"5","target":"5","factor":"orientation_parallel"},
{"id":"639","source":"1","target":"7","factor":"orientation_parallel"},
{"id":"640","source":"1","target":"3","factor":"orientation_parallel"},
{"id":"641","source":"7","target":"3","factor":"orientation_parallel"},
{"id":"642","source":"7","target":"7","factor":"orientation_parallel"},
{"id":"643","source":"7","target":"4","factor":"orientation_parallel"},
{"id":"644","source":"4","target":"7","factor":"orientation_parallel"},
{"id":"645","source":"3","target":"3","factor":"orientation_parallel"},
{"id":"646","source":"3","target":"4","factor":"orientation_parallel"},
{"id":"647","source":"4","target":"3","factor":"orientation_parallel"},
{"id":"648","source":"1","target":"4","factor":"orientation_perpendicular"},
{"id":"649","source":"1","target":"1","factor":"orientation_perpendicular"},
{"id":"650","source":"4","target":"1","factor":"orientation_perpendicular"},
{"id":"651","source":"1","target":"3","factor":"orientation_perpendicular"},
{"id":"652","source":"7","target":"3","factor":"orientation_perpendicular"},
{"id":"653","source":"3","target":"3","factor":"orientation_perpendicular"},
{"id":"654","source":"3","target":"4","factor":"orientation_perpendicular"},
{"id":"655","source":"7","target":"1","factor":"orientation_perpendicular"},
{"id":"656","source":"7","target":"4","factor":"orientation_perpendicular"},
{"id":"657","source":"4","target":"4","factor":"symmetry"},
{"id":"658","source":"6","target":"6","factor":"symmetry"},
{"id":"659","source":"5","target":"5","factor":"symmetry"},
{"id":"660","source":"7","target":"7","factor":"symmetry"},
{"id":"661","source":"3","target":"3","factor":"symmetry"}
],
"probability":[
{"id":"0","value":0.636364},
{"id":"1","value":0.545455},
{"id":"2","value":0.181818},
{"id":"3","value":0.181818},
{"id":"4","value":0.0909091},
{"id":"5","value":0.636364},
{"id":"6","value":0.909091},
{"id":"7","value":0.181818},
{"id":"8","value":0.363636},
{"id":"9","value":0.272727},
{"id":"10","value":0.272727},
{"id":"11","value":0.0909091},
{"id":"12","value":0.0909091},
{"id":"13","value":0.0909091},
{"id":"14","value":0.272727},
{"id":"15","value":0.181818},
{"id":"16","value":0.0909091},
{"id":"17","value":1.09091},
{"id":"18","value":0.545455},
{"id":"19","value":0.545455},
{"id":"20","value":0.0909091},
{"id":"21","value":0.0909091},
{"id":"22","value":0.0909091},
{"id":"23","value":0.0909091},
{"id":"24","value":0.181818},
{"id":"25","value":0.0909091},
{"id":"26","value":0.818182},
{"id":"27","value":0.818182},
{"id":"28","value":0.454545},
{"id":"29","value":0.909091},
{"id":"30","value":0.0909091},
{"id":"31","value":0.636364},
{"id":"32","value":0.545455},
{"id":"33","value":0.181818},
{"id":"34","value":0.181818},
{"id":"35","value":0.0909091},
{"id":"36","value":0.636364},
{"id":"37","value":0.909091},
{"id":"38","value":0.181818},
{"id":"39","value":0.363636},
{"id":"40","value":0.272727},
{"id":"41","value":0.272727},
{"id":"42","value":0.0909091},
{"id":"43","value":0.0909091},
{"id":"44","value":0.0909091},
{"id":"45","value":0.272727},
{"id":"46","value":0.181818},
{"id":"47","value":0.0909091},
{"id":"48","value":1.09091},
{"id":"49","value":0.545455},
{"id":"50","value":0.545455},
{"id":"51","value":0.0909091},
{"id":"52","value":0.0909091},
{"id":"53","value":0.0909091},
{"id":"54","value":0.0909091},
{"id":"55","value":0.181818},
{"id":"56","value":0.0909091},
{"id":"57","value":0.818182},
{"id":"58","value":0.818182},
{"id":"59","value":0.818182},
{"id":"60","value":0.818182},
{"id":"61","value":0.454545},
{"id":"62","value":0.454545},
{"id":"63","value":0.909091},
{"id":"64","value":0.909091},
{"id":"65","value":0.0909091},
{"id":"66","value":0.0909091},
{"id":"67","value":0.636364},
{"id":"68","value":0.545455},
{"id":"69","value":0.181818},
{"id":"70","value":0.181818},
{"id":"71","value":0.0909091},
{"id":"72","value":0.636364},
{"id":"73","value":0.909091},
{"id":"74","value":0.181818},
{"id":"75","value":0.363636},
{"id":"76","value":0.272727},
{"id":"77","value":0.272727},
{"id":"78","value":0.0909091},
{"id":"79","value":0.0909091},
{"id":"80","value":0.0909091},
{"id":"81","value":0.272727},
{"id":"82","value":0.181818},
{"id":"83","value":0.0909091},
{"id":"84","value":1.09091},
{"id":"85","value":0.545455},
{"id":"86","value":0.545455},
{"id":"87","value":0.0909091},
{"id":"88","value":0.0909091},
{"id":"89","value":0.0909091},
{"id":"90","value":0.0909091},
{"id":"91","value":0.181818},
{"id":"92","value":0.0909091},
{"id":"93","value":0.818182},
{"id":"94","value":0.818182},
{"id":"95","value":0.818182},
{"id":"96","value":0.818182},
{"id":"97","value":0.818182},
{"id":"98","value":0.818182},
{"id":"99","value":0.454545},
{"id":"100","value":0.454545},
{"id":"101","value":0.454545},
{"id":"102","value":0.909091},
{"id":"103","value":0.909091},
{"id":"104","value":0.909091},
{"id":"105","value":0.0909091},
{"id":"106","value":0.0909091},
{"id":"107","value":0.0909091},
{"id":"108","value":0.636364},
{"id":"109","value":0.545455},
{"id":"110","value":0.181818},
{"id":"111","value":0.181818},
{"id":"112","value":0.0909091},
{"id":"113","value":0.636364},
{"id":"114","value":0.909091},
{"id":"115","value":0.181818},
{"id":"116","value":0.363636},
{"id":"117","value":0.272727},
{"id":"118","value":0.272727},
{"id":"119","value":0.0909091},
{"id":"120","value":0.0909091},
{"id":"121","value":0.0909091},
{"id":"122","value":0.272727},
{"id":"123","value":0.181818},
{"id":"124","value":0.0909091},
{"id":"125","value":1.09091},
{"id":"126","value":0.545455},
{"id":"127","value":0.545455},
{"id":"128","value":0.0909091},
{"id":"129","value":0.0909091},
{"id":"130","value":0.0909091},
{"id":"131","value":0.0909091},
{"id":"132","value":0.181818},
{"id":"133","value":0.0909091},
{"id":"134","value":0.818182},
{"id":"135","value":0.818182},
{"id":"136","value":0.818182},
{"id":"137","value":0.818182},
{"id":"138","value":0.818182},
{"id":"139","value":0.818182},
{"id":"140","value":0.818182},
{"id":"141","value":0.818182},
{"id":"142","value":0.454545},
{"id":"143","value":0.454545},
{"id":"144","value":0.454545},
{"id":"145","value":0.454545},
{"id":"146","value":0.909091},
{"id":"147","value":0.909091},
{"id":"148","value":0.909091},
{"id":"149","value":0.909091},
{"id":"150","value":0.0909091},
{"id":"151","value":0.0909091},
{"id":"152","value":0.0909091},
{"id":"153","value":0.0909091},
{"id":"154","value":0.636364},
{"id":"155","value":0.545455},
{"id":"156","value":0.181818},
{"id":"157","value":0.181818},
{"id":"158","value":0.0909091},
{"id":"159","value":0.636364},
{"id":"160","value":0.909091},
{"id":"161","value":0.181818},
{"id":"162","value":0.363636},
{"id":"163","value":0.272727},
{"id":"164","value":0.272727},
{"id":"165","value":0.0909091},
{"id":"166","value":0.0909091},
{"id":"167","value":0.0909091},
{"id":"168","value":0.272727},
{"id":"169","value":0.181818},
{"id":"170","value":0.0909091},
{"id":"171","value":1.09091},
{"id":"172","value":0.545455},
{"id":"173","value":0.545455},
{"id":"174","value":0.0909091},
{"id":"175","value":0.0909091},
{"id":"176","value":0.0909091},
{"id":"177","value":0.0909091},
{"id":"178","value":0.181818},
{"id":"179","value":0.0909091},
{"id":"180","value":0.818182},
{"id":"181","value":0.818182},
{"id":"182","value":0.818182},
{"id":"183","value":0.818182},
{"id":"184","value":0.818182},
{"id":"185","value":0.818182},
{"id":"186","value":0.818182},
{"id":"187","value":0.818182},
{"id":"188","value":0.818182},
{"id":"189","value":0.818182},
{"id":"190","value":0.454545},
{"id":"191","value":0.454545},
{"id":"192","value":0.454545},
{"id":"193","value":0.454545},
{"id":"194","value":0.454545},
{"id":"195","value":0.909091},
{"id":"196","value":0.909091},
{"id":"197","value":0.909091},
{"id":"198","value":0.909091},
{"id":"199","value":0.909091},
{"id":"200","value":0.0909091},
{"id":"201","value":0.0909091},
{"id":"202","value":0.0909091},
{"id":"203","value":0.0909091},
{"id":"204","value":0.0909091},
{"id":"205","value":0.636364},
{"id":"206","value":0.545455},
{"id":"207","value":0.181818},
{"id":"208","value":0.181818},
{"id":"209","value":0.0909091},
{"id":"210","value":0.636364},
{"id":"211","value":0.909091},
{"id":"212","value":0.181818},
{"id":"213","value":0.363636},
{"id":"214","value":0.272727},
{"id":"215","value":0.272727},
{"id":"216","value":0.0909091},
{"id":"217","value":0.0909091},
{"id":"218","value":0.0909091},
{"id":"219","value":0.272727},
{"id":"220","value":0.181818},
{"id":"221","value":0.0909091},
{"id":"222","value":1.09091},
{"id":"223","value":0.545455},
{"id":"224","value":0.545455},
{"id":"225","value":0.0909091},
{"id":"226","value":0.0909091},
{"id":"227","value":0.0909091},
{"id":"228","value":0.0909091},
{"id":"229","value":0.181818},
{"id":"230","value":0.0909091},
{"id":"231","value":0.818182},
{"id":"232","value":0.818182},
{"id":"233","value":0.818182},
{"id":"234","value":0.818182},
{"id":"235","value":0.818182},
{"id":"236","value":0.818182},
{"id":"237","value":0.818182},
{"id":"238","value":0.818182},
{"id":"239","value":0.818182},
{"id":"240","value":0.818182},
{"id":"241","value":0.818182},
{"id":"242","value":0.818182},
{"id":"243","value":0.454545},
{"id":"244","value":0.454545},
{"id":"245","value":0.454545},
{"id":"246","value":0.454545},
{"id":"247","value":0.454545},
{"id":"248","value":0.454545},
{"id":"249","value":0.909091},
{"id":"250","value":0.909091},
{"id":"251","value":0.909091},
{"id":"252","value":0.909091},
{"id":"253","value":0.909091},
{"id":"254","value":0.909091},
{"id":"255","value":0.0909091},
{"id":"256","value":0.0909091},
{"id":"257","value":0.0909091},
{"id":"258","value":0.0909091},
{"id":"259","value":0.0909091},
{"id":"260","value":0.0909091},
{"id":"261","value":0.636364},
{"id":"262","value":0.545455},
{"id":"263","value":0.181818},
{"id":"264","value":0.181818},
{"id":"265","value":0.0909091},
{"id":"266","value":0.636364},
{"id":"267","value":0.909091},
{"id":"268","value":0.181818},
{"id":"269","value":0.363636},
{"id":"270","value":0.272727},
{"id":"271","value":0.272727},
{"id":"272","value":0.0909091},
{"id":"273","value":0.0909091},
{"id":"274","value":0.0909091},
{"id":"275","value":0.272727},
{"id":"276","value":0.181818},
{"id":"277","value":0.0909091},
{"id":"278","value":1.09091},
{"id":"279","value":0.545455},
{"id":"280","value":0.545455},
{"id":"281","value":0.0909091},
{"id":"282","value":0.0909091},
{"id":"283","value":0.0909091},
{"id":"284","value":0.0909091},
{"id":"285","value":0.181818},
{"id":"286","value":0.0909091},
{"id":"287","value":0.818182},
{"id":"288","value":0.818182},
{"id":"289","value":0.818182},
{"id":"290","value":0.818182},
{"id":"291","value":0.818182},
{"id":"292","value":0.818182},
{"id":"293","value":0.818182},
{"id":"294","value":0.818182},
{"id":"295","value":0.818182},
{"id":"296","value":0.818182},
{"id":"297","value":0.818182},
{"id":"298","value":0.818182},
{"id":"299","value":0.818182},
{"id":"300","value":0.818182},
{"id":"301","value":0.454545},
{"id":"302","value":0.454545},
{"id":"303","value":0.454545},
{"id":"304","value":0.454545},
{"id":"305","value":0.454545},
{"id":"306","value":0.454545},
{"id":"307","value":0.454545},
{"id":"308","value":0.909091},
{"id":"309","value":0.909091},
{"id":"310","value":0.909091},
{"id":"311","value":0.909091},
{"id":"312","value":0.909091},
{"id":"313","value":0.909091},
{"id":"314","value":0.909091},
{"id":"315","value":0.0909091},
{"id":"316","value":0.0909091},
{"id":"317","value":0.0909091},
{"id":"318","value":0.0909091},
{"id":"319","value":0.0909091},
{"id":"320","value":0.0909091},
{"id":"321","value":0.0909091},
{"id":"322","value":0.636364},
{"id":"323","value":0.545455},
{"id":"324","value":0.181818},
{"id":"325","value":0.181818},
{"id":"326","value":0.0909091},
{"id":"327","value":0.636364},
{"id":"328","value":0.909091},
{"id":"329","value":0.181818},
{"id":"330","value":0.363636},
{"id":"331","value":0.272727},
{"id":"332","value":0.272727},
{"id":"333","value":0.0909091},
{"id":"334","value":0.0909091},
{"id":"335","value":0.0909091},
{"id":"336","value":0.272727},
{"id":"337","value":0.181818},
{"id":"338","value":0.0909091},
{"id":"339","value":1.09091},
{"id":"340","value":0.545455},
{"id":"341","value":0.545455},
{"id":"342","value":0.0909091},
{"id":"343","value":0.0909091},
{"id":"344","value":0.0909091},
{"id":"345","value":0.0909091},
{"id":"346","value":0.181818},
{"id":"347","value":0.0909091},
{"id":"348","value":0.818182},
{"id":"349","value":0.818182},
{"id":"350","value":0.818182},
{"id":"351","value":0.818182},
{"id":"352","value":0.818182},
{"id":"353","value":0.818182},
{"id":"354","value":0.818182},
{"id":"355","value":0.818182},
{"id":"356","value":0.818182},
{"id":"357","value":0.818182},
{"id":"358","value":0.818182},
{"id":"359","value":0.818182},
{"id":"360","value":0.818182},
{"id":"361","value":0.818182},
{"id":"362","value":0.818182},
{"id":"363","value":0.818182},
{"id":"364","value":0.454545},
{"id":"365","value":0.454545},
{"id":"366","value":0.454545},
{"id":"367","value":0.454545},
{"id":"368","value":0.454545},
{"id":"369","value":0.454545},
{"id":"370","value":0.454545},
{"id":"371","value":0.454545},
{"id":"372","value":0.909091},
{"id":"373","value":0.909091},
{"id":"374","value":0.909091},
{"id":"375","value":0.909091},
{"id":"376","value":0.909091},
{"id":"377","value":0.909091},
{"id":"378","value":0.909091},
{"id":"379","value":0.909091},
{"id":"380","value":0.0909091},
{"id":"381","value":0.0909091},
{"id":"382","value":0.0909091},
{"id":"383","value":0.0909091},
{"id":"384","value":0.0909091},
{"id":"385","value":0.0909091},
{"id":"386","value":0.0909091},
{"id":"387","value":0.0909091},
{"id":"388","value":0.636364},
{"id":"389","value":0.545455},
{"id":"390","value":0.181818},
{"id":"391","value":0.181818},
{"id":"392","value":0.0909091},
{"id":"393","value":0.636364},
{"id":"394","value":0.909091},
{"id":"395","value":0.181818},
{"id":"396","value":0.363636},
{"id":"397","value":0.272727},
{"id":"398","value":0.272727},
{"id":"399","value":0.0909091},
{"id":"400","value":0.0909091},
{"id":"401","value":0.0909091},
{"id":"402","value":0.272727},
{"id":"403","value":0.181818},
{"id":"404","value":0.0909091},
{"id":"405","value":1.09091},
{"id":"406","value":0.545455},
{"id":"407","value":0.545455},
{"id":"408","value":0.0909091},
{"id":"409","value":0.0909091},
{"id":"410","value":0.0909091},
{"id":"411","value":0.0909091},
{"id":"412","value":0.181818},
{"id":"413","value":0.0909091},
{"id":"414","value":0.818182},
{"id":"415","value":0.818182},
{"id":"416","value":0.818182},
{"id":"417","value":0.818182},
{"id":"418","value":0.818182},
{"id":"419","value":0.818182},
{"id":"420","value":0.818182},
{"id":"421","value":0.818182},
{"id":"422","value":0.818182},
{"id":"423","value":0.818182},
{"id":"424","value":0.818182},
{"id":"425","value":0.818182},
{"id":"426","value":0.818182},
{"id":"427","value":0.818182},
{"id":"428","value":0.818182},
{"id":"429","value":0.818182},
{"id":"430","value":0.818182},
{"id":"431","value":0.818182},
{"id":"432","value":0.454545},
{"id":"433","value":0.454545},
{"id":"434","value":0.454545},
{"id":"435","value":0.454545},
{"id":"436","value":0.454545},
{"id":"437","value":0.454545},
{"id":"438","value":0.454545},
{"id":"439","value":0.454545},
{"id":"440","value":0.454545},
{"id":"441","value":0.909091},
{"id":"442","value":0.909091},
{"id":"443","value":0.909091},
{"id":"444","value":0.909091},
{"id":"445","value":0.909091},
{"id":"446","value":0.909091},
{"id":"447","value":0.909091},
{"id":"448","value":0.909091},
{"id":"449","value":0.909091},
{"id":"450","value":0.0909091},
{"id":"451","value":0.0909091},
{"id":"452","value":0.0909091},
{"id":"453","value":0.0909091},
{"id":"454","value":0.0909091},
{"id":"455","value":0.0909091},
{"id":"456","value":0.0909091},
{"id":"457","value":0.0909091},
{"id":"458","value":0.0909091},
{"id":"459","value":0.636364},
{"id":"460","value":0.545455},
{"id":"461","value":0.181818},
{"id":"462","value":0.181818},
{"id":"463","value":0.0909091},
{"id":"464","value":0.636364},
{"id":"465","value":0.909091},
{"id":"466","value":0.181818},
{"id":"467","value":0.363636},
{"id":"468","value":0.272727},
{"id":"469","value":0.272727},
{"id":"470","value":0.0909091},
{"id":"471","value":0.0909091},
{"id":"472","value":0.0909091},
{"id":"473","value":0.272727},
{"id":"474","value":0.181818},
{"id":"475","value":0.0909091},
{"id":"476","value":1.09091},
{"id":"477","value":0.545455},
{"id":"478","value":0.545455},
{"id":"479","value":0.0909091},
{"id":"480","value":0.0909091},
{"id":"481","value":0.0909091},
{"id":"482","value":0.0909091},
{"id":"483","value":0.181818},
{"id":"484","value":0.0909091},
{"id":"485","value":0.818182},
{"id":"486","value":0.818182},
{"id":"487","value":0.818182},
{"id":"488","value":0.818182},
{"id":"489","value":0.818182},
{"id":"490","value":0.818182},
{"id":"491","value":0.818182},
{"id":"492","value":0.818182},
{"id":"493","value":0.818182},
{"id":"494","value":0.818182},
{"id":"495","value":0.818182},
{"id":"496","value":0.818182},
{"id":"497","value":0.818182},
{"id":"498","value":0.818182},
{"id":"499","value":0.818182},
{"id":"500","value":0.818182},
{"id":"501","value":0.818182},
{"id":"502","value":0.818182},
{"id":"503","value":0.818182},
{"id":"504","value":0.818182},
{"id":"505","value":0.454545},
{"id":"506","value":0.454545},
{"id":"507","value":0.454545},
{"id":"508","value":0.454545},
{"id":"509","value":0.454545},
{"id":"510","value":0.454545},
{"id":"511","value":0.454545},
{"id":"512","value":0.454545},
{"id":"513","value":0.454545},
{"id":"514","value":0.454545},
{"id":"515","value":0.909091},
{"id":"516","value":0.909091},
{"id":"517","value":0.909091},
{"id":"518","value":0.909091},
{"id":"519","value":0.909091},
{"id":"520","value":0.909091},
{"id":"521","value":0.909091},
{"id":"522","value":0.909091},
{"id":"523","value":0.909091},
{"id":"524","value":0.909091},
{"id":"525","value":0.0909091},
{"id":"526","value":0.0909091},
{"id":"527","value":0.0909091},
{"id":"528","value":0.0909091},
{"id":"529","value":0.0909091},
{"id":"530","value":0.0909091},
{"id":"531","value":0.0909091},
{"id":"532","value":0.0909091},
{"id":"533","value":0.0909091},
{"id":"534","value":0.0909091},
{"id":"535","value":0.636364},
{"id":"536","value":0.545455},
{"id":"537","value":0.181818},
{"id":"538","value":0.181818},
{"id":"539","value":0.0909091},
{"id":"540","value":0.636364},
{"id":"541","value":0.909091},
{"id":"542","value":0.181818},
{"id":"543","value":0.363636},
{"id":"544","value":0.272727},
{"id":"545","value":0.272727},
{"id":"546","value":0.0909091},
{"id":"547","value":0.0909091},
{"id":"548","value":0.0909091},
{"id":"549","value":0.272727},
{"id":"550","value":0.181818},
{"id":"551","value":0.0909091},
{"id":"552","value":1.09091},
{"id":"553","value":0.545455},
{"id":"554","value":0.545455},
{"id":"555","value":0.0909091},
{"id":"556","value":0.0909091},
{"id":"557","value":0.0909091},
{"id":"558","value":0.0909091},
{"id":"559","value":0.181818},
{"id":"560","value":0.0909091},
{"id":"561","value":0.545455},
{"id":"562","value":0.272727},
{"id":"563","value":0.0909091},
{"id":"564","value":0.0909091},
{"id":"565","value":0.0909091},
{"id":"566","value":0.0909091},
{"id":"567","value":0.181818},
{"id":"568","value":0.0909091},
{"id":"569","value":0.909091},
{"id":"570","value":0.181818},
{"id":"571","value":0.272727},
{"id":"572","value":0.272727},
{"id":"573","value":0.181818},
{"id":"574","value":0.0909091},
{"id":"575","value":0.0909091},
{"id":"576","value":0.0909091},
{"id":"577","value":0.272727},
{"id":"578","value":0.0909091},
{"id":"579","value":0.545455},
{"id":"580","value":0.909091},
{"id":"581","value":0.454545},
{"id":"582","value":0.0909091},
{"id":"583","value":0.545455},
{"id":"584","value":0.272727},
{"id":"585","value":0.0909091},
{"id":"586","value":0.0909091},
{"id":"587","value":0.0909091},
{"id":"588","value":0.0909091},
{"id":"589","value":0.181818},
{"id":"590","value":0.0909091},
{"id":"591","value":0.909091},
{"id":"592","value":0.181818},
{"id":"593","value":0.272727},
{"id":"594","value":0.272727},
{"id":"595","value":0.181818},
{"id":"596","value":0.0909091},
{"id":"597","value":0.0909091},
{"id":"598","value":0.0909091},
{"id":"599","value":0.272727},
{"id":"600","value":0.0909091},
{"id":"601","value":0.545455},
{"id":"602","value":0.545455},
{"id":"603","value":0.909091},
{"id":"604","value":0.909091},
{"id":"605","value":0.454545},
{"id":"606","value":0.454545},
{"id":"607","value":0.0909091},
{"id":"608","value":0.0909091},
{"id":"609","value":0.545455},
{"id":"610","value":0.272727},
{"id":"611","value":0.0909091},
{"id":"612","value":0.0909091},
{"id":"613","value":0.0909091},
{"id":"614","value":0.0909091},
{"id":"615","value":0.181818},
{"id":"616","value":0.0909091},
{"id":"617","value":0.909091},
{"id":"618","value":0.181818},
{"id":"619","value":0.272727},
{"id":"620","value":0.272727},
{"id":"621","value":0.181818},
{"id":"622","value":0.0909091},
{"id":"623","value":0.0909091},
{"id":"624","value":0.0909091},
{"id":"625","value":0.272727},
{"id":"626","value":0.0909091},
{"id":"627","value":0.0909091},
{"id":"628","value":0.0909091},
{"id":"629","value":0.0909091},
{"id":"630","value":0.0909091},
{"id":"631","value":0.0909091},
{"id":"632","value":0.181818},
{"id":"633","value":0.363636},
{"id":"634","value":0.181818},
{"id":"635","value":0.0909091},
{"id":"636","value":0.0909091},
{"id":"637","value":0.0909091},
{"id":"638","value":0.0909091},
{"id":"639","value":0.181818},
{"id":"640","value":0.181818},
{"id":"641","value":0.181818},
{"id":"642","value":0.0909091},
{"id":"643","value":0.181818},
{"id":"644","value":0.0909091},
{"id":"645","value":0.0909091},
{"id":"646","value":0.0909091},
{"id":"647","value":0.0909091},
{"id":"648","value":0.181818},
{"id":"649","value":0.0909091},
{"id":"650","value":0.0909091},
{"id":"651","value":0.181818},
{"id":"652","value":0.181818},
{"id":"653","value":0.0909091},
{"id":"654","value":0.0909091},
{"id":"655","value":0.0909091},
{"id":"656","value":0.0909091},
{"id":"657","value":0.181818},
{"id":"658","value":0.0909091},
{"id":"659","value":0.0909091},
{"id":"660","value":0.0909091},
{"id":"661","value":0.0909091}
]}